kill date,kill year,kill month,NZDI,Animal Type,Transport distance (calculated),Processing location,lairage time (calculated),Presentation Grade,Grade,live weight,carcass weight,Teeth,Total number of defects,Yield,Animal Type_num,Grade_num,Presentation Grade_num,Age,Waste,price/kg,price
2020-02-28,2020,2,1.41,cow,42.714285714285715,C,15.0,A,M,559.6,241.5,8.0,1,,0,2,0,48.0,318.1,3.3,796.9499999999999
2020-02-28,2020,2,1.41,cow,42.714285714285715,C,15.0,A,P2,602.0,267.5,8.0,0,,0,4,0,48.0,334.5,3.6,963.0
2020-02-28,2020,2,1.41,cow,42.714285714285715,C,15.0,A,M,517.0,226.0,8.0,0,,0,2,0,48.0,291.0,3.3,745.8
2020-02-28,2020,2,1.41,cow,42.714285714285715,C,15.0,A,P3,488.5,207.0,8.0,0,,0,5,0,48.0,281.5,3.2,662.4000000000001
2020-02-28,2020,2,1.41,cow,42.714285714285715,C,15.0,A,P2,541.8,233.0,8.0,0,,0,4,0,48.0,308.79999999999995,3.6,838.8000000000001
2020-02-28,2020,2,1.41,cow,42.714285714285715,C,15.0,A,M,521.5,219.0,8.0,0,,0,2,0,48.0,302.5,3.3,722.6999999999999
2020-02-28,2020,2,1.41,cow,42.714285714285715,C,15.0,A,M,675.1,280.5,8.0,0,,0,2,0,48.0,394.6,3.3,925.65
2020-04-08,2020,4,0.93,cow,39.42857142857143,A,4.0,A,M,556.2,263.5,8.0,2,,0,2,0,48.0,292.70000000000005,3.3,869.55
2020-04-08,2020,4,0.93,cow,39.42857142857143,A,4.0,A,M,457.7,211.5,8.0,0,,0,2,0,48.0,246.2,3.3,697.9499999999999
2020-04-08,2020,4,0.93,cow,39.42857142857143,A,4.0,A,M,702.1,359.0,8.0,3,,0,2,0,48.0,343.1,3.3,1184.7
2020-04-08,2020,4,0.93,cow,39.42857142857143,A,4.0,A,M,600.5,289.5,8.0,2,,0,2,0,48.0,311.0,3.3,955.3499999999999
2020-04-08,2020,4,0.93,cow,39.42857142857143,A,4.0,A,M,605.7,275.5,8.0,2,,0,2,0,48.0,330.20000000000005,3.3,909.15
2020-04-08,2020,4,0.93,cow,39.42857142857143,A,4.0,A,M,654.2,278.0,8.0,2,,0,2,0,48.0,376.20000000000005,3.3,917.4
2020-04-08,2020,4,0.93,cow,39.42857142857143,A,4.0,A,M,593.2,283.0,8.0,1,,0,2,0,48.0,310.20000000000005,3.3,933.9
2020-04-08,2020,4,0.93,cow,39.42857142857143,A,4.0,A,M,491.0,225.5,8.0,1,,0,2,0,48.0,265.5,3.3,744.15
2020-04-08,2020,4,0.93,cow,39.42857142857143,A,4.0,A,M,567.1,255.0,8.0,0,,0,2,0,48.0,312.1,3.3,841.5
2020-04-08,2020,4,0.93,cow,39.42857142857143,A,4.0,A,M,430.0,188.0,8.0,1,,0,2,0,48.0,242.0,3.3,620.4
2020-04-08,2020,4,0.93,cow,39.42857142857143,A,4.0,A,M,605.2,294.5,8.0,4,,0,2,0,48.0,310.70000000000005,3.3,971.8499999999999
2020-05-13,2020,5,0.31,heifer,42.714285714285715,C,20.0,A,P2,463.1,239.5,0.0,0,,1,4,0,8.0,223.60000000000002,5.6,1341.1999999999998
2020-05-13,2020,5,0.31,heifer,42.714285714285715,C,20.0,A,P2,462.6,248.0,2.0,0,,1,4,0,24.0,214.60000000000002,5.6,1388.8
2020-05-13,2020,5,0.31,heifer,42.714285714285715,C,20.0,A,P2,506.8,255.0,0.0,0,,1,4,0,8.0,251.8,5.6,1428.0
2020-05-13,2020,5,0.31,heifer,42.714285714285715,C,20.0,A,P2,558.3,295.0,2.0,0,,1,4,0,24.0,263.29999999999995,5.6,1652.0
2020-05-13,2020,5,0.31,heifer,42.714285714285715,C,20.0,A,P2,485.6,262.5,0.0,0,,1,4,0,8.0,223.10000000000002,5.6,1470.0
2020-05-13,2020,5,0.31,heifer,42.714285714285715,C,20.0,A,P2,557.7,302.5,0.0,0,,1,4,0,8.0,255.20000000000005,5.6,1694.0
2020-05-13,2020,5,0.31,heifer,42.714285714285715,C,20.0,A,P2,471.5,256.0,2.0,0,,1,4,0,24.0,215.5,5.6,1433.6
2020-05-13,2020,5,0.31,heifer,42.714285714285715,C,20.0,A,P2,484.6,261.5,2.0,0,,1,4,0,24.0,223.10000000000002,5.6,1464.3999999999999
2020-05-13,2020,5,0.31,heifer,42.714285714285715,C,20.0,A,P2,510.9,275.5,2.0,0,,1,4,0,24.0,235.39999999999998,5.6,1542.8
2020-05-13,2020,5,0.31,heifer,42.714285714285715,C,20.0,A,P2,459.3,242.5,0.0,0,,1,4,0,8.0,216.8,5.6,1358.0
2020-05-13,2020,5,0.31,heifer,42.714285714285715,C,20.0,A,P2,472.9,245.0,0.0,0,,1,4,0,8.0,227.89999999999998,5.6,1372.0
2020-05-13,2020,5,0.31,heifer,42.714285714285715,C,20.0,A,P2,478.5,255.0,0.0,0,,1,4,0,8.0,223.5,5.6,1428.0
2020-05-13,2020,5,0.31,heifer,42.714285714285715,C,20.0,A,P2,482.8,253.5,0.0,0,,1,4,0,8.0,229.3,5.6,1419.6
2020-05-20,2020,5,0.25,heifer,42.714285714285715,C,21.0,A,P2,459.6,237.5,0.0,1,,1,4,0,8.0,222.10000000000002,5.6,1330.0
2020-05-20,2020,5,0.25,heifer,42.714285714285715,C,21.0,A,P2,463.0,239.0,0.0,0,,1,4,0,8.0,224.0,5.6,1338.3999999999999
2020-05-20,2020,5,0.25,heifer,42.714285714285715,C,21.0,A,P2,465.3,244.5,0.0,0,,1,4,0,8.0,220.8,5.6,1369.1999999999998
2020-05-20,2020,5,0.25,heifer,42.714285714285715,C,21.0,A,P2,483.6,257.5,0.0,0,,1,4,0,8.0,226.10000000000002,5.6,1442.0
2020-05-20,2020,5,0.25,heifer,42.714285714285715,C,21.0,A,P2,491.5,253.0,0.0,1,,1,4,0,8.0,238.5,5.6,1416.8
2020-05-20,2020,5,0.25,heifer,42.714285714285715,C,21.0,A,P2,493.2,251.5,2.0,0,,1,4,0,24.0,241.7,5.6,1408.3999999999999
2020-05-20,2020,5,0.25,heifer,42.714285714285715,C,21.0,A,P2,493.7,253.0,0.0,0,,1,4,0,8.0,240.7,5.6,1416.8
2020-05-20,2020,5,0.25,heifer,42.714285714285715,C,21.0,A,P2,495.1,255.5,0.0,0,,1,4,0,8.0,239.60000000000002,5.6,1430.8
2020-05-20,2020,5,0.25,heifer,42.714285714285715,C,21.0,A,P2,495.9,258.0,0.0,0,,1,4,0,8.0,237.89999999999998,5.6,1444.8
2020-05-20,2020,5,0.25,heifer,42.714285714285715,C,21.0,A,P2,496.2,260.5,0.0,0,,1,4,0,8.0,235.7,5.6,1458.8
2020-05-20,2020,5,0.25,heifer,42.714285714285715,C,21.0,A,P2,501.0,255.0,2.0,0,,1,4,0,24.0,246.0,5.6,1428.0
2020-05-20,2020,5,0.25,heifer,42.714285714285715,C,21.0,A,T2,514.0,266.5,2.0,1,,1,6,0,24.0,247.5,4.9,1305.8500000000001
2020-05-20,2020,5,0.25,heifer,42.714285714285715,C,21.0,A,P2,544.2,285.0,0.0,0,,1,4,0,8.0,259.20000000000005,5.6,1596.0
2020-10-01,2020,10,0.13,steer,214.0,C,22.0,A,P2,565.4,324.0,2.0,0,,2,4,0,24.0,241.39999999999998,5.9,1911.6000000000001
2020-10-01,2020,10,0.13,steer,214.0,C,22.0,A,P2,580.3,323.0,2.0,0,,2,4,0,24.0,257.29999999999995,5.9,1905.7
2020-10-01,2020,10,0.13,steer,214.0,C,22.0,A,P2,602.0,329.5,2.0,0,,2,4,0,24.0,272.5,5.9,1944.0500000000002
2020-10-01,2020,10,0.13,steer,214.0,C,22.0,A,P2,575.1,322.5,2.0,0,,2,4,0,24.0,252.60000000000002,5.9,1902.7500000000002
2020-10-01,2020,10,0.13,steer,214.0,C,22.0,A,P2,582.0,316.5,2.0,0,,2,4,0,24.0,265.5,5.9,1867.3500000000001
2020-10-20,2020,10,0.0,steer,39.42857142857143,A,20.0,A,P2,623.4,342.0,4.0,1,,2,4,0,30.0,281.4,5.9,2017.8000000000002
2020-10-20,2020,10,0.0,steer,39.42857142857143,A,20.0,A,P2,624.5,337.0,2.0,3,,2,4,0,24.0,287.5,5.9,1988.3000000000002
2020-10-20,2020,10,0.0,steer,39.42857142857143,A,20.0,A,P2,628.1,334.0,2.0,1,,2,4,0,24.0,294.1,5.9,1970.6000000000001
2020-10-20,2020,10,0.0,steer,39.42857142857143,A,20.0,A,P2,628.6,351.0,2.0,0,,2,4,0,24.0,277.6,5.9,2070.9
2020-10-20,2020,10,0.0,steer,39.42857142857143,A,20.0,A,P2,633.8,337.0,2.0,3,,2,4,0,24.0,296.79999999999995,5.9,1988.3000000000002
2020-10-20,2020,10,0.0,steer,39.42857142857143,A,20.0,A,P2,644.8,338.0,2.0,1,,2,4,0,24.0,306.79999999999995,5.9,1994.2
2020-10-20,2020,10,0.0,steer,39.42857142857143,A,20.0,A,P2,655.2,355.0,2.0,1,,2,4,0,24.0,300.20000000000005,5.9,2094.5
2020-10-20,2020,10,0.0,steer,39.42857142857143,A,20.0,A,P2,666.7,351.5,2.0,1,,2,4,0,24.0,315.20000000000005,5.9,2073.85
2020-10-20,2020,10,0.0,steer,39.42857142857143,A,20.0,A,P2,676.6,364.0,2.0,1,,2,4,0,24.0,312.6,5.9,2147.6
2020-10-20,2020,10,0.0,steer,39.42857142857143,A,20.0,A,P2,583.8,317.5,2.0,2,,2,4,0,24.0,266.29999999999995,5.9,1873.25
2020-10-20,2020,10,0.0,steer,39.42857142857143,A,20.0,A,P2,584.3,339.0,2.0,2,,2,4,0,24.0,245.29999999999995,5.9,2000.1000000000001
2020-10-20,2020,10,0.0,steer,39.42857142857143,A,20.0,A,P2,585.4,339.0,2.0,1,,2,4,0,24.0,246.39999999999998,5.9,2000.1000000000001
2020-10-20,2020,10,0.0,steer,39.42857142857143,A,20.0,A,P2,586.4,331.5,2.0,3,,2,4,0,24.0,254.89999999999998,5.9,1955.8500000000001
2020-10-20,2020,10,0.0,steer,39.42857142857143,A,20.0,A,P2,588.5,336.5,2.0,2,,2,4,0,24.0,252.0,5.9,1985.3500000000001
2020-10-20,2020,10,0.0,steer,39.42857142857143,A,20.0,A,P2,592.1,321.5,2.0,0,,2,4,0,24.0,270.6,5.9,1896.8500000000001
2020-10-20,2020,10,0.0,steer,39.42857142857143,A,20.0,A,P2,592.7,339.0,2.0,0,,2,4,0,24.0,253.70000000000005,5.9,2000.1000000000001
2020-10-20,2020,10,0.0,steer,39.42857142857143,A,20.0,A,P2,593.2,339.0,2.0,0,,2,4,0,24.0,254.20000000000005,5.9,2000.1000000000001
2020-10-20,2020,10,0.0,steer,39.42857142857143,A,20.0,A,P2,593.2,351.5,2.0,0,,2,4,0,24.0,241.70000000000005,5.9,2073.85
2020-10-20,2020,10,0.0,steer,39.42857142857143,A,20.0,A,P2,604.1,348.0,2.0,1,,2,4,0,24.0,256.1,5.9,2053.2000000000003
2020-10-20,2020,10,0.0,steer,39.42857142857143,A,20.0,A,P2,609.9,357.0,2.0,1,,2,4,0,24.0,252.89999999999998,5.9,2106.3
2020-11-03,2020,11,0.0,steer,39.42857142857143,A,20.0,A,P2,637.5,340.0,2.0,1,,2,4,0,24.0,297.5,5.9,2006.0000000000002
2020-11-03,2020,11,0.0,steer,39.42857142857143,A,20.0,A,P2,650.0,347.0,2.0,1,,2,4,0,24.0,303.0,5.9,2047.3000000000002
2020-11-03,2020,11,0.0,steer,39.42857142857143,A,20.0,A,P2,625.5,337.0,2.4,0,,2,4,0,25.648,288.5,5.9,1988.3000000000002
2020-11-03,2020,11,0.0,steer,39.42857142857143,A,20.0,A,P2,668.8,355.0,2.0,0,,2,4,0,24.0,313.79999999999995,5.9,2094.5
2020-11-03,2020,11,0.0,steer,39.42857142857143,A,20.0,A,P2,604.1,352.0,1.8,0,,2,4,0,23.031500000000005,252.10000000000002,5.9,2076.8
2020-11-03,2020,11,0.0,steer,39.42857142857143,A,20.0,A,P2,631.8,340.5,2.0,0,,2,4,0,24.0,291.29999999999995,5.9,2008.95
2020-11-03,2020,11,0.0,steer,39.42857142857143,A,20.0,A,P2,663.0,360.0,2.0,0,,2,4,0,24.0,303.0,5.9,2124.0
2020-11-03,2020,11,0.0,steer,39.42857142857143,A,20.0,A,P2,651.6,352.0,2.0,0,,2,4,0,24.0,299.6,5.9,2076.8
2020-11-03,2020,11,0.0,steer,39.42857142857143,A,20.0,A,P2,657.8,350.5,2.0,0,,2,4,0,24.0,307.29999999999995,5.9,2067.9500000000003
2020-11-03,2020,11,0.0,steer,39.42857142857143,A,20.0,A,P2,667.2,356.5,2.0,0,,2,4,0,24.0,310.70000000000005,5.9,2103.35
2020-11-03,2020,11,0.0,steer,39.42857142857143,A,20.0,A,P2,606.7,353.0,2.2222222222222223,0,,2,4,0,24.95930498399634,253.70000000000005,5.9,2082.7000000000003
2020-11-03,2020,11,0.0,steer,39.42857142857143,A,20.0,A,P2,617.2,352.5,2.5454545454545454,1,,2,4,0,26.165289256198356,264.70000000000005,5.9,2079.75
2020-11-03,2020,11,0.0,steer,39.42857142857143,A,20.0,A,P2,577.5,327.5,2.142857142857143,0,,2,4,0,24.62991982507289,250.0,5.9,1932.2500000000002
2020-11-03,2020,11,0.0,steer,39.42857142857143,A,20.0,A,P2,596.8,330.0,1.9,0,,2,4,0,23.528937499999998,266.79999999999995,5.9,1947.0000000000002
2020-11-03,2020,11,0.0,steer,39.42857142857143,A,20.0,A,P2,597.4,339.0,1.9,0,,2,4,0,23.528937499999998,258.4,5.9,2000.1000000000001
2020-11-03,2020,11,0.0,steer,39.42857142857143,A,20.0,A,P2,578.1,334.0,2.142857142857143,0,,2,4,0,24.62991982507289,244.10000000000002,5.9,1970.6000000000001
2020-11-03,2020,11,0.0,steer,39.42857142857143,A,20.0,A,P2,629.1,342.5,2.0,0,,2,4,0,24.0,286.6,5.9,2020.7500000000002
2020-11-03,2020,11,0.0,steer,39.42857142857143,A,20.0,A,P2,602.6,341.5,2.0,0,,2,4,0,24.0,261.1,5.9,2014.8500000000001
2020-11-03,2020,11,0.0,steer,39.42857142857143,A,20.0,A,P2,611.4,338.0,3.0,0,,2,4,0,27.5625,273.4,5.9,1994.2
2020-11-03,2020,11,0.0,steer,39.42857142857143,A,20.0,A,P2,588.5,348.0,2.0,0,,2,4,0,24.0,240.5,5.9,2053.2000000000003
2020-11-11,2020,11,0.0,steer,154.0,A,17.0,A,P2,591.1,338.0,2.0,0,,2,4,0,24.0,253.10000000000002,5.9,1994.2
2020-11-11,2020,11,0.0,steer,154.0,A,17.0,A,P2,594.2,316.5,2.0,2,,2,4,0,24.0,277.70000000000005,5.9,1867.3500000000001
2020-11-11,2020,11,0.0,steer,154.0,A,17.0,A,P2,595.3,317.5,2.0,0,,2,4,0,24.0,277.79999999999995,5.9,1873.25
2020-11-11,2020,11,0.0,steer,154.0,A,17.0,A,P2,595.3,341.0,2.0,0,,2,4,0,24.0,254.29999999999995,5.9,2011.9
2020-11-11,2020,11,0.0,steer,154.0,A,17.0,A,P2,597.4,344.5,2.0,1,,2,4,0,24.0,252.89999999999998,5.9,2032.5500000000002
2020-11-11,2020,11,0.0,steer,154.0,A,17.0,A,P2,597.9,334.5,4.0,0,,2,4,0,30.0,263.4,5.9,1973.5500000000002
2020-11-11,2020,11,0.0,steer,154.0,A,17.0,A,P2,598.4,323.5,2.0,2,,2,4,0,24.0,274.9,5.9,1908.65
2020-11-11,2020,11,0.0,steer,154.0,A,17.0,A,P2,602.6,336.0,2.0,0,,2,4,0,24.0,266.6,5.9,1982.4
2020-11-11,2020,11,0.0,steer,154.0,A,17.0,A,P2,605.7,349.0,2.0,2,,2,4,0,24.0,256.70000000000005,5.9,2059.1
2020-11-11,2020,11,0.0,steer,154.0,A,17.0,A,P2,609.3,332.0,2.0,0,,2,4,0,24.0,277.29999999999995,5.9,1958.8000000000002
2020-11-11,2020,11,0.0,steer,154.0,A,17.0,A,P2,609.9,341.5,2.0,2,,2,4,0,24.0,268.4,5.9,2014.8500000000001
2020-11-11,2020,11,0.0,steer,154.0,A,17.0,A,P2,610.9,327.0,4.0,1,,2,4,0,30.0,283.9,5.9,1929.3000000000002
2020-11-11,2020,11,0.0,steer,154.0,A,17.0,A,P2,613.0,330.0,4.0,0,,2,4,0,30.0,283.0,5.9,1947.0000000000002
2020-11-11,2020,11,0.0,steer,154.0,A,17.0,A,P2,616.6,326.5,4.0,2,,2,4,0,30.0,290.1,5.9,1926.3500000000001
2020-11-11,2020,11,0.0,steer,154.0,A,17.0,A,P2,620.8,331.5,2.0,0,,2,4,0,24.0,289.29999999999995,5.9,1955.8500000000001
2020-11-11,2020,11,0.0,steer,154.0,A,17.0,A,P2,622.9,344.5,2.0,1,,2,4,0,24.0,278.4,5.9,2032.5500000000002
2020-11-11,2020,11,0.0,steer,154.0,A,17.0,A,P2,634.4,341.0,2.0,0,,2,4,0,24.0,293.4,5.9,2011.9
2020-11-28,2020,11,0.01,steer,39.42857142857143,A,15.0,A,P2,577.0,320.5,2.0,2,,2,4,0,24.0,256.5,5.9,1890.95
2020-11-28,2020,11,0.01,steer,39.42857142857143,A,15.0,A,P2,588.0,333.5,2.0,0,,2,4,0,24.0,254.5,5.9,1967.65
2020-11-28,2020,11,0.01,steer,39.42857142857143,A,15.0,A,P2,591.1,325.0,2.0,0,,2,4,0,24.0,266.1,5.9,1917.5000000000002
2020-11-28,2020,11,0.01,steer,39.42857142857143,A,15.0,A,P2,593.7,319.5,2.0,4,,2,4,0,24.0,274.20000000000005,5.9,1885.0500000000002
2020-11-28,2020,11,0.01,steer,39.42857142857143,A,15.0,A,P2,599.4,338.0,2.0,1,,2,4,0,24.0,261.4,5.9,1994.2
2020-11-28,2020,11,0.01,steer,39.42857142857143,A,15.0,A,P2,600.0,334.0,2.0,1,,2,4,0,24.0,266.0,5.9,1970.6000000000001
2020-11-28,2020,11,0.01,steer,39.42857142857143,A,15.0,A,P2,600.5,332.0,2.0,0,,2,4,0,24.0,268.5,5.9,1958.8000000000002
2020-11-28,2020,11,0.01,steer,39.42857142857143,A,15.0,A,P2,601.0,333.5,2.0,0,,2,4,0,24.0,267.5,5.9,1967.65
2020-11-28,2020,11,0.01,steer,39.42857142857143,A,15.0,A,P2,602.0,322.0,2.0,0,,2,4,0,24.0,280.0,5.9,1899.8000000000002
2020-11-28,2020,11,0.01,steer,39.42857142857143,A,15.0,A,P2,608.3,328.5,2.0,3,,2,4,0,24.0,279.79999999999995,5.9,1938.15
2020-11-28,2020,11,0.01,steer,39.42857142857143,A,15.0,A,P2,611.4,339.0,2.0,1,,2,4,0,24.0,272.4,5.9,2000.1000000000001
2020-11-28,2020,11,0.01,steer,39.42857142857143,A,15.0,A,P2,614.6,318.5,2.0,1,,2,4,0,24.0,296.1,5.9,1879.15
2020-11-28,2020,11,0.01,steer,39.42857142857143,A,15.0,A,P2,621.3,342.5,2.0,0,,2,4,0,24.0,278.79999999999995,5.9,2020.7500000000002
2020-11-28,2020,11,0.01,steer,39.42857142857143,A,15.0,A,P2,622.9,346.5,2.0,1,,2,4,0,24.0,276.4,5.9,2044.3500000000001
2020-11-28,2020,11,0.01,steer,39.42857142857143,A,15.0,A,P2,625.5,348.0,2.0,3,,2,4,0,24.0,277.5,5.9,2053.2000000000003
2020-11-28,2020,11,0.01,steer,39.42857142857143,A,15.0,A,P2,631.8,341.0,2.0,0,,2,4,0,24.0,290.79999999999995,5.9,2011.9
2020-11-28,2020,11,0.01,steer,39.42857142857143,A,15.0,A,P2,634.4,342.5,2.0,1,,2,4,0,24.0,291.9,5.9,2020.7500000000002
2020-11-28,2020,11,0.01,steer,39.42857142857143,A,15.0,A,P2,635.9,344.0,2.0,2,,2,4,0,24.0,291.9,5.9,2029.6000000000001
2020-11-28,2020,11,0.01,steer,39.42857142857143,A,15.0,A,P2,637.0,346.0,2.0,1,,2,4,0,24.0,291.0,5.9,2041.4
2020-11-28,2020,11,0.01,steer,39.42857142857143,A,15.0,A,P2,639.6,348.5,2.0,1,,2,4,0,24.0,291.1,5.9,2056.15
2020-11-28,2020,11,0.01,steer,39.42857142857143,A,15.0,A,P2,642.7,347.0,2.0,1,,2,4,0,24.0,295.70000000000005,5.9,2047.3000000000002
2020-11-28,2020,11,0.01,steer,39.42857142857143,A,15.0,A,P2,655.2,372.5,2.0,1,,2,4,0,24.0,282.70000000000005,5.9,2197.75
2020-12-23,2020,12,0.0,steer,39.42857142857143,A,17.0,A,P2,582.2,309.0,2.0,1,,2,4,0,24.0,273.20000000000005,5.9,1823.1000000000001
2020-12-23,2020,12,0.0,steer,39.42857142857143,A,17.0,A,P2,587.4,322.0,2.0,2,,2,4,0,24.0,265.4,5.9,1899.8000000000002
2020-12-23,2020,12,0.0,steer,39.42857142857143,A,17.0,A,P2,598.9,342.5,2.0,3,,2,4,0,24.0,256.4,5.9,2020.7500000000002
2020-12-23,2020,12,0.0,steer,39.42857142857143,A,17.0,A,P2,601.5,279.5,4.0,6,,2,4,0,30.0,322.0,5.9,1649.0500000000002
2020-12-23,2020,12,0.0,steer,39.42857142857143,A,17.0,A,P2,609.9,320.5,2.0,4,,2,4,0,24.0,289.4,5.9,1890.95
2020-12-23,2020,12,0.0,steer,39.42857142857143,A,17.0,A,P2,610.4,322.0,6.0,2,,2,4,0,36.0,288.4,5.9,1899.8000000000002
2020-12-23,2020,12,0.0,steer,39.42857142857143,A,17.0,A,P2,615.1,319.5,4.0,1,,2,4,0,30.0,295.6,5.9,1885.0500000000002
2021-03-06,2021,3,0.88,heifer,42.714285714285715,C,17.0,A,P2,483.5,264.0,0.0,0,,1,4,0,8.0,219.5,5.6,1478.3999999999999
2021-03-06,2021,3,0.88,heifer,42.714285714285715,C,17.0,A,P2,484.1,256.0,0.0,0,,1,4,0,8.0,228.10000000000002,5.6,1433.6
2021-03-06,2021,3,0.88,heifer,42.714285714285715,C,17.0,A,P2,487.1,244.5,0.0,0,,1,4,0,8.0,242.60000000000002,5.6,1369.1999999999998
2021-03-06,2021,3,0.88,heifer,42.714285714285715,C,17.0,A,P2,489.7,269.0,0.0,1,,1,4,0,8.0,220.7,5.6,1506.3999999999999
2021-03-06,2021,3,0.88,heifer,42.714285714285715,C,17.0,A,P2,491.3,247.0,0.0,0,,1,4,0,8.0,244.3,5.6,1383.1999999999998
2021-03-06,2021,3,0.88,heifer,42.714285714285715,C,17.0,A,P2,492.1,248.0,0.0,0,,1,4,0,8.0,244.10000000000002,5.6,1388.8
2021-03-06,2021,3,0.88,heifer,42.714285714285715,C,17.0,A,P2,492.5,251.0,0.0,0,,1,4,0,8.0,241.5,5.6,1405.6
2021-03-06,2021,3,0.88,heifer,42.714285714285715,C,17.0,A,P2,499.8,253.5,0.0,0,,1,4,0,8.0,246.3,5.6,1419.6
2021-03-06,2021,3,0.88,heifer,42.714285714285715,C,17.0,A,P2,503.6,249.5,0.0,1,,1,4,0,8.0,254.10000000000002,5.6,1397.1999999999998
2021-03-06,2021,3,0.88,heifer,42.714285714285715,C,17.0,A,P2,505.5,266.5,0.0,1,,1,4,0,8.0,239.0,5.6,1492.3999999999999
2021-03-06,2021,3,0.88,heifer,42.714285714285715,C,17.0,A,P2,507.2,259.0,0.0,1,,1,4,0,8.0,248.2,5.6,1450.3999999999999
2021-03-06,2021,3,0.88,heifer,42.714285714285715,C,17.0,A,P2,508.8,262.0,0.0,3,,1,4,0,8.0,246.8,5.6,1467.1999999999998
2021-03-06,2021,3,0.88,heifer,42.714285714285715,C,17.0,A,P2,509.0,258.5,0.0,0,,1,4,0,8.0,250.5,5.6,1447.6
2021-03-06,2021,3,0.88,heifer,42.714285714285715,C,17.0,A,P2,513.0,274.5,0.0,1,,1,4,0,8.0,238.5,5.6,1537.1999999999998
2021-05-04,2021,5,0.15,cow,39.42857142857143,A,19.0,A,P2,489.5,223.5,8.0,1,,0,4,0,48.0,266.0,3.6,804.6
2021-05-04,2021,5,0.15,cow,39.42857142857143,A,19.0,A,P2,506.7,241.0,8.0,0,,0,4,0,48.0,265.7,3.6,867.6
2021-05-04,2021,5,0.15,cow,39.42857142857143,A,19.0,A,P2,516.0,239.0,8.0,0,,0,4,0,48.0,277.0,3.6,860.4
2021-05-04,2021,5,0.15,cow,39.42857142857143,A,19.0,A,P2,516.6,247.5,8.0,3,,0,4,0,48.0,269.1,3.6,891.0
2021-05-04,2021,5,0.15,cow,39.42857142857143,A,19.0,A,P2,528.0,256.5,8.0,0,,0,4,0,48.0,271.5,3.6,923.4
2021-05-04,2021,5,0.15,cow,39.42857142857143,A,19.0,A,P2,545.2,253.0,8.0,0,,0,4,0,48.0,292.20000000000005,3.6,910.8000000000001
2021-05-04,2021,5,0.15,cow,39.42857142857143,A,19.0,A,P2,551.0,267.5,8.0,0,,0,4,0,48.0,283.5,3.6,963.0
2021-05-04,2021,5,0.15,cow,39.42857142857143,A,19.0,A,P2,557.2,266.5,8.0,1,,0,4,0,48.0,290.70000000000005,3.6,959.4
2021-05-04,2021,5,0.15,cow,39.42857142857143,A,19.0,A,P2,560.3,254.5,8.0,2,,0,4,0,48.0,305.79999999999995,3.6,916.2
2021-05-04,2021,5,0.15,cow,39.42857142857143,A,19.0,A,P2,563.0,266.0,8.0,1,,0,4,0,48.0,297.0,3.6,957.6
2021-05-04,2021,5,0.15,cow,39.42857142857143,A,19.0,A,P2,570.2,272.0,8.0,0,,0,4,0,48.0,298.20000000000005,3.6,979.2
2021-05-04,2021,5,0.15,cow,39.42857142857143,A,19.0,A,P2,578.6,280.5,8.0,1,,0,4,0,48.0,298.1,3.6,1009.8000000000001
2021-05-04,2021,5,0.15,cow,39.42857142857143,A,19.0,A,P2,578.6,268.5,8.0,1,,0,4,0,48.0,310.1,3.6,966.6
2021-05-04,2021,5,0.15,cow,39.42857142857143,A,19.0,A,P2,582.2,268.0,8.0,1,,0,4,0,48.0,314.20000000000005,3.6,964.8000000000001
2021-05-04,2021,5,0.15,cow,39.42857142857143,A,19.0,A,P2,584.3,282.5,8.0,0,,0,4,0,48.0,301.79999999999995,3.6,1017.0
2021-05-04,2021,5,0.15,cow,39.42857142857143,A,19.0,A,P2,585.9,265.0,8.0,1,,0,4,0,48.0,320.9,3.6,954.0
2021-05-04,2021,5,0.15,cow,39.42857142857143,A,19.0,A,P2,588.0,274.0,8.0,0,,0,4,0,48.0,314.0,3.6,986.4
2021-05-04,2021,5,0.15,cow,39.42857142857143,A,19.0,A,P2,588.5,272.0,8.0,2,,0,4,0,48.0,316.5,3.6,979.2
2021-05-04,2021,5,0.15,cow,39.42857142857143,A,19.0,A,P2,596.3,309.5,8.0,0,,0,4,0,48.0,286.79999999999995,3.6,1114.2
2021-05-04,2021,5,0.15,cow,39.42857142857143,A,19.0,A,P2,598.9,284.5,8.0,3,,0,4,0,48.0,314.4,3.6,1024.2
2021-05-04,2021,5,0.15,cow,39.42857142857143,A,19.0,A,P2,614.0,295.5,8.0,1,,0,4,0,48.0,318.5,3.6,1063.8
2021-05-04,2021,5,0.15,cow,39.42857142857143,A,19.0,A,P2,619.8,295.0,8.0,2,,0,4,0,48.0,324.79999999999995,3.6,1062.0
2021-05-04,2021,5,0.15,cow,39.42857142857143,A,19.0,A,P2,634.4,300.5,8.0,2,,0,4,0,48.0,333.9,3.6,1081.8
2021-05-04,2021,5,0.15,cow,39.42857142857143,A,19.0,A,P2,639.6,296.0,8.0,0,,0,4,0,48.0,343.6,3.6,1065.6000000000001
2021-05-04,2021,5,0.15,cow,39.42857142857143,A,19.0,A,P2,640.1,315.0,8.0,0,,0,4,0,48.0,325.1,3.6,1134.0
2021-05-04,2021,5,0.15,cow,39.42857142857143,A,19.0,A,P2,643.2,289.0,8.0,1,,0,4,0,48.0,354.20000000000005,3.6,1040.4
2021-05-04,2021,5,0.15,cow,39.42857142857143,A,19.0,A,P2,680.2,313.5,8.0,1,,0,4,0,48.0,366.70000000000005,3.6,1128.6000000000001
2021-05-04,2021,5,0.15,cow,39.42857142857143,A,19.0,A,P2,707.3,340.0,8.0,0,,0,4,0,48.0,367.29999999999995,3.6,1224.0
2023-05-26,2023,5,0.05,heifer,584.0,B,,B,P2,384.4,235.5,0.0,2,,1,4,1,8.0,148.89999999999998,5.6,1318.8
2023-05-26,2023,5,0.05,heifer,584.0,B,,B,P2,375.4,229.5,0.0,1,,1,4,1,8.0,145.89999999999998,5.6,1285.1999999999998
2023-05-26,2023,5,0.05,heifer,584.0,B,,B,P2,376.8,234.5,0.0,1,,1,4,1,8.0,142.3,5.6,1313.1999999999998
2023-05-26,2023,5,0.05,heifer,584.0,B,,B,P3,371.5,223.5,0.0,1,,1,5,1,8.0,148.0,5.8,1296.3
2023-05-26,2023,5,0.05,heifer,584.0,B,,B,P2,370.4,229.5,0.0,1,,1,4,1,8.0,140.89999999999998,5.6,1285.1999999999998
2023-05-26,2023,5,0.05,heifer,584.0,B,,B,P2,365.5,226.0,0.0,1,,1,4,1,8.0,139.5,5.6,1265.6
2023-05-26,2023,5,0.05,heifer,584.0,B,,B,P3,357.2,216.0,0.0,1,,1,5,1,8.0,141.2,5.8,1252.8
2023-05-15,2023,5,0.03,steer,164.0,A,22.0,B,L1,547.8,305.5,2.4705882352941178,0,,2,0,1,25.90392835334826,242.29999999999995,6.0,1833.0
2023-05-15,2023,5,0.03,steer,164.0,A,22.0,B,P2,553.6,305.0,2.4705882352941178,3,,2,4,1,25.90392835334826,248.60000000000002,5.9,1799.5
2023-05-15,2023,5,0.03,steer,164.0,A,22.0,B,P2,554.1,307.0,2.8333333333333335,2,,2,4,1,27.084008487654323,247.10000000000002,5.9,1811.3000000000002
2023-05-15,2023,5,0.03,steer,164.0,A,22.0,B,P2,556.2,306.5,2.8333333333333335,3,,2,4,1,27.084008487654323,249.70000000000005,5.9,1808.3500000000001
2023-05-15,2023,5,0.03,steer,164.0,A,22.0,B,P2,561.4,294.0,2.8333333333333335,0,,2,4,1,27.084008487654323,267.4,5.9,1734.6000000000001
2023-05-15,2023,5,0.03,steer,164.0,A,22.0,B,P2,573.9,302.5,2.6,2,,2,4,1,26.3495,271.4,5.9,1784.75
2023-05-15,2023,5,0.03,steer,164.0,A,22.0,B,P2,601.0,312.0,2.1818181818181817,0,,2,4,1,24.793388429752067,289.0,5.9,1840.8000000000002
2023-05-15,2023,5,0.03,steer,164.0,A,22.0,B,P2,624.5,324.5,2.1818181818181817,0,,2,4,1,24.793388429752067,300.0,5.9,1914.5500000000002
2023-05-15,2023,5,0.03,heifer,164.0,A,22.0,A,P2,414.9,212.5,1.7,1,,1,4,0,22.506312499999993,202.39999999999998,5.6,1190.0
2023-05-15,2023,5,0.03,heifer,164.0,A,22.0,A,P2,430.6,219.5,1.7,1,,1,4,0,22.506312499999993,211.10000000000002,5.6,1229.1999999999998
2023-05-15,2023,5,0.03,heifer,164.0,A,22.0,A,P2,431.6,226.0,1.7,0,,1,4,0,22.506312499999993,205.60000000000002,5.6,1265.6
2023-05-15,2023,5,0.03,heifer,164.0,A,22.0,A,P2,437.3,214.5,1.7,3,,1,4,0,22.506312499999993,222.8,5.6,1201.1999999999998
2023-05-15,2023,5,0.03,heifer,164.0,A,22.0,A,P2,440.5,224.5,1.7,1,,1,4,0,22.506312499999993,216.0,5.6,1257.1999999999998
2023-05-15,2023,5,0.03,heifer,164.0,A,22.0,A,P2,445.1,231.0,1.7,1,,1,4,0,22.506312499999993,214.10000000000002,5.6,1293.6
2023-05-15,2023,5,0.03,heifer,164.0,A,22.0,A,P2,448.3,220.5,1.7,0,,1,4,0,22.506312499999993,227.8,5.6,1234.8
2023-05-15,2023,5,0.03,heifer,164.0,A,22.0,A,P2,449.3,223.5,1.7,1,,1,4,0,22.506312499999993,225.8,5.6,1251.6
2023-05-15,2023,5,0.03,heifer,164.0,A,22.0,A,P2,450.9,235.0,1.7,0,,1,4,0,22.506312499999993,215.89999999999998,5.6,1316.0
2023-05-15,2023,5,0.03,heifer,164.0,A,22.0,A,P2,454.5,229.5,1.7,2,,1,4,0,22.506312499999993,225.0,5.6,1285.1999999999998
2023-05-15,2023,5,0.03,heifer,164.0,A,22.0,A,P2,458.2,232.5,1.7,1,,1,4,0,22.506312499999993,225.7,5.6,1302.0
2023-05-15,2023,5,0.03,heifer,164.0,A,22.0,A,P2,462.9,235.5,1.7,1,,1,4,0,22.506312499999993,227.39999999999998,5.6,1318.8
2023-05-15,2023,5,0.03,heifer,164.0,A,22.0,A,P2,462.9,246.5,1.7,2,,1,4,0,22.506312499999993,216.39999999999998,5.6,1380.3999999999999
2023-05-15,2023,5,0.03,heifer,164.0,A,22.0,A,P2,463.4,243.5,1.7,0,,1,4,0,22.506312499999993,219.89999999999998,5.6,1363.6
2023-05-15,2023,5,0.03,heifer,164.0,A,22.0,A,P2,464.4,233.0,1.7,0,,1,4,0,22.506312499999993,231.39999999999998,5.6,1304.8
2023-05-15,2023,5,0.03,heifer,164.0,A,22.0,A,P2,469.6,243.0,1.7,0,,1,4,0,22.506312499999993,226.60000000000002,5.6,1360.8
2023-05-15,2023,5,0.03,heifer,164.0,A,22.0,A,P2,469.6,244.5,1.7,0,,1,4,0,22.506312499999993,225.10000000000002,5.6,1369.1999999999998
2023-05-15,2023,5,0.03,heifer,164.0,A,22.0,A,P2,470.2,235.0,1.7,5,,1,4,0,22.506312499999993,235.2,5.6,1316.0
2023-05-15,2023,5,0.03,heifer,164.0,A,22.0,A,P2,471.7,239.0,1.7,1,,1,4,0,22.506312499999993,232.7,5.6,1338.3999999999999
2023-05-15,2023,5,0.03,heifer,164.0,A,22.0,A,P2,472.3,234.5,1.7,1,,1,4,0,22.506312499999993,237.8,5.6,1313.1999999999998
2023-05-15,2023,5,0.03,heifer,164.0,A,22.0,A,P2,475.9,235.0,1.7,0,,1,4,0,22.506312499999993,240.89999999999998,5.6,1316.0
2023-05-15,2023,5,0.03,heifer,164.0,A,22.0,A,P2,477.5,240.5,1.7,2,,1,4,0,22.506312499999993,237.0,5.6,1346.8
2023-05-15,2023,5,0.03,heifer,164.0,A,22.0,A,P2,481.1,243.5,1.7,2,,1,4,0,22.506312499999993,237.60000000000002,5.6,1363.6
2023-05-15,2023,5,0.03,heifer,164.0,A,22.0,A,P2,482.7,235.0,1.7,2,,1,4,0,22.506312499999993,247.7,5.6,1316.0
2023-05-15,2023,5,0.03,heifer,164.0,A,22.0,A,P2,484.8,227.5,1.7,3,,1,4,0,22.506312499999993,257.3,5.6,1274.0
2023-05-15,2023,5,0.03,heifer,164.0,A,22.0,A,P2,488.4,247.5,1.6,0,,1,4,0,21.952000000000005,240.89999999999998,5.6,1386.0
2023-05-15,2023,5,0.03,heifer,164.0,A,22.0,A,P2,493.6,245.5,1.6,1,,1,4,0,21.952000000000005,248.10000000000002,5.6,1374.8
2023-05-15,2023,5,0.03,heifer,164.0,A,22.0,A,P2,493.6,250.5,1.6,1,,1,4,0,21.952000000000005,243.10000000000002,5.6,1402.8
2023-05-15,2023,5,0.03,heifer,164.0,A,22.0,A,P2,435.8,219.0,1.7,1,,1,4,0,22.506312499999993,216.8,5.6,1226.3999999999999
2023-03-30,2023,3,0.34,steer,154.0,A,20.0,A,P2,594.7,316.5,2.0,0,,2,4,0,24.0,278.20000000000005,5.9,1867.3500000000001
2023-03-30,2023,3,0.34,steer,154.0,A,20.0,A,P2,645.3,323.0,2.0,1,,2,4,0,24.0,322.29999999999995,5.9,1905.7
2023-03-30,2023,3,0.34,heifer,164.0,A,20.0,A,P2,463.4,241.5,0.0,2,,1,4,0,8.0,221.89999999999998,5.6,1352.3999999999999
2023-03-30,2023,3,0.34,steer,154.0,A,20.0,A,P2,589.5,317.5,2.0,2,,2,4,0,24.0,272.0,5.9,1873.25
2023-03-30,2023,3,0.34,heifer,164.0,A,20.0,A,P2,462.9,231.5,0.0,0,,1,4,0,8.0,231.39999999999998,5.6,1296.3999999999999
2023-03-30,2023,3,0.34,steer,154.0,A,20.0,A,P2,590.6,308.5,2.0,1,,2,4,0,24.0,282.1,5.9,1820.15
2023-03-30,2023,3,0.34,heifer,164.0,A,20.0,A,P2,456.6,234.0,0.0,0,,1,4,0,8.0,222.60000000000002,5.6,1310.3999999999999
2023-03-30,2023,3,0.34,heifer,164.0,A,20.0,A,P2,463.4,239.0,0.0,0,,1,4,0,8.0,224.39999999999998,5.6,1338.3999999999999
2023-03-30,2023,3,0.34,heifer,164.0,A,20.0,A,P2,469.1,247.0,0.0,0,,1,4,0,8.0,222.10000000000002,5.6,1383.1999999999998
2023-03-30,2023,3,0.34,heifer,164.0,A,20.0,A,P2,475.4,248.0,0.0,0,,1,4,0,8.0,227.39999999999998,5.6,1388.8
2023-03-30,2023,3,0.34,steer,154.0,A,20.0,A,P2,591.1,309.5,2.0,4,,2,4,0,24.0,281.6,5.9,1826.0500000000002
2023-03-30,2023,3,0.34,steer,154.0,A,20.0,A,P2,597.4,305.0,4.0,6,,2,4,0,30.0,292.4,5.9,1799.5
2023-03-30,2023,3,0.34,steer,154.0,A,20.0,A,P2,604.1,320.5,0.0,1,,2,4,0,8.0,283.6,5.9,1890.95
2023-03-30,2023,3,0.34,steer,154.0,A,20.0,A,P2,612.5,322.5,2.0,2,,2,4,0,24.0,290.0,5.9,1902.7500000000002
2023-03-30,2023,3,0.34,steer,154.0,A,20.0,A,P2,633.8,330.0,2.0,0,,2,4,0,24.0,303.79999999999995,5.9,1947.0000000000002
2023-02-21,2023,2,0.44,heifer,164.0,A,20.0,A,P2,446.7,220.5,0.0,0,,1,4,0,8.0,226.2,5.6,1234.8
2023-02-21,2023,2,0.44,heifer,164.0,A,20.0,A,P2,448.8,219.0,0.0,0,,1,4,0,8.0,229.8,5.6,1226.3999999999999
2023-02-21,2023,2,0.44,heifer,164.0,A,20.0,A,P2,450.9,240.0,0.0,2,,1,4,0,8.0,210.89999999999998,5.6,1344.0
2023-02-21,2023,2,0.44,heifer,164.0,A,20.0,A,P2,454.5,231.0,0.0,0,,1,4,0,8.0,223.5,5.6,1293.6
2023-02-21,2023,2,0.44,heifer,164.0,A,20.0,A,P2,454.5,233.5,0.0,1,,1,4,0,8.0,221.0,5.6,1307.6
2023-02-21,2023,2,0.44,heifer,164.0,A,20.0,A,P2,457.7,238.0,0.0,1,,1,4,0,8.0,219.7,5.6,1332.8
2023-02-21,2023,2,0.44,heifer,164.0,A,20.0,A,P2,459.2,236.5,0.0,0,,1,4,0,8.0,222.7,5.6,1324.3999999999999
2023-02-21,2023,2,0.44,heifer,164.0,A,20.0,A,P2,462.3,232.5,0.0,1,,1,4,0,8.0,229.8,5.6,1302.0
2023-02-21,2023,2,0.44,heifer,164.0,A,20.0,A,P2,479.6,245.5,0.0,1,,1,4,0,8.0,234.10000000000002,5.6,1374.8
2023-02-21,2023,2,0.44,heifer,164.0,A,20.0,A,P2,514.0,272.5,0.0,0,,1,4,0,8.0,241.5,5.6,1526.0
2023-01-19,2023,1,0.42,heifer,164.0,A,18.0,A,P2,445.1,225.0,0.0,1,,1,4,0,8.0,220.10000000000002,5.6,1260.0
2023-01-19,2023,1,0.42,heifer,164.0,A,18.0,A,P2,446.7,225.5,2.0,0,,1,4,0,24.0,221.2,5.6,1262.8
2023-01-19,2023,1,0.42,heifer,164.0,A,18.0,A,P2,454.0,229.5,0.0,1,,1,4,0,8.0,224.5,5.6,1285.1999999999998
2023-01-19,2023,1,0.42,heifer,164.0,A,18.0,A,P2,470.7,246.0,2.0,0,,1,4,0,24.0,224.7,5.6,1377.6
2023-01-19,2023,1,0.42,heifer,164.0,A,18.0,A,P2,471.2,239.5,2.0,0,,1,4,0,24.0,231.7,5.6,1341.1999999999998
2023-01-19,2023,1,0.42,heifer,164.0,A,18.0,A,P2,473.3,236.5,0.0,0,,1,4,0,8.0,236.8,5.6,1324.3999999999999
2023-01-19,2023,1,0.42,heifer,164.0,A,18.0,A,P2,482.7,246.0,2.0,0,,1,4,0,24.0,236.7,5.6,1377.6
2023-01-19,2023,1,0.42,heifer,164.0,A,18.0,A,P2,483.2,243.0,0.0,0,,1,4,0,8.0,240.2,5.6,1360.8
2023-01-19,2023,1,0.42,heifer,164.0,A,18.0,A,P2,483.7,239.0,0.0,0,,1,4,0,8.0,244.7,5.6,1338.3999999999999
2023-01-19,2023,1,0.42,heifer,164.0,A,18.0,A,P2,487.4,251.0,0.0,0,,1,4,0,8.0,236.39999999999998,5.6,1405.6
2023-01-19,2023,1,0.42,heifer,164.0,A,18.0,A,P2,489.5,241.0,2.0,2,,1,4,0,24.0,248.5,5.6,1349.6
2023-01-19,2023,1,0.42,heifer,164.0,A,18.0,A,P2,498.3,265.0,2.0,1,,1,4,0,24.0,233.3,5.6,1484.0
2023-01-19,2023,1,0.42,heifer,164.0,A,18.0,A,P2,504.6,249.0,0.0,0,,1,4,0,8.0,255.60000000000002,5.6,1394.3999999999999
2023-01-19,2023,1,0.42,heifer,164.0,A,18.0,A,P2,505.6,263.5,4.0,1,,1,4,0,30.0,242.10000000000002,5.6,1475.6
2023-01-19,2023,1,0.42,heifer,164.0,A,18.0,A,P2,518.1,257.5,0.0,0,,1,4,0,8.0,260.6,5.6,1442.0
2023-01-19,2023,1,0.42,heifer,164.0,A,18.0,A,P2,523.3,272.0,2.0,0,,1,4,0,24.0,251.29999999999995,5.6,1523.1999999999998
2022-12-12,2022,12,0.22,steer,164.0,A,,A,P2,594.2,312.5,2.0,3,,2,4,0,24.0,281.70000000000005,5.9,1843.75
2022-12-12,2022,12,0.22,steer,164.0,A,,A,P2,656.3,332.5,4.0,0,,2,4,0,30.0,323.79999999999995,5.9,1961.7500000000002
2022-12-12,2022,12,0.22,steer,164.0,A,,A,P2,622.9,324.0,2.0,1,,2,4,0,24.0,298.9,5.9,1911.6000000000001
2022-12-12,2022,12,0.22,steer,164.0,A,,A,P2,624.5,334.0,2.0,2,,2,4,0,24.0,290.5,5.9,1970.6000000000001
2022-12-12,2022,12,0.22,steer,164.0,A,,A,P2,637.0,316.5,2.0,2,,2,4,0,24.0,320.5,5.9,1867.3500000000001
2022-12-12,2022,12,0.22,steer,164.0,A,,A,P2,588.5,312.5,2.0,1,,2,4,0,24.0,276.0,5.9,1843.75
2022-12-12,2022,12,0.22,steer,164.0,A,,A,P2,627.6,319.5,4.0,1,,2,4,0,30.0,308.1,5.9,1885.0500000000002
2022-12-12,2022,12,0.22,steer,164.0,A,,A,P2,615.1,303.0,2.0,1,,2,4,0,24.0,312.1,5.9,1787.7
2022-12-12,2022,12,0.22,steer,164.0,A,,A,P2,609.9,313.5,2.0,1,,2,4,0,24.0,296.4,5.9,1849.65
2022-12-12,2022,12,0.22,steer,164.0,A,,A,P2,625.0,301.5,2.0,0,,2,4,0,24.0,323.5,5.9,1778.8500000000001
2022-12-12,2022,12,0.22,steer,164.0,A,,A,P2,606.2,313.0,2.0,2,,2,4,0,24.0,293.20000000000005,5.9,1846.7
2022-12-12,2022,12,0.22,steer,164.0,A,,A,P2,631.8,334.0,2.0,3,,2,4,0,24.0,297.79999999999995,5.9,1970.6000000000001
2022-12-12,2022,12,0.22,steer,164.0,A,,A,P2,662.5,343.0,2.0,0,,2,4,0,24.0,319.5,5.9,2023.7
2022-12-12,2022,12,0.22,steer,164.0,A,,A,P2,627.1,325.0,2.0,0,,2,4,0,24.0,302.1,5.9,1917.5000000000002
2022-12-12,2022,12,0.22,steer,164.0,A,,A,P2,636.4,320.5,2.0,0,,2,4,0,24.0,315.9,5.9,1890.95
2022-12-12,2022,12,0.22,steer,164.0,A,,A,P2,641.1,337.0,2.0,3,,2,4,0,24.0,304.1,5.9,1988.3000000000002
2022-11-15,2022,11,0.5,steer,,,,A,P2,642.2,340.5,2.0,1,,2,4,0,24.0,301.70000000000005,5.9,2008.95
2022-11-15,2022,11,0.5,heifer,,,,A,P2,505.1,239.0,2.0,2,,1,4,0,24.0,266.1,5.6,1338.3999999999999
2022-11-15,2022,11,0.5,heifer,,,,A,P2,495.2,248.0,2.0,4,,1,4,0,24.0,247.2,5.6,1388.8
2022-11-15,2022,11,0.5,steer,,,,A,P2,627.6,327.0,4.0,0,,2,4,0,30.0,300.6,5.9,1929.3000000000002
2022-11-15,2022,11,0.5,heifer,,,,A,P2,484.8,246.0,0.0,0,,1,4,0,8.0,238.8,5.6,1377.6
2022-11-15,2022,11,0.5,heifer,,,,A,P2,509.3,254.0,0.0,0,,1,4,0,8.0,255.3,5.6,1422.3999999999999
2022-11-15,2022,11,0.5,heifer,,,,A,P2,485.3,245.5,0.0,0,,1,4,0,8.0,239.8,5.6,1374.8
2022-11-15,2022,11,0.5,heifer,,,,A,P2,494.1,246.5,0.0,0,,1,4,0,8.0,247.60000000000002,5.6,1380.3999999999999
2022-11-15,2022,11,0.5,heifer,,,,A,P2,492.1,250.0,0.0,0,,1,4,0,8.0,242.10000000000002,5.6,1400.0
2022-11-15,2022,11,0.5,heifer,,,,A,P2,506.1,258.0,0.0,0,,1,4,0,8.0,248.10000000000002,5.6,1444.8
2022-11-15,2022,11,0.5,heifer,,,,A,P2,478.5,221.0,0.0,1,,1,4,0,8.0,257.5,5.6,1237.6
2022-11-15,2022,11,0.5,steer,,,,A,P2,651.0,309.0,2.0,0,,2,4,0,24.0,342.0,5.9,1823.1000000000001
2022-11-15,2022,11,0.5,heifer,,,,A,P2,462.3,208.0,0.0,6,,1,4,0,8.0,254.3,5.6,1164.8
2022-11-15,2022,11,0.5,steer,,,,A,P2,632.3,333.5,2.0,1,,2,4,0,24.0,298.79999999999995,5.9,1967.65
2022-11-15,2022,11,0.5,steer,,,,A,P2,632.8,325.5,2.0,1,,2,4,0,24.0,307.29999999999995,5.9,1920.45
2022-11-15,2022,11,0.5,steer,,,,A,P2,658.9,343.5,4.0,0,,2,4,0,30.0,315.4,5.9,2026.65
2022-11-15,2022,11,0.5,heifer,,,,A,P2,477.5,240.0,0.0,0,,1,4,0,8.0,237.5,5.6,1344.0
2022-11-15,2022,11,0.5,steer,,,,A,P2,646.4,349.0,4.0,2,,2,4,0,30.0,297.4,5.9,2059.1
2022-11-15,2022,11,0.5,heifer,,,,A,P2,496.8,248.0,2.0,1,,1,4,0,24.0,248.8,5.6,1388.8
2022-11-15,2022,11,0.5,heifer,,,,A,P2,476.9,243.5,0.0,0,,1,4,0,8.0,233.39999999999998,5.6,1363.6
2022-11-15,2022,11,0.5,heifer,,,,A,P2,512.9,263.5,2.0,0,,1,4,0,24.0,249.39999999999998,5.6,1475.6
2022-11-15,2022,11,0.5,steer,,,,A,P2,639.6,331.0,2.0,0,,2,4,0,24.0,308.6,5.9,1952.9
2022-11-15,2022,11,0.5,heifer,,,,A,P2,487.4,243.0,2.0,1,,1,4,0,24.0,244.39999999999998,5.6,1360.8
2022-11-15,2022,11,0.5,steer,,,,A,P2,651.0,333.5,4.0,1,,2,4,0,30.0,317.5,5.9,1967.65
2022-11-15,2022,11,0.5,steer,,,,A,P2,647.4,328.0,2.0,2,,2,4,0,24.0,319.4,5.9,1935.2
2022-11-15,2022,11,0.5,steer,,,,A,P2,666.2,336.0,2.0,1,,2,4,0,24.0,330.20000000000005,5.9,1982.4
2022-11-15,2022,11,0.5,steer,,,,A,P2,657.3,349.5,2.0,0,,2,4,0,24.0,307.79999999999995,5.9,2062.05
2022-11-15,2022,11,0.5,heifer,,,,A,P2,494.1,243.5,2.0,0,,1,4,0,24.0,250.60000000000002,5.6,1363.6
2022-11-15,2022,11,0.5,steer,,,,A,P2,658.9,363.0,2.0,0,,2,4,0,24.0,295.9,5.9,2141.7000000000003
2022-11-15,2022,11,0.5,steer,,,,A,P2,711.5,370.0,2.0,0,,2,4,0,24.0,341.5,5.9,2183.0
2022-11-15,2022,11,0.5,steer,,,,A,P2,630.7,331.0,2.0,0,,2,4,0,24.0,299.70000000000005,5.9,1952.9
2022-11-15,2022,11,0.5,steer,,,,A,P2,654.7,341.5,2.0,1,,2,4,0,24.0,313.20000000000005,5.9,2014.8500000000001
2022-11-15,2022,11,0.5,steer,,,,A,P2,700.0,361.5,2.0,0,,2,4,0,24.0,338.5,5.9,2132.85
2022-11-15,2022,11,0.5,steer,,,,A,P2,634.9,327.0,4.0,2,,2,4,0,30.0,307.9,5.9,1929.3000000000002
2022-11-15,2022,11,0.5,steer,,,,A,P2,654.7,337.0,2.0,2,,2,4,0,24.0,317.70000000000005,5.9,1988.3000000000002
2022-11-15,2022,11,0.5,heifer,,,,A,P2,503.5,255.5,2.0,0,,1,4,0,24.0,248.0,5.6,1430.8
2022-11-15,2022,11,0.5,heifer,,,,A,P2,505.6,251.0,2.0,0,,1,4,0,24.0,254.60000000000002,5.6,1405.6
2022-11-15,2022,11,0.5,heifer,,,,A,P2,481.6,249.5,2.0,1,,1,4,0,24.0,232.10000000000002,5.6,1397.1999999999998
2022-11-15,2022,11,0.5,heifer,,,,A,P2,481.6,237.0,0.0,0,,1,4,0,8.0,244.60000000000002,5.6,1327.1999999999998
2022-04-11,2022,4,0.23,heifer,,,,A,P2,470.2,237.0,0.0,0,,1,4,0,8.0,233.2,5.6,1327.1999999999998
2022-04-11,2022,4,0.23,heifer,,,,A,P2,512.9,267.0,0.0,1,,1,4,0,8.0,245.89999999999998,5.6,1495.1999999999998
2022-04-11,2022,4,0.23,heifer,,,,A,P2,448.8,232.5,0.0,1,,1,4,0,8.0,216.3,5.6,1302.0
2022-04-11,2022,4,0.23,heifer,,,,A,P2,472.3,259.0,0.0,0,,1,4,0,8.0,213.3,5.6,1450.3999999999999
2022-04-11,2022,4,0.23,heifer,,,,A,P2,481.6,244.5,0.0,0,,1,4,0,8.0,237.10000000000002,5.6,1369.1999999999998
2022-04-11,2022,4,0.23,heifer,,,,A,P2,454.5,232.0,0.0,0,,1,4,0,8.0,222.5,5.6,1299.1999999999998
2022-04-09,2022,4,0.22,heifer,,,,A,P2,498.8,263.0,2.0,0,,1,4,0,24.0,235.8,5.6,1472.8
2022-04-09,2022,4,0.22,heifer,,,,A,P2,479.0,242.0,0.0,0,,1,4,0,8.0,237.0,5.6,1355.1999999999998
2022-04-09,2022,4,0.22,heifer,,,,A,P2,431.6,225.0,0.0,1,,1,4,0,8.0,206.60000000000002,5.6,1260.0
2022-04-09,2022,4,0.22,heifer,,,,A,P2,446.2,224.5,0.0,0,,1,4,0,8.0,221.7,5.6,1257.1999999999998
2022-04-09,2022,4,0.22,heifer,,,,A,P2,460.3,232.0,0.0,1,,1,4,0,8.0,228.3,5.6,1299.1999999999998
2022-04-09,2022,4,0.22,heifer,,,,A,P2,470.2,252.5,0.0,0,,1,4,0,8.0,217.7,5.6,1414.0
2022-04-09,2022,4,0.22,heifer,,,,A,P2,499.9,257.5,0.0,1,,1,4,0,8.0,242.39999999999998,5.6,1442.0
2022-04-09,2022,4,0.22,heifer,,,,A,P2,471.2,243.5,0.0,0,,1,4,0,8.0,227.7,5.6,1363.6
2022-03-02,2022,3,0.13,heifer,,,,A,P2,497.3,258.0,0.0,2,,1,4,0,8.0,239.3,5.6,1444.8
2022-03-02,2022,3,0.13,heifer,,,,A,P2,483.2,247.0,0.0,0,,1,4,0,8.0,236.2,5.6,1383.1999999999998
2022-03-02,2022,3,0.13,heifer,,,,A,P2,561.9,280.0,0.0,0,,1,4,0,8.0,281.9,5.6,1568.0
2022-03-02,2022,3,0.13,heifer,,,,A,P2,510.3,269.0,0.0,3,,1,4,0,8.0,241.3,5.6,1506.3999999999999
2022-02-24,2022,2,0.39,heifer,,,,A,P2,509.3,268.0,0.0,2,,1,4,0,8.0,241.3,5.6,1500.8
2022-02-24,2022,2,0.39,heifer,,,,A,P2,465.5,233.0,0.0,2,,1,4,0,8.0,232.5,5.6,1304.8
2022-02-24,2022,2,0.39,heifer,,,,A,P2,467.6,244.5,0.0,4,,1,4,0,8.0,223.10000000000002,5.6,1369.1999999999998
2022-02-24,2022,2,0.39,heifer,,,,A,P2,479.0,243.5,0.0,2,,1,4,0,8.0,235.5,5.6,1363.6
2022-02-24,2022,2,0.39,heifer,,,,A,P2,472.8,249.0,0.0,1,,1,4,0,8.0,223.8,5.6,1394.3999999999999
2022-02-24,2022,2,0.39,heifer,,,,A,P2,503.5,251.0,0.0,1,,1,4,0,8.0,252.5,5.6,1405.6
2022-02-24,2022,2,0.39,heifer,,,,A,P2,494.1,255.0,0.0,2,,1,4,0,8.0,239.10000000000002,5.6,1428.0
2022-02-24,2022,2,0.39,heifer,,,,A,P2,480.1,246.0,0.0,1,,1,4,0,8.0,234.10000000000002,5.6,1377.6
2022-02-24,2022,2,0.39,heifer,,,,A,P2,503.5,264.5,0.0,0,,1,4,0,8.0,239.0,5.6,1481.1999999999998
2022-02-24,2022,2,0.39,heifer,,,,A,P2,495.2,258.0,0.0,1,,1,4,0,8.0,237.2,5.6,1444.8
2022-02-24,2022,2,0.39,heifer,,,,A,P2,467.0,236.0,0.0,0,,1,4,0,8.0,231.0,5.6,1321.6
2022-02-24,2022,2,0.39,heifer,,,,A,P2,475.4,240.0,0.0,1,,1,4,0,8.0,235.39999999999998,5.6,1344.0
2022-02-24,2022,2,0.39,heifer,,,,A,P2,509.3,252.5,0.0,1,,1,4,0,8.0,256.8,5.6,1414.0
2022-02-10,2022,2,0.69,steer,,,,A,P2,566.1,320.5,4.0,2,,2,4,0,30.0,245.60000000000002,5.9,1890.95
2022-02-10,2022,2,0.69,steer,,,,A,P2,570.7,330.5,4.0,2,,2,4,0,30.0,240.20000000000005,5.9,1949.95
2022-02-10,2022,2,0.69,steer,,,,A,P2,588.2,317.5,2.0,0,,2,4,0,24.0,270.70000000000005,5.9,1873.25
2022-02-10,2022,2,0.69,steer,,,,A,P2,647.5,369.0,2.0,3,,2,4,0,24.0,278.5,5.9,2177.1
2022-02-10,2022,2,0.69,steer,,,,A,P2,559.7,307.5,4.0,2,,2,4,0,30.0,252.20000000000005,5.9,1814.25
2022-02-09,2022,2,0.71,steer,,,,A,P2,679.5,314.5,4.0,0,,2,4,0,30.0,365.0,5.9,1855.5500000000002
2022-02-09,2022,2,0.71,steer,,,,A,P2,636.9,327.5,2.0,0,,2,4,0,24.0,309.4,5.9,1932.2500000000002
2022-02-09,2022,2,0.71,steer,,,,A,T2,680.9,336.5,4.0,0,,2,6,0,30.0,344.4,5.4,1817.1000000000001
2022-02-09,2022,2,0.71,steer,,,,A,T2,673.8,338.0,4.0,0,,2,6,0,30.0,335.79999999999995,5.4,1825.2
2022-02-09,2022,2,0.71,steer,,,,A,P2,607.0,289.5,4.0,2,,2,4,0,30.0,317.5,5.9,1708.0500000000002
2022-02-09,2022,2,0.71,steer,,,,A,T2,668.0,337.0,4.0,0,,2,6,0,30.0,331.0,5.4,1819.8000000000002
2022-02-09,2022,2,0.71,steer,,,,A,P2,705.1,353.0,2.0,1,,2,4,0,24.0,352.1,5.9,2082.7000000000003
2022-02-09,2022,2,0.71,steer,,,,A,T2,667.5,319.0,4.0,0,,2,6,0,30.0,348.5,5.4,1722.6000000000001
2022-02-09,2022,2,0.71,steer,,,,A,T2,617.1,335.5,2.0,0,,2,6,0,24.0,281.6,5.4,1811.7
2021-12-11,2021,12,0.24,heifer,185.0,C,,A,P2,512.1,262.5,2.0,0,,1,4,0,24.0,249.60000000000002,5.6,1470.0
2021-12-03,2021,12,0.28,steer,154.0,A,,A,P2,650.5,346.0,2.0,0,,2,4,0,24.0,304.5,5.9,2041.4
2021-12-03,2021,12,0.28,steer,154.0,A,,A,P2,618.2,318.0,4.0,1,,2,4,0,30.0,300.20000000000005,5.9,1876.2
2021-12-03,2021,12,0.28,steer,154.0,A,,A,P2,634.4,331.0,2.0,0,,2,4,0,24.0,303.4,5.9,1952.9
2021-12-03,2021,12,0.28,steer,154.0,A,,A,P2,628.6,331.0,2.0,5,,2,4,0,24.0,297.6,5.9,1952.9
2021-12-03,2021,12,0.28,steer,154.0,A,,A,P2,621.3,320.0,2.0,1,,2,4,0,24.0,301.29999999999995,5.9,1888.0
2021-12-03,2021,12,0.28,steer,154.0,A,,A,P2,633.3,339.5,2.0,0,,2,4,0,24.0,293.79999999999995,5.9,2003.0500000000002
2021-12-03,2021,12,0.28,steer,154.0,A,,A,P2,638.0,337.0,4.0,3,,2,4,0,30.0,301.0,5.9,1988.3000000000002
2021-12-03,2021,12,0.28,steer,154.0,A,,A,P2,625.0,335.5,2.0,1,,2,4,0,24.0,289.5,5.9,1979.45
2021-12-03,2021,12,0.28,steer,154.0,A,,A,P2,641.7,360.5,2.0,0,,2,4,0,24.0,281.20000000000005,5.9,2126.9500000000003
2021-12-03,2021,12,0.28,steer,154.0,A,,A,P2,629.1,329.0,4.0,3,,2,4,0,30.0,300.1,5.9,1941.1000000000001
2021-12-03,2021,12,0.28,steer,154.0,A,,A,P2,630.7,340.0,4.0,1,,2,4,0,30.0,290.70000000000005,5.9,2006.0000000000002
2021-12-03,2021,12,0.28,steer,154.0,A,,A,P2,592.7,328.0,2.0,0,,2,4,0,24.0,264.70000000000005,5.9,1935.2
2021-12-03,2021,12,0.28,steer,154.0,A,,A,P2,621.3,337.5,2.0,4,,2,4,0,24.0,283.79999999999995,5.9,1991.2500000000002
2021-12-03,2021,12,0.28,steer,154.0,A,,A,P2,618.7,328.0,2.0,2,,2,4,0,24.0,290.70000000000005,5.9,1935.2
2021-12-03,2021,12,0.28,steer,154.0,A,,A,P2,626.5,325.0,2.0,3,,2,4,0,24.0,301.5,5.9,1917.5000000000002
2021-12-03,2021,12,0.28,steer,154.0,A,,A,P2,584.3,330.0,2.0,0,,2,4,0,24.0,254.29999999999995,5.9,1947.0000000000002
2021-12-03,2021,12,0.28,steer,154.0,A,,A,P2,610.4,335.5,2.0,5,,2,4,0,24.0,274.9,5.9,1979.45
2021-12-03,2021,12,0.28,steer,154.0,A,,A,P2,616.6,328.5,2.0,1,,2,4,0,24.0,288.1,5.9,1938.15
2021-12-03,2021,12,0.28,steer,154.0,A,,A,P2,616.1,336.5,2.0,0,,2,4,0,24.0,279.6,5.9,1985.3500000000001
2021-12-03,2021,12,0.28,steer,154.0,A,,A,P2,608.3,329.0,2.0,0,,2,4,0,24.0,279.29999999999995,5.9,1941.1000000000001
2021-12-03,2021,12,0.28,steer,154.0,A,,A,P2,638.0,338.0,4.0,3,,2,4,0,30.0,300.0,5.9,1994.2
2021-12-03,2021,12,0.28,steer,154.0,A,,A,P2,607.8,328.0,4.0,4,,2,4,0,30.0,279.79999999999995,5.9,1935.2
2021-12-03,2021,12,0.28,steer,154.0,A,,A,P2,622.4,319.0,4.0,4,,2,4,0,30.0,303.4,5.9,1882.1000000000001
2021-12-03,2021,12,0.28,steer,154.0,A,,A,P2,632.8,345.5,2.0,0,,2,4,0,24.0,287.29999999999995,5.9,2038.45
2021-12-03,2021,12,0.28,steer,154.0,A,,A,P2,608.3,327.5,2.0,0,,2,4,0,24.0,280.79999999999995,5.9,1932.2500000000002
2021-11-18,2021,11,0.19,steer,,,,A,P2,609.9,328.5,2.0,0,,2,4,0,24.0,281.4,5.9,1938.15
2021-11-18,2021,11,0.19,steer,,,,A,P2,632.3,344.5,2.0,1,,2,4,0,24.0,287.79999999999995,5.9,2032.5500000000002
2021-11-18,2021,11,0.19,steer,,,,A,P2,611.9,344.0,4.0,0,,2,4,0,30.0,267.9,5.9,2029.6000000000001
2021-11-18,2021,11,0.19,steer,,,,A,P2,607.8,332.5,2.0,0,,2,4,0,24.0,275.29999999999995,5.9,1961.7500000000002
2021-11-18,2021,11,0.19,steer,,,,A,P2,596.8,315.0,2.0,3,,2,4,0,24.0,281.79999999999995,5.9,1858.5
2021-11-18,2021,11,0.19,steer,,,,A,P2,591.1,317.5,2.0,1,,2,4,0,24.0,273.6,5.9,1873.25
2021-10-29,2021,10,0.04,steer,,,,A,P2,601.5,326.5,2.0,3,,2,4,0,24.0,275.0,5.9,1926.3500000000001
2021-10-29,2021,10,0.04,steer,,,,A,P2,600.0,335.0,2.0,4,,2,4,0,24.0,265.0,5.9,1976.5000000000002
2021-10-29,2021,10,0.04,steer,,,,A,P2,592.1,335.5,2.0,4,,2,4,0,24.0,256.6,5.9,1979.45
2021-10-29,2021,10,0.04,steer,,,,A,P2,607.3,338.5,2.0,1,,2,4,0,24.0,268.79999999999995,5.9,1997.15
2021-10-29,2021,10,0.04,steer,,,,A,P2,584.8,322.0,2.0,0,,2,4,0,24.0,262.79999999999995,5.9,1899.8000000000002
2021-10-29,2021,10,0.04,steer,,,,A,P2,602.6,334.5,2.0,1,,2,4,0,24.0,268.1,5.9,1973.5500000000002
2021-10-29,2021,10,0.04,steer,,,,A,P2,601.0,339.0,4.0,0,,2,4,0,30.0,262.0,5.9,2000.1000000000001
2021-10-29,2021,10,0.04,steer,,,,A,P2,592.1,339.0,2.0,0,,2,4,0,24.0,253.10000000000002,5.9,2000.1000000000001
2021-10-29,2021,10,0.04,steer,,,,A,P2,589.0,309.5,2.0,0,,2,4,0,24.0,279.5,5.9,1826.0500000000002
2021-10-29,2021,10,0.04,steer,,,,A,P2,602.0,335.5,2.0,1,,2,4,0,24.0,266.5,5.9,1979.45
2021-10-29,2021,10,0.04,steer,,,,A,P2,603.6,335.5,2.0,0,,2,4,0,24.0,268.1,5.9,1979.45
2021-10-29,2021,10,0.04,steer,,,,A,P2,568.7,319.5,2.0,0,,2,4,0,24.0,249.20000000000005,5.9,1885.0500000000002
2021-10-29,2021,10,0.04,steer,,,,A,P2,609.3,343.0,2.0,2,,2,4,0,24.0,266.29999999999995,5.9,2023.7
2021-10-29,2021,10,0.04,steer,,,,A,P2,595.8,325.0,2.0,0,,2,4,0,24.0,270.79999999999995,5.9,1917.5000000000002
2021-10-29,2021,10,0.04,steer,,,,A,P2,591.6,305.0,4.0,1,,2,4,0,30.0,286.6,5.9,1799.5
2021-10-29,2021,10,0.04,steer,,,,A,P2,596.3,327.5,2.0,0,,2,4,0,24.0,268.79999999999995,5.9,1932.2500000000002
2021-10-29,2021,10,0.04,steer,,,,A,P2,587.4,328.5,2.0,4,,2,4,0,24.0,258.9,5.9,1938.15
2021-10-29,2021,10,0.04,steer,,,,A,P2,585.4,298.0,2.0,3,,2,4,0,24.0,287.4,5.9,1758.2
2021-10-29,2021,10,0.04,steer,,,,A,P2,604.1,344.0,2.0,0,,2,4,0,24.0,260.1,5.9,2029.6000000000001
2021-10-29,2021,10,0.04,steer,,,,A,P2,588.5,342.5,2.0,1,,2,4,0,24.0,246.0,5.9,2020.7500000000002
2021-10-15,2021,10,0.0,steer,,,,A,P2,602.6,321.0,2.0,2,,2,4,0,24.0,281.6,5.9,1893.9
2021-10-15,2021,10,0.0,steer,,,,A,P2,605.3,325.5,0.0,3,,2,4,0,8.0,279.79999999999995,5.9,1920.45
2021-10-15,2021,10,0.0,steer,,,,A,P2,601.7,324.0,2.0,2,,2,4,0,24.0,277.70000000000005,5.9,1911.6000000000001
2021-10-15,2021,10,0.0,steer,,,,A,P2,582.1,331.5,2.0,0,,2,4,0,24.0,250.60000000000002,5.9,1955.8500000000001
2021-10-15,2021,10,0.0,steer,,,,A,P2,595.0,329.5,2.0,1,,2,4,0,24.0,265.5,5.9,1944.0500000000002
2021-10-15,2021,10,0.0,steer,,,,A,P2,607.7,337.0,2.0,1,,2,4,0,24.0,270.70000000000005,5.9,1988.3000000000002
2021-05-07,2021,5,0.15,heifer,,,,A,P2,518.1,271.0,0.0,0,,1,4,0,8.0,247.10000000000002,5.6,1517.6
2021-05-07,2021,5,0.15,heifer,,,,A,P2,528.0,267.0,0.0,0,,1,4,0,8.0,261.0,5.6,1495.1999999999998
2021-05-07,2021,5,0.15,heifer,,,,A,P2,508.7,274.5,0.0,0,,1,4,0,8.0,234.2,5.6,1537.1999999999998
2021-05-07,2021,5,0.15,heifer,,,,A,P2,524.4,260.5,0.0,0,,1,4,0,8.0,263.9,5.6,1458.8
2021-05-07,2021,5,0.15,heifer,,,,A,P2,533.8,277.5,0.0,0,,1,4,0,8.0,256.29999999999995,5.6,1554.0
2021-05-07,2021,5,0.15,heifer,,,,A,P2,506.1,254.5,0.0,0,,1,4,0,8.0,251.60000000000002,5.6,1425.1999999999998
2021-05-07,2021,5,0.15,heifer,,,,A,P2,526.5,261.5,0.0,0,,1,4,0,8.0,265.0,5.6,1464.3999999999999
2021-05-07,2021,5,0.15,heifer,,,,A,P2,520.2,254.0,0.0,0,,1,4,0,8.0,266.20000000000005,5.6,1422.3999999999999
2021-05-07,2021,5,0.15,heifer,,,,A,P2,510.3,261.0,0.0,0,,1,4,0,8.0,249.3,5.6,1461.6
2021-05-07,2021,5,0.15,heifer,,,,A,P2,515.0,254.0,0.0,1,,1,4,0,8.0,261.0,5.6,1422.3999999999999
2021-05-07,2021,5,0.15,heifer,,,,A,P2,511.9,262.0,0.0,0,,1,4,0,8.0,249.89999999999998,5.6,1467.1999999999998
2021-05-07,2021,5,0.15,heifer,,,,A,P2,504.0,273.5,0.0,0,,1,4,0,8.0,230.5,5.6,1531.6
2021-05-07,2021,5,0.15,heifer,,,,A,P2,504.6,261.5,0.0,0,,1,4,0,8.0,243.10000000000002,5.6,1464.3999999999999
2021-05-07,2021,5,0.15,heifer,,,,A,P2,517.1,273.5,0.0,2,,1,4,0,8.0,243.60000000000002,5.6,1531.6
2021-05-07,2021,5,0.15,heifer,,,,A,P2,502.5,268.0,0.0,0,,1,4,0,8.0,234.5,5.6,1500.8
2021-05-07,2021,5,0.15,heifer,,,,A,P2,487.9,250.0,0.0,3,,1,4,0,8.0,237.89999999999998,5.6,1400.0
2021-05-07,2021,5,0.15,heifer,,,,A,P2,491.0,249.0,2.0,0,,1,4,0,24.0,242.0,5.6,1394.3999999999999
2021-05-07,2021,5,0.15,heifer,,,,A,P2,518.6,268.5,2.0,0,,1,4,0,24.0,250.10000000000002,5.6,1503.6
2021-05-07,2021,5,0.15,heifer,,,,A,P2,502.0,250.5,0.0,0,,1,4,0,8.0,251.5,5.6,1402.8
2021-05-07,2021,5,0.15,heifer,,,,A,P2,533.2,278.0,0.0,0,,1,4,0,8.0,255.20000000000005,5.6,1556.8
2021-05-07,2021,5,0.15,heifer,,,,A,P2,492.1,261.0,0.0,3,,1,4,0,8.0,231.10000000000002,5.6,1461.6
2021-05-07,2021,5,0.15,heifer,,,,A,P2,517.6,268.5,0.0,0,,1,4,0,8.0,249.10000000000002,5.6,1503.6
2021-05-07,2021,5,0.15,heifer,,,,A,P2,503.5,262.0,0.0,4,,1,4,0,8.0,241.5,5.6,1467.1999999999998
2021-05-07,2021,5,0.15,heifer,,,,A,P2,531.2,265.0,0.0,4,,1,4,0,8.0,266.20000000000005,5.6,1484.0
2021-05-07,2021,5,0.15,heifer,,,,A,P2,485.3,244.5,0.0,2,,1,4,0,8.0,240.8,5.6,1369.1999999999998
2021-05-07,2021,5,0.15,heifer,,,,A,P2,513.4,266.5,0.0,4,,1,4,0,8.0,246.89999999999998,5.6,1492.3999999999999
2021-05-07,2021,5,0.15,heifer,,,,A,P2,510.3,254.0,0.0,0,,1,4,0,8.0,256.3,5.6,1422.3999999999999
2021-05-07,2021,5,0.15,heifer,,,,A,P2,519.2,259.5,0.0,0,,1,4,0,8.0,259.70000000000005,5.6,1453.1999999999998
2021-05-07,2021,5,0.15,heifer,,,,A,P2,513.4,272.0,0.0,0,,1,4,0,8.0,241.39999999999998,5.6,1523.1999999999998
2021-05-07,2021,5,0.15,heifer,,,,A,P2,522.8,270.0,0.0,0,,1,4,0,8.0,252.79999999999995,5.6,1512.0
2021-05-07,2021,5,0.15,heifer,,,,A,P2,517.1,261.5,0.0,0,,1,4,0,8.0,255.60000000000002,5.6,1464.3999999999999
2021-05-07,2021,5,0.15,heifer,,,,A,P2,516.6,255.0,0.0,0,,1,4,0,8.0,261.6,5.6,1428.0
2023-05-26,2023,5,0.0,steer,584.0,B,,B,P2,486.5,309.5,4.0,0,,2,4,1,30.0,177.0,5.9,1826.0500000000002
2023-05-26,2023,5,0.0,steer,584.0,B,,B,P2,502.3,326.0,4.0,4,,2,4,1,30.0,176.3,5.9,1923.4
2023-05-26,2023,5,0.0,steer,584.0,B,,B,P2,463.9,296.5,4.0,0,,2,4,1,30.0,167.39999999999998,5.9,1749.3500000000001
2023-05-26,2023,5,0.0,steer,584.0,B,,B,P2,499.6,312.0,2.0,3,,2,4,1,24.0,187.60000000000002,5.9,1840.8000000000002
2023-05-26,2023,5,0.0,steer,584.0,B,,B,P2,493.5,310.0,2.0,3,,2,4,1,24.0,183.5,5.9,1829.0
2023-05-26,2023,5,0.0,steer,584.0,B,,B,P2,493.6,316.5,4.0,0,,2,4,1,30.0,177.10000000000002,5.9,1867.3500000000001
2023-05-26,2023,5,0.0,steer,584.0,B,,B,P2,481.1,308.0,2.0,0,,2,4,1,24.0,173.10000000000002,5.9,1817.2
2023-05-26,2023,5,0.0,steer,584.0,B,,B,P2,466.1,292.0,2.0,2,,2,4,1,24.0,174.10000000000002,5.9,1722.8000000000002
2023-05-26,2023,5,0.0,steer,584.0,B,,B,P2,492.0,300.0,2.0,1,,2,4,1,24.0,192.0,5.9,1770.0
2023-05-26,2023,5,0.0,steer,584.0,B,,B,P2,477.2,294.5,2.0,2,,2,4,1,24.0,182.7,5.9,1737.5500000000002
2023-02-03,2023,2,0.57,steer,214.0,C,,A,P2,589.2,311.5,0.0,0,,2,4,0,8.0,277.70000000000005,5.9,1837.8500000000001
2023-02-03,2023,2,0.57,steer,214.0,C,,A,P2,590.5,309.0,2.0,0,,2,4,0,24.0,281.5,5.9,1823.1000000000001
2023-02-03,2023,2,0.57,steer,214.0,C,,A,P2,564.4,303.5,2.0,0,,2,4,0,24.0,260.9,5.9,1790.65
2023-02-03,2023,2,0.57,steer,214.0,C,,A,P2,594.6,306.0,2.0,2,,2,4,0,24.0,288.6,5.9,1805.4
2023-02-03,2023,2,0.57,steer,214.0,C,,A,P2,577.2,294.5,2.0,0,,2,4,0,24.0,282.70000000000005,5.9,1737.5500000000002
2023-02-03,2023,2,0.57,steer,214.0,C,,A,P2,598.7,313.5,2.0,0,,2,4,0,24.0,285.20000000000005,5.9,1849.65
2023-02-03,2023,2,0.57,steer,214.0,C,,A,P2,613.5,321.0,2.0,1,,2,4,0,24.0,292.5,5.9,1893.9
2023-02-03,2023,2,0.57,steer,214.0,C,,A,P2,585.0,309.0,0.0,0,,2,4,0,8.0,276.0,5.9,1823.1000000000001
2023-02-03,2023,2,0.57,steer,214.0,C,,A,P2,581.4,303.5,0.0,0,,2,4,0,8.0,277.9,5.9,1790.65
2023-02-03,2023,2,0.57,steer,214.0,C,,A,P2,556.4,302.5,2.0,0,,2,4,0,24.0,253.89999999999998,5.9,1784.75
2021-11-12,2021,11,0.13,steer,154.0,A,,A,P2,580.7,340.5,2.0,0,,2,4,0,24.0,240.20000000000005,5.9,2008.95
2021-11-12,2021,11,0.13,steer,154.0,A,,A,P2,606.7,330.0,2.0,2,,2,4,0,24.0,276.70000000000005,5.9,1947.0000000000002
2021-11-12,2021,11,0.13,steer,154.0,A,,A,P2,607.8,326.0,2.0,1,,2,4,0,24.0,281.79999999999995,5.9,1923.4
2021-11-12,2021,11,0.13,steer,154.0,A,,A,P2,607.3,321.5,2.0,1,,2,4,0,24.0,285.79999999999995,5.9,1896.8500000000001
2021-11-12,2021,11,0.13,steer,154.0,A,,A,P2,596.8,323.5,2.0,2,,2,4,0,24.0,273.29999999999995,5.9,1908.65
2021-11-12,2021,11,0.13,steer,154.0,A,,A,P2,594.7,342.0,2.0,1,,2,4,0,24.0,252.70000000000005,5.9,2017.8000000000002
2021-11-12,2021,11,0.13,steer,154.0,A,,A,P2,601.5,320.5,2.0,3,,2,4,0,24.0,281.0,5.9,1890.95
2021-11-12,2021,11,0.13,steer,154.0,A,,A,P2,598.9,335.5,2.0,2,,2,4,0,24.0,263.4,5.9,1979.45
2021-11-12,2021,11,0.13,steer,154.0,A,,A,P2,577.5,348.0,2.0,1,,2,4,0,24.0,229.5,5.9,2053.2000000000003
2021-11-12,2021,11,0.13,steer,154.0,A,,A,P2,591.6,337.0,2.0,0,,2,4,0,24.0,254.60000000000002,5.9,1988.3000000000002
2021-11-12,2021,11,0.13,steer,154.0,A,,A,P2,605.7,340.5,2.0,5,,2,4,0,24.0,265.20000000000005,5.9,2008.95
2021-05-12,2021,5,0.19,heifer,,,,A,P2,479.0,243.0,2.0,0,,1,4,0,24.0,236.0,5.6,1360.8
2021-05-12,2021,5,0.19,heifer,,,,A,P2,535.0,278.0,2.0,2,,1,4,0,24.0,257.0,5.6,1556.8
2021-05-12,2021,5,0.19,heifer,,,,A,P2,484.0,256.0,2.0,1,,1,4,0,24.0,228.0,5.6,1433.6
2021-05-12,2021,5,0.19,heifer,,,,A,P2,536.9,279.0,2.0,0,,1,4,0,24.0,257.9,5.6,1562.3999999999999
2021-05-12,2021,5,0.19,heifer,,,,A,P2,510.6,260.0,4.0,0,,1,4,0,30.0,250.60000000000002,5.6,1456.0
2021-05-12,2021,5,0.19,heifer,,,,A,P2,456.6,235.5,2.0,1,,1,4,0,24.0,221.10000000000002,5.6,1318.8
2021-05-12,2021,5,0.19,heifer,,,,A,P2,560.9,288.0,2.0,1,,1,4,0,24.0,272.9,5.6,1612.8
2021-05-12,2021,5,0.19,heifer,,,,A,P2,488.2,247.5,2.0,0,,1,4,0,24.0,240.7,5.6,1386.0
2021-05-12,2021,5,0.19,heifer,,,,A,P2,484.3,250.0,4.0,0,,1,4,0,30.0,234.3,5.6,1400.0
2021-05-12,2021,5,0.19,heifer,,,,A,P2,556.2,294.0,2.0,0,,1,4,0,24.0,262.20000000000005,5.6,1646.3999999999999
2021-05-12,2021,5,0.19,heifer,,,,A,P2,495.9,255.5,0.0,2,,1,4,0,8.0,240.39999999999998,5.6,1430.8
2021-05-12,2021,5,0.19,heifer,,,,A,P2,503.3,258.0,2.0,2,,1,4,0,24.0,245.3,5.6,1444.8
2021-05-12,2021,5,0.19,heifer,,,,A,P2,489.3,247.5,2.0,0,,1,4,0,24.0,241.8,5.6,1386.0
2021-05-12,2021,5,0.19,heifer,,,,A,P2,584.6,312.0,2.0,2,,1,4,0,24.0,272.6,5.6,1747.1999999999998
2021-05-12,2021,5,0.19,heifer,,,,A,P2,586.5,307.5,2.0,0,,1,4,0,24.0,279.0,5.6,1722.0
2021-05-12,2021,5,0.19,heifer,,,,A,P2,561.7,289.0,2.0,2,,1,4,0,24.0,272.70000000000005,5.6,1618.3999999999999
2021-05-12,2021,5,0.19,heifer,,,,A,P2,517.3,267.5,4.0,0,,1,4,0,30.0,249.79999999999995,5.6,1498.0
2021-05-12,2021,5,0.19,heifer,,,,A,P2,486.2,254.5,2.0,0,,1,4,0,24.0,231.7,5.6,1425.1999999999998
2021-05-12,2021,5,0.19,heifer,,,,A,P2,489.7,260.0,2.0,1,,1,4,0,24.0,229.7,5.6,1456.0
2021-05-12,2021,5,0.19,heifer,,,,A,P2,472.6,256.5,2.0,0,,1,4,0,24.0,216.10000000000002,5.6,1436.3999999999999
2020-12-10,2020,12,0.07,steer,154.0,A,,A,P2,637.5,333.0,2.0,1,,2,4,0,24.0,304.5,5.9,1964.7
2020-12-10,2020,12,0.07,steer,154.0,A,,A,P2,632.3,339.5,2.0,1,,2,4,0,24.0,292.79999999999995,5.9,2003.0500000000002
2020-12-10,2020,12,0.07,steer,154.0,A,,A,P2,643.7,351.5,4.0,1,,2,4,0,30.0,292.20000000000005,5.9,2073.85
2020-12-10,2020,12,0.07,steer,154.0,A,,A,P2,640.6,327.5,2.0,2,,2,4,0,24.0,313.1,5.9,1932.2500000000002
2020-12-10,2020,12,0.07,steer,154.0,A,,A,P2,639.6,319.5,4.0,2,,2,4,0,30.0,320.1,5.9,1885.0500000000002
2020-12-10,2020,12,0.07,steer,154.0,A,,A,P2,652.6,348.5,4.0,3,,2,4,0,30.0,304.1,5.9,2056.15
2020-12-10,2020,12,0.07,steer,154.0,A,,A,P2,654.7,348.0,2.0,4,,2,4,0,24.0,306.70000000000005,5.9,2053.2000000000003
2020-12-10,2020,12,0.07,steer,154.0,A,,A,P2,638.5,347.5,4.0,2,,2,4,0,30.0,291.0,5.9,2050.25
2020-12-10,2020,12,0.07,steer,154.0,A,,A,P2,646.4,341.5,2.0,2,,2,4,0,24.0,304.9,5.9,2014.8500000000001
2020-12-10,2020,12,0.07,steer,154.0,A,,A,P2,621.3,335.0,4.0,2,,2,4,0,30.0,286.29999999999995,5.9,1976.5000000000002
2020-12-10,2020,12,0.07,steer,154.0,A,,A,P2,600.5,341.5,2.0,0,,2,4,0,24.0,259.0,5.9,2014.8500000000001
2020-12-10,2020,12,0.07,steer,154.0,A,,A,P2,617.2,356.0,2.0,1,,2,4,0,24.0,261.20000000000005,5.9,2100.4
2020-12-10,2020,12,0.07,steer,154.0,A,,A,P2,642.2,366.0,2.0,0,,2,4,0,24.0,276.20000000000005,5.9,2159.4
2020-12-10,2020,12,0.07,steer,154.0,A,,A,P2,627.6,349.5,2.0,0,,2,4,0,24.0,278.1,5.9,2062.05
2020-12-10,2020,12,0.07,steer,154.0,A,,A,P2,622.4,350.0,2.0,0,,2,4,0,24.0,272.4,5.9,2065.0
2020-12-10,2020,12,0.07,steer,154.0,A,,A,P2,629.7,338.5,2.0,0,,2,4,0,24.0,291.20000000000005,5.9,1997.15
2020-12-10,2020,12,0.07,steer,154.0,A,,A,P2,627.6,349.5,4.0,3,,2,4,0,30.0,278.1,5.9,2062.05
2020-12-10,2020,12,0.07,steer,154.0,A,,A,P2,649.0,357.0,2.0,2,,2,4,0,24.0,292.0,5.9,2106.3
2020-12-10,2020,12,0.07,steer,154.0,A,,A,P2,612.5,338.0,2.0,0,,2,4,0,24.0,274.5,5.9,1994.2
2020-04-02,2020,4,1.44,steer,175.0,C,18.0,A,P2,509.2,291.0,2.0,0,57.1,2,4,0,24.0,218.2,5.9,1716.9
2020-04-02,2020,4,1.44,steer,175.0,C,18.0,A,P2,592.7,321.0,4.0,0,54.2,2,4,0,30.0,271.70000000000005,5.9,1893.9
2020-04-02,2020,4,1.44,steer,175.0,C,18.0,A,P2,587.8,273.0,2.0,0,46.4,2,4,0,24.0,314.79999999999995,5.9,1610.7
2020-04-02,2020,4,1.44,steer,175.0,C,18.0,A,P2,591.2,308.0,2.0,0,52.1,2,4,0,24.0,283.20000000000005,5.9,1817.2
2020-04-02,2020,4,1.44,steer,175.0,C,18.0,A,P2,556.2,323.0,2.0,0,58.1,2,4,0,24.0,233.20000000000005,5.9,1905.7
2020-04-02,2020,4,1.44,steer,175.0,C,18.0,A,P2,550.0,319.0,2.0,0,58.0,2,4,0,24.0,231.0,5.9,1882.1000000000001
2020-04-02,2020,4,1.44,steer,175.0,C,18.0,A,P2,548.1,295.5,2.0,0,53.9,2,4,0,24.0,252.60000000000002,5.9,1743.45
2020-04-02,2020,4,1.44,steer,175.0,C,18.0,A,P2,578.4,286.0,2.0,0,49.4,2,4,0,24.0,292.4,5.9,1687.4
2020-04-02,2020,4,1.44,steer,175.0,C,18.0,A,P2,584.8,295.0,2.0,1,50.4,2,4,0,24.0,289.79999999999995,5.9,1740.5
2020-04-02,2020,4,1.44,steer,175.0,C,18.0,A,P2,583.6,317.0,4.0,0,54.3,2,4,0,30.0,266.6,5.9,1870.3000000000002
2020-04-02,2020,4,1.44,steer,175.0,C,18.0,A,P2,601.2,301.5,2.0,0,50.1,2,4,0,24.0,299.70000000000005,5.9,1778.8500000000001
2020-04-02,2020,4,1.44,steer,175.0,C,18.0,A,P2,600.1,315.0,2.0,0,52.5,2,4,0,24.0,285.1,5.9,1858.5
2020-12-14,2020,12,0.01,steer,175.0,C,23.0,A,P2,563.5,305.5,2.0,0,54.2,2,4,0,24.0,258.0,5.9,1802.45
2020-12-14,2020,12,0.01,steer,175.0,C,23.0,A,P2,560.6,288.5,2.0,0,51.5,2,4,0,24.0,272.1,5.9,1702.15
2020-12-14,2020,12,0.01,steer,175.0,C,23.0,A,P2,581.9,318.5,2.0,0,54.7,2,4,0,24.0,263.4,5.9,1879.15
2020-12-14,2020,12,0.01,steer,175.0,C,23.0,A,P2,675.2,356.0,2.0,0,52.7,2,4,0,24.0,319.20000000000005,5.9,2100.4
2020-12-14,2020,12,0.01,steer,175.0,C,23.0,A,P2,570.7,300.0,2.0,0,52.6,2,4,0,24.0,270.70000000000005,5.9,1770.0
2020-12-14,2020,12,0.01,steer,175.0,C,23.0,A,P2,625.7,321.0,2.0,0,51.3,2,4,0,24.0,304.70000000000005,5.9,1893.9
2020-12-14,2020,12,0.01,steer,175.0,C,23.0,A,P2,598.8,330.5,2.0,0,55.2,2,4,0,24.0,268.29999999999995,5.9,1949.95
2020-12-14,2020,12,0.01,steer,175.0,C,23.0,A,P2,540.5,275.5,2.0,1,51.0,2,4,0,24.0,265.0,5.9,1625.45
2020-12-14,2020,12,0.01,steer,175.0,C,23.0,A,P2,564.6,309.5,2.0,0,54.8,2,4,0,24.0,255.10000000000002,5.9,1826.0500000000002
2020-12-14,2020,12,0.01,steer,175.0,C,23.0,A,P2,652.7,350.5,2.0,0,53.7,2,4,0,24.0,302.20000000000005,5.9,2067.9500000000003
2020-12-14,2020,12,0.01,steer,175.0,C,23.0,A,P2,627.5,322.0,2.0,0,51.3,2,4,0,24.0,305.5,5.9,1899.8000000000002
2020-12-14,2020,12,0.01,steer,175.0,C,23.0,A,P2,606.3,323.0,2.0,0,53.3,2,4,0,24.0,283.29999999999995,5.9,1905.7
2020-12-14,2020,12,0.01,steer,175.0,C,23.0,A,P2,617.3,329.0,2.0,0,53.3,2,4,0,24.0,288.29999999999995,5.9,1941.1000000000001
2020-12-14,2020,12,0.01,steer,175.0,C,23.0,A,P2,625.3,354.0,2.0,0,56.6,2,4,0,24.0,271.29999999999995,5.9,2088.6
2020-12-14,2020,12,0.01,steer,175.0,C,23.0,A,P2,589.5,306.0,2.0,1,51.9,2,4,0,24.0,283.5,5.9,1805.4
2020-12-14,2020,12,0.01,steer,175.0,C,23.0,A,P2,590.8,315.5,2.0,1,53.4,2,4,0,24.0,275.29999999999995,5.9,1861.45
2020-12-14,2020,12,0.01,steer,175.0,C,23.0,A,P2,560.8,313.5,2.0,0,55.9,2,4,0,24.0,247.29999999999995,5.9,1849.65
2020-12-14,2020,12,0.01,steer,175.0,C,23.0,A,P2,578.6,324.5,2.0,0,56.1,2,4,0,24.0,254.10000000000002,5.9,1914.5500000000002
2020-12-14,2020,12,0.01,steer,175.0,C,23.0,A,P2,559.2,292.5,2.0,0,52.3,2,4,0,24.0,266.70000000000005,5.9,1725.75
2020-12-14,2020,12,0.01,steer,175.0,C,23.0,A,P2,648.9,353.5,2.0,0,54.5,2,4,0,24.0,295.4,5.9,2085.65
2020-12-14,2020,12,0.01,steer,175.0,C,23.0,A,P2,611.1,328.5,2.0,0,53.8,2,4,0,24.0,282.6,5.9,1938.15
2020-12-14,2020,12,0.01,steer,175.0,C,23.0,A,P2,655.5,347.0,2.0,0,52.9,2,4,0,24.0,308.5,5.9,2047.3000000000002
2020-12-14,2020,12,0.01,steer,175.0,C,23.0,A,P2,547.6,316.0,1.0,0,57.7,2,4,0,17.9375,231.60000000000002,5.9,1864.4
2020-12-14,2020,12,0.01,steer,175.0,C,23.0,A,P2,560.3,289.5,2.0,0,51.7,2,4,0,24.0,270.79999999999995,5.9,1708.0500000000002
2020-12-14,2020,12,0.01,steer,175.0,C,23.0,A,P2,560.9,296.0,1.0,0,52.8,2,4,0,17.9375,264.9,5.9,1746.4
2020-12-14,2020,12,0.01,steer,175.0,C,23.0,A,P2,614.9,344.0,2.0,0,55.9,2,4,0,24.0,270.9,5.9,2029.6000000000001
2020-12-14,2020,12,0.01,steer,175.0,C,23.0,A,P2,569.7,311.5,2.0,0,54.7,2,4,0,24.0,258.20000000000005,5.9,1837.8500000000001
2020-12-14,2020,12,0.01,steer,175.0,C,23.0,A,P2,543.7,296.5,2.0,0,54.5,2,4,0,24.0,247.20000000000005,5.9,1749.3500000000001
2020-12-14,2020,12,0.01,steer,175.0,C,23.0,A,P2,637.6,348.5,2.0,0,54.7,2,4,0,24.0,289.1,5.9,2056.15
2020-12-14,2020,12,0.01,steer,175.0,C,23.0,A,P2,603.4,313.0,2.0,0,51.9,2,4,0,24.0,290.4,5.9,1846.7
2020-12-14,2020,12,0.01,steer,175.0,C,23.0,A,P2,608.3,328.0,2.0,0,53.9,2,4,0,24.0,280.29999999999995,5.9,1935.2
2020-12-14,2020,12,0.01,steer,175.0,C,23.0,A,P2,603.5,317.0,2.0,1,52.5,2,4,0,24.0,286.5,5.9,1870.3000000000002
2020-12-14,2020,12,0.01,steer,175.0,C,23.0,A,P2,579.7,307.5,1.0,0,53.0,2,4,0,17.9375,272.20000000000005,5.9,1814.25
2020-12-14,2020,12,0.01,steer,175.0,C,23.0,A,P2,551.0,297.0,2.0,0,53.9,2,4,0,24.0,254.0,5.9,1752.3000000000002
2021-03-11,2021,3,1.09,steer,172.0,A,16.5,A,P2,644.3,314.5,4.0,1,48.8,2,4,0,30.0,329.79999999999995,5.9,1855.5500000000002
2021-03-11,2021,3,1.09,steer,172.0,A,16.5,A,P2,597.4,317.5,2.0,0,53.1,2,4,0,24.0,279.9,5.9,1873.25
2021-03-11,2021,3,1.09,steer,172.0,A,16.5,A,P2,588.5,301.0,2.0,0,51.1,2,4,0,24.0,287.5,5.9,1775.9
2021-03-11,2021,3,1.09,steer,172.0,A,16.5,A,P2,611.9,335.5,2.0,0,54.8,2,4,0,24.0,276.4,5.9,1979.45
2021-03-11,2021,3,1.09,steer,172.0,A,16.5,A,P2,569.7,313.5,2.0,0,55.0,2,4,0,24.0,256.20000000000005,5.9,1849.65
2021-03-11,2021,3,1.09,steer,172.0,A,16.5,A,P2,555.1,315.0,4.0,1,56.7,2,4,0,30.0,240.10000000000002,5.9,1858.5
2021-03-11,2021,3,1.09,steer,172.0,A,16.5,A,P2,606.7,332.5,2.0,0,54.8,2,4,0,24.0,274.20000000000005,5.9,1961.7500000000002
2021-03-11,2021,3,1.09,steer,172.0,A,16.5,A,P2,532.7,291.5,2.0,0,54.7,2,4,0,24.0,241.20000000000005,5.9,1719.8500000000001
2021-03-11,2021,3,1.09,steer,172.0,A,16.5,A,P2,589.5,309.5,4.0,0,52.5,2,4,0,30.0,280.0,5.9,1826.0500000000002
2021-05-05,2021,5,0.31,heifer,172.0,A,20.0,A,P2,492.6,257.0,2.0,1,52.2,1,4,0,24.0,235.60000000000002,5.6,1439.1999999999998
2021-05-05,2021,5,0.31,heifer,172.0,A,20.0,A,P2,492.6,273.0,4.0,0,55.4,1,4,0,30.0,219.60000000000002,5.6,1528.8
2021-05-05,2021,5,0.31,heifer,172.0,A,20.0,A,P2,411.8,218.5,1.0,0,53.1,1,4,0,17.9375,193.3,5.6,1223.6
2021-05-05,2021,5,0.31,heifer,172.0,A,20.0,A,P2,415.4,222.0,1.0,1,53.4,1,4,0,17.9375,193.39999999999998,5.6,1243.1999999999998
2021-05-05,2021,5,0.31,heifer,172.0,A,20.0,A,P2,416.0,232.5,2.0,0,55.9,1,4,0,24.0,183.5,5.6,1302.0
2021-05-05,2021,5,0.31,heifer,172.0,A,20.0,A,P2,424.8,225.0,1.0,3,53.0,1,4,0,17.9375,199.8,5.6,1260.0
2021-05-05,2021,5,0.31,heifer,172.0,A,20.0,A,P2,378.9,197.0,1.0,0,52.0,1,4,0,17.9375,181.89999999999998,5.6,1103.1999999999998
2021-08-09,2021,8,0.14,heifer,172.0,A,23.0,A,P2,410.7,227.0,1.0,0,55.3,1,4,0,17.9375,183.7,5.6,1271.1999999999998
2021-08-09,2021,8,0.14,heifer,172.0,A,23.0,A,P2,451.4,244.0,1.0,1,54.1,1,4,0,17.9375,207.39999999999998,5.6,1366.3999999999999
2021-08-09,2021,8,0.14,heifer,172.0,A,23.0,A,P2,559.3,309.5,2.0,0,55.3,1,4,0,24.0,249.79999999999995,5.6,1733.1999999999998
2021-08-09,2021,8,0.14,heifer,172.0,A,23.0,A,P2,456.1,253.0,1.0,0,55.5,1,4,0,17.9375,203.10000000000002,5.6,1416.8
2021-08-09,2021,8,0.14,heifer,172.0,A,23.0,A,P2,447.2,246.0,1.0,1,55.0,1,4,0,17.9375,201.2,5.6,1377.6
2021-08-09,2021,8,0.14,heifer,172.0,A,23.0,A,P2,436.8,237.5,1.0,0,54.4,1,4,0,17.9375,199.3,5.6,1330.0
2021-08-09,2021,8,0.14,heifer,172.0,A,23.0,A,P2,487.4,266.0,1.0,0,54.6,1,4,0,17.9375,221.39999999999998,5.6,1489.6
2021-08-09,2021,8,0.14,heifer,172.0,A,23.0,A,P2,458.7,236.0,1.0,0,51.4,1,4,0,17.9375,222.7,5.6,1321.6
2021-08-09,2021,8,0.14,heifer,172.0,A,23.0,A,P2,404.0,221.0,1.0,0,54.7,1,4,0,17.9375,183.0,5.6,1237.6
2021-08-09,2021,8,0.14,heifer,172.0,A,23.0,A,P2,425.9,235.5,1.0,0,55.3,1,4,0,17.9375,190.39999999999998,5.6,1318.8
2021-08-09,2021,8,0.14,heifer,172.0,A,23.0,A,P2,477.5,265.5,1.0,0,55.6,1,4,0,17.9375,212.0,5.6,1486.8
2021-08-09,2021,8,0.14,heifer,172.0,A,23.0,A,P2,472.8,263.0,1.0,0,55.6,1,4,0,17.9375,209.8,5.6,1472.8
2021-08-09,2021,8,0.14,heifer,172.0,A,23.0,A,P2,455.6,245.5,1.0,0,53.9,1,4,0,17.9375,210.10000000000002,5.6,1374.8
2021-08-09,2021,8,0.14,heifer,172.0,A,23.0,A,P2,410.2,216.0,1.0,0,52.7,1,4,0,17.9375,194.2,5.6,1209.6
2021-11-30,2021,11,0.29,steer,175.0,C,23.25,A,P2,633.9,354.0,2.0,0,55.8,2,4,0,24.0,279.9,5.9,2088.6
2021-11-30,2021,11,0.29,steer,175.0,C,23.25,A,P2,600.8,339.5,2.0,1,56.5,2,4,0,24.0,261.29999999999995,5.9,2003.0500000000002
2021-11-30,2021,11,0.29,steer,175.0,C,23.25,A,P2,603.9,342.0,2.0,0,56.6,2,4,0,24.0,261.9,5.9,2017.8000000000002
2021-11-30,2021,11,0.29,steer,175.0,C,23.25,A,P2,605.9,341.5,2.0,0,56.4,2,4,0,24.0,264.4,5.9,2014.8500000000001
2021-11-30,2021,11,0.29,steer,175.0,C,23.25,A,P2,647.2,365.0,2.0,0,56.4,2,4,0,24.0,282.20000000000005,5.9,2153.5
2021-11-30,2021,11,0.29,steer,175.0,C,23.25,A,P2,640.5,358.5,2.0,0,56.0,2,4,0,24.0,282.0,5.9,2115.15
2021-11-30,2021,11,0.29,steer,175.0,C,23.25,A,P2,639.2,356.5,2.0,1,55.8,2,4,0,24.0,282.70000000000005,5.9,2103.35
2021-11-30,2021,11,0.29,steer,175.0,C,23.25,A,P2,602.5,343.5,2.0,0,57.0,2,4,0,24.0,259.0,5.9,2026.65
2021-11-30,2021,11,0.29,steer,175.0,C,23.25,A,P2,608.6,340.5,2.0,0,55.9,2,4,0,24.0,268.1,5.9,2008.95
2021-11-30,2021,11,0.29,steer,175.0,C,23.25,A,P2,632.7,356.0,2.0,0,56.3,2,4,0,24.0,276.70000000000005,5.9,2100.4
2021-11-30,2021,11,0.29,steer,175.0,C,23.25,A,P2,675.4,371.5,2.0,0,55.0,2,4,0,24.0,303.9,5.9,2191.85
2021-11-30,2021,11,0.29,steer,175.0,C,23.25,A,P2,590.5,320.0,2.0,0,54.2,2,4,0,24.0,270.5,5.9,1888.0
2021-11-30,2021,11,0.29,steer,175.0,C,23.25,A,P2,571.4,314.0,2.0,0,55.0,2,4,0,24.0,257.4,5.9,1852.6000000000001
2021-11-30,2021,11,0.29,steer,175.0,C,23.25,A,P2,569.4,303.0,2.0,0,53.2,2,4,0,24.0,266.4,5.9,1787.7
2021-11-30,2021,11,0.29,steer,175.0,C,23.25,A,P2,628.3,355.5,2.0,0,56.6,2,4,0,24.0,272.79999999999995,5.9,2097.4500000000003
2021-11-30,2021,11,0.29,steer,175.0,C,23.25,A,P2,599.1,329.0,2.0,0,54.9,2,4,0,24.0,270.1,5.9,1941.1000000000001
2021-11-30,2021,11,0.29,steer,175.0,C,23.25,A,P2,600.1,330.0,2.0,0,55.0,2,4,0,24.0,270.1,5.9,1947.0000000000002
2021-11-30,2021,11,0.29,steer,175.0,C,23.25,A,P2,599.5,334.0,2.0,1,55.7,2,4,0,24.0,265.5,5.9,1970.6000000000001
2021-11-30,2021,11,0.29,steer,175.0,C,23.25,A,P2,550.4,306.5,2.0,0,55.7,2,4,0,24.0,243.89999999999998,5.9,1808.3500000000001
2021-11-30,2021,11,0.29,steer,175.0,C,23.25,A,P2,645.3,350.0,2.0,1,54.2,2,4,0,24.0,295.29999999999995,5.9,2065.0
2021-11-30,2021,11,0.29,steer,175.0,C,23.25,A,P2,626.2,348.5,2.0,0,55.7,2,4,0,24.0,277.70000000000005,5.9,2056.15
2021-11-30,2021,11,0.29,steer,175.0,C,23.25,A,P2,659.7,355.5,2.0,1,53.9,2,4,0,24.0,304.20000000000005,5.9,2097.4500000000003
2021-11-30,2021,11,0.29,steer,175.0,C,23.25,A,P2,655.5,357.0,2.0,0,54.5,2,4,0,24.0,298.5,5.9,2106.3
2021-11-30,2021,11,0.29,steer,175.0,C,23.25,A,P2,582.9,331.0,2.0,0,56.8,2,4,0,24.0,251.89999999999998,5.9,1952.9
2021-11-30,2021,11,0.29,steer,175.0,C,23.25,A,P2,631.6,351.5,2.0,0,55.7,2,4,0,24.0,280.1,5.9,2073.85
2021-11-30,2021,11,0.29,steer,175.0,C,23.25,A,P2,641.8,358.0,2.0,0,55.8,2,4,0,24.0,283.79999999999995,5.9,2112.2000000000003
2021-11-30,2021,11,0.29,steer,175.0,C,23.25,A,P2,603.6,347.0,2.0,0,57.5,2,4,0,24.0,256.6,5.9,2047.3000000000002
2021-11-30,2021,11,0.29,steer,175.0,C,23.25,A,P2,604.7,331.5,2.0,0,54.8,2,4,0,24.0,273.20000000000005,5.9,1955.8500000000001
2021-11-30,2021,11,0.29,steer,175.0,C,23.25,A,P2,621.0,344.5,2.0,0,55.5,2,4,0,24.0,276.5,5.9,2032.5500000000002
2021-11-30,2021,11,0.29,steer,175.0,C,23.25,A,P2,656.3,357.5,2.0,1,54.5,2,4,0,24.0,298.79999999999995,5.9,2109.25
2021-11-30,2021,11,0.29,steer,175.0,C,23.25,A,P2,593.3,346.5,2.0,0,58.4,2,4,0,24.0,246.79999999999995,5.9,2044.3500000000001
2021-11-30,2021,11,0.29,steer,175.0,C,23.25,A,P2,602.5,336.0,2.0,0,55.8,2,4,0,24.0,266.5,5.9,1982.4
2021-11-30,2021,11,0.29,steer,175.0,C,23.25,A,P2,593.0,331.0,2.0,0,55.8,2,4,0,24.0,262.0,5.9,1952.9
2021-11-30,2021,11,0.29,steer,175.0,C,23.25,A,P2,575.6,324.0,2.0,0,56.3,2,4,0,24.0,251.60000000000002,5.9,1911.6000000000001
2021-11-30,2021,11,0.29,steer,175.0,C,23.25,A,P2,618.9,339.5,2.0,0,54.9,2,4,0,24.0,279.4,5.9,2003.0500000000002
2021-11-30,2021,11,0.29,steer,175.0,C,23.25,A,P2,619.4,351.0,2.0,0,56.7,2,4,0,24.0,268.4,5.9,2070.9
2021-11-30,2021,11,0.29,steer,175.0,C,23.25,A,P2,603.9,328.0,2.0,0,54.3,2,4,0,24.0,275.9,5.9,1935.2
2021-11-30,2021,11,0.29,steer,175.0,C,23.25,A,P2,662.1,355.0,2.0,0,53.6,2,4,0,24.0,307.1,5.9,2094.5
2021-11-30,2021,11,0.29,steer,175.0,C,23.25,A,P2,601.6,341.5,2.0,0,56.8,2,4,0,24.0,260.1,5.9,2014.8500000000001
2021-11-30,2021,11,0.29,steer,175.0,C,23.25,A,P2,641.8,354.0,2.0,1,55.2,2,4,0,24.0,287.79999999999995,5.9,2088.6
2021-12-16,2021,12,0.29,steer,175.0,C,22.5,A,P2,641.0,343.5,4.0,0,53.6,2,4,0,30.0,297.5,5.9,2026.65
2021-12-16,2021,12,0.29,steer,175.0,C,22.25,A,P2,558.9,314.5,2.0,0,56.3,2,4,0,24.0,244.39999999999998,5.9,1855.5500000000002
2021-12-16,2021,12,0.29,steer,175.0,C,22.5,A,P2,721.6,389.0,4.0,0,53.9,2,4,0,30.0,332.6,5.9,2295.1000000000004
2021-12-16,2021,12,0.29,steer,175.0,C,22.5,A,P2,633.5,339.0,4.0,0,53.5,2,4,0,30.0,294.5,5.9,2000.1000000000001
2021-12-16,2021,12,0.29,steer,175.0,C,22.5,A,P2,630.0,330.0,2.0,0,52.4,2,4,0,24.0,300.0,5.9,1947.0000000000002
2021-12-16,2021,12,0.29,steer,175.0,C,22.5,A,P2,559.3,315.0,2.0,0,56.3,2,4,0,24.0,244.29999999999995,5.9,1858.5
2021-12-16,2021,12,0.29,steer,175.0,C,22.5,A,P2,590.6,301.0,2.0,0,51.0,2,4,0,24.0,289.6,5.9,1775.9
2021-12-16,2021,12,0.29,steer,175.0,C,22.5,A,P2,568.2,314.0,2.0,0,55.3,2,4,0,24.0,254.20000000000005,5.9,1852.6000000000001
2021-12-16,2021,12,0.29,steer,175.0,C,22.5,A,P2,647.5,350.5,2.0,0,54.1,2,4,0,24.0,297.0,5.9,2067.9500000000003
2021-12-16,2021,12,0.29,steer,175.0,C,22.5,A,P2,691.6,372.5,4.0,0,53.9,2,4,0,30.0,319.1,5.9,2197.75
2021-12-16,2021,12,0.29,steer,175.0,C,22.5,A,P2,559.8,322.0,2.0,0,57.5,2,4,0,24.0,237.79999999999995,5.9,1899.8000000000002
2021-12-16,2021,12,0.29,steer,175.0,C,22.5,A,P2,621.2,329.5,2.0,0,53.0,2,4,0,24.0,291.70000000000005,5.9,1944.0500000000002
2021-12-16,2021,12,0.29,steer,175.0,C,22.5,A,P2,669.9,356.5,2.0,0,53.2,2,4,0,24.0,313.4,5.9,2103.35
2021-12-16,2021,12,0.29,steer,175.0,C,22.5,A,P2,656.8,358.0,4.0,0,54.5,2,4,0,30.0,298.79999999999995,5.9,2112.2000000000003
2021-12-16,2021,12,0.29,steer,175.0,C,22.5,A,P2,607.5,308.0,2.0,0,50.7,2,4,0,24.0,299.5,5.9,1817.2
2021-12-16,2021,12,0.29,steer,175.0,C,22.5,A,P2,562.8,303.5,2.0,0,53.9,2,4,0,24.0,259.29999999999995,5.9,1790.65
2021-12-16,2021,12,0.29,steer,175.0,C,22.5,A,P2,624.2,341.5,2.0,0,54.7,2,4,0,24.0,282.70000000000005,5.9,2014.8500000000001
2021-12-16,2021,12,0.29,steer,175.0,C,22.5,A,P2,637.8,325.5,2.0,0,51.0,2,4,0,24.0,312.29999999999995,5.9,1920.45
2021-12-16,2021,12,0.29,steer,175.0,C,22.5,A,P2,1185.3,308.5,2.0,0,26.0,2,4,0,24.0,876.8,5.9,1820.15
2021-12-16,2021,12,0.29,steer,175.0,C,22.5,A,P2,625.2,299.0,4.0,1,47.8,2,4,0,30.0,326.20000000000005,5.9,1764.1000000000001
2021-12-16,2021,12,0.29,steer,175.0,C,22.5,A,P1,689.3,393.0,4.0,0,57.0,2,3,0,30.0,296.29999999999995,,
2021-12-16,2021,12,0.29,steer,175.0,C,22.5,A,P2,689.4,367.0,4.0,0,53.2,2,4,0,30.0,322.4,5.9,2165.3
2021-12-16,2021,12,0.29,steer,175.0,C,22.5,A,P2,619.5,336.0,2.0,0,54.2,2,4,0,24.0,283.5,5.9,1982.4
2021-12-16,2021,12,0.29,steer,175.0,C,22.5,A,P2,567.3,305.5,2.0,0,53.9,2,4,0,24.0,261.79999999999995,5.9,1802.45
2021-12-16,2021,12,0.29,steer,175.0,C,22.5,A,P2,663.9,350.5,4.0,1,52.8,2,4,0,30.0,313.4,5.9,2067.9500000000003
2021-12-16,2021,12,0.29,steer,175.0,C,22.5,A,P2,577.0,306.0,2.0,0,53.0,2,4,0,24.0,271.0,5.9,1805.4
2021-12-16,2021,12,0.29,steer,175.0,C,22.5,A,P2,615.9,339.0,2.0,0,55.0,2,4,0,24.0,276.9,5.9,2000.1000000000001
2021-12-16,2021,12,0.29,steer,175.0,C,22.5,A,P2,629.2,350.5,2.0,0,55.7,2,4,0,24.0,278.70000000000005,5.9,2067.9500000000003
2021-12-16,2021,12,0.29,steer,175.0,C,22.5,A,P1,696.9,373.5,2.0,0,53.6,2,3,0,24.0,323.4,,
2021-12-16,2021,12,0.29,steer,175.0,C,22.5,A,P2,683.2,358.5,2.0,0,52.5,2,4,0,24.0,324.70000000000005,5.9,2115.15
2021-12-16,2021,12,0.29,steer,175.0,C,22.5,A,P2,566.8,291.0,2.0,0,51.3,2,4,0,24.0,275.79999999999995,5.9,1716.9
2021-12-16,2021,12,0.29,steer,175.0,C,22.5,A,P2,616.1,326.5,2.0,0,53.0,2,4,0,24.0,289.6,5.9,1926.3500000000001
2021-12-16,2021,12,0.29,steer,175.0,C,22.5,A,P2,636.9,342.5,2.0,0,53.8,2,4,0,24.0,294.4,5.9,2020.7500000000002
2021-12-16,2021,12,0.29,steer,175.0,C,22.5,A,P2,650.2,338.5,4.0,1,52.1,2,4,0,30.0,311.70000000000005,5.9,1997.15
2021-12-16,2021,12,0.29,steer,175.0,C,22.5,A,P2,600.4,313.0,4.0,0,52.1,2,4,0,30.0,287.4,5.9,1846.7
2021-12-16,2021,12,0.29,steer,175.0,C,22.5,A,P2,592.1,310.0,2.0,0,52.4,2,4,0,24.0,282.1,5.9,1829.0
2021-12-16,2021,12,0.29,steer,175.0,C,22.5,A,P2,710.3,370.5,4.0,0,52.2,2,4,0,30.0,339.79999999999995,5.9,2185.9500000000003
2021-12-16,2021,12,0.29,steer,175.0,C,22.5,A,P2,634.1,331.0,2.0,0,52.2,2,4,0,24.0,303.1,5.9,1952.9
2021-12-16,2021,12,0.29,steer,175.0,C,22.5,A,P2,597.6,321.5,2.0,0,53.8,2,4,0,24.0,276.1,5.9,1896.8500000000001
2021-12-22,2021,12,0.26,steer,175.0,C,21.5,A,P2,723.8,385.0,4.0,0,53.2,2,4,0,30.0,338.79999999999995,5.9,2271.5
2021-12-22,2021,12,0.26,steer,175.0,C,21.5,A,P2,645.6,344.0,4.0,0,53.3,2,4,0,30.0,301.6,5.9,2029.6000000000001
2021-12-22,2021,12,0.26,steer,175.0,C,21.5,A,P2,618.7,347.0,2.0,0,56.1,2,4,0,24.0,271.70000000000005,5.9,2047.3000000000002
2021-12-22,2021,12,0.26,steer,175.0,C,21.5,A,P2,654.9,365.5,4.0,0,55.8,2,4,0,30.0,289.4,5.9,2156.4500000000003
2021-12-22,2021,12,0.26,steer,175.0,C,21.5,A,P2,644.4,353.0,2.0,0,54.8,2,4,0,24.0,291.4,5.9,2082.7000000000003
2021-12-22,2021,12,0.26,steer,175.0,C,21.5,A,P2,685.8,365.5,4.0,0,53.3,2,4,0,30.0,320.29999999999995,5.9,2156.4500000000003
2021-12-22,2021,12,0.26,steer,175.0,C,21.5,A,P2,660.3,368.0,2.0,0,55.7,2,4,0,24.0,292.29999999999995,5.9,2171.2000000000003
2021-12-22,2021,12,0.26,steer,175.0,C,21.5,A,P1,688.9,380.0,4.0,0,55.2,2,3,0,30.0,308.9,,
2021-12-22,2021,12,0.26,steer,175.0,C,21.5,A,P2,705.5,373.5,2.0,1,52.9,2,4,0,24.0,332.0,5.9,2203.65
2021-12-22,2021,12,0.26,steer,175.0,C,21.5,A,P2,652.1,350.0,2.0,0,53.7,2,4,0,24.0,302.1,5.9,2065.0
2021-12-22,2021,12,0.26,steer,175.0,C,21.5,A,P1,690.0,384.0,4.0,0,55.7,2,3,0,30.0,306.0,,
2021-12-22,2021,12,0.26,steer,175.0,C,21.5,A,P2,637.6,361.0,4.0,0,56.6,2,4,0,30.0,276.6,5.9,2129.9
2021-12-22,2021,12,0.26,steer,175.0,C,21.5,A,P2,579.6,317.5,4.0,0,54.8,2,4,0,30.0,262.1,5.9,1873.25
2021-12-22,2021,12,0.26,steer,175.0,C,21.5,A,P2,648.7,354.0,2.0,0,54.6,2,4,0,24.0,294.70000000000005,5.9,2088.6
2021-12-22,2021,12,0.26,steer,175.0,C,21.5,A,P1,690.6,385.5,2.0,0,55.8,2,3,0,24.0,305.1,,
2021-12-22,2021,12,0.26,steer,175.0,C,21.5,A,P2,652.0,339.5,4.0,0,52.1,2,4,0,30.0,312.5,5.9,2003.0500000000002
2021-12-22,2021,12,0.26,steer,175.0,C,21.5,A,P2,630.9,345.0,4.0,0,54.7,2,4,0,30.0,285.9,5.9,2035.5000000000002
2021-12-22,2021,12,0.26,steer,175.0,C,21.5,A,P2,690.8,367.5,4.0,1,53.2,2,4,0,30.0,323.29999999999995,5.9,2168.25
2021-12-22,2021,12,0.26,steer,175.0,C,21.5,A,P2,699.5,379.0,4.0,1,54.2,2,4,0,30.0,320.5,5.9,2236.1
2021-12-22,2021,12,0.26,steer,175.0,C,21.5,A,P2,699.2,393.5,2.0,0,56.3,2,4,0,24.0,305.70000000000005,5.9,2321.65
2022-02-14,2022,2,0.69,steer,172.0,A,19.75,A,P2,646.9,307.5,2.0,0,47.5,2,4,0,24.0,339.4,5.9,1814.25
2022-02-14,2022,2,0.69,steer,172.0,A,19.75,A,P2,623.9,326.0,2.0,1,52.3,2,4,0,24.0,297.9,5.9,1923.4
2022-02-14,2022,2,0.69,steer,172.0,A,19.75,A,P2,663.6,344.0,4.0,0,51.8,2,4,0,30.0,319.6,5.9,2029.6000000000001
2022-02-14,2022,2,0.69,steer,172.0,A,19.75,A,P2,617.2,327.5,2.0,0,53.1,2,4,0,24.0,289.70000000000005,5.9,1932.2500000000002
2022-02-14,2022,2,0.69,steer,172.0,A,19.75,A,P2,644.8,331.5,4.0,0,51.4,2,4,0,30.0,313.29999999999995,5.9,1955.8500000000001
2022-02-14,2022,2,0.69,steer,172.0,A,19.75,A,P2,562.4,298.0,4.0,0,53.0,2,4,0,30.0,264.4,5.9,1758.2
2022-02-14,2022,2,0.69,steer,172.0,A,19.75,A,P2,582.2,319.0,2.0,1,54.8,2,4,0,24.0,263.20000000000005,5.9,1882.1000000000001
2022-02-14,2022,2,0.69,steer,172.0,A,19.75,A,P2,576.5,293.0,2.0,0,50.8,2,4,0,24.0,283.5,5.9,1728.7
2022-02-14,2022,2,0.69,steer,172.0,A,19.75,A,P2,552.5,271.5,2.0,0,49.1,2,4,0,24.0,281.0,5.9,1601.8500000000001
2022-02-14,2022,2,0.69,steer,172.0,A,19.75,A,P2,545.2,299.5,2.0,1,54.9,2,4,0,24.0,245.70000000000005,5.9,1767.0500000000002
2022-02-14,2022,2,0.69,steer,172.0,A,19.75,A,P2,640.6,322.0,4.0,0,50.3,2,4,0,30.0,318.6,5.9,1899.8000000000002
2022-02-14,2022,2,0.69,steer,172.0,A,19.75,A,P2,563.0,291.0,2.0,0,51.7,2,4,0,24.0,272.0,5.9,1716.9
2022-02-14,2022,2,0.69,steer,172.0,A,19.75,A,P2,618.2,337.5,2.0,0,54.6,2,4,0,24.0,280.70000000000005,5.9,1991.2500000000002
2022-02-14,2022,2,0.69,steer,172.0,A,19.75,A,P2,690.7,351.5,4.0,0,50.9,2,4,0,30.0,339.20000000000005,5.9,2073.85
2022-02-14,2022,2,0.69,steer,172.0,A,19.75,A,P2,569.7,296.0,2.0,1,52.0,2,4,0,24.0,273.70000000000005,5.9,1746.4
2022-02-14,2022,2,0.69,steer,172.0,A,19.75,A,P2,701.6,350.5,2.0,0,50.0,2,4,0,24.0,351.1,5.9,2067.9500000000003
2022-02-14,2022,2,0.69,steer,172.0,A,19.75,A,P2,649.5,306.5,4.0,1,47.2,2,4,0,30.0,343.0,5.9,1808.3500000000001
2022-02-14,2022,2,0.69,steer,172.0,A,19.75,A,P2,632.3,313.5,4.0,0,49.6,2,4,0,30.0,318.79999999999995,5.9,1849.65
2022-11-21,2022,11,0.47,steer,175.0,C,23.0,A,P2,532.6,300.5,2.0,0,56.4,2,4,0,24.0,232.10000000000002,5.9,1772.95
2022-11-21,2022,11,0.47,steer,175.0,C,23.0,A,P2,593.2,323.0,2.0,0,54.5,2,4,0,24.0,270.20000000000005,5.9,1905.7
2022-11-21,2022,11,0.47,steer,175.0,C,23.0,A,P2,484.3,274.0,2.0,0,56.6,2,4,0,24.0,210.3,5.9,1616.6000000000001
2022-11-21,2022,11,0.47,steer,175.0,C,23.0,A,P2,589.5,322.5,2.0,0,54.7,2,4,0,24.0,267.0,5.9,1902.7500000000002
2022-11-21,2022,11,0.47,steer,175.0,C,23.0,A,P2,483.1,272.0,2.0,0,56.3,2,4,0,24.0,211.10000000000002,5.9,1604.8000000000002
2022-11-21,2022,11,0.47,steer,175.0,C,23.0,A,P2,561.4,304.5,2.0,0,54.2,2,4,0,24.0,256.9,5.9,1796.5500000000002
2022-11-21,2022,11,0.47,steer,175.0,C,23.0,A,P2,617.7,352.5,2.0,1,57.1,2,4,0,24.0,265.20000000000005,5.9,2079.75
2022-11-21,2022,11,0.47,steer,175.0,C,23.0,A,P2,611.6,345.5,2.0,0,56.5,2,4,0,24.0,266.1,5.9,2038.45
2022-11-21,2022,11,0.47,steer,175.0,C,23.0,A,P2,570.5,312.0,2.0,0,54.7,2,4,0,24.0,258.5,5.9,1840.8000000000002
2022-11-21,2022,11,0.47,steer,175.0,C,23.0,A,P2,518.1,293.0,2.0,0,56.6,2,4,0,24.0,225.10000000000002,5.9,1728.7
2022-11-21,2022,11,0.47,steer,175.0,C,23.0,A,P2,583.2,321.5,2.0,0,55.1,2,4,0,24.0,261.70000000000005,5.9,1896.8500000000001
2022-11-21,2022,11,0.47,steer,175.0,C,23.0,A,P2,624.8,346.0,2.0,1,55.4,2,4,0,24.0,278.79999999999995,5.9,2041.4
2022-11-21,2022,11,0.47,steer,175.0,C,23.0,A,P2,596.9,328.5,2.0,0,55.0,2,4,0,24.0,268.4,5.9,1938.15
2022-11-21,2022,11,0.47,steer,175.0,C,23.0,A,P2,539.3,289.5,2.0,0,53.7,2,4,0,24.0,249.79999999999995,5.9,1708.0500000000002
2022-11-21,2022,11,0.47,steer,175.0,C,23.0,A,P2,605.4,341.0,4.0,0,56.3,2,4,0,30.0,264.4,5.9,2011.9
2022-11-21,2022,11,0.47,steer,175.0,C,23.0,A,P2,583.7,319.0,2.0,0,54.7,2,4,0,24.0,264.70000000000005,5.9,1882.1000000000001
2022-11-21,2022,11,0.47,steer,175.0,C,23.0,A,P2,622.2,339.5,2.0,0,54.6,2,4,0,24.0,282.70000000000005,5.9,2003.0500000000002
2022-11-21,2022,11,0.47,steer,175.0,C,23.0,A,P2,610.5,343.0,2.0,1,56.2,2,4,0,24.0,267.5,5.9,2023.7
2022-11-21,2022,11,0.47,steer,175.0,C,23.0,A,P2,595.8,325.5,2.0,0,54.6,2,4,0,24.0,270.29999999999995,5.9,1920.45
2022-11-21,2022,11,0.47,steer,175.0,C,23.0,A,P2,560.2,322.0,2.0,1,57.5,2,4,0,24.0,238.20000000000005,5.9,1899.8000000000002
2022-11-21,2022,11,0.47,steer,175.0,C,23.0,A,P2,569.0,327.5,2.0,0,57.6,2,4,0,24.0,241.5,5.9,1932.2500000000002
2022-11-21,2022,11,0.47,steer,175.0,C,23.0,A,P2,571.1,330.5,2.0,0,57.9,2,4,0,24.0,240.60000000000002,5.9,1949.95
2022-11-21,2022,11,0.47,steer,175.0,C,23.0,A,P2,524.0,290.0,2.0,0,55.3,2,4,0,24.0,234.0,5.9,1711.0
2022-11-21,2022,11,0.47,steer,175.0,C,23.0,A,P2,524.0,294.5,2.0,1,56.2,2,4,0,24.0,229.5,5.9,1737.5500000000002
2022-11-21,2022,11,0.47,steer,175.0,C,23.0,A,P2,597.5,339.0,1.0,0,56.7,2,4,0,17.9375,258.5,5.9,2000.1000000000001
2022-11-21,2022,11,0.47,steer,175.0,C,23.0,A,P2,545.4,310.5,2.0,0,56.9,2,4,0,24.0,234.89999999999998,5.9,1831.95
2022-11-21,2022,11,0.47,steer,175.0,C,23.0,A,P2,543.1,299.5,2.0,0,55.1,2,4,0,24.0,243.60000000000002,5.9,1767.0500000000002
2022-11-21,2022,11,0.47,steer,175.0,C,23.0,A,P2,497.8,265.5,2.0,0,53.3,2,4,0,24.0,232.3,5.9,1566.45
2022-11-21,2022,11,0.47,steer,175.0,C,23.0,A,P2,562.3,305.5,2.0,0,54.3,2,4,0,24.0,256.79999999999995,5.9,1802.45
2022-11-21,2022,11,0.47,steer,175.0,C,23.0,A,P2,569.3,321.0,2.0,0,56.4,2,4,0,24.0,248.29999999999995,5.9,1893.9
2022-11-21,2022,11,0.47,steer,175.0,C,23.0,A,P2,552.3,300.0,2.0,0,54.3,2,4,0,24.0,252.29999999999995,5.9,1770.0
2022-11-21,2022,11,0.47,steer,175.0,C,23.0,A,P2,560.5,320.0,2.0,0,57.1,2,4,0,24.0,240.5,5.9,1888.0
2022-11-21,2022,11,0.47,steer,175.0,C,23.0,A,P2,585.5,313.5,2.0,0,53.5,2,4,0,24.0,272.0,5.9,1849.65
2022-11-21,2022,11,0.47,steer,175.0,C,23.0,A,P2,651.7,356.5,2.0,0,54.7,2,4,0,24.0,295.20000000000005,5.9,2103.35
2022-11-21,2022,11,0.47,steer,175.0,C,23.0,A,P2,625.1,338.0,2.0,0,54.1,2,4,0,24.0,287.1,5.9,1994.2
2022-11-21,2022,11,0.47,steer,175.0,C,23.0,A,P2,590.0,318.5,2.0,0,54.0,2,4,0,24.0,271.5,5.9,1879.15
2022-11-21,2022,11,0.47,steer,175.0,C,23.0,A,P2,579.5,332.5,2.0,0,57.4,2,4,0,24.0,247.0,5.9,1961.7500000000002
2022-11-21,2022,11,0.47,steer,175.0,C,23.0,A,P2,579.5,320.5,2.0,0,55.3,2,4,0,24.0,259.0,5.9,1890.95
2022-11-21,2022,11,0.47,steer,175.0,C,23.0,A,P2,481.9,270.5,2.0,0,56.1,2,4,0,24.0,211.39999999999998,5.9,1595.95
2022-12-09,2022,12,0.28,steer,172.0,A,19.0,A,P2,595.4,327.0,2.0,0,54.9,2,4,0,24.0,268.4,5.9,1929.3000000000002
2022-12-09,2022,12,0.28,steer,172.0,A,19.0,A,P2,600.4,328.5,2.0,0,54.7,2,4,0,24.0,271.9,5.9,1938.15
2022-12-09,2022,12,0.28,steer,172.0,A,19.0,A,P2,555.2,309.5,2.0,0,55.7,2,4,0,24.0,245.70000000000005,5.9,1826.0500000000002
2022-12-09,2022,12,0.28,steer,172.0,A,19.0,A,P2,603.2,329.5,2.0,1,54.6,2,4,0,24.0,273.70000000000005,5.9,1944.0500000000002
2022-12-09,2022,12,0.28,steer,172.0,A,19.0,A,P2,584.8,299.0,2.0,1,51.1,2,4,0,24.0,285.79999999999995,5.9,1764.1000000000001
2022-12-09,2022,12,0.28,steer,172.0,A,19.0,A,P2,656.2,342.5,2.0,0,52.2,2,4,0,24.0,313.70000000000005,5.9,2020.7500000000002
2022-12-09,2022,12,0.28,steer,172.0,A,19.0,A,P2,600.6,321.5,2.0,0,53.5,2,4,0,24.0,279.1,5.9,1896.8500000000001
2022-12-09,2022,12,0.28,steer,172.0,A,19.0,A,P2,683.4,358.0,2.0,0,52.4,2,4,0,24.0,325.4,5.9,2112.2000000000003
2022-12-09,2022,12,0.28,steer,172.0,A,19.0,A,P2,601.2,322.5,2.0,0,53.6,2,4,0,24.0,278.70000000000005,5.9,1902.7500000000002
2022-12-09,2022,12,0.28,steer,172.0,A,19.0,A,P2,641.4,334.5,2.0,0,52.2,2,4,0,24.0,306.9,5.9,1973.5500000000002
2022-12-09,2022,12,0.28,steer,172.0,A,19.0,A,P2,628.1,335.5,2.0,0,53.4,2,4,0,24.0,292.6,5.9,1979.45
2022-12-09,2022,12,0.28,steer,172.0,A,19.0,A,P2,563.9,301.5,2.0,0,53.5,2,4,0,24.0,262.4,5.9,1778.8500000000001
2022-12-09,2022,12,0.28,steer,172.0,A,19.0,A,P2,602.0,329.5,2.0,0,54.7,2,4,0,24.0,272.5,5.9,1944.0500000000002
2022-12-09,2022,12,0.28,steer,172.0,A,19.0,A,P2,648.7,350.5,2.0,0,54.0,2,4,0,24.0,298.20000000000005,5.9,2067.9500000000003
2022-12-09,2022,12,0.28,steer,172.0,A,19.0,A,P2,576.9,319.5,2.0,0,55.4,2,4,0,24.0,257.4,5.9,1885.0500000000002
2022-12-09,2022,12,0.28,steer,172.0,A,19.0,A,P2,584.7,318.0,2.0,0,54.4,2,4,0,24.0,266.70000000000005,5.9,1876.2
2022-12-09,2022,12,0.28,steer,172.0,A,19.0,A,P2,583.5,321.0,2.0,0,55.0,2,4,0,24.0,262.5,5.9,1893.9
2022-12-09,2022,12,0.28,steer,172.0,A,19.0,A,P2,545.4,300.5,2.0,0,55.1,2,4,0,24.0,244.89999999999998,5.9,1772.95
2022-12-09,2022,12,0.28,steer,172.0,A,19.0,A,P2,567.3,300.5,2.0,0,53.0,2,4,0,24.0,266.79999999999995,5.9,1772.95
2022-12-09,2022,12,0.28,steer,172.0,A,19.0,A,P2,516.4,286.5,2.0,0,55.5,2,4,0,24.0,229.89999999999998,5.9,1690.3500000000001
2022-12-09,2022,12,0.28,steer,172.0,A,19.0,A,P2,649.2,342.5,2.0,1,52.8,2,4,0,24.0,306.70000000000005,5.9,2020.7500000000002
2022-12-09,2022,12,0.28,steer,172.0,A,19.0,A,P2,547.1,285.5,2.0,0,52.2,2,4,0,24.0,261.6,5.9,1684.45
2022-12-09,2022,12,0.28,steer,172.0,A,19.0,A,P2,675.1,369.0,2.0,0,54.7,2,4,0,24.0,306.1,5.9,2177.1
2022-12-09,2022,12,0.28,steer,172.0,A,19.0,A,P2,574.3,310.5,2.0,0,54.1,2,4,0,24.0,263.79999999999995,5.9,1831.95
2022-12-09,2022,12,0.28,steer,172.0,A,19.0,A,P2,614.8,330.5,2.0,0,53.8,2,4,0,24.0,284.29999999999995,5.9,1949.95
2022-12-09,2022,12,0.28,steer,172.0,A,19.0,A,P2,586.3,325.5,2.0,0,55.5,2,4,0,24.0,260.79999999999995,5.9,1920.45
2022-12-09,2022,12,0.28,steer,172.0,A,19.0,A,P2,567.9,312.5,2.0,0,55.0,2,4,0,24.0,255.39999999999998,5.9,1843.75
2022-12-09,2022,12,0.28,steer,172.0,A,19.0,A,P2,644.6,350.5,2.0,0,54.4,2,4,0,24.0,294.1,5.9,2067.9500000000003
2022-12-09,2022,12,0.28,steer,172.0,A,19.0,A,P2,620.1,328.0,2.0,1,52.9,2,4,0,24.0,292.1,5.9,1935.2
2022-12-09,2022,12,0.28,steer,172.0,A,19.0,A,P2,599.8,335.5,2.0,0,55.9,2,4,0,24.0,264.29999999999995,5.9,1979.45
2022-12-09,2022,12,0.28,steer,172.0,A,19.0,A,P2,573.6,320.5,2.0,0,55.9,2,4,0,24.0,253.10000000000002,5.9,1890.95
2022-12-09,2022,12,0.28,steer,172.0,A,19.0,A,P2,624.4,332.5,2.0,1,53.3,2,4,0,24.0,291.9,5.9,1961.7500000000002
2022-12-09,2022,12,0.28,steer,172.0,A,19.0,A,P2,606.7,314.0,2.0,0,51.8,2,4,0,24.0,292.70000000000005,5.9,1852.6000000000001
2022-12-09,2022,12,0.28,steer,172.0,A,19.0,A,P2,583.4,322.5,2.0,0,55.3,2,4,0,24.0,260.9,5.9,1902.7500000000002
2022-12-09,2022,12,0.28,steer,172.0,A,19.0,A,P2,587.1,324.5,2.0,0,55.3,2,4,0,24.0,262.6,5.9,1914.5500000000002
2022-12-09,2022,12,0.28,steer,172.0,A,19.0,A,P2,626.4,345.0,2.0,0,55.1,2,4,0,24.0,281.4,5.9,2035.5000000000002
2022-12-09,2022,12,0.28,steer,172.0,A,19.0,A,P2,563.3,309.0,2.0,0,54.9,2,4,0,24.0,254.29999999999995,5.9,1823.1000000000001
2022-12-09,2022,12,0.28,steer,172.0,A,19.0,A,P2,599.8,335.5,2.0,0,55.9,2,4,0,24.0,264.29999999999995,5.9,1979.45
2022-12-09,2022,12,0.28,steer,172.0,A,19.0,A,P2,666.5,352.5,2.0,0,52.9,2,4,0,24.0,314.0,5.9,2079.75
2022-12-09,2022,12,0.28,steer,172.0,A,19.0,A,P2,648.0,354.5,2.0,1,54.7,2,4,0,24.0,293.5,5.9,2091.55
2023-05-01,2023,5,0.21,steer,175.0,C,17.0,A,P2,561.3,320.0,2.0,0,57.0,2,4,0,24.0,241.29999999999995,5.9,1888.0
2023-05-01,2023,5,0.21,steer,175.0,C,17.0,A,P2,535.3,305.5,2.0,0,57.1,2,4,0,24.0,229.79999999999995,5.9,1802.45
2023-05-01,2023,5,0.21,steer,175.0,C,17.0,A,P2,586.9,332.0,4.0,1,56.6,2,4,0,30.0,254.89999999999998,5.9,1958.8000000000002
2023-05-01,2023,5,0.21,steer,175.0,C,17.0,A,P2,635.5,362.0,2.0,1,57.0,2,4,0,24.0,273.5,5.9,2135.8
2023-10-30,2023,10,0.3321678321678322,steer,175.0,C,21.0,B2,P2,620.7,352.0,2.0,0,56.7,2,4,2,24.0,268.70000000000005,5.9,2076.8
2023-10-30,2023,10,0.3321678321678322,steer,175.0,C,21.0,B2,P2,632.0,348.0,1.0,0,55.1,2,4,2,17.9375,284.0,5.9,2053.2000000000003
2023-10-30,2023,10,0.3321678321678322,steer,175.0,C,21.0,B2,P2,605.7,352.0,2.0,0,58.1,2,4,2,24.0,253.70000000000005,5.9,2076.8
2023-10-30,2023,10,0.3321678321678322,steer,175.0,C,21.0,B2,P2,575.9,303.5,1.0,1,52.7,2,4,2,17.9375,272.4,5.9,1790.65
2023-10-30,2023,10,0.3321678321678322,steer,175.0,C,21.0,B2,P2,593.2,337.0,2.0,0,56.8,2,4,2,24.0,256.20000000000005,5.9,1988.3000000000002
2023-10-30,2023,10,0.3321678321678322,steer,175.0,C,21.0,B2,P2,530.0,303.0,2.0,0,57.2,2,4,2,24.0,227.0,5.9,1787.7
2023-10-30,2023,10,0.3321678321678322,steer,175.0,C,21.0,B2,P2,561.9,321.5,2.0,1,57.2,2,4,2,24.0,240.39999999999998,5.9,1896.8500000000001
2023-10-30,2023,10,0.3321678321678322,steer,175.0,C,21.0,B2,P2,550.5,303.5,2.0,0,55.1,2,4,2,24.0,247.0,5.9,1790.65
2023-10-30,2023,10,0.3321678321678322,steer,175.0,C,21.0,B2,P2,543.1,296.0,2.0,0,54.5,2,4,2,24.0,247.10000000000002,5.9,1746.4
2023-10-30,2023,10,0.3321678321678322,steer,175.0,C,21.0,B2,P2,605.4,339.0,2.0,0,56.0,2,4,2,24.0,266.4,5.9,2000.1000000000001
2023-10-30,2023,10,0.3321678321678322,steer,175.0,C,21.0,B2,P2,572.7,312.0,2.0,0,54.5,2,4,2,24.0,260.70000000000005,5.9,1840.8000000000002
2023-10-30,2023,10,0.3321678321678322,steer,175.0,C,21.0,B2,P2,596.6,341.5,2.0,0,57.2,2,4,2,24.0,255.10000000000002,5.9,2014.8500000000001
2023-10-30,2023,10,0.3321678321678322,steer,175.0,C,21.0,B2,P2,602.7,330.0,2.0,1,54.8,2,4,2,24.0,272.70000000000005,5.9,1947.0000000000002
2023-10-30,2023,10,0.3321678321678322,steer,175.0,C,21.0,B2,P2,601.4,338.5,2.0,0,56.3,2,4,2,24.0,262.9,5.9,1997.15
2023-10-30,2023,10,0.3321678321678322,steer,175.0,C,21.0,B2,P2,564.1,307.0,2.0,0,54.4,2,4,2,24.0,257.1,5.9,1811.3000000000002
2023-10-30,2023,10,0.3321678321678322,steer,175.0,C,21.0,B2,P2,536.2,292.0,2.0,0,54.5,2,4,2,24.0,244.20000000000005,5.9,1722.8000000000002
2023-10-30,2023,10,0.3321678321678322,steer,175.0,C,21.0,B2,P2,584.0,326.5,1.0,0,55.9,2,4,2,17.9375,257.5,5.9,1926.3500000000001
2023-10-30,2023,10,0.3321678321678322,steer,175.0,C,21.0,B2,P2,616.4,346.0,2.0,0,56.1,2,4,2,24.0,270.4,5.9,2041.4
2023-10-30,2023,10,0.3321678321678322,steer,175.0,C,21.0,B2,P2,623.3,344.5,1.0,1,55.3,2,4,2,17.9375,278.79999999999995,5.9,2032.5500000000002
2023-10-30,2023,10,0.3321678321678322,steer,175.0,C,21.0,B2,P2,570.1,328.5,2.0,0,57.6,2,4,2,24.0,241.60000000000002,5.9,1938.15
2023-10-30,2023,10,0.3321678321678322,steer,175.0,C,21.0,B2,P2,598.6,343.0,2.0,0,57.3,2,4,2,24.0,255.60000000000002,5.9,2023.7
2023-10-30,2023,10,0.3321678321678322,steer,175.0,C,21.0,B2,P2,577.2,328.5,2.0,0,56.9,2,4,2,24.0,248.70000000000005,5.9,1938.15
2023-10-30,2023,10,0.3321678321678322,steer,175.0,C,21.0,B2,P2,642.5,360.5,2.0,0,56.1,2,4,2,24.0,282.0,5.9,2126.9500000000003
2023-10-30,2023,10,0.3321678321678322,steer,175.0,C,21.0,B2,P2,608.1,340.0,2.0,1,55.9,2,4,2,24.0,268.1,5.9,2006.0000000000002
2023-10-30,2023,10,0.3321678321678322,steer,175.0,C,21.0,B2,P2,617.6,339.0,2.0,0,54.9,2,4,2,24.0,278.6,5.9,2000.1000000000001
2023-10-30,2023,10,0.3321678321678322,steer,175.0,C,21.0,B2,P2,540.2,300.0,2.0,1,55.5,2,4,2,24.0,240.20000000000005,5.9,1770.0
2023-10-30,2023,10,0.3321678321678322,steer,175.0,C,21.0,B2,P2,600.5,335.0,2.0,0,55.8,2,4,2,24.0,265.5,5.9,1976.5000000000002
2023-10-30,2023,10,0.3321678321678322,steer,175.0,C,21.0,B2,P2,781.3,329.5,2.0,0,42.2,2,4,2,24.0,451.79999999999995,5.9,1944.0500000000002
2023-10-30,2023,10,0.3321678321678322,steer,175.0,C,21.0,B2,P2,568.7,299.5,2.0,0,52.7,2,4,2,24.0,269.20000000000005,5.9,1767.0500000000002
2023-10-30,2023,10,0.3321678321678322,steer,175.0,C,21.0,B2,P2,541.8,317.5,2.0,0,58.6,2,4,2,24.0,224.29999999999995,5.9,1873.25
2023-10-30,2023,10,0.3321678321678322,steer,175.0,C,21.0,B2,P2,551.6,310.5,2.0,0,56.3,2,4,2,24.0,241.10000000000002,5.9,1831.95
2023-10-30,2023,10,0.3321678321678322,steer,175.0,C,21.0,B2,P2,626.6,354.0,2.0,0,56.5,2,4,2,24.0,272.6,5.9,2088.6
2023-10-30,2023,10,0.3321678321678322,steer,175.0,C,21.0,B2,P2,602.3,332.0,2.0,0,55.1,2,4,2,24.0,270.29999999999995,5.9,1958.8000000000002
2023-10-30,2023,10,0.3321678321678322,steer,175.0,C,21.0,B2,P2,568.5,319.5,1.0,0,56.2,2,4,2,17.9375,249.0,5.9,1885.0500000000002
2023-10-30,2023,10,0.3321678321678322,steer,175.0,C,21.0,B2,P2,627.3,348.5,2.0,0,55.6,2,4,2,24.0,278.79999999999995,5.9,2056.15
2023-10-30,2023,10,0.3321678321678322,steer,175.0,C,21.0,B2,P2,588.3,318.0,2.0,0,54.1,2,4,2,24.0,270.29999999999995,5.9,1876.2
2023-10-30,2023,10,0.3321678321678322,steer,175.0,C,21.0,B2,P2,543.7,312.0,1.0,0,57.4,2,4,2,17.9375,231.70000000000005,5.9,1840.8000000000002
2023-10-30,2023,10,0.3321678321678322,steer,175.0,C,21.0,B2,P2,544.3,300.0,2.0,0,55.1,2,4,2,24.0,244.29999999999995,5.9,1770.0
2023-10-30,2023,10,0.3321678321678322,steer,175.0,C,21.0,B2,P2,605.2,345.0,2.0,0,57.0,2,4,2,24.0,260.20000000000005,5.9,2035.5000000000002
2023-10-30,2023,10,0.3321678321678322,steer,175.0,C,21.0,B2,P2,550.5,315.5,2.0,0,57.3,2,4,2,24.0,235.0,5.9,1861.45
2023-11-23,2023,11,0.35664335664335667,steer,172.0,A,15.0,A,P2,645.3,350.5,2.0,0,54.3,2,4,0,24.0,294.79999999999995,5.9,2067.9500000000003
2023-11-23,2023,11,0.35664335664335667,steer,172.0,A,15.0,A,P2,595.8,335.5,2.0,0,56.3,2,4,0,24.0,260.29999999999995,5.9,1979.45
2023-11-23,2023,11,0.35664335664335667,steer,172.0,A,15.0,A,P2,582.8,345.5,2.0,0,59.3,2,4,0,24.0,237.29999999999995,5.9,2038.45
2023-11-23,2023,11,0.35664335664335667,steer,172.0,A,15.0,A,P2,631.2,354.5,2.0,0,56.2,2,4,0,24.0,276.70000000000005,5.9,2091.55
2023-11-23,2023,11,0.35664335664335667,steer,172.0,A,15.0,A,P2,576.0,320.0,2.0,0,55.6,2,4,0,24.0,256.0,5.9,1888.0
2023-11-23,2023,11,0.35664335664335667,steer,172.0,A,15.0,A,P2,583.3,322.5,2.0,0,55.3,2,4,0,24.0,260.79999999999995,5.9,1902.7500000000002
2023-11-23,2023,11,0.35664335664335667,steer,172.0,A,15.0,A,P2,649.5,359.5,2.0,0,55.4,2,4,0,24.0,290.0,5.9,2121.05
2023-11-23,2023,11,0.35664335664335667,steer,172.0,A,15.0,A,P2,593.2,324.0,2.0,0,54.6,2,4,0,24.0,269.20000000000005,5.9,1911.6000000000001
2023-11-23,2023,11,0.35664335664335667,steer,172.0,A,15.0,A,P2,595.3,332.0,1.0,0,55.8,2,4,0,17.9375,263.29999999999995,5.9,1958.8000000000002
2023-11-23,2023,11,0.35664335664335667,steer,172.0,A,15.0,A,P2,567.6,286.0,2.0,0,50.4,2,4,0,24.0,281.6,5.9,1687.4
2023-11-23,2023,11,0.35664335664335667,steer,172.0,A,15.0,A,P2,606.7,329.0,2.0,0,54.2,2,4,0,24.0,277.70000000000005,5.9,1941.1000000000001
2023-11-23,2023,11,0.35664335664335667,steer,172.0,A,15.0,A,P2,660.4,350.5,2.0,0,53.1,2,4,0,24.0,309.9,5.9,2067.9500000000003
2023-11-23,2023,11,0.35664335664335667,steer,172.0,A,15.0,A,P2,703.2,383.0,2.0,0,54.5,2,4,0,24.0,320.20000000000005,5.9,2259.7000000000003
2023-11-23,2023,11,0.35664335664335667,steer,172.0,A,15.0,A,P2,638.5,360.5,2.0,0,56.5,2,4,0,24.0,278.0,5.9,2126.9500000000003
2023-11-23,2023,11,0.35664335664335667,steer,172.0,A,15.0,A,P2,647.4,345.5,2.0,0,53.4,2,4,0,24.0,301.9,5.9,2038.45
2023-11-23,2023,11,0.35664335664335667,steer,172.0,A,15.0,A,P2,594.7,319.0,2.0,0,53.6,2,4,0,24.0,275.70000000000005,5.9,1882.1000000000001
2023-11-23,2023,11,0.35664335664335667,steer,172.0,A,15.0,A,P2,622.4,328.5,2.0,0,52.8,2,4,0,24.0,293.9,5.9,1938.15
2023-11-23,2023,11,0.35664335664335667,steer,172.0,A,15.0,A,P2,554.6,280.5,2.0,0,50.6,2,4,0,24.0,274.1,5.9,1654.95
2023-11-23,2023,11,0.35664335664335667,steer,172.0,A,15.0,A,P2,586.9,330.5,2.0,0,56.3,2,4,0,24.0,256.4,5.9,1949.95
2023-11-23,2023,11,0.35664335664335667,steer,172.0,A,15.0,A,P2,702.6,404.5,2.0,0,57.6,2,4,0,24.0,298.1,5.9,2386.55
2023-11-23,2023,11,0.35664335664335667,steer,172.0,A,15.0,A,P2,568.2,296.5,2.0,0,52.2,2,4,0,24.0,271.70000000000005,5.9,1749.3500000000001
2023-11-23,2023,11,0.35664335664335667,steer,172.0,A,15.0,A,P2,569.7,286.5,4.0,0,50.3,2,4,0,30.0,283.20000000000005,5.9,1690.3500000000001
2024-05-21,2024,5,0.7132867132867133,steer,175.0,C,7.0,A,L2,576.8,311.5,1.0,0,54.0,2,1,0,17.9375,265.29999999999995,,
2024-05-21,2024,5,0.7132867132867133,steer,175.0,C,7.0,A,P2,586.8,312.5,1.0,0,53.3,2,4,0,17.9375,274.29999999999995,5.9,1843.75
2024-05-21,2024,5,0.7132867132867133,steer,175.0,C,7.0,A,L2,568.9,292.0,1.0,0,51.3,2,1,0,17.9375,276.9,,
2024-05-21,2024,5,0.7132867132867133,steer,175.0,C,7.0,A,P2,489.6,245.0,1.0,0,50.0,2,4,0,17.9375,244.60000000000002,5.9,1445.5
2024-05-21,2024,5,0.7132867132867133,steer,175.0,C,7.0,A,P2,631.5,329.0,1.0,0,52.1,2,4,0,17.9375,302.5,5.9,1941.1000000000001
2024-05-21,2024,5,0.7132867132867133,steer,175.0,C,7.0,A,P2,570.3,292.0,1.0,0,51.2,2,4,0,17.9375,278.29999999999995,5.9,1722.8000000000002
2024-05-21,2024,5,0.7132867132867133,steer,175.0,C,7.0,A,P2,613.0,297.5,1.0,0,48.5,2,4,0,17.9375,315.5,5.9,1755.25
2024-05-21,2024,5,0.7132867132867133,steer,175.0,C,7.0,A,L2,696.5,388.5,1.0,0,55.8,2,1,0,17.9375,308.0,,
2024-05-21,2024,5,0.7132867132867133,steer,175.0,C,7.0,A,P2,575.1,299.0,1.0,0,52.0,2,4,0,17.9375,276.1,5.9,1764.1000000000001
2024-05-21,2024,5,0.7132867132867133,steer,175.0,C,7.0,A,L2,617.8,322.0,1.0,0,52.1,2,1,0,17.9375,295.79999999999995,,
2024-05-21,2024,5,0.7132867132867133,steer,175.0,C,7.0,A,L2,588.9,307.5,1.0,0,52.2,2,1,0,17.9375,281.4,,
2024-05-21,2024,5,0.7132867132867133,steer,175.0,C,7.0,A,P2,652.9,346.0,1.0,0,53.0,2,4,0,17.9375,306.9,5.9,2041.4
2024-05-21,2024,5,0.7132867132867133,steer,175.0,C,7.0,A,P2,552.3,291.5,1.0,0,52.8,2,4,0,17.9375,260.79999999999995,5.9,1719.8500000000001
2024-05-21,2024,5,0.7132867132867133,steer,175.0,C,7.0,A,P2,590.9,297.0,1.0,0,50.3,2,4,0,17.9375,293.9,5.9,1752.3000000000002
2024-05-21,2024,5,0.7132867132867133,steer,175.0,C,7.0,A,P2,540.4,278.5,1.0,0,51.5,2,4,0,17.9375,261.9,5.9,1643.15
2024-12-09,2024,12,0.45454545454545453,steer,175.0,C,19.0,B2,P2,595.4,327.0,2.0,0,54.9,2,4,2,24.0,268.4,5.9,1929.3000000000002
2024-12-09,2024,12,0.45454545454545453,steer,175.0,C,19.0,B2,P2,600.4,328.5,2.0,0,54.7,2,4,2,24.0,271.9,5.9,1938.15
2024-12-09,2024,12,0.45454545454545453,steer,175.0,C,19.0,B2,P2,555.2,309.5,2.0,0,55.7,2,4,2,24.0,245.70000000000005,5.9,1826.0500000000002
2024-12-09,2024,12,0.45454545454545453,steer,175.0,C,19.0,B2,P2,603.2,329.5,2.0,1,54.6,2,4,2,24.0,273.70000000000005,5.9,1944.0500000000002
2024-12-09,2024,12,0.45454545454545453,steer,175.0,C,19.0,B2,P2,584.8,299.0,2.0,1,51.1,2,4,2,24.0,285.79999999999995,5.9,1764.1000000000001
2024-12-09,2024,12,0.45454545454545453,steer,175.0,C,19.0,B2,P2,656.2,342.5,2.0,0,52.2,2,4,2,24.0,313.70000000000005,5.9,2020.7500000000002
2024-12-09,2024,12,0.45454545454545453,steer,175.0,C,19.0,B2,P2,600.6,321.5,2.0,0,53.5,2,4,2,24.0,279.1,5.9,1896.8500000000001
2024-12-09,2024,12,0.45454545454545453,steer,175.0,C,19.0,B2,P2,683.4,358.0,2.0,0,52.4,2,4,2,24.0,325.4,5.9,2112.2000000000003
2024-12-09,2024,12,0.45454545454545453,steer,175.0,C,19.0,B2,P2,601.2,322.5,2.0,0,53.6,2,4,2,24.0,278.70000000000005,5.9,1902.7500000000002
2024-12-09,2024,12,0.45454545454545453,steer,175.0,C,19.0,B2,P2,641.4,334.5,2.0,0,52.2,2,4,2,24.0,306.9,5.9,1973.5500000000002
2024-12-09,2024,12,0.45454545454545453,steer,175.0,C,19.0,B2,P2,628.1,335.5,2.0,0,53.4,2,4,2,24.0,292.6,5.9,1979.45
2024-12-09,2024,12,0.45454545454545453,steer,175.0,C,19.0,B2,P2,563.9,301.5,2.0,0,53.5,2,4,2,24.0,262.4,5.9,1778.8500000000001
2024-12-09,2024,12,0.45454545454545453,steer,175.0,C,19.0,B2,P2,602.0,329.5,2.0,0,54.7,2,4,2,24.0,272.5,5.9,1944.0500000000002
2024-12-09,2024,12,0.45454545454545453,steer,175.0,C,19.0,B2,P2,648.7,350.5,2.0,0,54.0,2,4,2,24.0,298.20000000000005,5.9,2067.9500000000003
2024-12-09,2024,12,0.45454545454545453,steer,175.0,C,19.0,B2,P2,576.9,319.5,2.0,0,55.4,2,4,2,24.0,257.4,5.9,1885.0500000000002
2024-12-09,2024,12,0.45454545454545453,steer,175.0,C,19.0,B2,P2,584.7,318.0,2.0,0,54.4,2,4,2,24.0,266.70000000000005,5.9,1876.2
2024-12-09,2024,12,0.45454545454545453,steer,175.0,C,19.0,B2,P2,583.5,321.0,2.0,0,55.0,2,4,2,24.0,262.5,5.9,1893.9
2024-12-09,2024,12,0.45454545454545453,steer,175.0,C,19.0,B2,P2,545.4,300.5,2.0,0,55.1,2,4,2,24.0,244.89999999999998,5.9,1772.95
2024-12-09,2024,12,0.45454545454545453,steer,175.0,C,19.0,B2,P2,567.3,300.5,2.0,0,53.0,2,4,2,24.0,266.79999999999995,5.9,1772.95
2024-12-09,2024,12,0.45454545454545453,steer,175.0,C,19.0,B2,P2,516.4,286.5,2.0,0,55.5,2,4,2,24.0,229.89999999999998,5.9,1690.3500000000001
2024-12-09,2024,12,0.45454545454545453,steer,175.0,C,19.0,B2,P2,649.2,342.5,2.0,1,52.8,2,4,2,24.0,306.70000000000005,5.9,2020.7500000000002
2024-12-09,2024,12,0.45454545454545453,steer,175.0,C,19.0,B2,P2,547.1,285.5,2.0,0,52.2,2,4,2,24.0,261.6,5.9,1684.45
2024-12-09,2024,12,0.45454545454545453,steer,175.0,C,19.0,B2,P2,675.1,369.0,2.0,0,54.7,2,4,2,24.0,306.1,5.9,2177.1
2024-12-09,2024,12,0.45454545454545453,steer,175.0,C,19.0,B2,P2,574.3,310.5,2.0,0,54.1,2,4,2,24.0,263.79999999999995,5.9,1831.95
2024-12-09,2024,12,0.45454545454545453,steer,175.0,C,19.0,B2,P2,614.8,330.5,2.0,0,53.8,2,4,2,24.0,284.29999999999995,5.9,1949.95
2024-12-09,2024,12,0.45454545454545453,steer,175.0,C,19.0,B2,P2,586.3,325.5,2.0,0,55.5,2,4,2,24.0,260.79999999999995,5.9,1920.45
2024-12-09,2024,12,0.45454545454545453,steer,175.0,C,19.0,B2,P2,567.9,312.5,2.0,0,55.0,2,4,2,24.0,255.39999999999998,5.9,1843.75
2024-12-09,2024,12,0.45454545454545453,steer,175.0,C,19.0,B2,P2,644.6,350.5,2.0,0,54.4,2,4,2,24.0,294.1,5.9,2067.9500000000003
2024-12-09,2024,12,0.45454545454545453,steer,175.0,C,19.0,B2,P2,620.1,328.0,2.0,1,52.9,2,4,2,24.0,292.1,5.9,1935.2
2024-12-09,2024,12,0.45454545454545453,steer,175.0,C,19.0,B2,P2,599.8,335.5,2.0,0,55.9,2,4,2,24.0,264.29999999999995,5.9,1979.45
2024-12-09,2024,12,0.45454545454545453,steer,175.0,C,19.0,B2,P2,573.6,320.5,2.0,0,55.9,2,4,2,24.0,253.10000000000002,5.9,1890.95
2024-12-09,2024,12,0.45454545454545453,steer,175.0,C,19.0,B2,P2,624.4,332.5,2.0,1,53.3,2,4,2,24.0,291.9,5.9,1961.7500000000002
2024-12-09,2024,12,0.45454545454545453,steer,175.0,C,19.0,B2,P2,606.7,314.0,2.0,0,51.8,2,4,2,24.0,292.70000000000005,5.9,1852.6000000000001
2024-12-09,2024,12,0.45454545454545453,steer,175.0,C,19.0,B2,P2,583.4,322.5,2.0,0,55.3,2,4,2,24.0,260.9,5.9,1902.7500000000002
2024-12-09,2024,12,0.45454545454545453,steer,175.0,C,19.0,B2,P2,587.1,324.5,2.0,0,55.3,2,4,2,24.0,262.6,5.9,1914.5500000000002
2024-12-09,2024,12,0.45454545454545453,steer,175.0,C,19.0,B2,P2,626.4,345.0,2.0,0,55.1,2,4,2,24.0,281.4,5.9,2035.5000000000002
2024-12-09,2024,12,0.45454545454545453,steer,175.0,C,19.0,B2,P2,563.3,309.0,2.0,0,54.9,2,4,2,24.0,254.29999999999995,5.9,1823.1000000000001
2024-12-09,2024,12,0.45454545454545453,steer,175.0,C,19.0,B2,P2,599.8,335.5,2.0,0,55.9,2,4,2,24.0,264.29999999999995,5.9,1979.45
2024-12-09,2024,12,0.45454545454545453,steer,175.0,C,19.0,B2,P2,666.5,352.5,2.0,0,52.9,2,4,2,24.0,314.0,5.9,2079.75
2024-12-09,2024,12,0.45454545454545453,steer,175.0,C,19.0,B2,P2,648.0,354.5,2.0,1,54.7,2,4,2,24.0,293.5,5.9,2091.55
