model_name,animal_type,target,measure,Cross-validation,evaluated_on (Train/Test),Score,n_rows,n_defects,best_params
Dummy Classifier,cow,has defects,Accuracy,1,Train,0.5555555555555556,46,26,{}
Dummy Classifier,cow,has defects,Accuracy,2,Train,0.5675675675675675,46,26,{}
Dummy Classifier,cow,has defects,Accuracy,3,Train,0.5675675675675675,46,26,{}
Dummy Classifier,cow,has defects,Accuracy,4,Train,0.5675675675675675,46,26,{}
Dummy Classifier,cow,has defects,Accuracy,5,Train,0.5675675675675675,46,26,{}
Dummy Classifier,cow,has defects,Accuracy,1,Test,0.6,46,26,{}
Dummy Classifier,cow,has defects,Accuracy,2,Test,0.5555555555555556,46,26,{}
Dummy Classifier,cow,has defects,Accuracy,3,Test,0.5555555555555556,46,26,{}
Dummy Classifier,cow,has defects,Accuracy,4,Test,0.5555555555555556,46,26,{}
Dummy Classifier,cow,has defects,Accuracy,5,Test,0.5555555555555556,46,26,{}
Dummy Classifier,cow,has defects,Balanced Accuracy,1,Train,0.5,46,26,{}
Dummy Classifier,cow,has defects,Balanced Accuracy,2,Train,0.5,46,26,{}
Dummy Classifier,cow,has defects,Balanced Accuracy,3,Train,0.5,46,26,{}
Dummy Classifier,cow,has defects,Balanced Accuracy,4,Train,0.5,46,26,{}
Dummy Classifier,cow,has defects,Balanced Accuracy,5,Train,0.5,46,26,{}
Dummy Classifier,cow,has defects,Balanced Accuracy,1,Test,0.5,46,26,{}
Dummy Classifier,cow,has defects,Balanced Accuracy,2,Test,0.5,46,26,{}
Dummy Classifier,cow,has defects,Balanced Accuracy,3,Test,0.5,46,26,{}
Dummy Classifier,cow,has defects,Balanced Accuracy,4,Test,0.5,46,26,{}
Dummy Classifier,cow,has defects,Balanced Accuracy,5,Test,0.5,46,26,{}
Dummy Classifier,cow,has defects,F1,1,Train,0.7142857142857143,46,26,{}
Dummy Classifier,cow,has defects,F1,2,Train,0.7241379310344828,46,26,{}
Dummy Classifier,cow,has defects,F1,3,Train,0.7241379310344828,46,26,{}
Dummy Classifier,cow,has defects,F1,4,Train,0.7241379310344828,46,26,{}
Dummy Classifier,cow,has defects,F1,5,Train,0.7241379310344828,46,26,{}
Dummy Classifier,cow,has defects,F1,1,Test,0.75,46,26,{}
Dummy Classifier,cow,has defects,F1,2,Test,0.7142857142857143,46,26,{}
Dummy Classifier,cow,has defects,F1,3,Test,0.7142857142857143,46,26,{}
Dummy Classifier,cow,has defects,F1,4,Test,0.7142857142857143,46,26,{}
Dummy Classifier,cow,has defects,F1,5,Test,0.7142857142857143,46,26,{}
Dummy Classifier,cow,has defects,ROC AUC,1,Train,0.5,46,26,{}
Dummy Classifier,cow,has defects,ROC AUC,2,Train,0.5,46,26,{}
Dummy Classifier,cow,has defects,ROC AUC,3,Train,0.5,46,26,{}
Dummy Classifier,cow,has defects,ROC AUC,4,Train,0.5,46,26,{}
Dummy Classifier,cow,has defects,ROC AUC,5,Train,0.5,46,26,{}
Dummy Classifier,cow,has defects,ROC AUC,1,Test,0.5,46,26,{}
Dummy Classifier,cow,has defects,ROC AUC,2,Test,0.5,46,26,{}
Dummy Classifier,cow,has defects,ROC AUC,3,Test,0.5,46,26,{}
Dummy Classifier,cow,has defects,ROC AUC,4,Test,0.5,46,26,{}
Dummy Classifier,cow,has defects,ROC AUC,5,Test,0.5,46,26,{}
Dummy Classifier,steer,has defects,Accuracy,1,Train,0.6850393700787402,636,200,{}
Dummy Classifier,steer,has defects,Accuracy,2,Train,0.6856581532416502,636,200,{}
Dummy Classifier,steer,has defects,Accuracy,3,Train,0.6856581532416502,636,200,{}
Dummy Classifier,steer,has defects,Accuracy,4,Train,0.6856581532416502,636,200,{}
Dummy Classifier,steer,has defects,Accuracy,5,Train,0.6856581532416502,636,200,{}
Dummy Classifier,steer,has defects,Accuracy,1,Test,0.6875,636,200,{}
Dummy Classifier,steer,has defects,Accuracy,2,Test,0.6850393700787402,636,200,{}
Dummy Classifier,steer,has defects,Accuracy,3,Test,0.6850393700787402,636,200,{}
Dummy Classifier,steer,has defects,Accuracy,4,Test,0.6850393700787402,636,200,{}
Dummy Classifier,steer,has defects,Accuracy,5,Test,0.6850393700787402,636,200,{}
Dummy Classifier,steer,has defects,Balanced Accuracy,1,Train,0.5,636,200,{}
Dummy Classifier,steer,has defects,Balanced Accuracy,2,Train,0.5,636,200,{}
Dummy Classifier,steer,has defects,Balanced Accuracy,3,Train,0.5,636,200,{}
Dummy Classifier,steer,has defects,Balanced Accuracy,4,Train,0.5,636,200,{}
Dummy Classifier,steer,has defects,Balanced Accuracy,5,Train,0.5,636,200,{}
Dummy Classifier,steer,has defects,Balanced Accuracy,1,Test,0.5,636,200,{}
Dummy Classifier,steer,has defects,Balanced Accuracy,2,Test,0.5,636,200,{}
Dummy Classifier,steer,has defects,Balanced Accuracy,3,Test,0.5,636,200,{}
Dummy Classifier,steer,has defects,Balanced Accuracy,4,Test,0.5,636,200,{}
Dummy Classifier,steer,has defects,Balanced Accuracy,5,Test,0.5,636,200,{}
Dummy Classifier,steer,has defects,F1,1,Train,0.0,636,200,{}
Dummy Classifier,steer,has defects,F1,2,Train,0.0,636,200,{}
Dummy Classifier,steer,has defects,F1,3,Train,0.0,636,200,{}
Dummy Classifier,steer,has defects,F1,4,Train,0.0,636,200,{}
Dummy Classifier,steer,has defects,F1,5,Train,0.0,636,200,{}
Dummy Classifier,steer,has defects,F1,1,Test,0.0,636,200,{}
Dummy Classifier,steer,has defects,F1,2,Test,0.0,636,200,{}
Dummy Classifier,steer,has defects,F1,3,Test,0.0,636,200,{}
Dummy Classifier,steer,has defects,F1,4,Test,0.0,636,200,{}
Dummy Classifier,steer,has defects,F1,5,Test,0.0,636,200,{}
Dummy Classifier,steer,has defects,ROC AUC,1,Train,0.5,636,200,{}
Dummy Classifier,steer,has defects,ROC AUC,2,Train,0.5,636,200,{}
Dummy Classifier,steer,has defects,ROC AUC,3,Train,0.5,636,200,{}
Dummy Classifier,steer,has defects,ROC AUC,4,Train,0.5,636,200,{}
Dummy Classifier,steer,has defects,ROC AUC,5,Train,0.5,636,200,{}
Dummy Classifier,steer,has defects,ROC AUC,1,Test,0.5,636,200,{}
Dummy Classifier,steer,has defects,ROC AUC,2,Test,0.5,636,200,{}
Dummy Classifier,steer,has defects,ROC AUC,3,Test,0.5,636,200,{}
Dummy Classifier,steer,has defects,ROC AUC,4,Test,0.5,636,200,{}
Dummy Classifier,steer,has defects,ROC AUC,5,Test,0.5,636,200,{}
Dummy Classifier,heifer,has defects,Accuracy,1,Train,0.5967741935483871,233,94,{}
Dummy Classifier,heifer,has defects,Accuracy,2,Train,0.5967741935483871,233,94,{}
Dummy Classifier,heifer,has defects,Accuracy,3,Train,0.5967741935483871,233,94,{}
Dummy Classifier,heifer,has defects,Accuracy,4,Train,0.5935828877005348,233,94,{}
Dummy Classifier,heifer,has defects,Accuracy,5,Train,0.5989304812834224,233,94,{}
Dummy Classifier,heifer,has defects,Accuracy,1,Test,0.5957446808510638,233,94,{}
Dummy Classifier,heifer,has defects,Accuracy,2,Test,0.5957446808510638,233,94,{}
Dummy Classifier,heifer,has defects,Accuracy,3,Test,0.5957446808510638,233,94,{}
Dummy Classifier,heifer,has defects,Accuracy,4,Test,0.6086956521739131,233,94,{}
Dummy Classifier,heifer,has defects,Accuracy,5,Test,0.5869565217391305,233,94,{}
Dummy Classifier,heifer,has defects,Balanced Accuracy,1,Train,0.5,233,94,{}
Dummy Classifier,heifer,has defects,Balanced Accuracy,2,Train,0.5,233,94,{}
Dummy Classifier,heifer,has defects,Balanced Accuracy,3,Train,0.5,233,94,{}
Dummy Classifier,heifer,has defects,Balanced Accuracy,4,Train,0.5,233,94,{}
Dummy Classifier,heifer,has defects,Balanced Accuracy,5,Train,0.5,233,94,{}
Dummy Classifier,heifer,has defects,Balanced Accuracy,1,Test,0.5,233,94,{}
Dummy Classifier,heifer,has defects,Balanced Accuracy,2,Test,0.5,233,94,{}
Dummy Classifier,heifer,has defects,Balanced Accuracy,3,Test,0.5,233,94,{}
Dummy Classifier,heifer,has defects,Balanced Accuracy,4,Test,0.5,233,94,{}
Dummy Classifier,heifer,has defects,Balanced Accuracy,5,Test,0.5,233,94,{}
Dummy Classifier,heifer,has defects,F1,1,Train,0.0,233,94,{}
Dummy Classifier,heifer,has defects,F1,2,Train,0.0,233,94,{}
Dummy Classifier,heifer,has defects,F1,3,Train,0.0,233,94,{}
Dummy Classifier,heifer,has defects,F1,4,Train,0.0,233,94,{}
Dummy Classifier,heifer,has defects,F1,5,Train,0.0,233,94,{}
Dummy Classifier,heifer,has defects,F1,1,Test,0.0,233,94,{}
Dummy Classifier,heifer,has defects,F1,2,Test,0.0,233,94,{}
Dummy Classifier,heifer,has defects,F1,3,Test,0.0,233,94,{}
Dummy Classifier,heifer,has defects,F1,4,Test,0.0,233,94,{}
Dummy Classifier,heifer,has defects,F1,5,Test,0.0,233,94,{}
Dummy Classifier,heifer,has defects,ROC AUC,1,Train,0.5,233,94,{}
Dummy Classifier,heifer,has defects,ROC AUC,2,Train,0.5,233,94,{}
Dummy Classifier,heifer,has defects,ROC AUC,3,Train,0.5,233,94,{}
Dummy Classifier,heifer,has defects,ROC AUC,4,Train,0.5,233,94,{}
Dummy Classifier,heifer,has defects,ROC AUC,5,Train,0.5,233,94,{}
Dummy Classifier,heifer,has defects,ROC AUC,1,Test,0.5,233,94,{}
Dummy Classifier,heifer,has defects,ROC AUC,2,Test,0.5,233,94,{}
Dummy Classifier,heifer,has defects,ROC AUC,3,Test,0.5,233,94,{}
Dummy Classifier,heifer,has defects,ROC AUC,4,Test,0.5,233,94,{}
Dummy Classifier,heifer,has defects,ROC AUC,5,Test,0.5,233,94,{}
Logistic Regression,cow,has defects,Accuracy,1,Train,0.6388888888888888,46,26,"{'imputer_strategy': 'mean', 'C': 0.13894498012254627, 'l1_ratio': 0.5816737008859542}"
Logistic Regression,cow,has defects,Accuracy,2,Train,0.7027027027027027,46,26,"{'imputer_strategy': 'mean', 'C': 0.13894498012254627, 'l1_ratio': 0.5816737008859542}"
Logistic Regression,cow,has defects,Accuracy,3,Train,0.6756756756756757,46,26,"{'imputer_strategy': 'mean', 'C': 0.13894498012254627, 'l1_ratio': 0.5816737008859542}"
Logistic Regression,cow,has defects,Accuracy,4,Train,0.6756756756756757,46,26,"{'imputer_strategy': 'mean', 'C': 0.13894498012254627, 'l1_ratio': 0.5816737008859542}"
Logistic Regression,cow,has defects,Accuracy,5,Train,0.6756756756756757,46,26,"{'imputer_strategy': 'mean', 'C': 0.13894498012254627, 'l1_ratio': 0.5816737008859542}"
Logistic Regression,cow,has defects,Accuracy,1,Test,0.8,46,26,"{'imputer_strategy': 'mean', 'C': 0.13894498012254627, 'l1_ratio': 0.5816737008859542}"
Logistic Regression,cow,has defects,Accuracy,2,Test,0.5555555555555556,46,26,"{'imputer_strategy': 'mean', 'C': 0.13894498012254627, 'l1_ratio': 0.5816737008859542}"
Logistic Regression,cow,has defects,Accuracy,3,Test,0.6666666666666666,46,26,"{'imputer_strategy': 'mean', 'C': 0.13894498012254627, 'l1_ratio': 0.5816737008859542}"
Logistic Regression,cow,has defects,Accuracy,4,Test,0.6666666666666666,46,26,"{'imputer_strategy': 'mean', 'C': 0.13894498012254627, 'l1_ratio': 0.5816737008859542}"
Logistic Regression,cow,has defects,Accuracy,5,Test,0.6666666666666666,46,26,"{'imputer_strategy': 'mean', 'C': 0.13894498012254627, 'l1_ratio': 0.5816737008859542}"
Logistic Regression,cow,has defects,Balanced Accuracy,1,Train,0.6,46,26,"{'imputer_strategy': 'mean', 'C': 0.13894498012254627, 'l1_ratio': 0.5816737008859542}"
Logistic Regression,cow,has defects,Balanced Accuracy,2,Train,0.65625,46,26,"{'imputer_strategy': 'mean', 'C': 0.13894498012254627, 'l1_ratio': 0.5816737008859542}"
Logistic Regression,cow,has defects,Balanced Accuracy,3,Train,0.6324404761904762,46,26,"{'imputer_strategy': 'mean', 'C': 0.13894498012254627, 'l1_ratio': 0.5816737008859542}"
Logistic Regression,cow,has defects,Balanced Accuracy,4,Train,0.6324404761904762,46,26,"{'imputer_strategy': 'mean', 'C': 0.13894498012254627, 'l1_ratio': 0.5816737008859542}"
Logistic Regression,cow,has defects,Balanced Accuracy,5,Train,0.6324404761904762,46,26,"{'imputer_strategy': 'mean', 'C': 0.13894498012254627, 'l1_ratio': 0.5816737008859542}"
Logistic Regression,cow,has defects,Balanced Accuracy,1,Test,0.75,46,26,"{'imputer_strategy': 'mean', 'C': 0.13894498012254627, 'l1_ratio': 0.5816737008859542}"
Logistic Regression,cow,has defects,Balanced Accuracy,2,Test,0.525,46,26,"{'imputer_strategy': 'mean', 'C': 0.13894498012254627, 'l1_ratio': 0.5816737008859542}"
Logistic Regression,cow,has defects,Balanced Accuracy,3,Test,0.625,46,26,"{'imputer_strategy': 'mean', 'C': 0.13894498012254627, 'l1_ratio': 0.5816737008859542}"
Logistic Regression,cow,has defects,Balanced Accuracy,4,Test,0.625,46,26,"{'imputer_strategy': 'mean', 'C': 0.13894498012254627, 'l1_ratio': 0.5816737008859542}"
Logistic Regression,cow,has defects,Balanced Accuracy,5,Test,0.625,46,26,"{'imputer_strategy': 'mean', 'C': 0.13894498012254627, 'l1_ratio': 0.5816737008859542}"
Logistic Regression,cow,has defects,F1,1,Train,0.7450980392156863,46,26,"{'imputer_strategy': 'mean', 'C': 0.13894498012254627, 'l1_ratio': 0.5816737008859542}"
Logistic Regression,cow,has defects,F1,2,Train,0.7924528301886793,46,26,"{'imputer_strategy': 'mean', 'C': 0.13894498012254627, 'l1_ratio': 0.5816737008859542}"
Logistic Regression,cow,has defects,F1,3,Train,0.7692307692307693,46,26,"{'imputer_strategy': 'mean', 'C': 0.13894498012254627, 'l1_ratio': 0.5816737008859542}"
Logistic Regression,cow,has defects,F1,4,Train,0.7692307692307693,46,26,"{'imputer_strategy': 'mean', 'C': 0.13894498012254627, 'l1_ratio': 0.5816737008859542}"
Logistic Regression,cow,has defects,F1,5,Train,0.7692307692307693,46,26,"{'imputer_strategy': 'mean', 'C': 0.13894498012254627, 'l1_ratio': 0.5816737008859542}"
Logistic Regression,cow,has defects,F1,1,Test,0.8571428571428571,46,26,"{'imputer_strategy': 'mean', 'C': 0.13894498012254627, 'l1_ratio': 0.5816737008859542}"
Logistic Regression,cow,has defects,F1,2,Test,0.6666666666666666,46,26,"{'imputer_strategy': 'mean', 'C': 0.13894498012254627, 'l1_ratio': 0.5816737008859542}"
Logistic Regression,cow,has defects,F1,3,Test,0.7692307692307693,46,26,"{'imputer_strategy': 'mean', 'C': 0.13894498012254627, 'l1_ratio': 0.5816737008859542}"
Logistic Regression,cow,has defects,F1,4,Test,0.7692307692307693,46,26,"{'imputer_strategy': 'mean', 'C': 0.13894498012254627, 'l1_ratio': 0.5816737008859542}"
Logistic Regression,cow,has defects,F1,5,Test,0.7692307692307693,46,26,"{'imputer_strategy': 'mean', 'C': 0.13894498012254627, 'l1_ratio': 0.5816737008859542}"
Logistic Regression,cow,has defects,ROC AUC,1,Train,0.6828125,46,26,"{'imputer_strategy': 'mean', 'C': 0.13894498012254627, 'l1_ratio': 0.5816737008859542}"
Logistic Regression,cow,has defects,ROC AUC,2,Train,0.7247023809523809,46,26,"{'imputer_strategy': 'mean', 'C': 0.13894498012254627, 'l1_ratio': 0.5816737008859542}"
Logistic Regression,cow,has defects,ROC AUC,3,Train,0.7038690476190477,46,26,"{'imputer_strategy': 'mean', 'C': 0.13894498012254627, 'l1_ratio': 0.5816737008859542}"
Logistic Regression,cow,has defects,ROC AUC,4,Train,0.7038690476190477,46,26,"{'imputer_strategy': 'mean', 'C': 0.13894498012254627, 'l1_ratio': 0.5816737008859542}"
Logistic Regression,cow,has defects,ROC AUC,5,Train,0.7008928571428572,46,26,"{'imputer_strategy': 'mean', 'C': 0.13894498012254627, 'l1_ratio': 0.5816737008859542}"
Logistic Regression,cow,has defects,ROC AUC,1,Test,0.75,46,26,"{'imputer_strategy': 'mean', 'C': 0.13894498012254627, 'l1_ratio': 0.5816737008859542}"
Logistic Regression,cow,has defects,ROC AUC,2,Test,0.6,46,26,"{'imputer_strategy': 'mean', 'C': 0.13894498012254627, 'l1_ratio': 0.5816737008859542}"
Logistic Regression,cow,has defects,ROC AUC,3,Test,0.7,46,26,"{'imputer_strategy': 'mean', 'C': 0.13894498012254627, 'l1_ratio': 0.5816737008859542}"
Logistic Regression,cow,has defects,ROC AUC,4,Test,0.7,46,26,"{'imputer_strategy': 'mean', 'C': 0.13894498012254627, 'l1_ratio': 0.5816737008859542}"
Logistic Regression,cow,has defects,ROC AUC,5,Test,0.7250000000000001,46,26,"{'imputer_strategy': 'mean', 'C': 0.13894498012254627, 'l1_ratio': 0.5816737008859542}"
Logistic Regression,steer,has defects,Accuracy,1,Train,0.7893700787401575,636,200,"{'imputer_strategy': 'median', 'C': 0.056368429683830816, 'l1_ratio': 0.07971785984786849}"
Logistic Regression,steer,has defects,Accuracy,2,Train,0.7721021611001965,636,200,"{'imputer_strategy': 'median', 'C': 0.056368429683830816, 'l1_ratio': 0.07971785984786849}"
Logistic Regression,steer,has defects,Accuracy,3,Train,0.7976424361493124,636,200,"{'imputer_strategy': 'median', 'C': 0.056368429683830816, 'l1_ratio': 0.07971785984786849}"
Logistic Regression,steer,has defects,Accuracy,4,Train,0.7701375245579568,636,200,"{'imputer_strategy': 'median', 'C': 0.056368429683830816, 'l1_ratio': 0.07971785984786849}"
Logistic Regression,steer,has defects,Accuracy,5,Train,0.7956777996070727,636,200,"{'imputer_strategy': 'median', 'C': 0.056368429683830816, 'l1_ratio': 0.07971785984786849}"
Logistic Regression,steer,has defects,Accuracy,1,Test,0.8046875,636,200,"{'imputer_strategy': 'median', 'C': 0.056368429683830816, 'l1_ratio': 0.07971785984786849}"
Logistic Regression,steer,has defects,Accuracy,2,Test,0.7795275590551181,636,200,"{'imputer_strategy': 'median', 'C': 0.056368429683830816, 'l1_ratio': 0.07971785984786849}"
Logistic Regression,steer,has defects,Accuracy,3,Test,0.6614173228346457,636,200,"{'imputer_strategy': 'median', 'C': 0.056368429683830816, 'l1_ratio': 0.07971785984786849}"
Logistic Regression,steer,has defects,Accuracy,4,Test,0.8661417322834646,636,200,"{'imputer_strategy': 'median', 'C': 0.056368429683830816, 'l1_ratio': 0.07971785984786849}"
Logistic Regression,steer,has defects,Accuracy,5,Test,0.7559055118110236,636,200,"{'imputer_strategy': 'median', 'C': 0.056368429683830816, 'l1_ratio': 0.07971785984786849}"
Logistic Regression,steer,has defects,Balanced Accuracy,1,Train,0.7736709770114942,636,200,"{'imputer_strategy': 'median', 'C': 0.056368429683830816, 'l1_ratio': 0.07971785984786849}"
Logistic Regression,steer,has defects,Balanced Accuracy,2,Train,0.7576558022922636,636,200,"{'imputer_strategy': 'median', 'C': 0.056368429683830816, 'l1_ratio': 0.07971785984786849}"
Logistic Regression,steer,has defects,Balanced Accuracy,3,Train,0.7915114613180516,636,200,"{'imputer_strategy': 'median', 'C': 0.056368429683830816, 'l1_ratio': 0.07971785984786849}"
Logistic Regression,steer,has defects,Balanced Accuracy,4,Train,0.7562231375358166,636,200,"{'imputer_strategy': 'median', 'C': 0.056368429683830816, 'l1_ratio': 0.07971785984786849}"
Logistic Regression,steer,has defects,Balanced Accuracy,5,Train,0.7765401146131805,636,200,"{'imputer_strategy': 'median', 'C': 0.056368429683830816, 'l1_ratio': 0.07971785984786849}"
Logistic Regression,steer,has defects,Balanced Accuracy,1,Test,0.7761363636363636,636,200,"{'imputer_strategy': 'median', 'C': 0.056368429683830816, 'l1_ratio': 0.07971785984786849}"
Logistic Regression,steer,has defects,Balanced Accuracy,2,Test,0.7783045977011495,636,200,"{'imputer_strategy': 'median', 'C': 0.056368429683830816, 'l1_ratio': 0.07971785984786849}"
Logistic Regression,steer,has defects,Balanced Accuracy,3,Test,0.6448275862068966,636,200,"{'imputer_strategy': 'median', 'C': 0.056368429683830816, 'l1_ratio': 0.07971785984786849}"
Logistic Regression,steer,has defects,Balanced Accuracy,4,Test,0.8347701149425287,636,200,"{'imputer_strategy': 'median', 'C': 0.056368429683830816, 'l1_ratio': 0.07971785984786849}"
Logistic Regression,steer,has defects,Balanced Accuracy,5,Test,0.7408045977011495,636,200,"{'imputer_strategy': 'median', 'C': 0.056368429683830816, 'l1_ratio': 0.07971785984786849}"
Logistic Regression,steer,has defects,F1,1,Train,0.6862170087976539,636,200,"{'imputer_strategy': 'median', 'C': 0.056368429683830816, 'l1_ratio': 0.07971785984786849}"
Logistic Regression,steer,has defects,F1,2,Train,0.6647398843930635,636,200,"{'imputer_strategy': 'median', 'C': 0.056368429683830816, 'l1_ratio': 0.07971785984786849}"
Logistic Regression,steer,has defects,F1,3,Train,0.7065527065527065,636,200,"{'imputer_strategy': 'median', 'C': 0.056368429683830816, 'l1_ratio': 0.07971785984786849}"
Logistic Regression,steer,has defects,F1,4,Train,0.6628242074927954,636,200,"{'imputer_strategy': 'median', 'C': 0.056368429683830816, 'l1_ratio': 0.07971785984786849}"
Logistic Regression,steer,has defects,F1,5,Train,0.6904761904761905,636,200,"{'imputer_strategy': 'median', 'C': 0.056368429683830816, 'l1_ratio': 0.07971785984786849}"
Logistic Regression,steer,has defects,F1,1,Test,0.691358024691358,636,200,"{'imputer_strategy': 'median', 'C': 0.056368429683830816, 'l1_ratio': 0.07971785984786849}"
Logistic Regression,steer,has defects,F1,2,Test,0.6888888888888889,636,200,"{'imputer_strategy': 'median', 'C': 0.056368429683830816, 'l1_ratio': 0.07971785984786849}"
Logistic Regression,steer,has defects,F1,3,Test,0.5274725274725275,636,200,"{'imputer_strategy': 'median', 'C': 0.056368429683830816, 'l1_ratio': 0.07971785984786849}"
Logistic Regression,steer,has defects,F1,4,Test,0.7792207792207793,636,200,"{'imputer_strategy': 'median', 'C': 0.056368429683830816, 'l1_ratio': 0.07971785984786849}"
Logistic Regression,steer,has defects,F1,5,Test,0.6436781609195402,636,200,"{'imputer_strategy': 'median', 'C': 0.056368429683830816, 'l1_ratio': 0.07971785984786849}"
Logistic Regression,steer,has defects,ROC AUC,1,Train,0.8280352011494253,636,200,"{'imputer_strategy': 'median', 'C': 0.056368429683830816, 'l1_ratio': 0.07971785984786849}"
Logistic Regression,steer,has defects,ROC AUC,2,Train,0.8327005730659025,636,200,"{'imputer_strategy': 'median', 'C': 0.056368429683830816, 'l1_ratio': 0.07971785984786849}"
Logistic Regression,steer,has defects,ROC AUC,3,Train,0.8494896131805157,636,200,"{'imputer_strategy': 'median', 'C': 0.056368429683830816, 'l1_ratio': 0.07971785984786849}"
Logistic Regression,steer,has defects,ROC AUC,4,Train,0.8114881805157593,636,200,"{'imputer_strategy': 'median', 'C': 0.056368429683830816, 'l1_ratio': 0.07971785984786849}"
Logistic Regression,steer,has defects,ROC AUC,5,Train,0.8335780802292263,636,200,"{'imputer_strategy': 'median', 'C': 0.056368429683830816, 'l1_ratio': 0.07971785984786849}"
Logistic Regression,steer,has defects,ROC AUC,1,Test,0.7782670454545455,636,200,"{'imputer_strategy': 'median', 'C': 0.056368429683830816, 'l1_ratio': 0.07971785984786849}"
Logistic Regression,steer,has defects,ROC AUC,2,Test,0.7686781609195402,636,200,"{'imputer_strategy': 'median', 'C': 0.056368429683830816, 'l1_ratio': 0.07971785984786849}"
Logistic Regression,steer,has defects,ROC AUC,3,Test,0.6749999999999999,636,200,"{'imputer_strategy': 'median', 'C': 0.056368429683830816, 'l1_ratio': 0.07971785984786849}"
Logistic Regression,steer,has defects,ROC AUC,4,Test,0.8459770114942529,636,200,"{'imputer_strategy': 'median', 'C': 0.056368429683830816, 'l1_ratio': 0.07971785984786849}"
Logistic Regression,steer,has defects,ROC AUC,5,Test,0.7448275862068965,636,200,"{'imputer_strategy': 'median', 'C': 0.056368429683830816, 'l1_ratio': 0.07971785984786849}"
Logistic Regression,heifer,has defects,Accuracy,1,Train,0.6827956989247311,233,94,"{'imputer_strategy': 'mean', 'C': 0.02590974532597553, 'l1_ratio': 0.3443622335166928}"
Logistic Regression,heifer,has defects,Accuracy,2,Train,0.6720430107526881,233,94,"{'imputer_strategy': 'mean', 'C': 0.02590974532597553, 'l1_ratio': 0.3443622335166928}"
Logistic Regression,heifer,has defects,Accuracy,3,Train,0.7043010752688172,233,94,"{'imputer_strategy': 'mean', 'C': 0.02590974532597553, 'l1_ratio': 0.3443622335166928}"
Logistic Regression,heifer,has defects,Accuracy,4,Train,0.7165775401069518,233,94,"{'imputer_strategy': 'mean', 'C': 0.02590974532597553, 'l1_ratio': 0.3443622335166928}"
Logistic Regression,heifer,has defects,Accuracy,5,Train,0.6951871657754011,233,94,"{'imputer_strategy': 'mean', 'C': 0.02590974532597553, 'l1_ratio': 0.3443622335166928}"
Logistic Regression,heifer,has defects,Accuracy,1,Test,0.7446808510638298,233,94,"{'imputer_strategy': 'mean', 'C': 0.02590974532597553, 'l1_ratio': 0.3443622335166928}"
Logistic Regression,heifer,has defects,Accuracy,2,Test,0.7446808510638298,233,94,"{'imputer_strategy': 'mean', 'C': 0.02590974532597553, 'l1_ratio': 0.3443622335166928}"
Logistic Regression,heifer,has defects,Accuracy,3,Test,0.5319148936170213,233,94,"{'imputer_strategy': 'mean', 'C': 0.02590974532597553, 'l1_ratio': 0.3443622335166928}"
Logistic Regression,heifer,has defects,Accuracy,4,Test,0.6086956521739131,233,94,"{'imputer_strategy': 'mean', 'C': 0.02590974532597553, 'l1_ratio': 0.3443622335166928}"
Logistic Regression,heifer,has defects,Accuracy,5,Test,0.6521739130434783,233,94,"{'imputer_strategy': 'mean', 'C': 0.02590974532597553, 'l1_ratio': 0.3443622335166928}"
Logistic Regression,heifer,has defects,Balanced Accuracy,1,Train,0.6455855855855855,233,94,"{'imputer_strategy': 'mean', 'C': 0.02590974532597553, 'l1_ratio': 0.3443622335166928}"
Logistic Regression,heifer,has defects,Balanced Accuracy,2,Train,0.6409009009009009,233,94,"{'imputer_strategy': 'mean', 'C': 0.02590974532597553, 'l1_ratio': 0.3443622335166928}"
Logistic Regression,heifer,has defects,Balanced Accuracy,3,Train,0.6873873873873874,233,94,"{'imputer_strategy': 'mean', 'C': 0.02590974532597553, 'l1_ratio': 0.3443622335166928}"
Logistic Regression,heifer,has defects,Balanced Accuracy,4,Train,0.6762091038406828,233,94,"{'imputer_strategy': 'mean', 'C': 0.02590974532597553, 'l1_ratio': 0.3443622335166928}"
Logistic Regression,heifer,has defects,Balanced Accuracy,5,Train,0.664047619047619,233,94,"{'imputer_strategy': 'mean', 'C': 0.02590974532597553, 'l1_ratio': 0.3443622335166928}"
Logistic Regression,heifer,has defects,Balanced Accuracy,1,Test,0.6842105263157895,233,94,"{'imputer_strategy': 'mean', 'C': 0.02590974532597553, 'l1_ratio': 0.3443622335166928}"
Logistic Regression,heifer,has defects,Balanced Accuracy,2,Test,0.7349624060150376,233,94,"{'imputer_strategy': 'mean', 'C': 0.02590974532597553, 'l1_ratio': 0.3443622335166928}"
Logistic Regression,heifer,has defects,Balanced Accuracy,3,Test,0.49718045112781956,233,94,"{'imputer_strategy': 'mean', 'C': 0.02590974532597553, 'l1_ratio': 0.3443622335166928}"
Logistic Regression,heifer,has defects,Balanced Accuracy,4,Test,0.5595238095238095,233,94,"{'imputer_strategy': 'mean', 'C': 0.02590974532597553, 'l1_ratio': 0.3443622335166928}"
Logistic Regression,heifer,has defects,Balanced Accuracy,5,Test,0.6257309941520468,233,94,"{'imputer_strategy': 'mean', 'C': 0.02590974532597553, 'l1_ratio': 0.3443622335166928}"
Logistic Regression,heifer,has defects,F1,1,Train,0.5354330708661418,233,94,"{'imputer_strategy': 'mean', 'C': 0.02590974532597553, 'l1_ratio': 0.3443622335166928}"
Logistic Regression,heifer,has defects,F1,2,Train,0.5413533834586466,233,94,"{'imputer_strategy': 'mean', 'C': 0.02590974532597553, 'l1_ratio': 0.3443622335166928}"
Logistic Regression,heifer,has defects,F1,3,Train,0.6206896551724138,233,94,"{'imputer_strategy': 'mean', 'C': 0.02590974532597553, 'l1_ratio': 0.3443622335166928}"
Logistic Regression,heifer,has defects,F1,4,Train,0.5691056910569106,233,94,"{'imputer_strategy': 'mean', 'C': 0.02590974532597553, 'l1_ratio': 0.3443622335166928}"
Logistic Regression,heifer,has defects,F1,5,Train,0.5714285714285714,233,94,"{'imputer_strategy': 'mean', 'C': 0.02590974532597553, 'l1_ratio': 0.3443622335166928}"
Logistic Regression,heifer,has defects,F1,1,Test,0.5384615384615384,233,94,"{'imputer_strategy': 'mean', 'C': 0.02590974532597553, 'l1_ratio': 0.3443622335166928}"
Logistic Regression,heifer,has defects,F1,2,Test,0.6842105263157895,233,94,"{'imputer_strategy': 'mean', 'C': 0.02590974532597553, 'l1_ratio': 0.3443622335166928}"
Logistic Regression,heifer,has defects,F1,3,Test,0.35294117647058826,233,94,"{'imputer_strategy': 'mean', 'C': 0.02590974532597553, 'l1_ratio': 0.3443622335166928}"
Logistic Regression,heifer,has defects,F1,4,Test,0.4,233,94,"{'imputer_strategy': 'mean', 'C': 0.02590974532597553, 'l1_ratio': 0.3443622335166928}"
Logistic Regression,heifer,has defects,F1,5,Test,0.5294117647058824,233,94,"{'imputer_strategy': 'mean', 'C': 0.02590974532597553, 'l1_ratio': 0.3443622335166928}"
Logistic Regression,heifer,has defects,ROC AUC,1,Train,0.7298498498498498,233,94,"{'imputer_strategy': 'mean', 'C': 0.02590974532597553, 'l1_ratio': 0.3443622335166928}"
Logistic Regression,heifer,has defects,ROC AUC,2,Train,0.7341741741741743,233,94,"{'imputer_strategy': 'mean', 'C': 0.02590974532597553, 'l1_ratio': 0.3443622335166928}"
Logistic Regression,heifer,has defects,ROC AUC,3,Train,0.7595795795795797,233,94,"{'imputer_strategy': 'mean', 'C': 0.02590974532597553, 'l1_ratio': 0.3443622335166928}"
Logistic Regression,heifer,has defects,ROC AUC,4,Train,0.7430654338549075,233,94,"{'imputer_strategy': 'mean', 'C': 0.02590974532597553, 'l1_ratio': 0.3443622335166928}"
Logistic Regression,heifer,has defects,ROC AUC,5,Train,0.7439880952380953,233,94,"{'imputer_strategy': 'mean', 'C': 0.02590974532597553, 'l1_ratio': 0.3443622335166928}"
Logistic Regression,heifer,has defects,ROC AUC,1,Test,0.7687969924812029,233,94,"{'imputer_strategy': 'mean', 'C': 0.02590974532597553, 'l1_ratio': 0.3443622335166928}"
Logistic Regression,heifer,has defects,ROC AUC,2,Test,0.743421052631579,233,94,"{'imputer_strategy': 'mean', 'C': 0.02590974532597553, 'l1_ratio': 0.3443622335166928}"
Logistic Regression,heifer,has defects,ROC AUC,3,Test,0.5657894736842105,233,94,"{'imputer_strategy': 'mean', 'C': 0.02590974532597553, 'l1_ratio': 0.3443622335166928}"
Logistic Regression,heifer,has defects,ROC AUC,4,Test,0.6636904761904762,233,94,"{'imputer_strategy': 'mean', 'C': 0.02590974532597553, 'l1_ratio': 0.3443622335166928}"
Logistic Regression,heifer,has defects,ROC AUC,5,Test,0.7202729044834308,233,94,"{'imputer_strategy': 'mean', 'C': 0.02590974532597553, 'l1_ratio': 0.3443622335166928}"
SVC,cow,has defects,Accuracy,1,Train,0.6388888888888888,46,26,"{'imputer_strategy': 'mean', 'C': 0.13894498012254627, 'gamma': 0.0173231198074053}"
SVC,cow,has defects,Accuracy,2,Train,0.7027027027027027,46,26,"{'imputer_strategy': 'mean', 'C': 0.13894498012254627, 'gamma': 0.0173231198074053}"
SVC,cow,has defects,Accuracy,3,Train,0.6756756756756757,46,26,"{'imputer_strategy': 'mean', 'C': 0.13894498012254627, 'gamma': 0.0173231198074053}"
SVC,cow,has defects,Accuracy,4,Train,0.6756756756756757,46,26,"{'imputer_strategy': 'mean', 'C': 0.13894498012254627, 'gamma': 0.0173231198074053}"
SVC,cow,has defects,Accuracy,5,Train,0.6756756756756757,46,26,"{'imputer_strategy': 'mean', 'C': 0.13894498012254627, 'gamma': 0.0173231198074053}"
SVC,cow,has defects,Accuracy,1,Test,0.8,46,26,"{'imputer_strategy': 'mean', 'C': 0.13894498012254627, 'gamma': 0.0173231198074053}"
SVC,cow,has defects,Accuracy,2,Test,0.5555555555555556,46,26,"{'imputer_strategy': 'mean', 'C': 0.13894498012254627, 'gamma': 0.0173231198074053}"
SVC,cow,has defects,Accuracy,3,Test,0.6666666666666666,46,26,"{'imputer_strategy': 'mean', 'C': 0.13894498012254627, 'gamma': 0.0173231198074053}"
SVC,cow,has defects,Accuracy,4,Test,0.6666666666666666,46,26,"{'imputer_strategy': 'mean', 'C': 0.13894498012254627, 'gamma': 0.0173231198074053}"
SVC,cow,has defects,Accuracy,5,Test,0.6666666666666666,46,26,"{'imputer_strategy': 'mean', 'C': 0.13894498012254627, 'gamma': 0.0173231198074053}"
SVC,cow,has defects,Balanced Accuracy,1,Train,0.6,46,26,"{'imputer_strategy': 'mean', 'C': 0.13894498012254627, 'gamma': 0.0173231198074053}"
SVC,cow,has defects,Balanced Accuracy,2,Train,0.65625,46,26,"{'imputer_strategy': 'mean', 'C': 0.13894498012254627, 'gamma': 0.0173231198074053}"
SVC,cow,has defects,Balanced Accuracy,3,Train,0.6324404761904762,46,26,"{'imputer_strategy': 'mean', 'C': 0.13894498012254627, 'gamma': 0.0173231198074053}"
SVC,cow,has defects,Balanced Accuracy,4,Train,0.6324404761904762,46,26,"{'imputer_strategy': 'mean', 'C': 0.13894498012254627, 'gamma': 0.0173231198074053}"
SVC,cow,has defects,Balanced Accuracy,5,Train,0.6324404761904762,46,26,"{'imputer_strategy': 'mean', 'C': 0.13894498012254627, 'gamma': 0.0173231198074053}"
SVC,cow,has defects,Balanced Accuracy,1,Test,0.75,46,26,"{'imputer_strategy': 'mean', 'C': 0.13894498012254627, 'gamma': 0.0173231198074053}"
SVC,cow,has defects,Balanced Accuracy,2,Test,0.525,46,26,"{'imputer_strategy': 'mean', 'C': 0.13894498012254627, 'gamma': 0.0173231198074053}"
SVC,cow,has defects,Balanced Accuracy,3,Test,0.625,46,26,"{'imputer_strategy': 'mean', 'C': 0.13894498012254627, 'gamma': 0.0173231198074053}"
SVC,cow,has defects,Balanced Accuracy,4,Test,0.625,46,26,"{'imputer_strategy': 'mean', 'C': 0.13894498012254627, 'gamma': 0.0173231198074053}"
SVC,cow,has defects,Balanced Accuracy,5,Test,0.625,46,26,"{'imputer_strategy': 'mean', 'C': 0.13894498012254627, 'gamma': 0.0173231198074053}"
SVC,cow,has defects,F1,1,Train,0.7450980392156863,46,26,"{'imputer_strategy': 'mean', 'C': 0.13894498012254627, 'gamma': 0.0173231198074053}"
SVC,cow,has defects,F1,2,Train,0.7924528301886793,46,26,"{'imputer_strategy': 'mean', 'C': 0.13894498012254627, 'gamma': 0.0173231198074053}"
SVC,cow,has defects,F1,3,Train,0.7692307692307693,46,26,"{'imputer_strategy': 'mean', 'C': 0.13894498012254627, 'gamma': 0.0173231198074053}"
SVC,cow,has defects,F1,4,Train,0.7692307692307693,46,26,"{'imputer_strategy': 'mean', 'C': 0.13894498012254627, 'gamma': 0.0173231198074053}"
SVC,cow,has defects,F1,5,Train,0.7692307692307693,46,26,"{'imputer_strategy': 'mean', 'C': 0.13894498012254627, 'gamma': 0.0173231198074053}"
SVC,cow,has defects,F1,1,Test,0.8571428571428571,46,26,"{'imputer_strategy': 'mean', 'C': 0.13894498012254627, 'gamma': 0.0173231198074053}"
SVC,cow,has defects,F1,2,Test,0.6666666666666666,46,26,"{'imputer_strategy': 'mean', 'C': 0.13894498012254627, 'gamma': 0.0173231198074053}"
SVC,cow,has defects,F1,3,Test,0.7692307692307693,46,26,"{'imputer_strategy': 'mean', 'C': 0.13894498012254627, 'gamma': 0.0173231198074053}"
SVC,cow,has defects,F1,4,Test,0.7692307692307693,46,26,"{'imputer_strategy': 'mean', 'C': 0.13894498012254627, 'gamma': 0.0173231198074053}"
SVC,cow,has defects,F1,5,Test,0.7692307692307693,46,26,"{'imputer_strategy': 'mean', 'C': 0.13894498012254627, 'gamma': 0.0173231198074053}"
SVC,cow,has defects,ROC AUC,1,Train,0.6828125,46,26,"{'imputer_strategy': 'mean', 'C': 0.13894498012254627, 'gamma': 0.0173231198074053}"
SVC,cow,has defects,ROC AUC,2,Train,0.7247023809523809,46,26,"{'imputer_strategy': 'mean', 'C': 0.13894498012254627, 'gamma': 0.0173231198074053}"
SVC,cow,has defects,ROC AUC,3,Train,0.7038690476190477,46,26,"{'imputer_strategy': 'mean', 'C': 0.13894498012254627, 'gamma': 0.0173231198074053}"
SVC,cow,has defects,ROC AUC,4,Train,0.7038690476190477,46,26,"{'imputer_strategy': 'mean', 'C': 0.13894498012254627, 'gamma': 0.0173231198074053}"
SVC,cow,has defects,ROC AUC,5,Train,0.7008928571428572,46,26,"{'imputer_strategy': 'mean', 'C': 0.13894498012254627, 'gamma': 0.0173231198074053}"
SVC,cow,has defects,ROC AUC,1,Test,0.75,46,26,"{'imputer_strategy': 'mean', 'C': 0.13894498012254627, 'gamma': 0.0173231198074053}"
SVC,cow,has defects,ROC AUC,2,Test,0.6,46,26,"{'imputer_strategy': 'mean', 'C': 0.13894498012254627, 'gamma': 0.0173231198074053}"
SVC,cow,has defects,ROC AUC,3,Test,0.7,46,26,"{'imputer_strategy': 'mean', 'C': 0.13894498012254627, 'gamma': 0.0173231198074053}"
SVC,cow,has defects,ROC AUC,4,Test,0.7,46,26,"{'imputer_strategy': 'mean', 'C': 0.13894498012254627, 'gamma': 0.0173231198074053}"
SVC,cow,has defects,ROC AUC,5,Test,0.7250000000000001,46,26,"{'imputer_strategy': 'mean', 'C': 0.13894498012254627, 'gamma': 0.0173231198074053}"
SVC,steer,has defects,Accuracy,1,Train,0.7854330708661418,636,200,"{'imputer_strategy': 'mean', 'C': 8.498386071812147, 'gamma': 0.0005166677203347783}"
SVC,steer,has defects,Accuracy,2,Train,0.7897838899803536,636,200,"{'imputer_strategy': 'mean', 'C': 8.498386071812147, 'gamma': 0.0005166677203347783}"
SVC,steer,has defects,Accuracy,3,Train,0.7956777996070727,636,200,"{'imputer_strategy': 'mean', 'C': 8.498386071812147, 'gamma': 0.0005166677203347783}"
SVC,steer,has defects,Accuracy,4,Train,0.7721021611001965,636,200,"{'imputer_strategy': 'mean', 'C': 8.498386071812147, 'gamma': 0.0005166677203347783}"
SVC,steer,has defects,Accuracy,5,Train,0.7976424361493124,636,200,"{'imputer_strategy': 'mean', 'C': 8.498386071812147, 'gamma': 0.0005166677203347783}"
SVC,steer,has defects,Accuracy,1,Test,0.8046875,636,200,"{'imputer_strategy': 'mean', 'C': 8.498386071812147, 'gamma': 0.0005166677203347783}"
SVC,steer,has defects,Accuracy,2,Test,0.7874015748031497,636,200,"{'imputer_strategy': 'mean', 'C': 8.498386071812147, 'gamma': 0.0005166677203347783}"
SVC,steer,has defects,Accuracy,3,Test,0.6614173228346457,636,200,"{'imputer_strategy': 'mean', 'C': 8.498386071812147, 'gamma': 0.0005166677203347783}"
SVC,steer,has defects,Accuracy,4,Test,0.8346456692913385,636,200,"{'imputer_strategy': 'mean', 'C': 8.498386071812147, 'gamma': 0.0005166677203347783}"
SVC,steer,has defects,Accuracy,5,Test,0.7559055118110236,636,200,"{'imputer_strategy': 'mean', 'C': 8.498386071812147, 'gamma': 0.0005166677203347783}"
SVC,steer,has defects,Balanced Accuracy,1,Train,0.7707974137931034,636,200,"{'imputer_strategy': 'mean', 'C': 8.498386071812147, 'gamma': 0.0005166677203347783}"
SVC,steer,has defects,Balanced Accuracy,2,Train,0.7671651146131806,636,200,"{'imputer_strategy': 'mean', 'C': 8.498386071812147, 'gamma': 0.0005166677203347783}"
SVC,steer,has defects,Balanced Accuracy,3,Train,0.7917711318051576,636,200,"{'imputer_strategy': 'mean', 'C': 8.498386071812147, 'gamma': 0.0005166677203347783}"
SVC,steer,has defects,Balanced Accuracy,4,Train,0.7576558022922636,636,200,"{'imputer_strategy': 'mean', 'C': 8.498386071812147, 'gamma': 0.0005166677203347783}"
SVC,steer,has defects,Balanced Accuracy,5,Train,0.7796651146131806,636,200,"{'imputer_strategy': 'mean', 'C': 8.498386071812147, 'gamma': 0.0005166677203347783}"
SVC,steer,has defects,Balanced Accuracy,1,Test,0.7761363636363636,636,200,"{'imputer_strategy': 'mean', 'C': 8.498386071812147, 'gamma': 0.0005166677203347783}"
SVC,steer,has defects,Balanced Accuracy,2,Test,0.7908045977011495,636,200,"{'imputer_strategy': 'mean', 'C': 8.498386071812147, 'gamma': 0.0005166677203347783}"
SVC,steer,has defects,Balanced Accuracy,3,Test,0.6448275862068966,636,200,"{'imputer_strategy': 'mean', 'C': 8.498386071812147, 'gamma': 0.0005166677203347783}"
SVC,steer,has defects,Balanced Accuracy,4,Test,0.7847701149425288,636,200,"{'imputer_strategy': 'mean', 'C': 8.498386071812147, 'gamma': 0.0005166677203347783}"
SVC,steer,has defects,Balanced Accuracy,5,Test,0.7408045977011495,636,200,"{'imputer_strategy': 'mean', 'C': 8.498386071812147, 'gamma': 0.0005166677203347783}"
SVC,steer,has defects,F1,1,Train,0.6822157434402333,636,200,"{'imputer_strategy': 'mean', 'C': 8.498386071812147, 'gamma': 0.0005166677203347783}"
SVC,steer,has defects,F1,2,Train,0.6786786786786787,636,200,"{'imputer_strategy': 'mean', 'C': 8.498386071812147, 'gamma': 0.0005166677203347783}"
SVC,steer,has defects,F1,3,Train,0.7062146892655368,636,200,"{'imputer_strategy': 'mean', 'C': 8.498386071812147, 'gamma': 0.0005166677203347783}"
SVC,steer,has defects,F1,4,Train,0.6647398843930635,636,200,"{'imputer_strategy': 'mean', 'C': 8.498386071812147, 'gamma': 0.0005166677203347783}"
SVC,steer,has defects,F1,5,Train,0.6943620178041543,636,200,"{'imputer_strategy': 'mean', 'C': 8.498386071812147, 'gamma': 0.0005166677203347783}"
SVC,steer,has defects,F1,1,Test,0.691358024691358,636,200,"{'imputer_strategy': 'mean', 'C': 8.498386071812147, 'gamma': 0.0005166677203347783}"
SVC,steer,has defects,F1,2,Test,0.7032967032967034,636,200,"{'imputer_strategy': 'mean', 'C': 8.498386071812147, 'gamma': 0.0005166677203347783}"
SVC,steer,has defects,F1,3,Test,0.5274725274725275,636,200,"{'imputer_strategy': 'mean', 'C': 8.498386071812147, 'gamma': 0.0005166677203347783}"
SVC,steer,has defects,F1,4,Test,0.7123287671232876,636,200,"{'imputer_strategy': 'mean', 'C': 8.498386071812147, 'gamma': 0.0005166677203347783}"
SVC,steer,has defects,F1,5,Test,0.6436781609195402,636,200,"{'imputer_strategy': 'mean', 'C': 8.498386071812147, 'gamma': 0.0005166677203347783}"
SVC,steer,has defects,ROC AUC,1,Train,0.8135416666666667,636,200,"{'imputer_strategy': 'mean', 'C': 8.498386071812147, 'gamma': 0.0005166677203347783}"
SVC,steer,has defects,ROC AUC,2,Train,0.7763252148997135,636,200,"{'imputer_strategy': 'mean', 'C': 8.498386071812147, 'gamma': 0.0005166677203347783}"
SVC,steer,has defects,ROC AUC,3,Train,0.8244000716332378,636,200,"{'imputer_strategy': 'mean', 'C': 8.498386071812147, 'gamma': 0.0005166677203347783}"
SVC,steer,has defects,ROC AUC,4,Train,0.7783398997134671,636,200,"{'imputer_strategy': 'mean', 'C': 8.498386071812147, 'gamma': 0.0005166677203347783}"
SVC,steer,has defects,ROC AUC,5,Train,0.8113896848137536,636,200,"{'imputer_strategy': 'mean', 'C': 8.498386071812147, 'gamma': 0.0005166677203347783}"
SVC,steer,has defects,ROC AUC,1,Test,0.7938920454545454,636,200,"{'imputer_strategy': 'mean', 'C': 8.498386071812147, 'gamma': 0.0005166677203347783}"
SVC,steer,has defects,ROC AUC,2,Test,0.8,636,200,"{'imputer_strategy': 'mean', 'C': 8.498386071812147, 'gamma': 0.0005166677203347783}"
SVC,steer,has defects,ROC AUC,3,Test,0.6323275862068966,636,200,"{'imputer_strategy': 'mean', 'C': 8.498386071812147, 'gamma': 0.0005166677203347783}"
SVC,steer,has defects,ROC AUC,4,Test,0.871551724137931,636,200,"{'imputer_strategy': 'mean', 'C': 8.498386071812147, 'gamma': 0.0005166677203347783}"
SVC,steer,has defects,ROC AUC,5,Test,0.751580459770115,636,200,"{'imputer_strategy': 'mean', 'C': 8.498386071812147, 'gamma': 0.0005166677203347783}"
SVC,heifer,has defects,Accuracy,1,Train,0.7150537634408602,233,94,"{'imputer_strategy': 'mean', 'C': 0.4157907174687338, 'gamma': 0.5880405591115732}"
SVC,heifer,has defects,Accuracy,2,Train,0.7150537634408602,233,94,"{'imputer_strategy': 'mean', 'C': 0.4157907174687338, 'gamma': 0.5880405591115732}"
SVC,heifer,has defects,Accuracy,3,Train,0.7419354838709677,233,94,"{'imputer_strategy': 'mean', 'C': 0.4157907174687338, 'gamma': 0.5880405591115732}"
SVC,heifer,has defects,Accuracy,4,Train,0.732620320855615,233,94,"{'imputer_strategy': 'mean', 'C': 0.4157907174687338, 'gamma': 0.5880405591115732}"
SVC,heifer,has defects,Accuracy,5,Train,0.7219251336898396,233,94,"{'imputer_strategy': 'mean', 'C': 0.4157907174687338, 'gamma': 0.5880405591115732}"
SVC,heifer,has defects,Accuracy,1,Test,0.6808510638297872,233,94,"{'imputer_strategy': 'mean', 'C': 0.4157907174687338, 'gamma': 0.5880405591115732}"
SVC,heifer,has defects,Accuracy,2,Test,0.6595744680851063,233,94,"{'imputer_strategy': 'mean', 'C': 0.4157907174687338, 'gamma': 0.5880405591115732}"
SVC,heifer,has defects,Accuracy,3,Test,0.6595744680851063,233,94,"{'imputer_strategy': 'mean', 'C': 0.4157907174687338, 'gamma': 0.5880405591115732}"
SVC,heifer,has defects,Accuracy,4,Test,0.6739130434782609,233,94,"{'imputer_strategy': 'mean', 'C': 0.4157907174687338, 'gamma': 0.5880405591115732}"
SVC,heifer,has defects,Accuracy,5,Test,0.5869565217391305,233,94,"{'imputer_strategy': 'mean', 'C': 0.4157907174687338, 'gamma': 0.5880405591115732}"
SVC,heifer,has defects,Balanced Accuracy,1,Train,0.7223423423423423,233,94,"{'imputer_strategy': 'mean', 'C': 0.4157907174687338, 'gamma': 0.5880405591115732}"
SVC,heifer,has defects,Balanced Accuracy,2,Train,0.7158558558558559,233,94,"{'imputer_strategy': 'mean', 'C': 0.4157907174687338, 'gamma': 0.5880405591115732}"
SVC,heifer,has defects,Balanced Accuracy,3,Train,0.7167567567567568,233,94,"{'imputer_strategy': 'mean', 'C': 0.4157907174687338, 'gamma': 0.5880405591115732}"
SVC,heifer,has defects,Balanced Accuracy,4,Train,0.718764817449028,233,94,"{'imputer_strategy': 'mean', 'C': 0.4157907174687338, 'gamma': 0.5880405591115732}"
SVC,heifer,has defects,Balanced Accuracy,5,Train,0.717202380952381,233,94,"{'imputer_strategy': 'mean', 'C': 0.4157907174687338, 'gamma': 0.5880405591115732}"
SVC,heifer,has defects,Balanced Accuracy,1,Test,0.6475563909774436,233,94,"{'imputer_strategy': 'mean', 'C': 0.4157907174687338, 'gamma': 0.5880405591115732}"
SVC,heifer,has defects,Balanced Accuracy,2,Test,0.6889097744360901,233,94,"{'imputer_strategy': 'mean', 'C': 0.4157907174687338, 'gamma': 0.5880405591115732}"
SVC,heifer,has defects,Balanced Accuracy,3,Test,0.6212406015037594,233,94,"{'imputer_strategy': 'mean', 'C': 0.4157907174687338, 'gamma': 0.5880405591115732}"
SVC,heifer,has defects,Balanced Accuracy,4,Test,0.6329365079365079,233,94,"{'imputer_strategy': 'mean', 'C': 0.4157907174687338, 'gamma': 0.5880405591115732}"
SVC,heifer,has defects,Balanced Accuracy,5,Test,0.5779727095516569,233,94,"{'imputer_strategy': 'mean', 'C': 0.4157907174687338, 'gamma': 0.5880405591115732}"
SVC,heifer,has defects,F1,1,Train,0.6826347305389222,233,94,"{'imputer_strategy': 'mean', 'C': 0.4157907174687338, 'gamma': 0.5880405591115732}"
SVC,heifer,has defects,F1,2,Train,0.6708074534161491,233,94,"{'imputer_strategy': 'mean', 'C': 0.4157907174687338, 'gamma': 0.5880405591115732}"
SVC,heifer,has defects,F1,3,Train,0.6470588235294118,233,94,"{'imputer_strategy': 'mean', 'C': 0.4157907174687338, 'gamma': 0.5880405591115732}"
SVC,heifer,has defects,F1,4,Train,0.6621621621621622,233,94,"{'imputer_strategy': 'mean', 'C': 0.4157907174687338, 'gamma': 0.5880405591115732}"
SVC,heifer,has defects,F1,5,Train,0.6666666666666666,233,94,"{'imputer_strategy': 'mean', 'C': 0.4157907174687338, 'gamma': 0.5880405591115732}"
SVC,heifer,has defects,F1,1,Test,0.5454545454545454,233,94,"{'imputer_strategy': 'mean', 'C': 0.4157907174687338, 'gamma': 0.5880405591115732}"
SVC,heifer,has defects,F1,2,Test,0.6666666666666666,233,94,"{'imputer_strategy': 'mean', 'C': 0.4157907174687338, 'gamma': 0.5880405591115732}"
SVC,heifer,has defects,F1,3,Test,0.5,233,94,"{'imputer_strategy': 'mean', 'C': 0.4157907174687338, 'gamma': 0.5880405591115732}"
SVC,heifer,has defects,F1,4,Test,0.5161290322580645,233,94,"{'imputer_strategy': 'mean', 'C': 0.4157907174687338, 'gamma': 0.5880405591115732}"
SVC,heifer,has defects,F1,5,Test,0.5128205128205128,233,94,"{'imputer_strategy': 'mean', 'C': 0.4157907174687338, 'gamma': 0.5880405591115732}"
SVC,heifer,has defects,ROC AUC,1,Train,0.7702702702702704,233,94,"{'imputer_strategy': 'mean', 'C': 0.4157907174687338, 'gamma': 0.5880405591115732}"
SVC,heifer,has defects,ROC AUC,2,Train,0.7468468468468469,233,94,"{'imputer_strategy': 'mean', 'C': 0.4157907174687338, 'gamma': 0.5880405591115732}"
SVC,heifer,has defects,ROC AUC,3,Train,0.7641441441441443,233,94,"{'imputer_strategy': 'mean', 'C': 0.4157907174687338, 'gamma': 0.5880405591115732}"
SVC,heifer,has defects,ROC AUC,4,Train,0.7492294926505452,233,94,"{'imputer_strategy': 'mean', 'C': 0.4157907174687338, 'gamma': 0.5880405591115732}"
SVC,heifer,has defects,ROC AUC,5,Train,0.765654761904762,233,94,"{'imputer_strategy': 'mean', 'C': 0.4157907174687338, 'gamma': 0.5880405591115732}"
SVC,heifer,has defects,ROC AUC,1,Test,0.7218045112781954,233,94,"{'imputer_strategy': 'mean', 'C': 0.4157907174687338, 'gamma': 0.5880405591115732}"
SVC,heifer,has defects,ROC AUC,2,Test,0.6898496240601504,233,94,"{'imputer_strategy': 'mean', 'C': 0.4157907174687338, 'gamma': 0.5880405591115732}"
SVC,heifer,has defects,ROC AUC,3,Test,0.5526315789473684,233,94,"{'imputer_strategy': 'mean', 'C': 0.4157907174687338, 'gamma': 0.5880405591115732}"
SVC,heifer,has defects,ROC AUC,4,Test,0.6547619047619048,233,94,"{'imputer_strategy': 'mean', 'C': 0.4157907174687338, 'gamma': 0.5880405591115732}"
SVC,heifer,has defects,ROC AUC,5,Test,0.6608187134502924,233,94,"{'imputer_strategy': 'mean', 'C': 0.4157907174687338, 'gamma': 0.5880405591115732}"
Random Forest,cow,has defects,Accuracy,1,Train,0.6388888888888888,46,26,"{'n_estimators': 400, 'max_depth': 12, 'min_samples_leaf': 4, 'max_features': 0.6183078271301471}"
Random Forest,cow,has defects,Accuracy,2,Train,0.7027027027027027,46,26,"{'n_estimators': 400, 'max_depth': 12, 'min_samples_leaf': 4, 'max_features': 0.6183078271301471}"
Random Forest,cow,has defects,Accuracy,3,Train,0.6756756756756757,46,26,"{'n_estimators': 400, 'max_depth': 12, 'min_samples_leaf': 4, 'max_features': 0.6183078271301471}"
Random Forest,cow,has defects,Accuracy,4,Train,0.6756756756756757,46,26,"{'n_estimators': 400, 'max_depth': 12, 'min_samples_leaf': 4, 'max_features': 0.6183078271301471}"
Random Forest,cow,has defects,Accuracy,5,Train,0.6756756756756757,46,26,"{'n_estimators': 400, 'max_depth': 12, 'min_samples_leaf': 4, 'max_features': 0.6183078271301471}"
Random Forest,cow,has defects,Accuracy,1,Test,0.8,46,26,"{'n_estimators': 400, 'max_depth': 12, 'min_samples_leaf': 4, 'max_features': 0.6183078271301471}"
Random Forest,cow,has defects,Accuracy,2,Test,0.5555555555555556,46,26,"{'n_estimators': 400, 'max_depth': 12, 'min_samples_leaf': 4, 'max_features': 0.6183078271301471}"
Random Forest,cow,has defects,Accuracy,3,Test,0.6666666666666666,46,26,"{'n_estimators': 400, 'max_depth': 12, 'min_samples_leaf': 4, 'max_features': 0.6183078271301471}"
Random Forest,cow,has defects,Accuracy,4,Test,0.6666666666666666,46,26,"{'n_estimators': 400, 'max_depth': 12, 'min_samples_leaf': 4, 'max_features': 0.6183078271301471}"
Random Forest,cow,has defects,Accuracy,5,Test,0.6666666666666666,46,26,"{'n_estimators': 400, 'max_depth': 12, 'min_samples_leaf': 4, 'max_features': 0.6183078271301471}"
Random Forest,cow,has defects,Balanced Accuracy,1,Train,0.6,46,26,"{'n_estimators': 400, 'max_depth': 12, 'min_samples_leaf': 4, 'max_features': 0.6183078271301471}"
Random Forest,cow,has defects,Balanced Accuracy,2,Train,0.65625,46,26,"{'n_estimators': 400, 'max_depth': 12, 'min_samples_leaf': 4, 'max_features': 0.6183078271301471}"
Random Forest,cow,has defects,Balanced Accuracy,3,Train,0.6324404761904762,46,26,"{'n_estimators': 400, 'max_depth': 12, 'min_samples_leaf': 4, 'max_features': 0.6183078271301471}"
Random Forest,cow,has defects,Balanced Accuracy,4,Train,0.6324404761904762,46,26,"{'n_estimators': 400, 'max_depth': 12, 'min_samples_leaf': 4, 'max_features': 0.6183078271301471}"
Random Forest,cow,has defects,Balanced Accuracy,5,Train,0.6324404761904762,46,26,"{'n_estimators': 400, 'max_depth': 12, 'min_samples_leaf': 4, 'max_features': 0.6183078271301471}"
Random Forest,cow,has defects,Balanced Accuracy,1,Test,0.75,46,26,"{'n_estimators': 400, 'max_depth': 12, 'min_samples_leaf': 4, 'max_features': 0.6183078271301471}"
Random Forest,cow,has defects,Balanced Accuracy,2,Test,0.525,46,26,"{'n_estimators': 400, 'max_depth': 12, 'min_samples_leaf': 4, 'max_features': 0.6183078271301471}"
Random Forest,cow,has defects,Balanced Accuracy,3,Test,0.625,46,26,"{'n_estimators': 400, 'max_depth': 12, 'min_samples_leaf': 4, 'max_features': 0.6183078271301471}"
Random Forest,cow,has defects,Balanced Accuracy,4,Test,0.625,46,26,"{'n_estimators': 400, 'max_depth': 12, 'min_samples_leaf': 4, 'max_features': 0.6183078271301471}"
Random Forest,cow,has defects,Balanced Accuracy,5,Test,0.625,46,26,"{'n_estimators': 400, 'max_depth': 12, 'min_samples_leaf': 4, 'max_features': 0.6183078271301471}"
Random Forest,cow,has defects,F1,1,Train,0.7450980392156863,46,26,"{'n_estimators': 400, 'max_depth': 12, 'min_samples_leaf': 4, 'max_features': 0.6183078271301471}"
Random Forest,cow,has defects,F1,2,Train,0.7924528301886793,46,26,"{'n_estimators': 400, 'max_depth': 12, 'min_samples_leaf': 4, 'max_features': 0.6183078271301471}"
Random Forest,cow,has defects,F1,3,Train,0.7692307692307693,46,26,"{'n_estimators': 400, 'max_depth': 12, 'min_samples_leaf': 4, 'max_features': 0.6183078271301471}"
Random Forest,cow,has defects,F1,4,Train,0.7692307692307693,46,26,"{'n_estimators': 400, 'max_depth': 12, 'min_samples_leaf': 4, 'max_features': 0.6183078271301471}"
Random Forest,cow,has defects,F1,5,Train,0.7692307692307693,46,26,"{'n_estimators': 400, 'max_depth': 12, 'min_samples_leaf': 4, 'max_features': 0.6183078271301471}"
Random Forest,cow,has defects,F1,1,Test,0.8571428571428571,46,26,"{'n_estimators': 400, 'max_depth': 12, 'min_samples_leaf': 4, 'max_features': 0.6183078271301471}"
Random Forest,cow,has defects,F1,2,Test,0.6666666666666666,46,26,"{'n_estimators': 400, 'max_depth': 12, 'min_samples_leaf': 4, 'max_features': 0.6183078271301471}"
Random Forest,cow,has defects,F1,3,Test,0.7692307692307693,46,26,"{'n_estimators': 400, 'max_depth': 12, 'min_samples_leaf': 4, 'max_features': 0.6183078271301471}"
Random Forest,cow,has defects,F1,4,Test,0.7692307692307693,46,26,"{'n_estimators': 400, 'max_depth': 12, 'min_samples_leaf': 4, 'max_features': 0.6183078271301471}"
Random Forest,cow,has defects,F1,5,Test,0.7692307692307693,46,26,"{'n_estimators': 400, 'max_depth': 12, 'min_samples_leaf': 4, 'max_features': 0.6183078271301471}"
Random Forest,cow,has defects,ROC AUC,1,Train,0.6828125,46,26,"{'n_estimators': 400, 'max_depth': 12, 'min_samples_leaf': 4, 'max_features': 0.6183078271301471}"
Random Forest,cow,has defects,ROC AUC,2,Train,0.7247023809523809,46,26,"{'n_estimators': 400, 'max_depth': 12, 'min_samples_leaf': 4, 'max_features': 0.6183078271301471}"
Random Forest,cow,has defects,ROC AUC,3,Train,0.7038690476190477,46,26,"{'n_estimators': 400, 'max_depth': 12, 'min_samples_leaf': 4, 'max_features': 0.6183078271301471}"
Random Forest,cow,has defects,ROC AUC,4,Train,0.7038690476190477,46,26,"{'n_estimators': 400, 'max_depth': 12, 'min_samples_leaf': 4, 'max_features': 0.6183078271301471}"
Random Forest,cow,has defects,ROC AUC,5,Train,0.7008928571428572,46,26,"{'n_estimators': 400, 'max_depth': 12, 'min_samples_leaf': 4, 'max_features': 0.6183078271301471}"
Random Forest,cow,has defects,ROC AUC,1,Test,0.75,46,26,"{'n_estimators': 400, 'max_depth': 12, 'min_samples_leaf': 4, 'max_features': 0.6183078271301471}"
Random Forest,cow,has defects,ROC AUC,2,Test,0.6,46,26,"{'n_estimators': 400, 'max_depth': 12, 'min_samples_leaf': 4, 'max_features': 0.6183078271301471}"
Random Forest,cow,has defects,ROC AUC,3,Test,0.7,46,26,"{'n_estimators': 400, 'max_depth': 12, 'min_samples_leaf': 4, 'max_features': 0.6183078271301471}"
Random Forest,cow,has defects,ROC AUC,4,Test,0.7,46,26,"{'n_estimators': 400, 'max_depth': 12, 'min_samples_leaf': 4, 'max_features': 0.6183078271301471}"
Random Forest,cow,has defects,ROC AUC,5,Test,0.7250000000000001,46,26,"{'n_estimators': 400, 'max_depth': 12, 'min_samples_leaf': 4, 'max_features': 0.6183078271301471}"
Random Forest,steer,has defects,Accuracy,1,Train,0.7775590551181102,636,200,"{'n_estimators': 400, 'max_depth': None, 'min_samples_leaf': 12, 'max_features': 0.802256455785889}"
Random Forest,steer,has defects,Accuracy,2,Train,0.7819253438113949,636,200,"{'n_estimators': 400, 'max_depth': None, 'min_samples_leaf': 12, 'max_features': 0.802256455785889}"
Random Forest,steer,has defects,Accuracy,3,Train,0.7996070726915521,636,200,"{'n_estimators': 400, 'max_depth': None, 'min_samples_leaf': 12, 'max_features': 0.802256455785889}"
Random Forest,steer,has defects,Accuracy,4,Train,0.7721021611001965,636,200,"{'n_estimators': 400, 'max_depth': None, 'min_samples_leaf': 12, 'max_features': 0.802256455785889}"
Random Forest,steer,has defects,Accuracy,5,Train,0.7976424361493124,636,200,"{'n_estimators': 400, 'max_depth': None, 'min_samples_leaf': 12, 'max_features': 0.802256455785889}"
Random Forest,steer,has defects,Accuracy,1,Test,0.796875,636,200,"{'n_estimators': 400, 'max_depth': None, 'min_samples_leaf': 12, 'max_features': 0.802256455785889}"
Random Forest,steer,has defects,Accuracy,2,Test,0.7874015748031497,636,200,"{'n_estimators': 400, 'max_depth': None, 'min_samples_leaf': 12, 'max_features': 0.802256455785889}"
Random Forest,steer,has defects,Accuracy,3,Test,0.7086614173228346,636,200,"{'n_estimators': 400, 'max_depth': None, 'min_samples_leaf': 12, 'max_features': 0.802256455785889}"
Random Forest,steer,has defects,Accuracy,4,Test,0.8582677165354331,636,200,"{'n_estimators': 400, 'max_depth': None, 'min_samples_leaf': 12, 'max_features': 0.802256455785889}"
Random Forest,steer,has defects,Accuracy,5,Test,0.7559055118110236,636,200,"{'n_estimators': 400, 'max_depth': None, 'min_samples_leaf': 12, 'max_features': 0.802256455785889}"
Random Forest,steer,has defects,Balanced Accuracy,1,Train,0.7667385057471265,636,200,"{'n_estimators': 400, 'max_depth': None, 'min_samples_leaf': 12, 'max_features': 0.802256455785889}"
Random Forest,steer,has defects,Balanced Accuracy,2,Train,0.7631267908309456,636,200,"{'n_estimators': 400, 'max_depth': None, 'min_samples_leaf': 12, 'max_features': 0.802256455785889}"
Random Forest,steer,has defects,Balanced Accuracy,3,Train,0.7827901146131806,636,200,"{'n_estimators': 400, 'max_depth': None, 'min_samples_leaf': 12, 'max_features': 0.802256455785889}"
Random Forest,steer,has defects,Balanced Accuracy,4,Train,0.7542711318051576,636,200,"{'n_estimators': 400, 'max_depth': None, 'min_samples_leaf': 12, 'max_features': 0.802256455785889}"
Random Forest,steer,has defects,Balanced Accuracy,5,Train,0.7779727793696275,636,200,"{'n_estimators': 400, 'max_depth': None, 'min_samples_leaf': 12, 'max_features': 0.802256455785889}"
Random Forest,steer,has defects,Balanced Accuracy,1,Test,0.7636363636363637,636,200,"{'n_estimators': 400, 'max_depth': None, 'min_samples_leaf': 12, 'max_features': 0.802256455785889}"
Random Forest,steer,has defects,Balanced Accuracy,2,Test,0.7908045977011495,636,200,"{'n_estimators': 400, 'max_depth': None, 'min_samples_leaf': 12, 'max_features': 0.802256455785889}"
Random Forest,steer,has defects,Balanced Accuracy,3,Test,0.6995689655172415,636,200,"{'n_estimators': 400, 'max_depth': None, 'min_samples_leaf': 12, 'max_features': 0.802256455785889}"
Random Forest,steer,has defects,Balanced Accuracy,4,Test,0.8222701149425287,636,200,"{'n_estimators': 400, 'max_depth': None, 'min_samples_leaf': 12, 'max_features': 0.802256455785889}"
Random Forest,steer,has defects,Balanced Accuracy,5,Test,0.7340517241379311,636,200,"{'n_estimators': 400, 'max_depth': None, 'min_samples_leaf': 12, 'max_features': 0.802256455785889}"
Random Forest,steer,has defects,F1,1,Train,0.6762177650429799,636,200,"{'n_estimators': 400, 'max_depth': None, 'min_samples_leaf': 12, 'max_features': 0.802256455785889}"
Random Forest,steer,has defects,F1,2,Train,0.672566371681416,636,200,"{'n_estimators': 400, 'max_depth': None, 'min_samples_leaf': 12, 'max_features': 0.802256455785889}"
Random Forest,steer,has defects,F1,3,Train,0.6982248520710059,636,200,"{'n_estimators': 400, 'max_depth': None, 'min_samples_leaf': 12, 'max_features': 0.802256455785889}"
Random Forest,steer,has defects,F1,4,Train,0.6608187134502924,636,200,"{'n_estimators': 400, 'max_depth': None, 'min_samples_leaf': 12, 'max_features': 0.802256455785889}"
Random Forest,steer,has defects,F1,5,Train,0.6925373134328359,636,200,"{'n_estimators': 400, 'max_depth': None, 'min_samples_leaf': 12, 'max_features': 0.802256455785889}"
Random Forest,steer,has defects,F1,1,Test,0.675,636,200,"{'n_estimators': 400, 'max_depth': None, 'min_samples_leaf': 12, 'max_features': 0.802256455785889}"
Random Forest,steer,has defects,F1,2,Test,0.7032967032967034,636,200,"{'n_estimators': 400, 'max_depth': None, 'min_samples_leaf': 12, 'max_features': 0.802256455785889}"
Random Forest,steer,has defects,F1,3,Test,0.5934065934065934,636,200,"{'n_estimators': 400, 'max_depth': None, 'min_samples_leaf': 12, 'max_features': 0.802256455785889}"
Random Forest,steer,has defects,F1,4,Test,0.7631578947368421,636,200,"{'n_estimators': 400, 'max_depth': None, 'min_samples_leaf': 12, 'max_features': 0.802256455785889}"
Random Forest,steer,has defects,F1,5,Test,0.6352941176470588,636,200,"{'n_estimators': 400, 'max_depth': None, 'min_samples_leaf': 12, 'max_features': 0.802256455785889}"
Random Forest,steer,has defects,ROC AUC,1,Train,0.8299030172413794,636,200,"{'n_estimators': 400, 'max_depth': None, 'min_samples_leaf': 12, 'max_features': 0.802256455785889}"
Random Forest,steer,has defects,ROC AUC,2,Train,0.8288144699140402,636,200,"{'n_estimators': 400, 'max_depth': None, 'min_samples_leaf': 12, 'max_features': 0.802256455785889}"
Random Forest,steer,has defects,ROC AUC,3,Train,0.8497671919770773,636,200,"{'n_estimators': 400, 'max_depth': None, 'min_samples_leaf': 12, 'max_features': 0.802256455785889}"
Random Forest,steer,has defects,ROC AUC,4,Train,0.8182127507163325,636,200,"{'n_estimators': 400, 'max_depth': None, 'min_samples_leaf': 12, 'max_features': 0.802256455785889}"
Random Forest,steer,has defects,ROC AUC,5,Train,0.8312679083094556,636,200,"{'n_estimators': 400, 'max_depth': None, 'min_samples_leaf': 12, 'max_features': 0.802256455785889}"
Random Forest,steer,has defects,ROC AUC,1,Test,0.7740056818181819,636,200,"{'n_estimators': 400, 'max_depth': None, 'min_samples_leaf': 12, 'max_features': 0.802256455785889}"
Random Forest,steer,has defects,ROC AUC,2,Test,0.8070402298850575,636,200,"{'n_estimators': 400, 'max_depth': None, 'min_samples_leaf': 12, 'max_features': 0.802256455785889}"
Random Forest,steer,has defects,ROC AUC,3,Test,0.7044540229885058,636,200,"{'n_estimators': 400, 'max_depth': None, 'min_samples_leaf': 12, 'max_features': 0.802256455785889}"
Random Forest,steer,has defects,ROC AUC,4,Test,0.828735632183908,636,200,"{'n_estimators': 400, 'max_depth': None, 'min_samples_leaf': 12, 'max_features': 0.802256455785889}"
Random Forest,steer,has defects,ROC AUC,5,Test,0.769396551724138,636,200,"{'n_estimators': 400, 'max_depth': None, 'min_samples_leaf': 12, 'max_features': 0.802256455785889}"
Random Forest,heifer,has defects,Accuracy,1,Train,0.7204301075268817,233,94,"{'n_estimators': 150, 'max_depth': 6, 'min_samples_leaf': 1, 'max_features': 0.8345516133562069}"
Random Forest,heifer,has defects,Accuracy,2,Train,0.7150537634408602,233,94,"{'n_estimators': 150, 'max_depth': 6, 'min_samples_leaf': 1, 'max_features': 0.8345516133562069}"
Random Forest,heifer,has defects,Accuracy,3,Train,0.7419354838709677,233,94,"{'n_estimators': 150, 'max_depth': 6, 'min_samples_leaf': 1, 'max_features': 0.8345516133562069}"
Random Forest,heifer,has defects,Accuracy,4,Train,0.732620320855615,233,94,"{'n_estimators': 150, 'max_depth': 6, 'min_samples_leaf': 1, 'max_features': 0.8345516133562069}"
Random Forest,heifer,has defects,Accuracy,5,Train,0.732620320855615,233,94,"{'n_estimators': 150, 'max_depth': 6, 'min_samples_leaf': 1, 'max_features': 0.8345516133562069}"
Random Forest,heifer,has defects,Accuracy,1,Test,0.7021276595744681,233,94,"{'n_estimators': 150, 'max_depth': 6, 'min_samples_leaf': 1, 'max_features': 0.8345516133562069}"
Random Forest,heifer,has defects,Accuracy,2,Test,0.6595744680851063,233,94,"{'n_estimators': 150, 'max_depth': 6, 'min_samples_leaf': 1, 'max_features': 0.8345516133562069}"
Random Forest,heifer,has defects,Accuracy,3,Test,0.6382978723404256,233,94,"{'n_estimators': 150, 'max_depth': 6, 'min_samples_leaf': 1, 'max_features': 0.8345516133562069}"
Random Forest,heifer,has defects,Accuracy,4,Test,0.6521739130434783,233,94,"{'n_estimators': 150, 'max_depth': 6, 'min_samples_leaf': 1, 'max_features': 0.8345516133562069}"
Random Forest,heifer,has defects,Accuracy,5,Test,0.6956521739130435,233,94,"{'n_estimators': 150, 'max_depth': 6, 'min_samples_leaf': 1, 'max_features': 0.8345516133562069}"
Random Forest,heifer,has defects,Balanced Accuracy,1,Train,0.7203603603603603,233,94,"{'n_estimators': 150, 'max_depth': 6, 'min_samples_leaf': 1, 'max_features': 0.8345516133562069}"
Random Forest,heifer,has defects,Balanced Accuracy,2,Train,0.6942342342342342,233,94,"{'n_estimators': 150, 'max_depth': 6, 'min_samples_leaf': 1, 'max_features': 0.8345516133562069}"
Random Forest,heifer,has defects,Balanced Accuracy,3,Train,0.7167567567567568,233,94,"{'n_estimators': 150, 'max_depth': 6, 'min_samples_leaf': 1, 'max_features': 0.8345516133562069}"
Random Forest,heifer,has defects,Balanced Accuracy,4,Train,0.7146159317211949,233,94,"{'n_estimators': 150, 'max_depth': 6, 'min_samples_leaf': 1, 'max_features': 0.8345516133562069}"
Random Forest,heifer,has defects,Balanced Accuracy,5,Train,0.7173214285714286,233,94,"{'n_estimators': 150, 'max_depth': 6, 'min_samples_leaf': 1, 'max_features': 0.8345516133562069}"
Random Forest,heifer,has defects,Balanced Accuracy,1,Test,0.6654135338345865,233,94,"{'n_estimators': 150, 'max_depth': 6, 'min_samples_leaf': 1, 'max_features': 0.8345516133562069}"
Random Forest,heifer,has defects,Balanced Accuracy,2,Test,0.6635338345864662,233,94,"{'n_estimators': 150, 'max_depth': 6, 'min_samples_leaf': 1, 'max_features': 0.8345516133562069}"
Random Forest,heifer,has defects,Balanced Accuracy,3,Test,0.5864661654135338,233,94,"{'n_estimators': 150, 'max_depth': 6, 'min_samples_leaf': 1, 'max_features': 0.8345516133562069}"
Random Forest,heifer,has defects,Balanced Accuracy,4,Test,0.6051587301587301,233,94,"{'n_estimators': 150, 'max_depth': 6, 'min_samples_leaf': 1, 'max_features': 0.8345516133562069}"
Random Forest,heifer,has defects,Balanced Accuracy,5,Test,0.6861598440545809,233,94,"{'n_estimators': 150, 'max_depth': 6, 'min_samples_leaf': 1, 'max_features': 0.8345516133562069}"
Random Forest,heifer,has defects,F1,1,Train,0.675,233,94,"{'n_estimators': 150, 'max_depth': 6, 'min_samples_leaf': 1, 'max_features': 0.8345516133562069}"
Random Forest,heifer,has defects,F1,2,Train,0.624113475177305,233,94,"{'n_estimators': 150, 'max_depth': 6, 'min_samples_leaf': 1, 'max_features': 0.8345516133562069}"
Random Forest,heifer,has defects,F1,3,Train,0.6470588235294118,233,94,"{'n_estimators': 150, 'max_depth': 6, 'min_samples_leaf': 1, 'max_features': 0.8345516133562069}"
Random Forest,heifer,has defects,F1,4,Train,0.6527777777777778,233,94,"{'n_estimators': 150, 'max_depth': 6, 'min_samples_leaf': 1, 'max_features': 0.8345516133562069}"
Random Forest,heifer,has defects,F1,5,Train,0.6575342465753424,233,94,"{'n_estimators': 150, 'max_depth': 6, 'min_samples_leaf': 1, 'max_features': 0.8345516133562069}"
Random Forest,heifer,has defects,F1,1,Test,0.5625,233,94,"{'n_estimators': 150, 'max_depth': 6, 'min_samples_leaf': 1, 'max_features': 0.8345516133562069}"
Random Forest,heifer,has defects,F1,2,Test,0.6190476190476191,233,94,"{'n_estimators': 150, 'max_depth': 6, 'min_samples_leaf': 1, 'max_features': 0.8345516133562069}"
Random Forest,heifer,has defects,F1,3,Test,0.41379310344827586,233,94,"{'n_estimators': 150, 'max_depth': 6, 'min_samples_leaf': 1, 'max_features': 0.8345516133562069}"
Random Forest,heifer,has defects,F1,4,Test,0.4666666666666667,233,94,"{'n_estimators': 150, 'max_depth': 6, 'min_samples_leaf': 1, 'max_features': 0.8345516133562069}"
Random Forest,heifer,has defects,F1,5,Test,0.631578947368421,233,94,"{'n_estimators': 150, 'max_depth': 6, 'min_samples_leaf': 1, 'max_features': 0.8345516133562069}"
Random Forest,heifer,has defects,ROC AUC,1,Train,0.7863663663663664,233,94,"{'n_estimators': 150, 'max_depth': 6, 'min_samples_leaf': 1, 'max_features': 0.8345516133562069}"
Random Forest,heifer,has defects,ROC AUC,2,Train,0.7903303303303303,233,94,"{'n_estimators': 150, 'max_depth': 6, 'min_samples_leaf': 1, 'max_features': 0.8345516133562069}"
Random Forest,heifer,has defects,ROC AUC,3,Train,0.8082282282282282,233,94,"{'n_estimators': 150, 'max_depth': 6, 'min_samples_leaf': 1, 'max_features': 0.8345516133562069}"
Random Forest,heifer,has defects,ROC AUC,4,Train,0.793800379326695,233,94,"{'n_estimators': 150, 'max_depth': 6, 'min_samples_leaf': 1, 'max_features': 0.8345516133562069}"
Random Forest,heifer,has defects,ROC AUC,5,Train,0.789702380952381,233,94,"{'n_estimators': 150, 'max_depth': 6, 'min_samples_leaf': 1, 'max_features': 0.8345516133562069}"
Random Forest,heifer,has defects,ROC AUC,1,Test,0.6954887218045113,233,94,"{'n_estimators': 150, 'max_depth': 6, 'min_samples_leaf': 1, 'max_features': 0.8345516133562069}"
Random Forest,heifer,has defects,ROC AUC,2,Test,0.7368421052631579,233,94,"{'n_estimators': 150, 'max_depth': 6, 'min_samples_leaf': 1, 'max_features': 0.8345516133562069}"
Random Forest,heifer,has defects,ROC AUC,3,Test,0.6456766917293234,233,94,"{'n_estimators': 150, 'max_depth': 6, 'min_samples_leaf': 1, 'max_features': 0.8345516133562069}"
Random Forest,heifer,has defects,ROC AUC,4,Test,0.7083333333333334,233,94,"{'n_estimators': 150, 'max_depth': 6, 'min_samples_leaf': 1, 'max_features': 0.8345516133562069}"
Random Forest,heifer,has defects,ROC AUC,5,Test,0.7231968810916181,233,94,"{'n_estimators': 150, 'max_depth': 6, 'min_samples_leaf': 1, 'max_features': 0.8345516133562069}"
LightGBM,cow,has defects,Accuracy,1,Train,0.5833333333333334,46,26,"{'n_estimators': 550, 'learning_rate': 0.11891083618354747, 'num_leaves': 49, 'max_depth': 3, 'min_child_samples': 6}"
LightGBM,cow,has defects,Accuracy,2,Train,0.7027027027027027,46,26,"{'n_estimators': 550, 'learning_rate': 0.11891083618354747, 'num_leaves': 49, 'max_depth': 3, 'min_child_samples': 6}"
LightGBM,cow,has defects,Accuracy,3,Train,0.6756756756756757,46,26,"{'n_estimators': 550, 'learning_rate': 0.11891083618354747, 'num_leaves': 49, 'max_depth': 3, 'min_child_samples': 6}"
LightGBM,cow,has defects,Accuracy,4,Train,0.6756756756756757,46,26,"{'n_estimators': 550, 'learning_rate': 0.11891083618354747, 'num_leaves': 49, 'max_depth': 3, 'min_child_samples': 6}"
LightGBM,cow,has defects,Accuracy,5,Train,0.6756756756756757,46,26,"{'n_estimators': 550, 'learning_rate': 0.11891083618354747, 'num_leaves': 49, 'max_depth': 3, 'min_child_samples': 6}"
LightGBM,cow,has defects,Accuracy,1,Test,0.6,46,26,"{'n_estimators': 550, 'learning_rate': 0.11891083618354747, 'num_leaves': 49, 'max_depth': 3, 'min_child_samples': 6}"
LightGBM,cow,has defects,Accuracy,2,Test,0.5555555555555556,46,26,"{'n_estimators': 550, 'learning_rate': 0.11891083618354747, 'num_leaves': 49, 'max_depth': 3, 'min_child_samples': 6}"
LightGBM,cow,has defects,Accuracy,3,Test,0.6666666666666666,46,26,"{'n_estimators': 550, 'learning_rate': 0.11891083618354747, 'num_leaves': 49, 'max_depth': 3, 'min_child_samples': 6}"
LightGBM,cow,has defects,Accuracy,4,Test,0.6666666666666666,46,26,"{'n_estimators': 550, 'learning_rate': 0.11891083618354747, 'num_leaves': 49, 'max_depth': 3, 'min_child_samples': 6}"
LightGBM,cow,has defects,Accuracy,5,Test,0.6666666666666666,46,26,"{'n_estimators': 550, 'learning_rate': 0.11891083618354747, 'num_leaves': 49, 'max_depth': 3, 'min_child_samples': 6}"
LightGBM,cow,has defects,Balanced Accuracy,1,Train,0.61875,46,26,"{'n_estimators': 550, 'learning_rate': 0.11891083618354747, 'num_leaves': 49, 'max_depth': 3, 'min_child_samples': 6}"
LightGBM,cow,has defects,Balanced Accuracy,2,Train,0.65625,46,26,"{'n_estimators': 550, 'learning_rate': 0.11891083618354747, 'num_leaves': 49, 'max_depth': 3, 'min_child_samples': 6}"
LightGBM,cow,has defects,Balanced Accuracy,3,Train,0.6324404761904762,46,26,"{'n_estimators': 550, 'learning_rate': 0.11891083618354747, 'num_leaves': 49, 'max_depth': 3, 'min_child_samples': 6}"
LightGBM,cow,has defects,Balanced Accuracy,4,Train,0.6324404761904762,46,26,"{'n_estimators': 550, 'learning_rate': 0.11891083618354747, 'num_leaves': 49, 'max_depth': 3, 'min_child_samples': 6}"
LightGBM,cow,has defects,Balanced Accuracy,5,Train,0.6324404761904762,46,26,"{'n_estimators': 550, 'learning_rate': 0.11891083618354747, 'num_leaves': 49, 'max_depth': 3, 'min_child_samples': 6}"
LightGBM,cow,has defects,Balanced Accuracy,1,Test,0.625,46,26,"{'n_estimators': 550, 'learning_rate': 0.11891083618354747, 'num_leaves': 49, 'max_depth': 3, 'min_child_samples': 6}"
LightGBM,cow,has defects,Balanced Accuracy,2,Test,0.525,46,26,"{'n_estimators': 550, 'learning_rate': 0.11891083618354747, 'num_leaves': 49, 'max_depth': 3, 'min_child_samples': 6}"
LightGBM,cow,has defects,Balanced Accuracy,3,Test,0.625,46,26,"{'n_estimators': 550, 'learning_rate': 0.11891083618354747, 'num_leaves': 49, 'max_depth': 3, 'min_child_samples': 6}"
LightGBM,cow,has defects,Balanced Accuracy,4,Test,0.625,46,26,"{'n_estimators': 550, 'learning_rate': 0.11891083618354747, 'num_leaves': 49, 'max_depth': 3, 'min_child_samples': 6}"
LightGBM,cow,has defects,Balanced Accuracy,5,Test,0.625,46,26,"{'n_estimators': 550, 'learning_rate': 0.11891083618354747, 'num_leaves': 49, 'max_depth': 3, 'min_child_samples': 6}"
LightGBM,cow,has defects,F1,1,Train,0.4444444444444444,46,26,"{'n_estimators': 550, 'learning_rate': 0.11891083618354747, 'num_leaves': 49, 'max_depth': 3, 'min_child_samples': 6}"
LightGBM,cow,has defects,F1,2,Train,0.7924528301886793,46,26,"{'n_estimators': 550, 'learning_rate': 0.11891083618354747, 'num_leaves': 49, 'max_depth': 3, 'min_child_samples': 6}"
LightGBM,cow,has defects,F1,3,Train,0.7692307692307693,46,26,"{'n_estimators': 550, 'learning_rate': 0.11891083618354747, 'num_leaves': 49, 'max_depth': 3, 'min_child_samples': 6}"
LightGBM,cow,has defects,F1,4,Train,0.7692307692307693,46,26,"{'n_estimators': 550, 'learning_rate': 0.11891083618354747, 'num_leaves': 49, 'max_depth': 3, 'min_child_samples': 6}"
LightGBM,cow,has defects,F1,5,Train,0.7692307692307693,46,26,"{'n_estimators': 550, 'learning_rate': 0.11891083618354747, 'num_leaves': 49, 'max_depth': 3, 'min_child_samples': 6}"
LightGBM,cow,has defects,F1,1,Test,0.6,46,26,"{'n_estimators': 550, 'learning_rate': 0.11891083618354747, 'num_leaves': 49, 'max_depth': 3, 'min_child_samples': 6}"
LightGBM,cow,has defects,F1,2,Test,0.6666666666666666,46,26,"{'n_estimators': 550, 'learning_rate': 0.11891083618354747, 'num_leaves': 49, 'max_depth': 3, 'min_child_samples': 6}"
LightGBM,cow,has defects,F1,3,Test,0.7692307692307693,46,26,"{'n_estimators': 550, 'learning_rate': 0.11891083618354747, 'num_leaves': 49, 'max_depth': 3, 'min_child_samples': 6}"
LightGBM,cow,has defects,F1,4,Test,0.7692307692307693,46,26,"{'n_estimators': 550, 'learning_rate': 0.11891083618354747, 'num_leaves': 49, 'max_depth': 3, 'min_child_samples': 6}"
LightGBM,cow,has defects,F1,5,Test,0.7692307692307693,46,26,"{'n_estimators': 550, 'learning_rate': 0.11891083618354747, 'num_leaves': 49, 'max_depth': 3, 'min_child_samples': 6}"
LightGBM,cow,has defects,ROC AUC,1,Train,0.6828125,46,26,"{'n_estimators': 550, 'learning_rate': 0.11891083618354747, 'num_leaves': 49, 'max_depth': 3, 'min_child_samples': 6}"
LightGBM,cow,has defects,ROC AUC,2,Train,0.7247023809523809,46,26,"{'n_estimators': 550, 'learning_rate': 0.11891083618354747, 'num_leaves': 49, 'max_depth': 3, 'min_child_samples': 6}"
LightGBM,cow,has defects,ROC AUC,3,Train,0.7038690476190477,46,26,"{'n_estimators': 550, 'learning_rate': 0.11891083618354747, 'num_leaves': 49, 'max_depth': 3, 'min_child_samples': 6}"
LightGBM,cow,has defects,ROC AUC,4,Train,0.7038690476190477,46,26,"{'n_estimators': 550, 'learning_rate': 0.11891083618354747, 'num_leaves': 49, 'max_depth': 3, 'min_child_samples': 6}"
LightGBM,cow,has defects,ROC AUC,5,Train,0.7008928571428572,46,26,"{'n_estimators': 550, 'learning_rate': 0.11891083618354747, 'num_leaves': 49, 'max_depth': 3, 'min_child_samples': 6}"
LightGBM,cow,has defects,ROC AUC,1,Test,0.75,46,26,"{'n_estimators': 550, 'learning_rate': 0.11891083618354747, 'num_leaves': 49, 'max_depth': 3, 'min_child_samples': 6}"
LightGBM,cow,has defects,ROC AUC,2,Test,0.6,46,26,"{'n_estimators': 550, 'learning_rate': 0.11891083618354747, 'num_leaves': 49, 'max_depth': 3, 'min_child_samples': 6}"
LightGBM,cow,has defects,ROC AUC,3,Test,0.7,46,26,"{'n_estimators': 550, 'learning_rate': 0.11891083618354747, 'num_leaves': 49, 'max_depth': 3, 'min_child_samples': 6}"
LightGBM,cow,has defects,ROC AUC,4,Test,0.7,46,26,"{'n_estimators': 550, 'learning_rate': 0.11891083618354747, 'num_leaves': 49, 'max_depth': 3, 'min_child_samples': 6}"
LightGBM,cow,has defects,ROC AUC,5,Test,0.7250000000000001,46,26,"{'n_estimators': 550, 'learning_rate': 0.11891083618354747, 'num_leaves': 49, 'max_depth': 3, 'min_child_samples': 6}"
LightGBM,steer,has defects,Accuracy,1,Train,0.7913385826771654,636,200,"{'n_estimators': 450, 'learning_rate': 0.0137921365760142, 'num_leaves': 18, 'max_depth': -1, 'min_child_samples': 27}"
LightGBM,steer,has defects,Accuracy,2,Train,0.7897838899803536,636,200,"{'n_estimators': 450, 'learning_rate': 0.0137921365760142, 'num_leaves': 18, 'max_depth': -1, 'min_child_samples': 27}"
LightGBM,steer,has defects,Accuracy,3,Train,0.8055009823182712,636,200,"{'n_estimators': 450, 'learning_rate': 0.0137921365760142, 'num_leaves': 18, 'max_depth': -1, 'min_child_samples': 27}"
LightGBM,steer,has defects,Accuracy,4,Train,0.7779960707269156,636,200,"{'n_estimators': 450, 'learning_rate': 0.0137921365760142, 'num_leaves': 18, 'max_depth': -1, 'min_child_samples': 27}"
LightGBM,steer,has defects,Accuracy,5,Train,0.8055009823182712,636,200,"{'n_estimators': 450, 'learning_rate': 0.0137921365760142, 'num_leaves': 18, 'max_depth': -1, 'min_child_samples': 27}"
LightGBM,steer,has defects,Accuracy,1,Test,0.765625,636,200,"{'n_estimators': 450, 'learning_rate': 0.0137921365760142, 'num_leaves': 18, 'max_depth': -1, 'min_child_samples': 27}"
LightGBM,steer,has defects,Accuracy,2,Test,0.7795275590551181,636,200,"{'n_estimators': 450, 'learning_rate': 0.0137921365760142, 'num_leaves': 18, 'max_depth': -1, 'min_child_samples': 27}"
LightGBM,steer,has defects,Accuracy,3,Test,0.6850393700787402,636,200,"{'n_estimators': 450, 'learning_rate': 0.0137921365760142, 'num_leaves': 18, 'max_depth': -1, 'min_child_samples': 27}"
LightGBM,steer,has defects,Accuracy,4,Test,0.84251968503937,636,200,"{'n_estimators': 450, 'learning_rate': 0.0137921365760142, 'num_leaves': 18, 'max_depth': -1, 'min_child_samples': 27}"
LightGBM,steer,has defects,Accuracy,5,Test,0.7559055118110236,636,200,"{'n_estimators': 450, 'learning_rate': 0.0137921365760142, 'num_leaves': 18, 'max_depth': -1, 'min_child_samples': 27}"
LightGBM,steer,has defects,Balanced Accuracy,1,Train,0.7869252873563218,636,200,"{'n_estimators': 450, 'learning_rate': 0.0137921365760142, 'num_leaves': 18, 'max_depth': -1, 'min_child_samples': 27}"
LightGBM,steer,has defects,Balanced Accuracy,2,Train,0.7773191260744986,636,200,"{'n_estimators': 450, 'learning_rate': 0.0137921365760142, 'num_leaves': 18, 'max_depth': -1, 'min_child_samples': 27}"
LightGBM,steer,has defects,Balanced Accuracy,3,Train,0.8006267908309456,636,200,"{'n_estimators': 450, 'learning_rate': 0.0137921365760142, 'num_leaves': 18, 'max_depth': -1, 'min_child_samples': 27}"
LightGBM,steer,has defects,Balanced Accuracy,4,Train,0.7653384670487106,636,200,"{'n_estimators': 450, 'learning_rate': 0.0137921365760142, 'num_leaves': 18, 'max_depth': -1, 'min_child_samples': 27}"
LightGBM,steer,has defects,Balanced Accuracy,5,Train,0.7904727793696276,636,200,"{'n_estimators': 450, 'learning_rate': 0.0137921365760142, 'num_leaves': 18, 'max_depth': -1, 'min_child_samples': 27}"
LightGBM,steer,has defects,Balanced Accuracy,1,Test,0.7477272727272727,636,200,"{'n_estimators': 450, 'learning_rate': 0.0137921365760142, 'num_leaves': 18, 'max_depth': -1, 'min_child_samples': 27}"
LightGBM,steer,has defects,Balanced Accuracy,2,Test,0.7985632183908046,636,200,"{'n_estimators': 450, 'learning_rate': 0.0137921365760142, 'num_leaves': 18, 'max_depth': -1, 'min_child_samples': 27}"
LightGBM,steer,has defects,Balanced Accuracy,3,Test,0.6620689655172414,636,200,"{'n_estimators': 450, 'learning_rate': 0.0137921365760142, 'num_leaves': 18, 'max_depth': -1, 'min_child_samples': 27}"
LightGBM,steer,has defects,Balanced Accuracy,4,Test,0.7972701149425288,636,200,"{'n_estimators': 450, 'learning_rate': 0.0137921365760142, 'num_leaves': 18, 'max_depth': -1, 'min_child_samples': 27}"
LightGBM,steer,has defects,Balanced Accuracy,5,Test,0.7340517241379311,636,200,"{'n_estimators': 450, 'learning_rate': 0.0137921365760142, 'num_leaves': 18, 'max_depth': -1, 'min_child_samples': 27}"
LightGBM,steer,has defects,F1,1,Train,0.7005649717514124,636,200,"{'n_estimators': 450, 'learning_rate': 0.0137921365760142, 'num_leaves': 18, 'max_depth': -1, 'min_child_samples': 27}"
LightGBM,steer,has defects,F1,2,Train,0.6898550724637681,636,200,"{'n_estimators': 450, 'learning_rate': 0.0137921365760142, 'num_leaves': 18, 'max_depth': -1, 'min_child_samples': 27}"
LightGBM,steer,has defects,F1,3,Train,0.717948717948718,636,200,"{'n_estimators': 450, 'learning_rate': 0.0137921365760142, 'num_leaves': 18, 'max_depth': -1, 'min_child_samples': 27}"
LightGBM,steer,has defects,F1,4,Train,0.6743515850144092,636,200,"{'n_estimators': 450, 'learning_rate': 0.0137921365760142, 'num_leaves': 18, 'max_depth': -1, 'min_child_samples': 27}"
LightGBM,steer,has defects,F1,5,Train,0.7079646017699115,636,200,"{'n_estimators': 450, 'learning_rate': 0.0137921365760142, 'num_leaves': 18, 'max_depth': -1, 'min_child_samples': 27}"
LightGBM,steer,has defects,F1,1,Test,0.6511627906976745,636,200,"{'n_estimators': 450, 'learning_rate': 0.0137921365760142, 'num_leaves': 18, 'max_depth': -1, 'min_child_samples': 27}"
LightGBM,steer,has defects,F1,2,Test,0.7083333333333334,636,200,"{'n_estimators': 450, 'learning_rate': 0.0137921365760142, 'num_leaves': 18, 'max_depth': -1, 'min_child_samples': 27}"
LightGBM,steer,has defects,F1,3,Test,0.5454545454545454,636,200,"{'n_estimators': 450, 'learning_rate': 0.0137921365760142, 'num_leaves': 18, 'max_depth': -1, 'min_child_samples': 27}"
LightGBM,steer,has defects,F1,4,Test,0.7297297297297297,636,200,"{'n_estimators': 450, 'learning_rate': 0.0137921365760142, 'num_leaves': 18, 'max_depth': -1, 'min_child_samples': 27}"
LightGBM,steer,has defects,F1,5,Test,0.6352941176470588,636,200,"{'n_estimators': 450, 'learning_rate': 0.0137921365760142, 'num_leaves': 18, 'max_depth': -1, 'min_child_samples': 27}"
LightGBM,steer,has defects,ROC AUC,1,Train,0.8524245689655172,636,200,"{'n_estimators': 450, 'learning_rate': 0.0137921365760142, 'num_leaves': 18, 'max_depth': -1, 'min_child_samples': 27}"
LightGBM,steer,has defects,ROC AUC,2,Train,0.846095988538682,636,200,"{'n_estimators': 450, 'learning_rate': 0.0137921365760142, 'num_leaves': 18, 'max_depth': -1, 'min_child_samples': 27}"
LightGBM,steer,has defects,ROC AUC,3,Train,0.8658757163323781,636,200,"{'n_estimators': 450, 'learning_rate': 0.0137921365760142, 'num_leaves': 18, 'max_depth': -1, 'min_child_samples': 27}"
LightGBM,steer,has defects,ROC AUC,4,Train,0.8409115329512894,636,200,"{'n_estimators': 450, 'learning_rate': 0.0137921365760142, 'num_leaves': 18, 'max_depth': -1, 'min_child_samples': 27}"
LightGBM,steer,has defects,ROC AUC,5,Train,0.8569842406876791,636,200,"{'n_estimators': 450, 'learning_rate': 0.0137921365760142, 'num_leaves': 18, 'max_depth': -1, 'min_child_samples': 27}"
LightGBM,steer,has defects,ROC AUC,1,Test,0.7740056818181819,636,200,"{'n_estimators': 450, 'learning_rate': 0.0137921365760142, 'num_leaves': 18, 'max_depth': -1, 'min_child_samples': 27}"
LightGBM,steer,has defects,ROC AUC,2,Test,0.7922413793103448,636,200,"{'n_estimators': 450, 'learning_rate': 0.0137921365760142, 'num_leaves': 18, 'max_depth': -1, 'min_child_samples': 27}"
LightGBM,steer,has defects,ROC AUC,3,Test,0.6619252873563218,636,200,"{'n_estimators': 450, 'learning_rate': 0.0137921365760142, 'num_leaves': 18, 'max_depth': -1, 'min_child_samples': 27}"
LightGBM,steer,has defects,ROC AUC,4,Test,0.7818965517241379,636,200,"{'n_estimators': 450, 'learning_rate': 0.0137921365760142, 'num_leaves': 18, 'max_depth': -1, 'min_child_samples': 27}"
LightGBM,steer,has defects,ROC AUC,5,Test,0.7418103448275863,636,200,"{'n_estimators': 450, 'learning_rate': 0.0137921365760142, 'num_leaves': 18, 'max_depth': -1, 'min_child_samples': 27}"
LightGBM,heifer,has defects,Accuracy,1,Train,0.7204301075268817,233,94,"{'n_estimators': 500, 'learning_rate': 0.10798617521925956, 'num_leaves': 51, 'max_depth': 3, 'min_child_samples': 5}"
LightGBM,heifer,has defects,Accuracy,2,Train,0.7043010752688172,233,94,"{'n_estimators': 500, 'learning_rate': 0.10798617521925956, 'num_leaves': 51, 'max_depth': 3, 'min_child_samples': 5}"
LightGBM,heifer,has defects,Accuracy,3,Train,0.7311827956989247,233,94,"{'n_estimators': 500, 'learning_rate': 0.10798617521925956, 'num_leaves': 51, 'max_depth': 3, 'min_child_samples': 5}"
LightGBM,heifer,has defects,Accuracy,4,Train,0.7165775401069518,233,94,"{'n_estimators': 500, 'learning_rate': 0.10798617521925956, 'num_leaves': 51, 'max_depth': 3, 'min_child_samples': 5}"
LightGBM,heifer,has defects,Accuracy,5,Train,0.7219251336898396,233,94,"{'n_estimators': 500, 'learning_rate': 0.10798617521925956, 'num_leaves': 51, 'max_depth': 3, 'min_child_samples': 5}"
LightGBM,heifer,has defects,Accuracy,1,Test,0.6808510638297872,233,94,"{'n_estimators': 500, 'learning_rate': 0.10798617521925956, 'num_leaves': 51, 'max_depth': 3, 'min_child_samples': 5}"
LightGBM,heifer,has defects,Accuracy,2,Test,0.5957446808510638,233,94,"{'n_estimators': 500, 'learning_rate': 0.10798617521925956, 'num_leaves': 51, 'max_depth': 3, 'min_child_samples': 5}"
LightGBM,heifer,has defects,Accuracy,3,Test,0.6170212765957447,233,94,"{'n_estimators': 500, 'learning_rate': 0.10798617521925956, 'num_leaves': 51, 'max_depth': 3, 'min_child_samples': 5}"
LightGBM,heifer,has defects,Accuracy,4,Test,0.6521739130434783,233,94,"{'n_estimators': 500, 'learning_rate': 0.10798617521925956, 'num_leaves': 51, 'max_depth': 3, 'min_child_samples': 5}"
LightGBM,heifer,has defects,Accuracy,5,Test,0.6086956521739131,233,94,"{'n_estimators': 500, 'learning_rate': 0.10798617521925956, 'num_leaves': 51, 'max_depth': 3, 'min_child_samples': 5}"
LightGBM,heifer,has defects,Balanced Accuracy,1,Train,0.7268468468468469,233,94,"{'n_estimators': 500, 'learning_rate': 0.10798617521925956, 'num_leaves': 51, 'max_depth': 3, 'min_child_samples': 5}"
LightGBM,heifer,has defects,Balanced Accuracy,2,Train,0.7133333333333334,233,94,"{'n_estimators': 500, 'learning_rate': 0.10798617521925956, 'num_leaves': 51, 'max_depth': 3, 'min_child_samples': 5}"
LightGBM,heifer,has defects,Balanced Accuracy,3,Train,0.7250450450450451,233,94,"{'n_estimators': 500, 'learning_rate': 0.10798617521925956, 'num_leaves': 51, 'max_depth': 3, 'min_child_samples': 5}"
LightGBM,heifer,has defects,Balanced Accuracy,4,Train,0.7114746325272641,233,94,"{'n_estimators': 500, 'learning_rate': 0.10798617521925956, 'num_leaves': 51, 'max_depth': 3, 'min_child_samples': 5}"
LightGBM,heifer,has defects,Balanced Accuracy,5,Train,0.7260119047619048,233,94,"{'n_estimators': 500, 'learning_rate': 0.10798617521925956, 'num_leaves': 51, 'max_depth': 3, 'min_child_samples': 5}"
LightGBM,heifer,has defects,Balanced Accuracy,1,Test,0.6475563909774436,233,94,"{'n_estimators': 500, 'learning_rate': 0.10798617521925956, 'num_leaves': 51, 'max_depth': 3, 'min_child_samples': 5}"
LightGBM,heifer,has defects,Balanced Accuracy,2,Test,0.6353383458646616,233,94,"{'n_estimators': 500, 'learning_rate': 0.10798617521925956, 'num_leaves': 51, 'max_depth': 3, 'min_child_samples': 5}"
LightGBM,heifer,has defects,Balanced Accuracy,3,Test,0.5855263157894737,233,94,"{'n_estimators': 500, 'learning_rate': 0.10798617521925956, 'num_leaves': 51, 'max_depth': 3, 'min_child_samples': 5}"
LightGBM,heifer,has defects,Balanced Accuracy,4,Test,0.6349206349206349,233,94,"{'n_estimators': 500, 'learning_rate': 0.10798617521925956, 'num_leaves': 51, 'max_depth': 3, 'min_child_samples': 5}"
LightGBM,heifer,has defects,Balanced Accuracy,5,Test,0.6120857699805068,233,94,"{'n_estimators': 500, 'learning_rate': 0.10798617521925956, 'num_leaves': 51, 'max_depth': 3, 'min_child_samples': 5}"
LightGBM,heifer,has defects,F1,1,Train,0.6867469879518072,233,94,"{'n_estimators': 500, 'learning_rate': 0.10798617521925956, 'num_leaves': 51, 'max_depth': 3, 'min_child_samples': 5}"
LightGBM,heifer,has defects,F1,2,Train,0.6745562130177515,233,94,"{'n_estimators': 500, 'learning_rate': 0.10798617521925956, 'num_leaves': 51, 'max_depth': 3, 'min_child_samples': 5}"
LightGBM,heifer,has defects,F1,3,Train,0.6753246753246753,233,94,"{'n_estimators': 500, 'learning_rate': 0.10798617521925956, 'num_leaves': 51, 'max_depth': 3, 'min_child_samples': 5}"
LightGBM,heifer,has defects,F1,4,Train,0.6624203821656051,233,94,"{'n_estimators': 500, 'learning_rate': 0.10798617521925956, 'num_leaves': 51, 'max_depth': 3, 'min_child_samples': 5}"
LightGBM,heifer,has defects,F1,5,Train,0.6829268292682927,233,94,"{'n_estimators': 500, 'learning_rate': 0.10798617521925956, 'num_leaves': 51, 'max_depth': 3, 'min_child_samples': 5}"
LightGBM,heifer,has defects,F1,1,Test,0.5454545454545454,233,94,"{'n_estimators': 500, 'learning_rate': 0.10798617521925956, 'num_leaves': 51, 'max_depth': 3, 'min_child_samples': 5}"
LightGBM,heifer,has defects,F1,2,Test,0.6274509803921569,233,94,"{'n_estimators': 500, 'learning_rate': 0.10798617521925956, 'num_leaves': 51, 'max_depth': 3, 'min_child_samples': 5}"
LightGBM,heifer,has defects,F1,3,Test,0.47058823529411764,233,94,"{'n_estimators': 500, 'learning_rate': 0.10798617521925956, 'num_leaves': 51, 'max_depth': 3, 'min_child_samples': 5}"
LightGBM,heifer,has defects,F1,4,Test,0.5555555555555556,233,94,"{'n_estimators': 500, 'learning_rate': 0.10798617521925956, 'num_leaves': 51, 'max_depth': 3, 'min_child_samples': 5}"
LightGBM,heifer,has defects,F1,5,Test,0.5714285714285714,233,94,"{'n_estimators': 500, 'learning_rate': 0.10798617521925956, 'num_leaves': 51, 'max_depth': 3, 'min_child_samples': 5}"
LightGBM,heifer,has defects,ROC AUC,1,Train,0.8007807807807807,233,94,"{'n_estimators': 500, 'learning_rate': 0.10798617521925956, 'num_leaves': 51, 'max_depth': 3, 'min_child_samples': 5}"
LightGBM,heifer,has defects,ROC AUC,2,Train,0.797057057057057,233,94,"{'n_estimators': 500, 'learning_rate': 0.10798617521925956, 'num_leaves': 51, 'max_depth': 3, 'min_child_samples': 5}"
LightGBM,heifer,has defects,ROC AUC,3,Train,0.808948948948949,233,94,"{'n_estimators': 500, 'learning_rate': 0.10798617521925956, 'num_leaves': 51, 'max_depth': 3, 'min_child_samples': 5}"
LightGBM,heifer,has defects,ROC AUC,4,Train,0.7865694642010431,233,94,"{'n_estimators': 500, 'learning_rate': 0.10798617521925956, 'num_leaves': 51, 'max_depth': 3, 'min_child_samples': 5}"
LightGBM,heifer,has defects,ROC AUC,5,Train,0.7954166666666665,233,94,"{'n_estimators': 500, 'learning_rate': 0.10798617521925956, 'num_leaves': 51, 'max_depth': 3, 'min_child_samples': 5}"
LightGBM,heifer,has defects,ROC AUC,1,Test,0.6917293233082706,233,94,"{'n_estimators': 500, 'learning_rate': 0.10798617521925956, 'num_leaves': 51, 'max_depth': 3, 'min_child_samples': 5}"
LightGBM,heifer,has defects,ROC AUC,2,Test,0.7293233082706767,233,94,"{'n_estimators': 500, 'learning_rate': 0.10798617521925956, 'num_leaves': 51, 'max_depth': 3, 'min_child_samples': 5}"
LightGBM,heifer,has defects,ROC AUC,3,Test,0.6644736842105263,233,94,"{'n_estimators': 500, 'learning_rate': 0.10798617521925956, 'num_leaves': 51, 'max_depth': 3, 'min_child_samples': 5}"
LightGBM,heifer,has defects,ROC AUC,4,Test,0.6924603174603174,233,94,"{'n_estimators': 500, 'learning_rate': 0.10798617521925956, 'num_leaves': 51, 'max_depth': 3, 'min_child_samples': 5}"
LightGBM,heifer,has defects,ROC AUC,5,Test,0.695906432748538,233,94,"{'n_estimators': 500, 'learning_rate': 0.10798617521925956, 'num_leaves': 51, 'max_depth': 3, 'min_child_samples': 5}"
Hist Gradient Boosting,cow,has defects,Accuracy,1,Train,0.5555555555555556,46,26,"{'max_iter': 250, 'learning_rate': 0.011768682308947991, 'max_leaf_nodes': 40, 'l2_regularization': 4.531964048170462}"
Hist Gradient Boosting,cow,has defects,Accuracy,2,Train,0.5675675675675675,46,26,"{'max_iter': 250, 'learning_rate': 0.011768682308947991, 'max_leaf_nodes': 40, 'l2_regularization': 4.531964048170462}"
Hist Gradient Boosting,cow,has defects,Accuracy,3,Train,0.5675675675675675,46,26,"{'max_iter': 250, 'learning_rate': 0.011768682308947991, 'max_leaf_nodes': 40, 'l2_regularization': 4.531964048170462}"
Hist Gradient Boosting,cow,has defects,Accuracy,4,Train,0.5675675675675675,46,26,"{'max_iter': 250, 'learning_rate': 0.011768682308947991, 'max_leaf_nodes': 40, 'l2_regularization': 4.531964048170462}"
Hist Gradient Boosting,cow,has defects,Accuracy,5,Train,0.5675675675675675,46,26,"{'max_iter': 250, 'learning_rate': 0.011768682308947991, 'max_leaf_nodes': 40, 'l2_regularization': 4.531964048170462}"
Hist Gradient Boosting,cow,has defects,Accuracy,1,Test,0.6,46,26,"{'max_iter': 250, 'learning_rate': 0.011768682308947991, 'max_leaf_nodes': 40, 'l2_regularization': 4.531964048170462}"
Hist Gradient Boosting,cow,has defects,Accuracy,2,Test,0.5555555555555556,46,26,"{'max_iter': 250, 'learning_rate': 0.011768682308947991, 'max_leaf_nodes': 40, 'l2_regularization': 4.531964048170462}"
Hist Gradient Boosting,cow,has defects,Accuracy,3,Test,0.5555555555555556,46,26,"{'max_iter': 250, 'learning_rate': 0.011768682308947991, 'max_leaf_nodes': 40, 'l2_regularization': 4.531964048170462}"
Hist Gradient Boosting,cow,has defects,Accuracy,4,Test,0.5555555555555556,46,26,"{'max_iter': 250, 'learning_rate': 0.011768682308947991, 'max_leaf_nodes': 40, 'l2_regularization': 4.531964048170462}"
Hist Gradient Boosting,cow,has defects,Accuracy,5,Test,0.5555555555555556,46,26,"{'max_iter': 250, 'learning_rate': 0.011768682308947991, 'max_leaf_nodes': 40, 'l2_regularization': 4.531964048170462}"
Hist Gradient Boosting,cow,has defects,Balanced Accuracy,1,Train,0.5,46,26,"{'max_iter': 250, 'learning_rate': 0.011768682308947991, 'max_leaf_nodes': 40, 'l2_regularization': 4.531964048170462}"
Hist Gradient Boosting,cow,has defects,Balanced Accuracy,2,Train,0.5,46,26,"{'max_iter': 250, 'learning_rate': 0.011768682308947991, 'max_leaf_nodes': 40, 'l2_regularization': 4.531964048170462}"
Hist Gradient Boosting,cow,has defects,Balanced Accuracy,3,Train,0.5,46,26,"{'max_iter': 250, 'learning_rate': 0.011768682308947991, 'max_leaf_nodes': 40, 'l2_regularization': 4.531964048170462}"
Hist Gradient Boosting,cow,has defects,Balanced Accuracy,4,Train,0.5,46,26,"{'max_iter': 250, 'learning_rate': 0.011768682308947991, 'max_leaf_nodes': 40, 'l2_regularization': 4.531964048170462}"
Hist Gradient Boosting,cow,has defects,Balanced Accuracy,5,Train,0.5,46,26,"{'max_iter': 250, 'learning_rate': 0.011768682308947991, 'max_leaf_nodes': 40, 'l2_regularization': 4.531964048170462}"
Hist Gradient Boosting,cow,has defects,Balanced Accuracy,1,Test,0.5,46,26,"{'max_iter': 250, 'learning_rate': 0.011768682308947991, 'max_leaf_nodes': 40, 'l2_regularization': 4.531964048170462}"
Hist Gradient Boosting,cow,has defects,Balanced Accuracy,2,Test,0.5,46,26,"{'max_iter': 250, 'learning_rate': 0.011768682308947991, 'max_leaf_nodes': 40, 'l2_regularization': 4.531964048170462}"
Hist Gradient Boosting,cow,has defects,Balanced Accuracy,3,Test,0.5,46,26,"{'max_iter': 250, 'learning_rate': 0.011768682308947991, 'max_leaf_nodes': 40, 'l2_regularization': 4.531964048170462}"
Hist Gradient Boosting,cow,has defects,Balanced Accuracy,4,Test,0.5,46,26,"{'max_iter': 250, 'learning_rate': 0.011768682308947991, 'max_leaf_nodes': 40, 'l2_regularization': 4.531964048170462}"
Hist Gradient Boosting,cow,has defects,Balanced Accuracy,5,Test,0.5,46,26,"{'max_iter': 250, 'learning_rate': 0.011768682308947991, 'max_leaf_nodes': 40, 'l2_regularization': 4.531964048170462}"
Hist Gradient Boosting,cow,has defects,F1,1,Train,0.7142857142857143,46,26,"{'max_iter': 250, 'learning_rate': 0.011768682308947991, 'max_leaf_nodes': 40, 'l2_regularization': 4.531964048170462}"
Hist Gradient Boosting,cow,has defects,F1,2,Train,0.7241379310344828,46,26,"{'max_iter': 250, 'learning_rate': 0.011768682308947991, 'max_leaf_nodes': 40, 'l2_regularization': 4.531964048170462}"
Hist Gradient Boosting,cow,has defects,F1,3,Train,0.7241379310344828,46,26,"{'max_iter': 250, 'learning_rate': 0.011768682308947991, 'max_leaf_nodes': 40, 'l2_regularization': 4.531964048170462}"
Hist Gradient Boosting,cow,has defects,F1,4,Train,0.7241379310344828,46,26,"{'max_iter': 250, 'learning_rate': 0.011768682308947991, 'max_leaf_nodes': 40, 'l2_regularization': 4.531964048170462}"
Hist Gradient Boosting,cow,has defects,F1,5,Train,0.7241379310344828,46,26,"{'max_iter': 250, 'learning_rate': 0.011768682308947991, 'max_leaf_nodes': 40, 'l2_regularization': 4.531964048170462}"
Hist Gradient Boosting,cow,has defects,F1,1,Test,0.75,46,26,"{'max_iter': 250, 'learning_rate': 0.011768682308947991, 'max_leaf_nodes': 40, 'l2_regularization': 4.531964048170462}"
Hist Gradient Boosting,cow,has defects,F1,2,Test,0.7142857142857143,46,26,"{'max_iter': 250, 'learning_rate': 0.011768682308947991, 'max_leaf_nodes': 40, 'l2_regularization': 4.531964048170462}"
Hist Gradient Boosting,cow,has defects,F1,3,Test,0.7142857142857143,46,26,"{'max_iter': 250, 'learning_rate': 0.011768682308947991, 'max_leaf_nodes': 40, 'l2_regularization': 4.531964048170462}"
Hist Gradient Boosting,cow,has defects,F1,4,Test,0.7142857142857143,46,26,"{'max_iter': 250, 'learning_rate': 0.011768682308947991, 'max_leaf_nodes': 40, 'l2_regularization': 4.531964048170462}"
Hist Gradient Boosting,cow,has defects,F1,5,Test,0.7142857142857143,46,26,"{'max_iter': 250, 'learning_rate': 0.011768682308947991, 'max_leaf_nodes': 40, 'l2_regularization': 4.531964048170462}"
Hist Gradient Boosting,cow,has defects,ROC AUC,1,Train,0.5,46,26,"{'max_iter': 250, 'learning_rate': 0.011768682308947991, 'max_leaf_nodes': 40, 'l2_regularization': 4.531964048170462}"
Hist Gradient Boosting,cow,has defects,ROC AUC,2,Train,0.5,46,26,"{'max_iter': 250, 'learning_rate': 0.011768682308947991, 'max_leaf_nodes': 40, 'l2_regularization': 4.531964048170462}"
Hist Gradient Boosting,cow,has defects,ROC AUC,3,Train,0.5,46,26,"{'max_iter': 250, 'learning_rate': 0.011768682308947991, 'max_leaf_nodes': 40, 'l2_regularization': 4.531964048170462}"
Hist Gradient Boosting,cow,has defects,ROC AUC,4,Train,0.5,46,26,"{'max_iter': 250, 'learning_rate': 0.011768682308947991, 'max_leaf_nodes': 40, 'l2_regularization': 4.531964048170462}"
Hist Gradient Boosting,cow,has defects,ROC AUC,5,Train,0.5,46,26,"{'max_iter': 250, 'learning_rate': 0.011768682308947991, 'max_leaf_nodes': 40, 'l2_regularization': 4.531964048170462}"
Hist Gradient Boosting,cow,has defects,ROC AUC,1,Test,0.5,46,26,"{'max_iter': 250, 'learning_rate': 0.011768682308947991, 'max_leaf_nodes': 40, 'l2_regularization': 4.531964048170462}"
Hist Gradient Boosting,cow,has defects,ROC AUC,2,Test,0.5,46,26,"{'max_iter': 250, 'learning_rate': 0.011768682308947991, 'max_leaf_nodes': 40, 'l2_regularization': 4.531964048170462}"
Hist Gradient Boosting,cow,has defects,ROC AUC,3,Test,0.5,46,26,"{'max_iter': 250, 'learning_rate': 0.011768682308947991, 'max_leaf_nodes': 40, 'l2_regularization': 4.531964048170462}"
Hist Gradient Boosting,cow,has defects,ROC AUC,4,Test,0.5,46,26,"{'max_iter': 250, 'learning_rate': 0.011768682308947991, 'max_leaf_nodes': 40, 'l2_regularization': 4.531964048170462}"
Hist Gradient Boosting,cow,has defects,ROC AUC,5,Test,0.5,46,26,"{'max_iter': 250, 'learning_rate': 0.011768682308947991, 'max_leaf_nodes': 40, 'l2_regularization': 4.531964048170462}"
Hist Gradient Boosting,steer,has defects,Accuracy,1,Train,0.8070866141732284,636,200,"{'max_iter': 200, 'learning_rate': 0.04260316855415665, 'max_leaf_nodes': 10, 'l2_regularization': 1.3407983557184622}"
Hist Gradient Boosting,steer,has defects,Accuracy,2,Train,0.8074656188605108,636,200,"{'max_iter': 200, 'learning_rate': 0.04260316855415665, 'max_leaf_nodes': 10, 'l2_regularization': 1.3407983557184622}"
Hist Gradient Boosting,steer,has defects,Accuracy,3,Train,0.8212180746561886,636,200,"{'max_iter': 200, 'learning_rate': 0.04260316855415665, 'max_leaf_nodes': 10, 'l2_regularization': 1.3407983557184622}"
Hist Gradient Boosting,steer,has defects,Accuracy,4,Train,0.8074656188605108,636,200,"{'max_iter': 200, 'learning_rate': 0.04260316855415665, 'max_leaf_nodes': 10, 'l2_regularization': 1.3407983557184622}"
Hist Gradient Boosting,steer,has defects,Accuracy,5,Train,0.8172888015717092,636,200,"{'max_iter': 200, 'learning_rate': 0.04260316855415665, 'max_leaf_nodes': 10, 'l2_regularization': 1.3407983557184622}"
Hist Gradient Boosting,steer,has defects,Accuracy,1,Test,0.7734375,636,200,"{'max_iter': 200, 'learning_rate': 0.04260316855415665, 'max_leaf_nodes': 10, 'l2_regularization': 1.3407983557184622}"
Hist Gradient Boosting,steer,has defects,Accuracy,2,Test,0.7716535433070866,636,200,"{'max_iter': 200, 'learning_rate': 0.04260316855415665, 'max_leaf_nodes': 10, 'l2_regularization': 1.3407983557184622}"
Hist Gradient Boosting,steer,has defects,Accuracy,3,Test,0.7086614173228346,636,200,"{'max_iter': 200, 'learning_rate': 0.04260316855415665, 'max_leaf_nodes': 10, 'l2_regularization': 1.3407983557184622}"
Hist Gradient Boosting,steer,has defects,Accuracy,4,Test,0.7480314960629921,636,200,"{'max_iter': 200, 'learning_rate': 0.04260316855415665, 'max_leaf_nodes': 10, 'l2_regularization': 1.3407983557184622}"
Hist Gradient Boosting,steer,has defects,Accuracy,5,Test,0.7480314960629921,636,200,"{'max_iter': 200, 'learning_rate': 0.04260316855415665, 'max_leaf_nodes': 10, 'l2_regularization': 1.3407983557184622}"
Hist Gradient Boosting,steer,has defects,Balanced Accuracy,1,Train,0.7798491379310345,636,200,"{'max_iter': 200, 'learning_rate': 0.04260316855415665, 'max_leaf_nodes': 10, 'l2_regularization': 1.3407983557184622}"
Hist Gradient Boosting,steer,has defects,Balanced Accuracy,2,Train,0.7546740687679083,636,200,"{'max_iter': 200, 'learning_rate': 0.04260316855415665, 'max_leaf_nodes': 10, 'l2_regularization': 1.3407983557184622}"
Hist Gradient Boosting,steer,has defects,Balanced Accuracy,3,Train,0.7883954154727794,636,200,"{'max_iter': 200, 'learning_rate': 0.04260316855415665, 'max_leaf_nodes': 10, 'l2_regularization': 1.3407983557184622}"
Hist Gradient Boosting,steer,has defects,Balanced Accuracy,4,Train,0.7445200573065902,636,200,"{'max_iter': 200, 'learning_rate': 0.04260316855415665, 'max_leaf_nodes': 10, 'l2_regularization': 1.3407983557184622}"
Hist Gradient Boosting,steer,has defects,Balanced Accuracy,5,Train,0.7889147564469914,636,200,"{'max_iter': 200, 'learning_rate': 0.04260316855415665, 'max_leaf_nodes': 10, 'l2_regularization': 1.3407983557184622}"
Hist Gradient Boosting,steer,has defects,Balanced Accuracy,1,Test,0.7261363636363636,636,200,"{'max_iter': 200, 'learning_rate': 0.04260316855415665, 'max_leaf_nodes': 10, 'l2_regularization': 1.3407983557184622}"
Hist Gradient Boosting,steer,has defects,Balanced Accuracy,2,Test,0.7320402298850575,636,200,"{'max_iter': 200, 'learning_rate': 0.04260316855415665, 'max_leaf_nodes': 10, 'l2_regularization': 1.3407983557184622}"
Hist Gradient Boosting,steer,has defects,Balanced Accuracy,3,Test,0.6658045977011495,636,200,"{'max_iter': 200, 'learning_rate': 0.04260316855415665, 'max_leaf_nodes': 10, 'l2_regularization': 1.3407983557184622}"
Hist Gradient Boosting,steer,has defects,Balanced Accuracy,4,Test,0.6337643678160919,636,200,"{'max_iter': 200, 'learning_rate': 0.04260316855415665, 'max_leaf_nodes': 10, 'l2_regularization': 1.3407983557184622}"
Hist Gradient Boosting,steer,has defects,Balanced Accuracy,5,Test,0.7147988505747127,636,200,"{'max_iter': 200, 'learning_rate': 0.04260316855415665, 'max_leaf_nodes': 10, 'l2_regularization': 1.3407983557184622}"
Hist Gradient Boosting,steer,has defects,F1,1,Train,0.6975308641975309,636,200,"{'max_iter': 200, 'learning_rate': 0.04260316855415665, 'max_leaf_nodes': 10, 'l2_regularization': 1.3407983557184622}"
Hist Gradient Boosting,steer,has defects,F1,2,Train,0.6666666666666666,636,200,"{'max_iter': 200, 'learning_rate': 0.04260316855415665, 'max_leaf_nodes': 10, 'l2_regularization': 1.3407983557184622}"
Hist Gradient Boosting,steer,has defects,F1,3,Train,0.7111111111111111,636,200,"{'max_iter': 200, 'learning_rate': 0.04260316855415665, 'max_leaf_nodes': 10, 'l2_regularization': 1.3407983557184622}"
Hist Gradient Boosting,steer,has defects,F1,4,Train,0.6524822695035462,636,200,"{'max_iter': 200, 'learning_rate': 0.04260316855415665, 'max_leaf_nodes': 10, 'l2_regularization': 1.3407983557184622}"
Hist Gradient Boosting,steer,has defects,F1,5,Train,0.7102803738317757,636,200,"{'max_iter': 200, 'learning_rate': 0.04260316855415665, 'max_leaf_nodes': 10, 'l2_regularization': 1.3407983557184622}"
Hist Gradient Boosting,steer,has defects,F1,1,Test,0.6233766233766234,636,200,"{'max_iter': 200, 'learning_rate': 0.04260316855415665, 'max_leaf_nodes': 10, 'l2_regularization': 1.3407983557184622}"
Hist Gradient Boosting,steer,has defects,F1,2,Test,0.6329113924050633,636,200,"{'max_iter': 200, 'learning_rate': 0.04260316855415665, 'max_leaf_nodes': 10, 'l2_regularization': 1.3407983557184622}"
Hist Gradient Boosting,steer,has defects,F1,3,Test,0.5432098765432098,636,200,"{'max_iter': 200, 'learning_rate': 0.04260316855415665, 'max_leaf_nodes': 10, 'l2_regularization': 1.3407983557184622}"
Hist Gradient Boosting,steer,has defects,F1,4,Test,0.4482758620689655,636,200,"{'max_iter': 200, 'learning_rate': 0.04260316855415665, 'max_leaf_nodes': 10, 'l2_regularization': 1.3407983557184622}"
Hist Gradient Boosting,steer,has defects,F1,5,Test,0.6097560975609756,636,200,"{'max_iter': 200, 'learning_rate': 0.04260316855415665, 'max_leaf_nodes': 10, 'l2_regularization': 1.3407983557184622}"
Hist Gradient Boosting,steer,has defects,ROC AUC,1,Train,0.8599317528735633,636,200,"{'max_iter': 200, 'learning_rate': 0.04260316855415665, 'max_leaf_nodes': 10, 'l2_regularization': 1.3407983557184622}"
Hist Gradient Boosting,steer,has defects,ROC AUC,2,Train,0.8497313753581662,636,200,"{'max_iter': 200, 'learning_rate': 0.04260316855415665, 'max_leaf_nodes': 10, 'l2_regularization': 1.3407983557184622}"
Hist Gradient Boosting,steer,has defects,ROC AUC,3,Train,0.8695648280802293,636,200,"{'max_iter': 200, 'learning_rate': 0.04260316855415665, 'max_leaf_nodes': 10, 'l2_regularization': 1.3407983557184622}"
Hist Gradient Boosting,steer,has defects,ROC AUC,4,Train,0.8479853151862465,636,200,"{'max_iter': 200, 'learning_rate': 0.04260316855415665, 'max_leaf_nodes': 10, 'l2_regularization': 1.3407983557184622}"
Hist Gradient Boosting,steer,has defects,ROC AUC,5,Train,0.8655444126074499,636,200,"{'max_iter': 200, 'learning_rate': 0.04260316855415665, 'max_leaf_nodes': 10, 'l2_regularization': 1.3407983557184622}"
Hist Gradient Boosting,steer,has defects,ROC AUC,1,Test,0.7555397727272727,636,200,"{'max_iter': 200, 'learning_rate': 0.04260316855415665, 'max_leaf_nodes': 10, 'l2_regularization': 1.3407983557184622}"
Hist Gradient Boosting,steer,has defects,ROC AUC,2,Test,0.7945402298850575,636,200,"{'max_iter': 200, 'learning_rate': 0.04260316855415665, 'max_leaf_nodes': 10, 'l2_regularization': 1.3407983557184622}"
Hist Gradient Boosting,steer,has defects,ROC AUC,3,Test,0.6716954022988506,636,200,"{'max_iter': 200, 'learning_rate': 0.04260316855415665, 'max_leaf_nodes': 10, 'l2_regularization': 1.3407983557184622}"
Hist Gradient Boosting,steer,has defects,ROC AUC,4,Test,0.7704022988505748,636,200,"{'max_iter': 200, 'learning_rate': 0.04260316855415665, 'max_leaf_nodes': 10, 'l2_regularization': 1.3407983557184622}"
Hist Gradient Boosting,steer,has defects,ROC AUC,5,Test,0.7277298850574713,636,200,"{'max_iter': 200, 'learning_rate': 0.04260316855415665, 'max_leaf_nodes': 10, 'l2_regularization': 1.3407983557184622}"
Hist Gradient Boosting,heifer,has defects,Accuracy,1,Train,0.7096774193548387,233,94,"{'max_iter': 250, 'learning_rate': 0.011768682308947991, 'max_leaf_nodes': 40, 'l2_regularization': 4.531964048170462}"
Hist Gradient Boosting,heifer,has defects,Accuracy,2,Train,0.7043010752688172,233,94,"{'max_iter': 250, 'learning_rate': 0.011768682308947991, 'max_leaf_nodes': 40, 'l2_regularization': 4.531964048170462}"
Hist Gradient Boosting,heifer,has defects,Accuracy,3,Train,0.7311827956989247,233,94,"{'max_iter': 250, 'learning_rate': 0.011768682308947991, 'max_leaf_nodes': 40, 'l2_regularization': 4.531964048170462}"
Hist Gradient Boosting,heifer,has defects,Accuracy,4,Train,0.7219251336898396,233,94,"{'max_iter': 250, 'learning_rate': 0.011768682308947991, 'max_leaf_nodes': 40, 'l2_regularization': 4.531964048170462}"
Hist Gradient Boosting,heifer,has defects,Accuracy,5,Train,0.7219251336898396,233,94,"{'max_iter': 250, 'learning_rate': 0.011768682308947991, 'max_leaf_nodes': 40, 'l2_regularization': 4.531964048170462}"
Hist Gradient Boosting,heifer,has defects,Accuracy,1,Test,0.723404255319149,233,94,"{'max_iter': 250, 'learning_rate': 0.011768682308947991, 'max_leaf_nodes': 40, 'l2_regularization': 4.531964048170462}"
Hist Gradient Boosting,heifer,has defects,Accuracy,2,Test,0.7446808510638298,233,94,"{'max_iter': 250, 'learning_rate': 0.011768682308947991, 'max_leaf_nodes': 40, 'l2_regularization': 4.531964048170462}"
Hist Gradient Boosting,heifer,has defects,Accuracy,3,Test,0.6382978723404256,233,94,"{'max_iter': 250, 'learning_rate': 0.011768682308947991, 'max_leaf_nodes': 40, 'l2_regularization': 4.531964048170462}"
Hist Gradient Boosting,heifer,has defects,Accuracy,4,Test,0.6739130434782609,233,94,"{'max_iter': 250, 'learning_rate': 0.011768682308947991, 'max_leaf_nodes': 40, 'l2_regularization': 4.531964048170462}"
Hist Gradient Boosting,heifer,has defects,Accuracy,5,Test,0.6304347826086957,233,94,"{'max_iter': 250, 'learning_rate': 0.011768682308947991, 'max_leaf_nodes': 40, 'l2_regularization': 4.531964048170462}"
Hist Gradient Boosting,heifer,has defects,Balanced Accuracy,1,Train,0.6702702702702703,233,94,"{'max_iter': 250, 'learning_rate': 0.011768682308947991, 'max_leaf_nodes': 40, 'l2_regularization': 4.531964048170462}"
Hist Gradient Boosting,heifer,has defects,Balanced Accuracy,2,Train,0.6592792792792793,233,94,"{'max_iter': 250, 'learning_rate': 0.011768682308947991, 'max_leaf_nodes': 40, 'l2_regularization': 4.531964048170462}"
Hist Gradient Boosting,heifer,has defects,Balanced Accuracy,3,Train,0.6861261261261261,233,94,"{'max_iter': 250, 'learning_rate': 0.011768682308947991, 'max_leaf_nodes': 40, 'l2_regularization': 4.531964048170462}"
Hist Gradient Boosting,heifer,has defects,Balanced Accuracy,4,Train,0.6786391654812708,233,94,"{'max_iter': 250, 'learning_rate': 0.011768682308947991, 'max_leaf_nodes': 40, 'l2_regularization': 4.531964048170462}"
Hist Gradient Boosting,heifer,has defects,Balanced Accuracy,5,Train,0.6951785714285714,233,94,"{'max_iter': 250, 'learning_rate': 0.011768682308947991, 'max_leaf_nodes': 40, 'l2_regularization': 4.531964048170462}"
Hist Gradient Boosting,heifer,has defects,Balanced Accuracy,1,Test,0.6663533834586466,233,94,"{'max_iter': 250, 'learning_rate': 0.011768682308947991, 'max_leaf_nodes': 40, 'l2_regularization': 4.531964048170462}"
Hist Gradient Boosting,heifer,has defects,Balanced Accuracy,2,Test,0.7349624060150376,233,94,"{'max_iter': 250, 'learning_rate': 0.011768682308947991, 'max_leaf_nodes': 40, 'l2_regularization': 4.531964048170462}"
Hist Gradient Boosting,heifer,has defects,Balanced Accuracy,3,Test,0.5864661654135338,233,94,"{'max_iter': 250, 'learning_rate': 0.011768682308947991, 'max_leaf_nodes': 40, 'l2_regularization': 4.531964048170462}"
Hist Gradient Boosting,heifer,has defects,Balanced Accuracy,4,Test,0.6130952380952381,233,94,"{'max_iter': 250, 'learning_rate': 0.011768682308947991, 'max_leaf_nodes': 40, 'l2_regularization': 4.531964048170462}"
Hist Gradient Boosting,heifer,has defects,Balanced Accuracy,5,Test,0.6072124756335282,233,94,"{'max_iter': 250, 'learning_rate': 0.011768682308947991, 'max_leaf_nodes': 40, 'l2_regularization': 4.531964048170462}"
Hist Gradient Boosting,heifer,has defects,F1,1,Train,0.5645161290322581,233,94,"{'max_iter': 250, 'learning_rate': 0.011768682308947991, 'max_leaf_nodes': 40, 'l2_regularization': 4.531964048170462}"
Hist Gradient Boosting,heifer,has defects,F1,2,Train,0.5378151260504201,233,94,"{'max_iter': 250, 'learning_rate': 0.011768682308947991, 'max_leaf_nodes': 40, 'l2_regularization': 4.531964048170462}"
Hist Gradient Boosting,heifer,has defects,F1,3,Train,0.576271186440678,233,94,"{'max_iter': 250, 'learning_rate': 0.011768682308947991, 'max_leaf_nodes': 40, 'l2_regularization': 4.531964048170462}"
Hist Gradient Boosting,heifer,has defects,F1,4,Train,0.5666666666666667,233,94,"{'max_iter': 250, 'learning_rate': 0.011768682308947991, 'max_leaf_nodes': 40, 'l2_regularization': 4.531964048170462}"
Hist Gradient Boosting,heifer,has defects,F1,5,Train,0.6176470588235294,233,94,"{'max_iter': 250, 'learning_rate': 0.011768682308947991, 'max_leaf_nodes': 40, 'l2_regularization': 4.531964048170462}"
Hist Gradient Boosting,heifer,has defects,F1,1,Test,0.5185185185185185,233,94,"{'max_iter': 250, 'learning_rate': 0.011768682308947991, 'max_leaf_nodes': 40, 'l2_regularization': 4.531964048170462}"
Hist Gradient Boosting,heifer,has defects,F1,2,Test,0.6842105263157895,233,94,"{'max_iter': 250, 'learning_rate': 0.011768682308947991, 'max_leaf_nodes': 40, 'l2_regularization': 4.531964048170462}"
Hist Gradient Boosting,heifer,has defects,F1,3,Test,0.41379310344827586,233,94,"{'max_iter': 250, 'learning_rate': 0.011768682308947991, 'max_leaf_nodes': 40, 'l2_regularization': 4.531964048170462}"
Hist Gradient Boosting,heifer,has defects,F1,4,Test,0.4444444444444444,233,94,"{'max_iter': 250, 'learning_rate': 0.011768682308947991, 'max_leaf_nodes': 40, 'l2_regularization': 4.531964048170462}"
Hist Gradient Boosting,heifer,has defects,F1,5,Test,0.5142857142857142,233,94,"{'max_iter': 250, 'learning_rate': 0.011768682308947991, 'max_leaf_nodes': 40, 'l2_regularization': 4.531964048170462}"
Hist Gradient Boosting,heifer,has defects,ROC AUC,1,Train,0.7723723723723724,233,94,"{'max_iter': 250, 'learning_rate': 0.011768682308947991, 'max_leaf_nodes': 40, 'l2_regularization': 4.531964048170462}"
Hist Gradient Boosting,heifer,has defects,ROC AUC,2,Train,0.7772372372372373,233,94,"{'max_iter': 250, 'learning_rate': 0.011768682308947991, 'max_leaf_nodes': 40, 'l2_regularization': 4.531964048170462}"
Hist Gradient Boosting,heifer,has defects,ROC AUC,3,Train,0.788768768768769,233,94,"{'max_iter': 250, 'learning_rate': 0.011768682308947991, 'max_leaf_nodes': 40, 'l2_regularization': 4.531964048170462}"
Hist Gradient Boosting,heifer,has defects,ROC AUC,4,Train,0.7735301090564247,233,94,"{'max_iter': 250, 'learning_rate': 0.011768682308947991, 'max_leaf_nodes': 40, 'l2_regularization': 4.531964048170462}"
Hist Gradient Boosting,heifer,has defects,ROC AUC,5,Train,0.7820833333333332,233,94,"{'max_iter': 250, 'learning_rate': 0.011768682308947991, 'max_leaf_nodes': 40, 'l2_regularization': 4.531964048170462}"
Hist Gradient Boosting,heifer,has defects,ROC AUC,1,Test,0.7218045112781953,233,94,"{'max_iter': 250, 'learning_rate': 0.011768682308947991, 'max_leaf_nodes': 40, 'l2_regularization': 4.531964048170462}"
Hist Gradient Boosting,heifer,has defects,ROC AUC,2,Test,0.7518796992481203,233,94,"{'max_iter': 250, 'learning_rate': 0.011768682308947991, 'max_leaf_nodes': 40, 'l2_regularization': 4.531964048170462}"
Hist Gradient Boosting,heifer,has defects,ROC AUC,3,Test,0.6325187969924813,233,94,"{'max_iter': 250, 'learning_rate': 0.011768682308947991, 'max_leaf_nodes': 40, 'l2_regularization': 4.531964048170462}"
Hist Gradient Boosting,heifer,has defects,ROC AUC,4,Test,0.6755952380952381,233,94,"{'max_iter': 250, 'learning_rate': 0.011768682308947991, 'max_leaf_nodes': 40, 'l2_regularization': 4.531964048170462}"
Hist Gradient Boosting,heifer,has defects,ROC AUC,5,Test,0.672514619883041,233,94,"{'max_iter': 250, 'learning_rate': 0.011768682308947991, 'max_leaf_nodes': 40, 'l2_regularization': 4.531964048170462}"
