model_name,animal_type,target,max_lag,measure (MAE/MSE),Cross-validation,evaluated_on (Train/Test),Error
Dummy Regressor,cow,live weight,3,MAE,1,Train,48.07777777777777
Dummy Regressor,cow,live weight,3,MAE,2,Train,41.25186267348429
Dummy Regressor,cow,live weight,3,MAE,3,Train,45.74141709276846
Dummy Regressor,cow,live weight,3,MAE,4,Train,44.82132943754567
Dummy Regressor,cow,live weight,3,MAE,5,Train,53.66515704894085
Dummy Regressor,cow,live weight,3,MAE,1,Test,45.97333333333334
Dummy Regressor,cow,live weight,3,MAE,2,Test,69.23123123123123
Dummy Regressor,cow,live weight,3,MAE,3,Test,50.97177177177175
Dummy Regressor,cow,live weight,3,MAE,4,Test,57.351951951951975
Dummy Regressor,cow,live weight,3,MAE,5,Test,18.804204204204186
Dummy Regressor,cow,live weight,3,MSE,1,Train,3733.3552469135807
Dummy Regressor,cow,live weight,3,MSE,2,Train,2786.9518042366694
Dummy Regressor,cow,live weight,3,MSE,3,Train,3731.6717750182615
Dummy Regressor,cow,live weight,3,MSE,4,Train,3330.7263696128575
Dummy Regressor,cow,live weight,3,MSE,5,Train,4397.859108838569
Dummy Regressor,cow,live weight,3,MSE,1,Test,3518.3310864197542
Dummy Regressor,cow,live weight,3,MSE,2,Test,7216.743871439006
Dummy Regressor,cow,live weight,3,MSE,3,Test,3390.6340508075623
Dummy Regressor,cow,live weight,3,MSE,4,Test,4937.887924681441
Dummy Regressor,cow,live weight,3,MSE,5,Test,449.63908935962894
Dummy Regressor,steer,live weight,3,MAE,1,Train,33.93858222046176
Dummy Regressor,steer,live weight,3,MAE,2,Train,30.540221819827977
Dummy Regressor,steer,live weight,3,MAE,3,Train,32.88279198732458
Dummy Regressor,steer,live weight,3,MAE,4,Train,32.32879838162064
Dummy Regressor,steer,live weight,3,MAE,5,Train,33.34879470348573
Dummy Regressor,steer,live weight,3,MAE,1,Test,28.27088048890902
Dummy Regressor,steer,live weight,3,MAE,2,Test,39.964282480760524
Dummy Regressor,steer,live weight,3,MAE,3,Test,31.064791760977815
Dummy Regressor,steer,live weight,3,MAE,4,Test,34.19616908103213
Dummy Regressor,steer,live weight,3,MAE,5,Test,29.896220009053874
Dummy Regressor,steer,live weight,3,MSE,1,Train,2630.869411427682
Dummy Regressor,steer,live weight,3,MSE,2,Train,1557.329068583069
Dummy Regressor,steer,live weight,3,MSE,3,Train,2528.707657028067
Dummy Regressor,steer,live weight,3,MSE,4,Train,2493.275401128905
Dummy Regressor,steer,live weight,3,MSE,5,Train,2589.432223856949
Dummy Regressor,steer,live weight,3,MSE,1,Test,1292.9829923749448
Dummy Regressor,steer,live weight,3,MSE,2,Test,5592.862602987778
Dummy Regressor,steer,live weight,3,MSE,3,Test,1694.2310641127203
Dummy Regressor,steer,live weight,3,MSE,4,Test,1835.6854386175871
Dummy Regressor,steer,live weight,3,MSE,5,Test,1449.1835411951108
Dummy Regressor,heifer,live weight,3,MAE,1,Train,24.990307152726118
Dummy Regressor,heifer,live weight,3,MAE,2,Train,24.14167286640451
Dummy Regressor,heifer,live weight,3,MAE,3,Train,23.08198667221991
Dummy Regressor,heifer,live weight,3,MAE,4,Train,23.922448979591834
Dummy Regressor,heifer,live weight,3,MAE,5,Train,22.802977925864223
Dummy Regressor,heifer,live weight,3,MAE,1,Test,19.14160824742268
Dummy Regressor,heifer,live weight,3,MAE,2,Test,22.51645360824741
Dummy Regressor,heifer,live weight,3,MAE,3,Test,26.69022108843537
Dummy Regressor,heifer,live weight,3,MAE,4,Test,23.614455782312945
Dummy Regressor,heifer,live weight,3,MAE,5,Test,28.103826530612263
Dummy Regressor,heifer,live weight,3,MSE,1,Train,1070.718486555426
Dummy Regressor,heifer,live weight,3,MSE,2,Train,993.5463577425871
Dummy Regressor,heifer,live weight,3,MSE,3,Train,911.5057028321531
Dummy Regressor,heifer,live weight,3,MSE,4,Train,956.6024614743856
Dummy Regressor,heifer,live weight,3,MSE,5,Train,856.8298427738442
Dummy Regressor,heifer,live weight,3,MSE,1,Test,525.1000454033372
Dummy Regressor,heifer,live weight,3,MSE,2,Test,825.8560422574126
Dummy Regressor,heifer,live weight,3,MSE,3,Test,1152.4060148549218
Dummy Regressor,heifer,live weight,3,MSE,4,Test,981.6251235596292
Dummy Regressor,heifer,live weight,3,MSE,5,Test,1394.9637116479264
Dummy Regressor,cow,carcass weight,3,MAE,1,Train,26.475308641975314
Dummy Regressor,cow,carcass weight,3,MAE,2,Train,22.566106647187727
Dummy Regressor,cow,carcass weight,3,MAE,3,Train,24.86121256391526
Dummy Regressor,cow,carcass weight,3,MAE,4,Train,24.50693937180424
Dummy Regressor,cow,carcass weight,3,MAE,5,Train,28.382761139517893
Dummy Regressor,cow,carcass weight,3,MAE,1,Test,25.03333333333335
Dummy Regressor,cow,carcass weight,3,MAE,2,Test,37.049549549549546
Dummy Regressor,cow,carcass weight,3,MAE,3,Test,27.545045045045054
Dummy Regressor,cow,carcass weight,3,MAE,4,Test,29.566066066066057
Dummy Regressor,cow,carcass weight,3,MAE,5,Test,12.48198198198198
Dummy Regressor,cow,carcass weight,3,MSE,1,Train,1076.3001543209875
Dummy Regressor,cow,carcass weight,3,MSE,2,Train,924.6322132943754
Dummy Regressor,cow,carcass weight,3,MSE,3,Train,1152.5628195763331
Dummy Regressor,cow,carcass weight,3,MSE,4,Train,1069.5745069393718
Dummy Regressor,cow,carcass weight,3,MSE,5,Train,1334.4970781592401
Dummy Regressor,cow,carcass weight,3,MSE,1,Test,1386.2859567901246
Dummy Regressor,cow,carcass weight,3,MSE,2,Test,1985.0757446635823
Dummy Regressor,cow,carcass weight,3,MSE,3,Test,1037.9529461894333
Dummy Regressor,cow,carcass weight,3,MSE,4,Test,1353.8872047723396
Dummy Regressor,cow,carcass weight,3,MSE,5,Test,244.06673565457348
Dummy Regressor,steer,carcass weight,3,MAE,1,Train,18.52254979628791
Dummy Regressor,steer,carcass weight,3,MAE,2,Train,17.573053417836125
Dummy Regressor,steer,carcass weight,3,MAE,3,Train,18.55784574468085
Dummy Regressor,steer,carcass weight,3,MAE,4,Train,17.477648257129925
Dummy Regressor,steer,carcass weight,3,MAE,5,Train,17.61908669081032
Dummy Regressor,steer,carcass weight,3,MAE,1,Test,15.561057039384337
Dummy Regressor,steer,carcass weight,3,MAE,2,Test,19.56190583974649
Dummy Regressor,steer,carcass weight,3,MAE,3,Test,15.611702127659575
Dummy Regressor,steer,carcass weight,3,MAE,4,Test,19.730619058397462
Dummy Regressor,steer,carcass weight,3,MAE,5,Test,19.33694545043006
Dummy Regressor,steer,carcass weight,3,MSE,1,Train,537.628727648257
Dummy Regressor,steer,carcass weight,3,MSE,2,Train,474.7773313716614
Dummy Regressor,steer,carcass weight,3,MSE,3,Train,532.3886303191489
Dummy Regressor,steer,carcass weight,3,MSE,4,Train,481.87086740323673
Dummy Regressor,steer,carcass weight,3,MSE,5,Train,501.1260309387732
Dummy Regressor,steer,carcass weight,3,MSE,1,Test,379.2921924513355
Dummy Regressor,steer,carcass weight,3,MSE,2,Test,630.5278972385696
Dummy Regressor,steer,carcass weight,3,MSE,3,Test,399.92386968085106
Dummy Regressor,steer,carcass weight,3,MSE,4,Test,603.1393040544365
Dummy Regressor,steer,carcass weight,3,MSE,5,Test,524.624916888298
Dummy Regressor,heifer,carcass weight,3,MAE,1,Train,14.465830587735146
Dummy Regressor,heifer,carcass weight,3,MAE,2,Train,13.214475502178766
Dummy Regressor,heifer,carcass weight,3,MAE,3,Train,12.933985839233651
Dummy Regressor,heifer,carcass weight,3,MAE,4,Train,14.49396084964598
Dummy Regressor,heifer,carcass weight,3,MAE,5,Train,13.025510204081632
Dummy Regressor,heifer,carcass weight,3,MAE,1,Test,10.409484536082473
Dummy Regressor,heifer,carcass weight,3,MAE,2,Test,15.28082474226804
Dummy Regressor,heifer,carcass weight,3,MAE,3,Test,16.47448979591837
Dummy Regressor,heifer,carcass weight,3,MAE,4,Test,10.617346938775512
Dummy Regressor,heifer,carcass weight,3,MAE,5,Test,16.05229591836735
Dummy Regressor,heifer,carcass weight,3,MSE,1,Train,364.34583909023274
Dummy Regressor,heifer,carcass weight,3,MSE,2,Train,302.4874056754171
Dummy Regressor,heifer,carcass weight,3,MSE,3,Train,303.0735110370679
Dummy Regressor,heifer,carcass weight,3,MSE,4,Train,353.0520616409829
Dummy Regressor,heifer,carcass weight,3,MSE,5,Train,282.6148740108288
Dummy Regressor,heifer,carcass weight,3,MSE,1,Test,156.11106812626207
Dummy Regressor,heifer,carcass weight,3,MSE,2,Test,396.2022850462323
Dummy Regressor,heifer,carcass weight,3,MSE,3,Test,397.5893290989866
Dummy Regressor,heifer,carcass weight,3,MSE,4,Test,199.5180914202416
Dummy Regressor,heifer,carcass weight,3,MSE,5,Test,490.2061293905319
Dummy Regressor,cow,price,3,MAE,1,Train,105.92962962962966
Dummy Regressor,cow,price,3,MAE,2,Train,88.2983929875822
Dummy Regressor,cow,price,3,MAE,3,Train,97.50504017531044
Dummy Regressor,cow,price,3,MAE,4,Train,99.87019722425131
Dummy Regressor,cow,price,3,MAE,5,Train,106.91439006574143
Dummy Regressor,cow,price,3,MAE,1,Test,91.59250000000014
Dummy Regressor,cow,price,3,MAE,2,Test,142.17927927927929
Dummy Regressor,cow,price,3,MAE,3,Test,105.53873873873877
Dummy Regressor,cow,price,3,MAE,4,Test,102.57747747747752
Dummy Regressor,cow,price,3,MAE,5,Test,71.02342342342345
Dummy Regressor,cow,price,3,MSE,1,Train,17962.016857638886
Dummy Regressor,cow,price,3,MSE,2,Train,13913.47995252009
Dummy Regressor,cow,price,3,MSE,3,Train,17509.994737034333
Dummy Regressor,cow,price,3,MSE,4,Train,16146.839353542735
Dummy Regressor,cow,price,3,MSE,5,Train,19689.8892074507
Dummy Regressor,cow,price,3,MSE,1,Test,16054.458392361155
Dummy Regressor,cow,price,3,MSE,2,Test,31405.609777209622
Dummy Regressor,cow,price,3,MSE,3,Test,16301.114857560277
Dummy Regressor,cow,price,3,MSE,4,Test,21500.6930788897
Dummy Regressor,cow,price,3,MSE,5,Test,6820.101062819577
Dummy Regressor,steer,price,3,MAE,1,Train,109.19920071299231
Dummy Regressor,steer,price,3,MAE,2,Train,103.59587553757358
Dummy Regressor,steer,price,3,MAE,3,Train,109.4044215425532
Dummy Regressor,steer,price,3,MAE,4,Train,103.03514599366231
Dummy Regressor,steer,price,3,MAE,5,Train,103.9526114757809
Dummy Regressor,steer,price,3,MAE,1,Test,91.8050503621548
Dummy Regressor,steer,price,3,MAE,2,Test,115.40832956088728
Dummy Regressor,steer,price,3,MAE,3,Test,92.10904255319151
Dummy Regressor,steer,price,3,MAE,4,Test,116.41583861475785
Dummy Regressor,steer,price,3,MAE,5,Test,113.76297815753738
Dummy Regressor,steer,price,3,MSE,1,Train,18695.318593378655
Dummy Regressor,steer,price,3,MSE,2,Train,16508.30039524036
Dummy Regressor,steer,price,3,MSE,3,Train,18513.711463597083
Dummy Regressor,steer,price,3,MSE,4,Train,16754.24086089577
Dummy Regressor,steer,price,3,MSE,5,Train,17444.1971369787
Dummy Regressor,steer,price,3,MSE,1,Test,13205.358156564771
Dummy Regressor,steer,price,3,MSE,2,Test,21946.678508958394
Dummy Regressor,steer,price,3,MSE,3,Test,13919.543549700797
Dummy Regressor,steer,price,3,MSE,4,Test,20998.209198237335
Dummy Regressor,steer,price,3,MSE,5,Test,18186.859653424213
Dummy Regressor,heifer,price,3,MAE,1,Train,80.33796365182272
Dummy Regressor,heifer,price,3,MAE,2,Train,73.4219577000744
Dummy Regressor,heifer,price,3,MAE,3,Train,71.68250728862972
Dummy Regressor,heifer,price,3,MAE,4,Train,81.16618075801748
Dummy Regressor,heifer,price,3,MAE,5,Train,72.21785714285714
Dummy Regressor,heifer,price,3,MAE,1,Test,58.263814432989705
Dummy Regressor,heifer,price,3,MAE,2,Test,85.1879793814433
Dummy Regressor,heifer,price,3,MAE,3,Test,92.57440476190477
Dummy Regressor,heifer,price,3,MAE,4,Test,57.7729166666665
Dummy Regressor,heifer,price,3,MAE,5,Test,90.22351190476189
Dummy Regressor,heifer,price,3,MSE,1,Train,11322.960828993517
Dummy Regressor,heifer,price,3,MSE,2,Train,9384.523745350198
Dummy Regressor,heifer,price,3,MSE,3,Train,9400.7562372449
Dummy Regressor,heifer,price,3,MSE,4,Train,11071.712653061226
Dummy Regressor,heifer,price,3,MSE,5,Train,8730.565420918367
Dummy Regressor,heifer,price,3,MSE,1,Test,4889.926446264218
Dummy Regressor,heifer,price,3,MSE,2,Test,12412.143274237429
Dummy Regressor,heifer,price,3,MSE,3,Test,12471.426679421771
Dummy Regressor,heifer,price,3,MSE,4,Test,5942.694951105423
Dummy Regressor,heifer,price,3,MSE,5,Test,15521.313329081633
Dummy Regressor,cow,Total number of defects,3,MAE,1,Train,0.7901234567901234
Dummy Regressor,cow,Total number of defects,3,MAE,2,Train,0.8195763330898467
Dummy Regressor,cow,Total number of defects,3,MAE,3,Train,0.7888970051132214
Dummy Regressor,cow,Total number of defects,3,MAE,4,Train,0.8108108108108109
Dummy Regressor,cow,Total number of defects,3,MAE,5,Train,0.8444119795471147
Dummy Regressor,cow,Total number of defects,3,MAE,1,Test,0.9222222222222222
Dummy Regressor,cow,Total number of defects,3,MAE,2,Test,0.8138138138138138
Dummy Regressor,cow,Total number of defects,3,MAE,3,Test,0.8858858858858859
Dummy Regressor,cow,Total number of defects,3,MAE,4,Test,0.7777777777777778
Dummy Regressor,cow,Total number of defects,3,MAE,5,Test,0.6936936936936937
Dummy Regressor,cow,Total number of defects,3,MSE,1,Train,1.0432098765432098
Dummy Regressor,cow,Total number of defects,3,MSE,2,Train,0.9612856099342585
Dummy Regressor,cow,Total number of defects,3,MSE,3,Train,1.0533235938641345
Dummy Regressor,cow,Total number of defects,3,MSE,4,Train,1.135135135135135
Dummy Regressor,cow,Total number of defects,3,MSE,5,Train,1.101533966398832
Dummy Regressor,cow,Total number of defects,3,MSE,1,Test,1.134567901234568
Dummy Regressor,cow,Total number of defects,3,MSE,2,Test,1.4801558315071826
Dummy Regressor,cow,Total number of defects,3,MSE,3,Test,1.099829559289019
Dummy Regressor,cow,Total number of defects,3,MSE,4,Test,0.7777777777777778
Dummy Regressor,cow,Total number of defects,3,MSE,5,Test,0.8954630305981657
Dummy Regressor,steer,Total number of defects,3,MAE,1,Train,0.4890221819827977
Dummy Regressor,steer,Total number of defects,3,MAE,2,Train,0.5624717066545949
Dummy Regressor,steer,Total number of defects,3,MAE,3,Train,0.5483250339520146
Dummy Regressor,steer,Total number of defects,3,MAE,4,Train,0.5080070167496604
Dummy Regressor,steer,Total number of defects,3,MAE,5,Train,0.5024898143956541
Dummy Regressor,steer,Total number of defects,3,MAE,1,Test,0.5731100045269353
Dummy Regressor,steer,Total number of defects,3,MAE,2,Test,0.46468990493435935
Dummy Regressor,steer,Total number of defects,3,MAE,3,Test,0.4784970574920781
Dummy Regressor,steer,Total number of defects,3,MAE,4,Test,0.5684698958804888
Dummy Regressor,steer,Total number of defects,3,MAE,5,Test,0.5477591670439114
Dummy Regressor,steer,Total number of defects,3,MSE,1,Train,0.5484382073336352
Dummy Regressor,steer,Total number of defects,3,MSE,2,Train,0.660564735174287
Dummy Regressor,steer,Total number of defects,3,MSE,3,Train,0.6564056133997284
Dummy Regressor,steer,Total number of defects,3,MSE,4,Train,0.5206824354911724
Dummy Regressor,steer,Total number of defects,3,MSE,5,Train,0.6055907650520597
Dummy Regressor,steer,Total number of defects,3,MSE,1,Test,0.8063603440470801
Dummy Regressor,steer,Total number of defects,3,MSE,2,Test,0.3596933001358082
Dummy Regressor,steer,Total number of defects,3,MSE,3,Test,0.3716613852421907
Dummy Regressor,steer,Total number of defects,3,MSE,4,Test,0.9124320959710275
Dummy Regressor,steer,Total number of defects,3,MSE,5,Test,0.5749207786328655
Dummy Regressor,heifer,Total number of defects,3,MAE,1,Train,0.7248379211393345
Dummy Regressor,heifer,Total number of defects,3,MAE,2,Train,0.6521415665851844
Dummy Regressor,heifer,Total number of defects,3,MAE,3,Train,0.6822157434402332
Dummy Regressor,heifer,Total number of defects,3,MAE,4,Train,0.5903790087463558
Dummy Regressor,heifer,Total number of defects,3,MAE,5,Train,0.7113702623906706
Dummy Regressor,heifer,Total number of defects,3,MAE,1,Test,0.51340206185567
Dummy Regressor,heifer,Total number of defects,3,MAE,2,Test,0.7558762886597938
Dummy Regressor,heifer,Total number of defects,3,MAE,3,Test,0.6301020408163266
Dummy Regressor,heifer,Total number of defects,3,MAE,4,Test,0.9098639455782314
Dummy Regressor,heifer,Total number of defects,3,MAE,5,Test,0.5654761904761904
Dummy Regressor,heifer,Total number of defects,3,MSE,1,Train,0.8640663194813477
Dummy Regressor,heifer,Total number of defects,3,MSE,2,Train,0.6816877457753217
Dummy Regressor,heifer,Total number of defects,3,MSE,3,Train,0.8000832986255726
Dummy Regressor,heifer,Total number of defects,3,MSE,4,Train,0.513640149937526
Dummy Regressor,heifer,Total number of defects,3,MSE,5,Train,0.8367346938775511
Dummy Regressor,heifer,Total number of defects,3,MSE,1,Test,0.26789244340525026
Dummy Regressor,heifer,Total number of defects,3,MSE,2,Test,0.9698586459772559
Dummy Regressor,heifer,Total number of defects,3,MSE,3,Test,0.49838608912952936
Dummy Regressor,heifer,Total number of defects,3,MSE,4,Test,1.6955435235318614
Dummy Regressor,heifer,Total number of defects,3,MSE,5,Test,0.3562925170068027
Dummy Regressor,cow,live weight,7,MAE,1,Train,48.07777777777777
Dummy Regressor,cow,live weight,7,MAE,2,Train,41.25186267348429
Dummy Regressor,cow,live weight,7,MAE,3,Train,45.74141709276846
Dummy Regressor,cow,live weight,7,MAE,4,Train,44.82132943754567
Dummy Regressor,cow,live weight,7,MAE,5,Train,53.66515704894085
Dummy Regressor,cow,live weight,7,MAE,1,Test,45.97333333333334
Dummy Regressor,cow,live weight,7,MAE,2,Test,69.23123123123123
Dummy Regressor,cow,live weight,7,MAE,3,Test,50.97177177177175
Dummy Regressor,cow,live weight,7,MAE,4,Test,57.351951951951975
Dummy Regressor,cow,live weight,7,MAE,5,Test,18.804204204204186
Dummy Regressor,cow,live weight,7,MSE,1,Train,3733.3552469135807
Dummy Regressor,cow,live weight,7,MSE,2,Train,2786.9518042366694
Dummy Regressor,cow,live weight,7,MSE,3,Train,3731.6717750182615
Dummy Regressor,cow,live weight,7,MSE,4,Train,3330.7263696128575
Dummy Regressor,cow,live weight,7,MSE,5,Train,4397.859108838569
Dummy Regressor,cow,live weight,7,MSE,1,Test,3518.3310864197542
Dummy Regressor,cow,live weight,7,MSE,2,Test,7216.743871439006
Dummy Regressor,cow,live weight,7,MSE,3,Test,3390.6340508075623
Dummy Regressor,cow,live weight,7,MSE,4,Test,4937.887924681441
Dummy Regressor,cow,live weight,7,MSE,5,Test,449.63908935962894
Dummy Regressor,steer,live weight,7,MAE,1,Train,33.93858222046176
Dummy Regressor,steer,live weight,7,MAE,2,Train,30.540221819827977
Dummy Regressor,steer,live weight,7,MAE,3,Train,32.88279198732458
Dummy Regressor,steer,live weight,7,MAE,4,Train,32.32879838162064
Dummy Regressor,steer,live weight,7,MAE,5,Train,33.34879470348573
Dummy Regressor,steer,live weight,7,MAE,1,Test,28.27088048890902
Dummy Regressor,steer,live weight,7,MAE,2,Test,39.964282480760524
Dummy Regressor,steer,live weight,7,MAE,3,Test,31.064791760977815
Dummy Regressor,steer,live weight,7,MAE,4,Test,34.19616908103213
Dummy Regressor,steer,live weight,7,MAE,5,Test,29.896220009053874
Dummy Regressor,steer,live weight,7,MSE,1,Train,2630.869411427682
Dummy Regressor,steer,live weight,7,MSE,2,Train,1557.329068583069
Dummy Regressor,steer,live weight,7,MSE,3,Train,2528.707657028067
Dummy Regressor,steer,live weight,7,MSE,4,Train,2493.275401128905
Dummy Regressor,steer,live weight,7,MSE,5,Train,2589.432223856949
Dummy Regressor,steer,live weight,7,MSE,1,Test,1292.9829923749448
Dummy Regressor,steer,live weight,7,MSE,2,Test,5592.862602987778
Dummy Regressor,steer,live weight,7,MSE,3,Test,1694.2310641127203
Dummy Regressor,steer,live weight,7,MSE,4,Test,1835.6854386175871
Dummy Regressor,steer,live weight,7,MSE,5,Test,1449.1835411951108
Dummy Regressor,heifer,live weight,7,MAE,1,Train,24.990307152726118
Dummy Regressor,heifer,live weight,7,MAE,2,Train,24.14167286640451
Dummy Regressor,heifer,live weight,7,MAE,3,Train,23.08198667221991
Dummy Regressor,heifer,live weight,7,MAE,4,Train,23.922448979591834
Dummy Regressor,heifer,live weight,7,MAE,5,Train,22.802977925864223
Dummy Regressor,heifer,live weight,7,MAE,1,Test,19.14160824742268
Dummy Regressor,heifer,live weight,7,MAE,2,Test,22.51645360824741
Dummy Regressor,heifer,live weight,7,MAE,3,Test,26.69022108843537
Dummy Regressor,heifer,live weight,7,MAE,4,Test,23.614455782312945
Dummy Regressor,heifer,live weight,7,MAE,5,Test,28.103826530612263
Dummy Regressor,heifer,live weight,7,MSE,1,Train,1070.718486555426
Dummy Regressor,heifer,live weight,7,MSE,2,Train,993.5463577425871
Dummy Regressor,heifer,live weight,7,MSE,3,Train,911.5057028321531
Dummy Regressor,heifer,live weight,7,MSE,4,Train,956.6024614743856
Dummy Regressor,heifer,live weight,7,MSE,5,Train,856.8298427738442
Dummy Regressor,heifer,live weight,7,MSE,1,Test,525.1000454033372
Dummy Regressor,heifer,live weight,7,MSE,2,Test,825.8560422574126
Dummy Regressor,heifer,live weight,7,MSE,3,Test,1152.4060148549218
Dummy Regressor,heifer,live weight,7,MSE,4,Test,981.6251235596292
Dummy Regressor,heifer,live weight,7,MSE,5,Test,1394.9637116479264
Dummy Regressor,cow,carcass weight,7,MAE,1,Train,26.475308641975314
Dummy Regressor,cow,carcass weight,7,MAE,2,Train,22.566106647187727
Dummy Regressor,cow,carcass weight,7,MAE,3,Train,24.86121256391526
Dummy Regressor,cow,carcass weight,7,MAE,4,Train,24.50693937180424
Dummy Regressor,cow,carcass weight,7,MAE,5,Train,28.382761139517893
Dummy Regressor,cow,carcass weight,7,MAE,1,Test,25.03333333333335
Dummy Regressor,cow,carcass weight,7,MAE,2,Test,37.049549549549546
Dummy Regressor,cow,carcass weight,7,MAE,3,Test,27.545045045045054
Dummy Regressor,cow,carcass weight,7,MAE,4,Test,29.566066066066057
Dummy Regressor,cow,carcass weight,7,MAE,5,Test,12.48198198198198
Dummy Regressor,cow,carcass weight,7,MSE,1,Train,1076.3001543209875
Dummy Regressor,cow,carcass weight,7,MSE,2,Train,924.6322132943754
Dummy Regressor,cow,carcass weight,7,MSE,3,Train,1152.5628195763331
Dummy Regressor,cow,carcass weight,7,MSE,4,Train,1069.5745069393718
Dummy Regressor,cow,carcass weight,7,MSE,5,Train,1334.4970781592401
Dummy Regressor,cow,carcass weight,7,MSE,1,Test,1386.2859567901246
Dummy Regressor,cow,carcass weight,7,MSE,2,Test,1985.0757446635823
Dummy Regressor,cow,carcass weight,7,MSE,3,Test,1037.9529461894333
Dummy Regressor,cow,carcass weight,7,MSE,4,Test,1353.8872047723396
Dummy Regressor,cow,carcass weight,7,MSE,5,Test,244.06673565457348
Dummy Regressor,steer,carcass weight,7,MAE,1,Train,18.52254979628791
Dummy Regressor,steer,carcass weight,7,MAE,2,Train,17.573053417836125
Dummy Regressor,steer,carcass weight,7,MAE,3,Train,18.55784574468085
Dummy Regressor,steer,carcass weight,7,MAE,4,Train,17.477648257129925
Dummy Regressor,steer,carcass weight,7,MAE,5,Train,17.61908669081032
Dummy Regressor,steer,carcass weight,7,MAE,1,Test,15.561057039384337
Dummy Regressor,steer,carcass weight,7,MAE,2,Test,19.56190583974649
Dummy Regressor,steer,carcass weight,7,MAE,3,Test,15.611702127659575
Dummy Regressor,steer,carcass weight,7,MAE,4,Test,19.730619058397462
Dummy Regressor,steer,carcass weight,7,MAE,5,Test,19.33694545043006
Dummy Regressor,steer,carcass weight,7,MSE,1,Train,537.628727648257
Dummy Regressor,steer,carcass weight,7,MSE,2,Train,474.7773313716614
Dummy Regressor,steer,carcass weight,7,MSE,3,Train,532.3886303191489
Dummy Regressor,steer,carcass weight,7,MSE,4,Train,481.87086740323673
Dummy Regressor,steer,carcass weight,7,MSE,5,Train,501.1260309387732
Dummy Regressor,steer,carcass weight,7,MSE,1,Test,379.2921924513355
Dummy Regressor,steer,carcass weight,7,MSE,2,Test,630.5278972385696
Dummy Regressor,steer,carcass weight,7,MSE,3,Test,399.92386968085106
Dummy Regressor,steer,carcass weight,7,MSE,4,Test,603.1393040544365
Dummy Regressor,steer,carcass weight,7,MSE,5,Test,524.624916888298
Dummy Regressor,heifer,carcass weight,7,MAE,1,Train,14.465830587735146
Dummy Regressor,heifer,carcass weight,7,MAE,2,Train,13.214475502178766
Dummy Regressor,heifer,carcass weight,7,MAE,3,Train,12.933985839233651
Dummy Regressor,heifer,carcass weight,7,MAE,4,Train,14.49396084964598
Dummy Regressor,heifer,carcass weight,7,MAE,5,Train,13.025510204081632
Dummy Regressor,heifer,carcass weight,7,MAE,1,Test,10.409484536082473
Dummy Regressor,heifer,carcass weight,7,MAE,2,Test,15.28082474226804
Dummy Regressor,heifer,carcass weight,7,MAE,3,Test,16.47448979591837
Dummy Regressor,heifer,carcass weight,7,MAE,4,Test,10.617346938775512
Dummy Regressor,heifer,carcass weight,7,MAE,5,Test,16.05229591836735
Dummy Regressor,heifer,carcass weight,7,MSE,1,Train,364.34583909023274
Dummy Regressor,heifer,carcass weight,7,MSE,2,Train,302.4874056754171
Dummy Regressor,heifer,carcass weight,7,MSE,3,Train,303.0735110370679
Dummy Regressor,heifer,carcass weight,7,MSE,4,Train,353.0520616409829
Dummy Regressor,heifer,carcass weight,7,MSE,5,Train,282.6148740108288
Dummy Regressor,heifer,carcass weight,7,MSE,1,Test,156.11106812626207
Dummy Regressor,heifer,carcass weight,7,MSE,2,Test,396.2022850462323
Dummy Regressor,heifer,carcass weight,7,MSE,3,Test,397.5893290989866
Dummy Regressor,heifer,carcass weight,7,MSE,4,Test,199.5180914202416
Dummy Regressor,heifer,carcass weight,7,MSE,5,Test,490.2061293905319
Dummy Regressor,cow,price,7,MAE,1,Train,105.92962962962966
Dummy Regressor,cow,price,7,MAE,2,Train,88.2983929875822
Dummy Regressor,cow,price,7,MAE,3,Train,97.50504017531044
Dummy Regressor,cow,price,7,MAE,4,Train,99.87019722425131
Dummy Regressor,cow,price,7,MAE,5,Train,106.91439006574143
Dummy Regressor,cow,price,7,MAE,1,Test,91.59250000000014
Dummy Regressor,cow,price,7,MAE,2,Test,142.17927927927929
Dummy Regressor,cow,price,7,MAE,3,Test,105.53873873873877
Dummy Regressor,cow,price,7,MAE,4,Test,102.57747747747752
Dummy Regressor,cow,price,7,MAE,5,Test,71.02342342342345
Dummy Regressor,cow,price,7,MSE,1,Train,17962.016857638886
Dummy Regressor,cow,price,7,MSE,2,Train,13913.47995252009
Dummy Regressor,cow,price,7,MSE,3,Train,17509.994737034333
Dummy Regressor,cow,price,7,MSE,4,Train,16146.839353542735
Dummy Regressor,cow,price,7,MSE,5,Train,19689.8892074507
Dummy Regressor,cow,price,7,MSE,1,Test,16054.458392361155
Dummy Regressor,cow,price,7,MSE,2,Test,31405.609777209622
Dummy Regressor,cow,price,7,MSE,3,Test,16301.114857560277
Dummy Regressor,cow,price,7,MSE,4,Test,21500.6930788897
Dummy Regressor,cow,price,7,MSE,5,Test,6820.101062819577
Dummy Regressor,steer,price,7,MAE,1,Train,109.19920071299231
Dummy Regressor,steer,price,7,MAE,2,Train,103.59587553757358
Dummy Regressor,steer,price,7,MAE,3,Train,109.4044215425532
Dummy Regressor,steer,price,7,MAE,4,Train,103.03514599366231
Dummy Regressor,steer,price,7,MAE,5,Train,103.9526114757809
Dummy Regressor,steer,price,7,MAE,1,Test,91.8050503621548
Dummy Regressor,steer,price,7,MAE,2,Test,115.40832956088728
Dummy Regressor,steer,price,7,MAE,3,Test,92.10904255319151
Dummy Regressor,steer,price,7,MAE,4,Test,116.41583861475785
Dummy Regressor,steer,price,7,MAE,5,Test,113.76297815753738
Dummy Regressor,steer,price,7,MSE,1,Train,18695.318593378655
Dummy Regressor,steer,price,7,MSE,2,Train,16508.30039524036
Dummy Regressor,steer,price,7,MSE,3,Train,18513.711463597083
Dummy Regressor,steer,price,7,MSE,4,Train,16754.24086089577
Dummy Regressor,steer,price,7,MSE,5,Train,17444.1971369787
Dummy Regressor,steer,price,7,MSE,1,Test,13205.358156564771
Dummy Regressor,steer,price,7,MSE,2,Test,21946.678508958394
Dummy Regressor,steer,price,7,MSE,3,Test,13919.543549700797
Dummy Regressor,steer,price,7,MSE,4,Test,20998.209198237335
Dummy Regressor,steer,price,7,MSE,5,Test,18186.859653424213
Dummy Regressor,heifer,price,7,MAE,1,Train,80.33796365182272
Dummy Regressor,heifer,price,7,MAE,2,Train,73.4219577000744
Dummy Regressor,heifer,price,7,MAE,3,Train,71.68250728862972
Dummy Regressor,heifer,price,7,MAE,4,Train,81.16618075801748
Dummy Regressor,heifer,price,7,MAE,5,Train,72.21785714285714
Dummy Regressor,heifer,price,7,MAE,1,Test,58.263814432989705
Dummy Regressor,heifer,price,7,MAE,2,Test,85.1879793814433
Dummy Regressor,heifer,price,7,MAE,3,Test,92.57440476190477
Dummy Regressor,heifer,price,7,MAE,4,Test,57.7729166666665
Dummy Regressor,heifer,price,7,MAE,5,Test,90.22351190476189
Dummy Regressor,heifer,price,7,MSE,1,Train,11322.960828993517
Dummy Regressor,heifer,price,7,MSE,2,Train,9384.523745350198
Dummy Regressor,heifer,price,7,MSE,3,Train,9400.7562372449
Dummy Regressor,heifer,price,7,MSE,4,Train,11071.712653061226
Dummy Regressor,heifer,price,7,MSE,5,Train,8730.565420918367
Dummy Regressor,heifer,price,7,MSE,1,Test,4889.926446264218
Dummy Regressor,heifer,price,7,MSE,2,Test,12412.143274237429
Dummy Regressor,heifer,price,7,MSE,3,Test,12471.426679421771
Dummy Regressor,heifer,price,7,MSE,4,Test,5942.694951105423
Dummy Regressor,heifer,price,7,MSE,5,Test,15521.313329081633
Dummy Regressor,cow,Total number of defects,7,MAE,1,Train,0.7901234567901234
Dummy Regressor,cow,Total number of defects,7,MAE,2,Train,0.8195763330898467
Dummy Regressor,cow,Total number of defects,7,MAE,3,Train,0.7888970051132214
Dummy Regressor,cow,Total number of defects,7,MAE,4,Train,0.8108108108108109
Dummy Regressor,cow,Total number of defects,7,MAE,5,Train,0.8444119795471147
Dummy Regressor,cow,Total number of defects,7,MAE,1,Test,0.9222222222222222
Dummy Regressor,cow,Total number of defects,7,MAE,2,Test,0.8138138138138138
Dummy Regressor,cow,Total number of defects,7,MAE,3,Test,0.8858858858858859
Dummy Regressor,cow,Total number of defects,7,MAE,4,Test,0.7777777777777778
Dummy Regressor,cow,Total number of defects,7,MAE,5,Test,0.6936936936936937
Dummy Regressor,cow,Total number of defects,7,MSE,1,Train,1.0432098765432098
Dummy Regressor,cow,Total number of defects,7,MSE,2,Train,0.9612856099342585
Dummy Regressor,cow,Total number of defects,7,MSE,3,Train,1.0533235938641345
Dummy Regressor,cow,Total number of defects,7,MSE,4,Train,1.135135135135135
Dummy Regressor,cow,Total number of defects,7,MSE,5,Train,1.101533966398832
Dummy Regressor,cow,Total number of defects,7,MSE,1,Test,1.134567901234568
Dummy Regressor,cow,Total number of defects,7,MSE,2,Test,1.4801558315071826
Dummy Regressor,cow,Total number of defects,7,MSE,3,Test,1.099829559289019
Dummy Regressor,cow,Total number of defects,7,MSE,4,Test,0.7777777777777778
Dummy Regressor,cow,Total number of defects,7,MSE,5,Test,0.8954630305981657
Dummy Regressor,steer,Total number of defects,7,MAE,1,Train,0.4890221819827977
Dummy Regressor,steer,Total number of defects,7,MAE,2,Train,0.5624717066545949
Dummy Regressor,steer,Total number of defects,7,MAE,3,Train,0.5483250339520146
Dummy Regressor,steer,Total number of defects,7,MAE,4,Train,0.5080070167496604
Dummy Regressor,steer,Total number of defects,7,MAE,5,Train,0.5024898143956541
Dummy Regressor,steer,Total number of defects,7,MAE,1,Test,0.5731100045269353
Dummy Regressor,steer,Total number of defects,7,MAE,2,Test,0.46468990493435935
Dummy Regressor,steer,Total number of defects,7,MAE,3,Test,0.4784970574920781
Dummy Regressor,steer,Total number of defects,7,MAE,4,Test,0.5684698958804888
Dummy Regressor,steer,Total number of defects,7,MAE,5,Test,0.5477591670439114
Dummy Regressor,steer,Total number of defects,7,MSE,1,Train,0.5484382073336352
Dummy Regressor,steer,Total number of defects,7,MSE,2,Train,0.660564735174287
Dummy Regressor,steer,Total number of defects,7,MSE,3,Train,0.6564056133997284
Dummy Regressor,steer,Total number of defects,7,MSE,4,Train,0.5206824354911724
Dummy Regressor,steer,Total number of defects,7,MSE,5,Train,0.6055907650520597
Dummy Regressor,steer,Total number of defects,7,MSE,1,Test,0.8063603440470801
Dummy Regressor,steer,Total number of defects,7,MSE,2,Test,0.3596933001358082
Dummy Regressor,steer,Total number of defects,7,MSE,3,Test,0.3716613852421907
Dummy Regressor,steer,Total number of defects,7,MSE,4,Test,0.9124320959710275
Dummy Regressor,steer,Total number of defects,7,MSE,5,Test,0.5749207786328655
Dummy Regressor,heifer,Total number of defects,7,MAE,1,Train,0.7248379211393345
Dummy Regressor,heifer,Total number of defects,7,MAE,2,Train,0.6521415665851844
Dummy Regressor,heifer,Total number of defects,7,MAE,3,Train,0.6822157434402332
Dummy Regressor,heifer,Total number of defects,7,MAE,4,Train,0.5903790087463558
Dummy Regressor,heifer,Total number of defects,7,MAE,5,Train,0.7113702623906706
Dummy Regressor,heifer,Total number of defects,7,MAE,1,Test,0.51340206185567
Dummy Regressor,heifer,Total number of defects,7,MAE,2,Test,0.7558762886597938
Dummy Regressor,heifer,Total number of defects,7,MAE,3,Test,0.6301020408163266
Dummy Regressor,heifer,Total number of defects,7,MAE,4,Test,0.9098639455782314
Dummy Regressor,heifer,Total number of defects,7,MAE,5,Test,0.5654761904761904
Dummy Regressor,heifer,Total number of defects,7,MSE,1,Train,0.8640663194813477
Dummy Regressor,heifer,Total number of defects,7,MSE,2,Train,0.6816877457753217
Dummy Regressor,heifer,Total number of defects,7,MSE,3,Train,0.8000832986255726
Dummy Regressor,heifer,Total number of defects,7,MSE,4,Train,0.513640149937526
Dummy Regressor,heifer,Total number of defects,7,MSE,5,Train,0.8367346938775511
Dummy Regressor,heifer,Total number of defects,7,MSE,1,Test,0.26789244340525026
Dummy Regressor,heifer,Total number of defects,7,MSE,2,Test,0.9698586459772559
Dummy Regressor,heifer,Total number of defects,7,MSE,3,Test,0.49838608912952936
Dummy Regressor,heifer,Total number of defects,7,MSE,4,Test,1.6955435235318614
Dummy Regressor,heifer,Total number of defects,7,MSE,5,Test,0.3562925170068027
Dummy Regressor,cow,live weight,14,MAE,1,Train,48.07777777777777
Dummy Regressor,cow,live weight,14,MAE,2,Train,41.25186267348429
Dummy Regressor,cow,live weight,14,MAE,3,Train,45.74141709276846
Dummy Regressor,cow,live weight,14,MAE,4,Train,44.82132943754567
Dummy Regressor,cow,live weight,14,MAE,5,Train,53.66515704894085
Dummy Regressor,cow,live weight,14,MAE,1,Test,45.97333333333334
Dummy Regressor,cow,live weight,14,MAE,2,Test,69.23123123123123
Dummy Regressor,cow,live weight,14,MAE,3,Test,50.97177177177175
Dummy Regressor,cow,live weight,14,MAE,4,Test,57.351951951951975
Dummy Regressor,cow,live weight,14,MAE,5,Test,18.804204204204186
Dummy Regressor,cow,live weight,14,MSE,1,Train,3733.3552469135807
Dummy Regressor,cow,live weight,14,MSE,2,Train,2786.9518042366694
Dummy Regressor,cow,live weight,14,MSE,3,Train,3731.6717750182615
Dummy Regressor,cow,live weight,14,MSE,4,Train,3330.7263696128575
Dummy Regressor,cow,live weight,14,MSE,5,Train,4397.859108838569
Dummy Regressor,cow,live weight,14,MSE,1,Test,3518.3310864197542
Dummy Regressor,cow,live weight,14,MSE,2,Test,7216.743871439006
Dummy Regressor,cow,live weight,14,MSE,3,Test,3390.6340508075623
Dummy Regressor,cow,live weight,14,MSE,4,Test,4937.887924681441
Dummy Regressor,cow,live weight,14,MSE,5,Test,449.63908935962894
Dummy Regressor,steer,live weight,14,MAE,1,Train,33.93858222046176
Dummy Regressor,steer,live weight,14,MAE,2,Train,30.540221819827977
Dummy Regressor,steer,live weight,14,MAE,3,Train,32.88279198732458
Dummy Regressor,steer,live weight,14,MAE,4,Train,32.32879838162064
Dummy Regressor,steer,live weight,14,MAE,5,Train,33.34879470348573
Dummy Regressor,steer,live weight,14,MAE,1,Test,28.27088048890902
Dummy Regressor,steer,live weight,14,MAE,2,Test,39.964282480760524
Dummy Regressor,steer,live weight,14,MAE,3,Test,31.064791760977815
Dummy Regressor,steer,live weight,14,MAE,4,Test,34.19616908103213
Dummy Regressor,steer,live weight,14,MAE,5,Test,29.896220009053874
Dummy Regressor,steer,live weight,14,MSE,1,Train,2630.869411427682
Dummy Regressor,steer,live weight,14,MSE,2,Train,1557.329068583069
Dummy Regressor,steer,live weight,14,MSE,3,Train,2528.707657028067
Dummy Regressor,steer,live weight,14,MSE,4,Train,2493.275401128905
Dummy Regressor,steer,live weight,14,MSE,5,Train,2589.432223856949
Dummy Regressor,steer,live weight,14,MSE,1,Test,1292.9829923749448
Dummy Regressor,steer,live weight,14,MSE,2,Test,5592.862602987778
Dummy Regressor,steer,live weight,14,MSE,3,Test,1694.2310641127203
Dummy Regressor,steer,live weight,14,MSE,4,Test,1835.6854386175871
Dummy Regressor,steer,live weight,14,MSE,5,Test,1449.1835411951108
Dummy Regressor,heifer,live weight,14,MAE,1,Train,24.990307152726118
Dummy Regressor,heifer,live weight,14,MAE,2,Train,24.14167286640451
Dummy Regressor,heifer,live weight,14,MAE,3,Train,23.08198667221991
Dummy Regressor,heifer,live weight,14,MAE,4,Train,23.922448979591834
Dummy Regressor,heifer,live weight,14,MAE,5,Train,22.802977925864223
Dummy Regressor,heifer,live weight,14,MAE,1,Test,19.14160824742268
Dummy Regressor,heifer,live weight,14,MAE,2,Test,22.51645360824741
Dummy Regressor,heifer,live weight,14,MAE,3,Test,26.69022108843537
Dummy Regressor,heifer,live weight,14,MAE,4,Test,23.614455782312945
Dummy Regressor,heifer,live weight,14,MAE,5,Test,28.103826530612263
Dummy Regressor,heifer,live weight,14,MSE,1,Train,1070.718486555426
Dummy Regressor,heifer,live weight,14,MSE,2,Train,993.5463577425871
Dummy Regressor,heifer,live weight,14,MSE,3,Train,911.5057028321531
Dummy Regressor,heifer,live weight,14,MSE,4,Train,956.6024614743856
Dummy Regressor,heifer,live weight,14,MSE,5,Train,856.8298427738442
Dummy Regressor,heifer,live weight,14,MSE,1,Test,525.1000454033372
Dummy Regressor,heifer,live weight,14,MSE,2,Test,825.8560422574126
Dummy Regressor,heifer,live weight,14,MSE,3,Test,1152.4060148549218
Dummy Regressor,heifer,live weight,14,MSE,4,Test,981.6251235596292
Dummy Regressor,heifer,live weight,14,MSE,5,Test,1394.9637116479264
Dummy Regressor,cow,carcass weight,14,MAE,1,Train,26.475308641975314
Dummy Regressor,cow,carcass weight,14,MAE,2,Train,22.566106647187727
Dummy Regressor,cow,carcass weight,14,MAE,3,Train,24.86121256391526
Dummy Regressor,cow,carcass weight,14,MAE,4,Train,24.50693937180424
Dummy Regressor,cow,carcass weight,14,MAE,5,Train,28.382761139517893
Dummy Regressor,cow,carcass weight,14,MAE,1,Test,25.03333333333335
Dummy Regressor,cow,carcass weight,14,MAE,2,Test,37.049549549549546
Dummy Regressor,cow,carcass weight,14,MAE,3,Test,27.545045045045054
Dummy Regressor,cow,carcass weight,14,MAE,4,Test,29.566066066066057
Dummy Regressor,cow,carcass weight,14,MAE,5,Test,12.48198198198198
Dummy Regressor,cow,carcass weight,14,MSE,1,Train,1076.3001543209875
Dummy Regressor,cow,carcass weight,14,MSE,2,Train,924.6322132943754
Dummy Regressor,cow,carcass weight,14,MSE,3,Train,1152.5628195763331
Dummy Regressor,cow,carcass weight,14,MSE,4,Train,1069.5745069393718
Dummy Regressor,cow,carcass weight,14,MSE,5,Train,1334.4970781592401
Dummy Regressor,cow,carcass weight,14,MSE,1,Test,1386.2859567901246
Dummy Regressor,cow,carcass weight,14,MSE,2,Test,1985.0757446635823
Dummy Regressor,cow,carcass weight,14,MSE,3,Test,1037.9529461894333
Dummy Regressor,cow,carcass weight,14,MSE,4,Test,1353.8872047723396
Dummy Regressor,cow,carcass weight,14,MSE,5,Test,244.06673565457348
Dummy Regressor,steer,carcass weight,14,MAE,1,Train,18.52254979628791
Dummy Regressor,steer,carcass weight,14,MAE,2,Train,17.573053417836125
Dummy Regressor,steer,carcass weight,14,MAE,3,Train,18.55784574468085
Dummy Regressor,steer,carcass weight,14,MAE,4,Train,17.477648257129925
Dummy Regressor,steer,carcass weight,14,MAE,5,Train,17.61908669081032
Dummy Regressor,steer,carcass weight,14,MAE,1,Test,15.561057039384337
Dummy Regressor,steer,carcass weight,14,MAE,2,Test,19.56190583974649
Dummy Regressor,steer,carcass weight,14,MAE,3,Test,15.611702127659575
Dummy Regressor,steer,carcass weight,14,MAE,4,Test,19.730619058397462
Dummy Regressor,steer,carcass weight,14,MAE,5,Test,19.33694545043006
Dummy Regressor,steer,carcass weight,14,MSE,1,Train,537.628727648257
Dummy Regressor,steer,carcass weight,14,MSE,2,Train,474.7773313716614
Dummy Regressor,steer,carcass weight,14,MSE,3,Train,532.3886303191489
Dummy Regressor,steer,carcass weight,14,MSE,4,Train,481.87086740323673
Dummy Regressor,steer,carcass weight,14,MSE,5,Train,501.1260309387732
Dummy Regressor,steer,carcass weight,14,MSE,1,Test,379.2921924513355
Dummy Regressor,steer,carcass weight,14,MSE,2,Test,630.5278972385696
Dummy Regressor,steer,carcass weight,14,MSE,3,Test,399.92386968085106
Dummy Regressor,steer,carcass weight,14,MSE,4,Test,603.1393040544365
Dummy Regressor,steer,carcass weight,14,MSE,5,Test,524.624916888298
Dummy Regressor,heifer,carcass weight,14,MAE,1,Train,14.465830587735146
Dummy Regressor,heifer,carcass weight,14,MAE,2,Train,13.214475502178766
Dummy Regressor,heifer,carcass weight,14,MAE,3,Train,12.933985839233651
Dummy Regressor,heifer,carcass weight,14,MAE,4,Train,14.49396084964598
Dummy Regressor,heifer,carcass weight,14,MAE,5,Train,13.025510204081632
Dummy Regressor,heifer,carcass weight,14,MAE,1,Test,10.409484536082473
Dummy Regressor,heifer,carcass weight,14,MAE,2,Test,15.28082474226804
Dummy Regressor,heifer,carcass weight,14,MAE,3,Test,16.47448979591837
Dummy Regressor,heifer,carcass weight,14,MAE,4,Test,10.617346938775512
Dummy Regressor,heifer,carcass weight,14,MAE,5,Test,16.05229591836735
Dummy Regressor,heifer,carcass weight,14,MSE,1,Train,364.34583909023274
Dummy Regressor,heifer,carcass weight,14,MSE,2,Train,302.4874056754171
Dummy Regressor,heifer,carcass weight,14,MSE,3,Train,303.0735110370679
Dummy Regressor,heifer,carcass weight,14,MSE,4,Train,353.0520616409829
Dummy Regressor,heifer,carcass weight,14,MSE,5,Train,282.6148740108288
Dummy Regressor,heifer,carcass weight,14,MSE,1,Test,156.11106812626207
Dummy Regressor,heifer,carcass weight,14,MSE,2,Test,396.2022850462323
Dummy Regressor,heifer,carcass weight,14,MSE,3,Test,397.5893290989866
Dummy Regressor,heifer,carcass weight,14,MSE,4,Test,199.5180914202416
Dummy Regressor,heifer,carcass weight,14,MSE,5,Test,490.2061293905319
Dummy Regressor,cow,price,14,MAE,1,Train,105.92962962962966
Dummy Regressor,cow,price,14,MAE,2,Train,88.2983929875822
Dummy Regressor,cow,price,14,MAE,3,Train,97.50504017531044
Dummy Regressor,cow,price,14,MAE,4,Train,99.87019722425131
Dummy Regressor,cow,price,14,MAE,5,Train,106.91439006574143
Dummy Regressor,cow,price,14,MAE,1,Test,91.59250000000014
Dummy Regressor,cow,price,14,MAE,2,Test,142.17927927927929
Dummy Regressor,cow,price,14,MAE,3,Test,105.53873873873877
Dummy Regressor,cow,price,14,MAE,4,Test,102.57747747747752
Dummy Regressor,cow,price,14,MAE,5,Test,71.02342342342345
Dummy Regressor,cow,price,14,MSE,1,Train,17962.016857638886
Dummy Regressor,cow,price,14,MSE,2,Train,13913.47995252009
Dummy Regressor,cow,price,14,MSE,3,Train,17509.994737034333
Dummy Regressor,cow,price,14,MSE,4,Train,16146.839353542735
Dummy Regressor,cow,price,14,MSE,5,Train,19689.8892074507
Dummy Regressor,cow,price,14,MSE,1,Test,16054.458392361155
Dummy Regressor,cow,price,14,MSE,2,Test,31405.609777209622
Dummy Regressor,cow,price,14,MSE,3,Test,16301.114857560277
Dummy Regressor,cow,price,14,MSE,4,Test,21500.6930788897
Dummy Regressor,cow,price,14,MSE,5,Test,6820.101062819577
Dummy Regressor,steer,price,14,MAE,1,Train,109.19920071299231
Dummy Regressor,steer,price,14,MAE,2,Train,103.59587553757358
Dummy Regressor,steer,price,14,MAE,3,Train,109.4044215425532
Dummy Regressor,steer,price,14,MAE,4,Train,103.03514599366231
Dummy Regressor,steer,price,14,MAE,5,Train,103.9526114757809
Dummy Regressor,steer,price,14,MAE,1,Test,91.8050503621548
Dummy Regressor,steer,price,14,MAE,2,Test,115.40832956088728
Dummy Regressor,steer,price,14,MAE,3,Test,92.10904255319151
Dummy Regressor,steer,price,14,MAE,4,Test,116.41583861475785
Dummy Regressor,steer,price,14,MAE,5,Test,113.76297815753738
Dummy Regressor,steer,price,14,MSE,1,Train,18695.318593378655
Dummy Regressor,steer,price,14,MSE,2,Train,16508.30039524036
Dummy Regressor,steer,price,14,MSE,3,Train,18513.711463597083
Dummy Regressor,steer,price,14,MSE,4,Train,16754.24086089577
Dummy Regressor,steer,price,14,MSE,5,Train,17444.1971369787
Dummy Regressor,steer,price,14,MSE,1,Test,13205.358156564771
Dummy Regressor,steer,price,14,MSE,2,Test,21946.678508958394
Dummy Regressor,steer,price,14,MSE,3,Test,13919.543549700797
Dummy Regressor,steer,price,14,MSE,4,Test,20998.209198237335
Dummy Regressor,steer,price,14,MSE,5,Test,18186.859653424213
Dummy Regressor,heifer,price,14,MAE,1,Train,80.33796365182272
Dummy Regressor,heifer,price,14,MAE,2,Train,73.4219577000744
Dummy Regressor,heifer,price,14,MAE,3,Train,71.68250728862972
Dummy Regressor,heifer,price,14,MAE,4,Train,81.16618075801748
Dummy Regressor,heifer,price,14,MAE,5,Train,72.21785714285714
Dummy Regressor,heifer,price,14,MAE,1,Test,58.263814432989705
Dummy Regressor,heifer,price,14,MAE,2,Test,85.1879793814433
Dummy Regressor,heifer,price,14,MAE,3,Test,92.57440476190477
Dummy Regressor,heifer,price,14,MAE,4,Test,57.7729166666665
Dummy Regressor,heifer,price,14,MAE,5,Test,90.22351190476189
Dummy Regressor,heifer,price,14,MSE,1,Train,11322.960828993517
Dummy Regressor,heifer,price,14,MSE,2,Train,9384.523745350198
Dummy Regressor,heifer,price,14,MSE,3,Train,9400.7562372449
Dummy Regressor,heifer,price,14,MSE,4,Train,11071.712653061226
Dummy Regressor,heifer,price,14,MSE,5,Train,8730.565420918367
Dummy Regressor,heifer,price,14,MSE,1,Test,4889.926446264218
Dummy Regressor,heifer,price,14,MSE,2,Test,12412.143274237429
Dummy Regressor,heifer,price,14,MSE,3,Test,12471.426679421771
Dummy Regressor,heifer,price,14,MSE,4,Test,5942.694951105423
Dummy Regressor,heifer,price,14,MSE,5,Test,15521.313329081633
Dummy Regressor,cow,Total number of defects,14,MAE,1,Train,0.7901234567901234
Dummy Regressor,cow,Total number of defects,14,MAE,2,Train,0.8195763330898467
Dummy Regressor,cow,Total number of defects,14,MAE,3,Train,0.7888970051132214
Dummy Regressor,cow,Total number of defects,14,MAE,4,Train,0.8108108108108109
Dummy Regressor,cow,Total number of defects,14,MAE,5,Train,0.8444119795471147
Dummy Regressor,cow,Total number of defects,14,MAE,1,Test,0.9222222222222222
Dummy Regressor,cow,Total number of defects,14,MAE,2,Test,0.8138138138138138
Dummy Regressor,cow,Total number of defects,14,MAE,3,Test,0.8858858858858859
Dummy Regressor,cow,Total number of defects,14,MAE,4,Test,0.7777777777777778
Dummy Regressor,cow,Total number of defects,14,MAE,5,Test,0.6936936936936937
Dummy Regressor,cow,Total number of defects,14,MSE,1,Train,1.0432098765432098
Dummy Regressor,cow,Total number of defects,14,MSE,2,Train,0.9612856099342585
Dummy Regressor,cow,Total number of defects,14,MSE,3,Train,1.0533235938641345
Dummy Regressor,cow,Total number of defects,14,MSE,4,Train,1.135135135135135
Dummy Regressor,cow,Total number of defects,14,MSE,5,Train,1.101533966398832
Dummy Regressor,cow,Total number of defects,14,MSE,1,Test,1.134567901234568
Dummy Regressor,cow,Total number of defects,14,MSE,2,Test,1.4801558315071826
Dummy Regressor,cow,Total number of defects,14,MSE,3,Test,1.099829559289019
Dummy Regressor,cow,Total number of defects,14,MSE,4,Test,0.7777777777777778
Dummy Regressor,cow,Total number of defects,14,MSE,5,Test,0.8954630305981657
Dummy Regressor,steer,Total number of defects,14,MAE,1,Train,0.4890221819827977
Dummy Regressor,steer,Total number of defects,14,MAE,2,Train,0.5624717066545949
Dummy Regressor,steer,Total number of defects,14,MAE,3,Train,0.5483250339520146
Dummy Regressor,steer,Total number of defects,14,MAE,4,Train,0.5080070167496604
Dummy Regressor,steer,Total number of defects,14,MAE,5,Train,0.5024898143956541
Dummy Regressor,steer,Total number of defects,14,MAE,1,Test,0.5731100045269353
Dummy Regressor,steer,Total number of defects,14,MAE,2,Test,0.46468990493435935
Dummy Regressor,steer,Total number of defects,14,MAE,3,Test,0.4784970574920781
Dummy Regressor,steer,Total number of defects,14,MAE,4,Test,0.5684698958804888
Dummy Regressor,steer,Total number of defects,14,MAE,5,Test,0.5477591670439114
Dummy Regressor,steer,Total number of defects,14,MSE,1,Train,0.5484382073336352
Dummy Regressor,steer,Total number of defects,14,MSE,2,Train,0.660564735174287
Dummy Regressor,steer,Total number of defects,14,MSE,3,Train,0.6564056133997284
Dummy Regressor,steer,Total number of defects,14,MSE,4,Train,0.5206824354911724
Dummy Regressor,steer,Total number of defects,14,MSE,5,Train,0.6055907650520597
Dummy Regressor,steer,Total number of defects,14,MSE,1,Test,0.8063603440470801
Dummy Regressor,steer,Total number of defects,14,MSE,2,Test,0.3596933001358082
Dummy Regressor,steer,Total number of defects,14,MSE,3,Test,0.3716613852421907
Dummy Regressor,steer,Total number of defects,14,MSE,4,Test,0.9124320959710275
Dummy Regressor,steer,Total number of defects,14,MSE,5,Test,0.5749207786328655
Dummy Regressor,heifer,Total number of defects,14,MAE,1,Train,0.7248379211393345
Dummy Regressor,heifer,Total number of defects,14,MAE,2,Train,0.6521415665851844
Dummy Regressor,heifer,Total number of defects,14,MAE,3,Train,0.6822157434402332
Dummy Regressor,heifer,Total number of defects,14,MAE,4,Train,0.5903790087463558
Dummy Regressor,heifer,Total number of defects,14,MAE,5,Train,0.7113702623906706
Dummy Regressor,heifer,Total number of defects,14,MAE,1,Test,0.51340206185567
Dummy Regressor,heifer,Total number of defects,14,MAE,2,Test,0.7558762886597938
Dummy Regressor,heifer,Total number of defects,14,MAE,3,Test,0.6301020408163266
Dummy Regressor,heifer,Total number of defects,14,MAE,4,Test,0.9098639455782314
Dummy Regressor,heifer,Total number of defects,14,MAE,5,Test,0.5654761904761904
Dummy Regressor,heifer,Total number of defects,14,MSE,1,Train,0.8640663194813477
Dummy Regressor,heifer,Total number of defects,14,MSE,2,Train,0.6816877457753217
Dummy Regressor,heifer,Total number of defects,14,MSE,3,Train,0.8000832986255726
Dummy Regressor,heifer,Total number of defects,14,MSE,4,Train,0.513640149937526
Dummy Regressor,heifer,Total number of defects,14,MSE,5,Train,0.8367346938775511
Dummy Regressor,heifer,Total number of defects,14,MSE,1,Test,0.26789244340525026
Dummy Regressor,heifer,Total number of defects,14,MSE,2,Test,0.9698586459772559
Dummy Regressor,heifer,Total number of defects,14,MSE,3,Test,0.49838608912952936
Dummy Regressor,heifer,Total number of defects,14,MSE,4,Test,1.6955435235318614
Dummy Regressor,heifer,Total number of defects,14,MSE,5,Test,0.3562925170068027
Dummy Regressor,cow,live weight,90,MAE,1,Train,48.07777777777777
Dummy Regressor,cow,live weight,90,MAE,2,Train,41.25186267348429
Dummy Regressor,cow,live weight,90,MAE,3,Train,45.74141709276846
Dummy Regressor,cow,live weight,90,MAE,4,Train,44.82132943754567
Dummy Regressor,cow,live weight,90,MAE,5,Train,53.66515704894085
Dummy Regressor,cow,live weight,90,MAE,1,Test,45.97333333333334
Dummy Regressor,cow,live weight,90,MAE,2,Test,69.23123123123123
Dummy Regressor,cow,live weight,90,MAE,3,Test,50.97177177177175
Dummy Regressor,cow,live weight,90,MAE,4,Test,57.351951951951975
Dummy Regressor,cow,live weight,90,MAE,5,Test,18.804204204204186
Dummy Regressor,cow,live weight,90,MSE,1,Train,3733.3552469135807
Dummy Regressor,cow,live weight,90,MSE,2,Train,2786.9518042366694
Dummy Regressor,cow,live weight,90,MSE,3,Train,3731.6717750182615
Dummy Regressor,cow,live weight,90,MSE,4,Train,3330.7263696128575
Dummy Regressor,cow,live weight,90,MSE,5,Train,4397.859108838569
Dummy Regressor,cow,live weight,90,MSE,1,Test,3518.3310864197542
Dummy Regressor,cow,live weight,90,MSE,2,Test,7216.743871439006
Dummy Regressor,cow,live weight,90,MSE,3,Test,3390.6340508075623
Dummy Regressor,cow,live weight,90,MSE,4,Test,4937.887924681441
Dummy Regressor,cow,live weight,90,MSE,5,Test,449.63908935962894
Dummy Regressor,steer,live weight,90,MAE,1,Train,33.93858222046176
Dummy Regressor,steer,live weight,90,MAE,2,Train,30.540221819827977
Dummy Regressor,steer,live weight,90,MAE,3,Train,32.88279198732458
Dummy Regressor,steer,live weight,90,MAE,4,Train,32.32879838162064
Dummy Regressor,steer,live weight,90,MAE,5,Train,33.34879470348573
Dummy Regressor,steer,live weight,90,MAE,1,Test,28.27088048890902
Dummy Regressor,steer,live weight,90,MAE,2,Test,39.964282480760524
Dummy Regressor,steer,live weight,90,MAE,3,Test,31.064791760977815
Dummy Regressor,steer,live weight,90,MAE,4,Test,34.19616908103213
Dummy Regressor,steer,live weight,90,MAE,5,Test,29.896220009053874
Dummy Regressor,steer,live weight,90,MSE,1,Train,2630.869411427682
Dummy Regressor,steer,live weight,90,MSE,2,Train,1557.329068583069
Dummy Regressor,steer,live weight,90,MSE,3,Train,2528.707657028067
Dummy Regressor,steer,live weight,90,MSE,4,Train,2493.275401128905
Dummy Regressor,steer,live weight,90,MSE,5,Train,2589.432223856949
Dummy Regressor,steer,live weight,90,MSE,1,Test,1292.9829923749448
Dummy Regressor,steer,live weight,90,MSE,2,Test,5592.862602987778
Dummy Regressor,steer,live weight,90,MSE,3,Test,1694.2310641127203
Dummy Regressor,steer,live weight,90,MSE,4,Test,1835.6854386175871
Dummy Regressor,steer,live weight,90,MSE,5,Test,1449.1835411951108
Dummy Regressor,heifer,live weight,90,MAE,1,Train,24.990307152726118
Dummy Regressor,heifer,live weight,90,MAE,2,Train,24.14167286640451
Dummy Regressor,heifer,live weight,90,MAE,3,Train,23.08198667221991
Dummy Regressor,heifer,live weight,90,MAE,4,Train,23.922448979591834
Dummy Regressor,heifer,live weight,90,MAE,5,Train,22.802977925864223
Dummy Regressor,heifer,live weight,90,MAE,1,Test,19.14160824742268
Dummy Regressor,heifer,live weight,90,MAE,2,Test,22.51645360824741
Dummy Regressor,heifer,live weight,90,MAE,3,Test,26.69022108843537
Dummy Regressor,heifer,live weight,90,MAE,4,Test,23.614455782312945
Dummy Regressor,heifer,live weight,90,MAE,5,Test,28.103826530612263
Dummy Regressor,heifer,live weight,90,MSE,1,Train,1070.718486555426
Dummy Regressor,heifer,live weight,90,MSE,2,Train,993.5463577425871
Dummy Regressor,heifer,live weight,90,MSE,3,Train,911.5057028321531
Dummy Regressor,heifer,live weight,90,MSE,4,Train,956.6024614743856
Dummy Regressor,heifer,live weight,90,MSE,5,Train,856.8298427738442
Dummy Regressor,heifer,live weight,90,MSE,1,Test,525.1000454033372
Dummy Regressor,heifer,live weight,90,MSE,2,Test,825.8560422574126
Dummy Regressor,heifer,live weight,90,MSE,3,Test,1152.4060148549218
Dummy Regressor,heifer,live weight,90,MSE,4,Test,981.6251235596292
Dummy Regressor,heifer,live weight,90,MSE,5,Test,1394.9637116479264
Dummy Regressor,cow,carcass weight,90,MAE,1,Train,26.475308641975314
Dummy Regressor,cow,carcass weight,90,MAE,2,Train,22.566106647187727
Dummy Regressor,cow,carcass weight,90,MAE,3,Train,24.86121256391526
Dummy Regressor,cow,carcass weight,90,MAE,4,Train,24.50693937180424
Dummy Regressor,cow,carcass weight,90,MAE,5,Train,28.382761139517893
Dummy Regressor,cow,carcass weight,90,MAE,1,Test,25.03333333333335
Dummy Regressor,cow,carcass weight,90,MAE,2,Test,37.049549549549546
Dummy Regressor,cow,carcass weight,90,MAE,3,Test,27.545045045045054
Dummy Regressor,cow,carcass weight,90,MAE,4,Test,29.566066066066057
Dummy Regressor,cow,carcass weight,90,MAE,5,Test,12.48198198198198
Dummy Regressor,cow,carcass weight,90,MSE,1,Train,1076.3001543209875
Dummy Regressor,cow,carcass weight,90,MSE,2,Train,924.6322132943754
Dummy Regressor,cow,carcass weight,90,MSE,3,Train,1152.5628195763331
Dummy Regressor,cow,carcass weight,90,MSE,4,Train,1069.5745069393718
Dummy Regressor,cow,carcass weight,90,MSE,5,Train,1334.4970781592401
Dummy Regressor,cow,carcass weight,90,MSE,1,Test,1386.2859567901246
Dummy Regressor,cow,carcass weight,90,MSE,2,Test,1985.0757446635823
Dummy Regressor,cow,carcass weight,90,MSE,3,Test,1037.9529461894333
Dummy Regressor,cow,carcass weight,90,MSE,4,Test,1353.8872047723396
Dummy Regressor,cow,carcass weight,90,MSE,5,Test,244.06673565457348
Dummy Regressor,steer,carcass weight,90,MAE,1,Train,18.52254979628791
Dummy Regressor,steer,carcass weight,90,MAE,2,Train,17.573053417836125
Dummy Regressor,steer,carcass weight,90,MAE,3,Train,18.55784574468085
Dummy Regressor,steer,carcass weight,90,MAE,4,Train,17.477648257129925
Dummy Regressor,steer,carcass weight,90,MAE,5,Train,17.61908669081032
Dummy Regressor,steer,carcass weight,90,MAE,1,Test,15.561057039384337
Dummy Regressor,steer,carcass weight,90,MAE,2,Test,19.56190583974649
Dummy Regressor,steer,carcass weight,90,MAE,3,Test,15.611702127659575
Dummy Regressor,steer,carcass weight,90,MAE,4,Test,19.730619058397462
Dummy Regressor,steer,carcass weight,90,MAE,5,Test,19.33694545043006
Dummy Regressor,steer,carcass weight,90,MSE,1,Train,537.628727648257
Dummy Regressor,steer,carcass weight,90,MSE,2,Train,474.7773313716614
Dummy Regressor,steer,carcass weight,90,MSE,3,Train,532.3886303191489
Dummy Regressor,steer,carcass weight,90,MSE,4,Train,481.87086740323673
Dummy Regressor,steer,carcass weight,90,MSE,5,Train,501.1260309387732
Dummy Regressor,steer,carcass weight,90,MSE,1,Test,379.2921924513355
Dummy Regressor,steer,carcass weight,90,MSE,2,Test,630.5278972385696
Dummy Regressor,steer,carcass weight,90,MSE,3,Test,399.92386968085106
Dummy Regressor,steer,carcass weight,90,MSE,4,Test,603.1393040544365
Dummy Regressor,steer,carcass weight,90,MSE,5,Test,524.624916888298
Dummy Regressor,heifer,carcass weight,90,MAE,1,Train,14.465830587735146
Dummy Regressor,heifer,carcass weight,90,MAE,2,Train,13.214475502178766
Dummy Regressor,heifer,carcass weight,90,MAE,3,Train,12.933985839233651
Dummy Regressor,heifer,carcass weight,90,MAE,4,Train,14.49396084964598
Dummy Regressor,heifer,carcass weight,90,MAE,5,Train,13.025510204081632
Dummy Regressor,heifer,carcass weight,90,MAE,1,Test,10.409484536082473
Dummy Regressor,heifer,carcass weight,90,MAE,2,Test,15.28082474226804
Dummy Regressor,heifer,carcass weight,90,MAE,3,Test,16.47448979591837
Dummy Regressor,heifer,carcass weight,90,MAE,4,Test,10.617346938775512
Dummy Regressor,heifer,carcass weight,90,MAE,5,Test,16.05229591836735
Dummy Regressor,heifer,carcass weight,90,MSE,1,Train,364.34583909023274
Dummy Regressor,heifer,carcass weight,90,MSE,2,Train,302.4874056754171
Dummy Regressor,heifer,carcass weight,90,MSE,3,Train,303.0735110370679
Dummy Regressor,heifer,carcass weight,90,MSE,4,Train,353.0520616409829
Dummy Regressor,heifer,carcass weight,90,MSE,5,Train,282.6148740108288
Dummy Regressor,heifer,carcass weight,90,MSE,1,Test,156.11106812626207
Dummy Regressor,heifer,carcass weight,90,MSE,2,Test,396.2022850462323
Dummy Regressor,heifer,carcass weight,90,MSE,3,Test,397.5893290989866
Dummy Regressor,heifer,carcass weight,90,MSE,4,Test,199.5180914202416
Dummy Regressor,heifer,carcass weight,90,MSE,5,Test,490.2061293905319
Dummy Regressor,cow,price,90,MAE,1,Train,105.92962962962966
Dummy Regressor,cow,price,90,MAE,2,Train,88.2983929875822
Dummy Regressor,cow,price,90,MAE,3,Train,97.50504017531044
Dummy Regressor,cow,price,90,MAE,4,Train,99.87019722425131
Dummy Regressor,cow,price,90,MAE,5,Train,106.91439006574143
Dummy Regressor,cow,price,90,MAE,1,Test,91.59250000000014
Dummy Regressor,cow,price,90,MAE,2,Test,142.17927927927929
Dummy Regressor,cow,price,90,MAE,3,Test,105.53873873873877
Dummy Regressor,cow,price,90,MAE,4,Test,102.57747747747752
Dummy Regressor,cow,price,90,MAE,5,Test,71.02342342342345
Dummy Regressor,cow,price,90,MSE,1,Train,17962.016857638886
Dummy Regressor,cow,price,90,MSE,2,Train,13913.47995252009
Dummy Regressor,cow,price,90,MSE,3,Train,17509.994737034333
Dummy Regressor,cow,price,90,MSE,4,Train,16146.839353542735
Dummy Regressor,cow,price,90,MSE,5,Train,19689.8892074507
Dummy Regressor,cow,price,90,MSE,1,Test,16054.458392361155
Dummy Regressor,cow,price,90,MSE,2,Test,31405.609777209622
Dummy Regressor,cow,price,90,MSE,3,Test,16301.114857560277
Dummy Regressor,cow,price,90,MSE,4,Test,21500.6930788897
Dummy Regressor,cow,price,90,MSE,5,Test,6820.101062819577
Dummy Regressor,steer,price,90,MAE,1,Train,109.19920071299231
Dummy Regressor,steer,price,90,MAE,2,Train,103.59587553757358
Dummy Regressor,steer,price,90,MAE,3,Train,109.4044215425532
Dummy Regressor,steer,price,90,MAE,4,Train,103.03514599366231
Dummy Regressor,steer,price,90,MAE,5,Train,103.9526114757809
Dummy Regressor,steer,price,90,MAE,1,Test,91.8050503621548
Dummy Regressor,steer,price,90,MAE,2,Test,115.40832956088728
Dummy Regressor,steer,price,90,MAE,3,Test,92.10904255319151
Dummy Regressor,steer,price,90,MAE,4,Test,116.41583861475785
Dummy Regressor,steer,price,90,MAE,5,Test,113.76297815753738
Dummy Regressor,steer,price,90,MSE,1,Train,18695.318593378655
Dummy Regressor,steer,price,90,MSE,2,Train,16508.30039524036
Dummy Regressor,steer,price,90,MSE,3,Train,18513.711463597083
Dummy Regressor,steer,price,90,MSE,4,Train,16754.24086089577
Dummy Regressor,steer,price,90,MSE,5,Train,17444.1971369787
Dummy Regressor,steer,price,90,MSE,1,Test,13205.358156564771
Dummy Regressor,steer,price,90,MSE,2,Test,21946.678508958394
Dummy Regressor,steer,price,90,MSE,3,Test,13919.543549700797
Dummy Regressor,steer,price,90,MSE,4,Test,20998.209198237335
Dummy Regressor,steer,price,90,MSE,5,Test,18186.859653424213
Dummy Regressor,heifer,price,90,MAE,1,Train,80.33796365182272
Dummy Regressor,heifer,price,90,MAE,2,Train,73.4219577000744
Dummy Regressor,heifer,price,90,MAE,3,Train,71.68250728862972
Dummy Regressor,heifer,price,90,MAE,4,Train,81.16618075801748
Dummy Regressor,heifer,price,90,MAE,5,Train,72.21785714285714
Dummy Regressor,heifer,price,90,MAE,1,Test,58.263814432989705
Dummy Regressor,heifer,price,90,MAE,2,Test,85.1879793814433
Dummy Regressor,heifer,price,90,MAE,3,Test,92.57440476190477
Dummy Regressor,heifer,price,90,MAE,4,Test,57.7729166666665
Dummy Regressor,heifer,price,90,MAE,5,Test,90.22351190476189
Dummy Regressor,heifer,price,90,MSE,1,Train,11322.960828993517
Dummy Regressor,heifer,price,90,MSE,2,Train,9384.523745350198
Dummy Regressor,heifer,price,90,MSE,3,Train,9400.7562372449
Dummy Regressor,heifer,price,90,MSE,4,Train,11071.712653061226
Dummy Regressor,heifer,price,90,MSE,5,Train,8730.565420918367
Dummy Regressor,heifer,price,90,MSE,1,Test,4889.926446264218
Dummy Regressor,heifer,price,90,MSE,2,Test,12412.143274237429
Dummy Regressor,heifer,price,90,MSE,3,Test,12471.426679421771
Dummy Regressor,heifer,price,90,MSE,4,Test,5942.694951105423
Dummy Regressor,heifer,price,90,MSE,5,Test,15521.313329081633
Dummy Regressor,cow,Total number of defects,90,MAE,1,Train,0.7901234567901234
Dummy Regressor,cow,Total number of defects,90,MAE,2,Train,0.8195763330898467
Dummy Regressor,cow,Total number of defects,90,MAE,3,Train,0.7888970051132214
Dummy Regressor,cow,Total number of defects,90,MAE,4,Train,0.8108108108108109
Dummy Regressor,cow,Total number of defects,90,MAE,5,Train,0.8444119795471147
Dummy Regressor,cow,Total number of defects,90,MAE,1,Test,0.9222222222222222
Dummy Regressor,cow,Total number of defects,90,MAE,2,Test,0.8138138138138138
Dummy Regressor,cow,Total number of defects,90,MAE,3,Test,0.8858858858858859
Dummy Regressor,cow,Total number of defects,90,MAE,4,Test,0.7777777777777778
Dummy Regressor,cow,Total number of defects,90,MAE,5,Test,0.6936936936936937
Dummy Regressor,cow,Total number of defects,90,MSE,1,Train,1.0432098765432098
Dummy Regressor,cow,Total number of defects,90,MSE,2,Train,0.9612856099342585
Dummy Regressor,cow,Total number of defects,90,MSE,3,Train,1.0533235938641345
Dummy Regressor,cow,Total number of defects,90,MSE,4,Train,1.135135135135135
Dummy Regressor,cow,Total number of defects,90,MSE,5,Train,1.101533966398832
Dummy Regressor,cow,Total number of defects,90,MSE,1,Test,1.134567901234568
Dummy Regressor,cow,Total number of defects,90,MSE,2,Test,1.4801558315071826
Dummy Regressor,cow,Total number of defects,90,MSE,3,Test,1.099829559289019
Dummy Regressor,cow,Total number of defects,90,MSE,4,Test,0.7777777777777778
Dummy Regressor,cow,Total number of defects,90,MSE,5,Test,0.8954630305981657
Dummy Regressor,steer,Total number of defects,90,MAE,1,Train,0.4890221819827977
Dummy Regressor,steer,Total number of defects,90,MAE,2,Train,0.5624717066545949
Dummy Regressor,steer,Total number of defects,90,MAE,3,Train,0.5483250339520146
Dummy Regressor,steer,Total number of defects,90,MAE,4,Train,0.5080070167496604
Dummy Regressor,steer,Total number of defects,90,MAE,5,Train,0.5024898143956541
Dummy Regressor,steer,Total number of defects,90,MAE,1,Test,0.5731100045269353
Dummy Regressor,steer,Total number of defects,90,MAE,2,Test,0.46468990493435935
Dummy Regressor,steer,Total number of defects,90,MAE,3,Test,0.4784970574920781
Dummy Regressor,steer,Total number of defects,90,MAE,4,Test,0.5684698958804888
Dummy Regressor,steer,Total number of defects,90,MAE,5,Test,0.5477591670439114
Dummy Regressor,steer,Total number of defects,90,MSE,1,Train,0.5484382073336352
Dummy Regressor,steer,Total number of defects,90,MSE,2,Train,0.660564735174287
Dummy Regressor,steer,Total number of defects,90,MSE,3,Train,0.6564056133997284
Dummy Regressor,steer,Total number of defects,90,MSE,4,Train,0.5206824354911724
Dummy Regressor,steer,Total number of defects,90,MSE,5,Train,0.6055907650520597
Dummy Regressor,steer,Total number of defects,90,MSE,1,Test,0.8063603440470801
Dummy Regressor,steer,Total number of defects,90,MSE,2,Test,0.3596933001358082
Dummy Regressor,steer,Total number of defects,90,MSE,3,Test,0.3716613852421907
Dummy Regressor,steer,Total number of defects,90,MSE,4,Test,0.9124320959710275
Dummy Regressor,steer,Total number of defects,90,MSE,5,Test,0.5749207786328655
Dummy Regressor,heifer,Total number of defects,90,MAE,1,Train,0.7248379211393345
Dummy Regressor,heifer,Total number of defects,90,MAE,2,Train,0.6521415665851844
Dummy Regressor,heifer,Total number of defects,90,MAE,3,Train,0.6822157434402332
Dummy Regressor,heifer,Total number of defects,90,MAE,4,Train,0.5903790087463558
Dummy Regressor,heifer,Total number of defects,90,MAE,5,Train,0.7113702623906706
Dummy Regressor,heifer,Total number of defects,90,MAE,1,Test,0.51340206185567
Dummy Regressor,heifer,Total number of defects,90,MAE,2,Test,0.7558762886597938
Dummy Regressor,heifer,Total number of defects,90,MAE,3,Test,0.6301020408163266
Dummy Regressor,heifer,Total number of defects,90,MAE,4,Test,0.9098639455782314
Dummy Regressor,heifer,Total number of defects,90,MAE,5,Test,0.5654761904761904
Dummy Regressor,heifer,Total number of defects,90,MSE,1,Train,0.8640663194813477
Dummy Regressor,heifer,Total number of defects,90,MSE,2,Train,0.6816877457753217
Dummy Regressor,heifer,Total number of defects,90,MSE,3,Train,0.8000832986255726
Dummy Regressor,heifer,Total number of defects,90,MSE,4,Train,0.513640149937526
Dummy Regressor,heifer,Total number of defects,90,MSE,5,Train,0.8367346938775511
Dummy Regressor,heifer,Total number of defects,90,MSE,1,Test,0.26789244340525026
Dummy Regressor,heifer,Total number of defects,90,MSE,2,Test,0.9698586459772559
Dummy Regressor,heifer,Total number of defects,90,MSE,3,Test,0.49838608912952936
Dummy Regressor,heifer,Total number of defects,90,MSE,4,Test,1.6955435235318614
Dummy Regressor,heifer,Total number of defects,90,MSE,5,Test,0.3562925170068027
Dummy Regressor,cow,live weight,180,MAE,1,Train,48.07777777777777
Dummy Regressor,cow,live weight,180,MAE,2,Train,41.25186267348429
Dummy Regressor,cow,live weight,180,MAE,3,Train,45.74141709276846
Dummy Regressor,cow,live weight,180,MAE,4,Train,44.82132943754567
Dummy Regressor,cow,live weight,180,MAE,5,Train,53.66515704894085
Dummy Regressor,cow,live weight,180,MAE,1,Test,45.97333333333334
Dummy Regressor,cow,live weight,180,MAE,2,Test,69.23123123123123
Dummy Regressor,cow,live weight,180,MAE,3,Test,50.97177177177175
Dummy Regressor,cow,live weight,180,MAE,4,Test,57.351951951951975
Dummy Regressor,cow,live weight,180,MAE,5,Test,18.804204204204186
Dummy Regressor,cow,live weight,180,MSE,1,Train,3733.3552469135807
Dummy Regressor,cow,live weight,180,MSE,2,Train,2786.9518042366694
Dummy Regressor,cow,live weight,180,MSE,3,Train,3731.6717750182615
Dummy Regressor,cow,live weight,180,MSE,4,Train,3330.7263696128575
Dummy Regressor,cow,live weight,180,MSE,5,Train,4397.859108838569
Dummy Regressor,cow,live weight,180,MSE,1,Test,3518.3310864197542
Dummy Regressor,cow,live weight,180,MSE,2,Test,7216.743871439006
Dummy Regressor,cow,live weight,180,MSE,3,Test,3390.6340508075623
Dummy Regressor,cow,live weight,180,MSE,4,Test,4937.887924681441
Dummy Regressor,cow,live weight,180,MSE,5,Test,449.63908935962894
Dummy Regressor,steer,live weight,180,MAE,1,Train,33.93858222046176
Dummy Regressor,steer,live weight,180,MAE,2,Train,30.540221819827977
Dummy Regressor,steer,live weight,180,MAE,3,Train,32.88279198732458
Dummy Regressor,steer,live weight,180,MAE,4,Train,32.32879838162064
Dummy Regressor,steer,live weight,180,MAE,5,Train,33.34879470348573
Dummy Regressor,steer,live weight,180,MAE,1,Test,28.27088048890902
Dummy Regressor,steer,live weight,180,MAE,2,Test,39.964282480760524
Dummy Regressor,steer,live weight,180,MAE,3,Test,31.064791760977815
Dummy Regressor,steer,live weight,180,MAE,4,Test,34.19616908103213
Dummy Regressor,steer,live weight,180,MAE,5,Test,29.896220009053874
Dummy Regressor,steer,live weight,180,MSE,1,Train,2630.869411427682
Dummy Regressor,steer,live weight,180,MSE,2,Train,1557.329068583069
Dummy Regressor,steer,live weight,180,MSE,3,Train,2528.707657028067
Dummy Regressor,steer,live weight,180,MSE,4,Train,2493.275401128905
Dummy Regressor,steer,live weight,180,MSE,5,Train,2589.432223856949
Dummy Regressor,steer,live weight,180,MSE,1,Test,1292.9829923749448
Dummy Regressor,steer,live weight,180,MSE,2,Test,5592.862602987778
Dummy Regressor,steer,live weight,180,MSE,3,Test,1694.2310641127203
Dummy Regressor,steer,live weight,180,MSE,4,Test,1835.6854386175871
Dummy Regressor,steer,live weight,180,MSE,5,Test,1449.1835411951108
Dummy Regressor,heifer,live weight,180,MAE,1,Train,24.990307152726118
Dummy Regressor,heifer,live weight,180,MAE,2,Train,24.14167286640451
Dummy Regressor,heifer,live weight,180,MAE,3,Train,23.08198667221991
Dummy Regressor,heifer,live weight,180,MAE,4,Train,23.922448979591834
Dummy Regressor,heifer,live weight,180,MAE,5,Train,22.802977925864223
Dummy Regressor,heifer,live weight,180,MAE,1,Test,19.14160824742268
Dummy Regressor,heifer,live weight,180,MAE,2,Test,22.51645360824741
Dummy Regressor,heifer,live weight,180,MAE,3,Test,26.69022108843537
Dummy Regressor,heifer,live weight,180,MAE,4,Test,23.614455782312945
Dummy Regressor,heifer,live weight,180,MAE,5,Test,28.103826530612263
Dummy Regressor,heifer,live weight,180,MSE,1,Train,1070.718486555426
Dummy Regressor,heifer,live weight,180,MSE,2,Train,993.5463577425871
Dummy Regressor,heifer,live weight,180,MSE,3,Train,911.5057028321531
Dummy Regressor,heifer,live weight,180,MSE,4,Train,956.6024614743856
Dummy Regressor,heifer,live weight,180,MSE,5,Train,856.8298427738442
Dummy Regressor,heifer,live weight,180,MSE,1,Test,525.1000454033372
Dummy Regressor,heifer,live weight,180,MSE,2,Test,825.8560422574126
Dummy Regressor,heifer,live weight,180,MSE,3,Test,1152.4060148549218
Dummy Regressor,heifer,live weight,180,MSE,4,Test,981.6251235596292
Dummy Regressor,heifer,live weight,180,MSE,5,Test,1394.9637116479264
Dummy Regressor,cow,carcass weight,180,MAE,1,Train,26.475308641975314
Dummy Regressor,cow,carcass weight,180,MAE,2,Train,22.566106647187727
Dummy Regressor,cow,carcass weight,180,MAE,3,Train,24.86121256391526
Dummy Regressor,cow,carcass weight,180,MAE,4,Train,24.50693937180424
Dummy Regressor,cow,carcass weight,180,MAE,5,Train,28.382761139517893
Dummy Regressor,cow,carcass weight,180,MAE,1,Test,25.03333333333335
Dummy Regressor,cow,carcass weight,180,MAE,2,Test,37.049549549549546
Dummy Regressor,cow,carcass weight,180,MAE,3,Test,27.545045045045054
Dummy Regressor,cow,carcass weight,180,MAE,4,Test,29.566066066066057
Dummy Regressor,cow,carcass weight,180,MAE,5,Test,12.48198198198198
Dummy Regressor,cow,carcass weight,180,MSE,1,Train,1076.3001543209875
Dummy Regressor,cow,carcass weight,180,MSE,2,Train,924.6322132943754
Dummy Regressor,cow,carcass weight,180,MSE,3,Train,1152.5628195763331
Dummy Regressor,cow,carcass weight,180,MSE,4,Train,1069.5745069393718
Dummy Regressor,cow,carcass weight,180,MSE,5,Train,1334.4970781592401
Dummy Regressor,cow,carcass weight,180,MSE,1,Test,1386.2859567901246
Dummy Regressor,cow,carcass weight,180,MSE,2,Test,1985.0757446635823
Dummy Regressor,cow,carcass weight,180,MSE,3,Test,1037.9529461894333
Dummy Regressor,cow,carcass weight,180,MSE,4,Test,1353.8872047723396
Dummy Regressor,cow,carcass weight,180,MSE,5,Test,244.06673565457348
Dummy Regressor,steer,carcass weight,180,MAE,1,Train,18.52254979628791
Dummy Regressor,steer,carcass weight,180,MAE,2,Train,17.573053417836125
Dummy Regressor,steer,carcass weight,180,MAE,3,Train,18.55784574468085
Dummy Regressor,steer,carcass weight,180,MAE,4,Train,17.477648257129925
Dummy Regressor,steer,carcass weight,180,MAE,5,Train,17.61908669081032
Dummy Regressor,steer,carcass weight,180,MAE,1,Test,15.561057039384337
Dummy Regressor,steer,carcass weight,180,MAE,2,Test,19.56190583974649
Dummy Regressor,steer,carcass weight,180,MAE,3,Test,15.611702127659575
Dummy Regressor,steer,carcass weight,180,MAE,4,Test,19.730619058397462
Dummy Regressor,steer,carcass weight,180,MAE,5,Test,19.33694545043006
Dummy Regressor,steer,carcass weight,180,MSE,1,Train,537.628727648257
Dummy Regressor,steer,carcass weight,180,MSE,2,Train,474.7773313716614
Dummy Regressor,steer,carcass weight,180,MSE,3,Train,532.3886303191489
Dummy Regressor,steer,carcass weight,180,MSE,4,Train,481.87086740323673
Dummy Regressor,steer,carcass weight,180,MSE,5,Train,501.1260309387732
Dummy Regressor,steer,carcass weight,180,MSE,1,Test,379.2921924513355
Dummy Regressor,steer,carcass weight,180,MSE,2,Test,630.5278972385696
Dummy Regressor,steer,carcass weight,180,MSE,3,Test,399.92386968085106
Dummy Regressor,steer,carcass weight,180,MSE,4,Test,603.1393040544365
Dummy Regressor,steer,carcass weight,180,MSE,5,Test,524.624916888298
Dummy Regressor,heifer,carcass weight,180,MAE,1,Train,14.465830587735146
Dummy Regressor,heifer,carcass weight,180,MAE,2,Train,13.214475502178766
Dummy Regressor,heifer,carcass weight,180,MAE,3,Train,12.933985839233651
Dummy Regressor,heifer,carcass weight,180,MAE,4,Train,14.49396084964598
Dummy Regressor,heifer,carcass weight,180,MAE,5,Train,13.025510204081632
Dummy Regressor,heifer,carcass weight,180,MAE,1,Test,10.409484536082473
Dummy Regressor,heifer,carcass weight,180,MAE,2,Test,15.28082474226804
Dummy Regressor,heifer,carcass weight,180,MAE,3,Test,16.47448979591837
Dummy Regressor,heifer,carcass weight,180,MAE,4,Test,10.617346938775512
Dummy Regressor,heifer,carcass weight,180,MAE,5,Test,16.05229591836735
Dummy Regressor,heifer,carcass weight,180,MSE,1,Train,364.34583909023274
Dummy Regressor,heifer,carcass weight,180,MSE,2,Train,302.4874056754171
Dummy Regressor,heifer,carcass weight,180,MSE,3,Train,303.0735110370679
Dummy Regressor,heifer,carcass weight,180,MSE,4,Train,353.0520616409829
Dummy Regressor,heifer,carcass weight,180,MSE,5,Train,282.6148740108288
Dummy Regressor,heifer,carcass weight,180,MSE,1,Test,156.11106812626207
Dummy Regressor,heifer,carcass weight,180,MSE,2,Test,396.2022850462323
Dummy Regressor,heifer,carcass weight,180,MSE,3,Test,397.5893290989866
Dummy Regressor,heifer,carcass weight,180,MSE,4,Test,199.5180914202416
Dummy Regressor,heifer,carcass weight,180,MSE,5,Test,490.2061293905319
Dummy Regressor,cow,price,180,MAE,1,Train,105.92962962962966
Dummy Regressor,cow,price,180,MAE,2,Train,88.2983929875822
Dummy Regressor,cow,price,180,MAE,3,Train,97.50504017531044
Dummy Regressor,cow,price,180,MAE,4,Train,99.87019722425131
Dummy Regressor,cow,price,180,MAE,5,Train,106.91439006574143
Dummy Regressor,cow,price,180,MAE,1,Test,91.59250000000014
Dummy Regressor,cow,price,180,MAE,2,Test,142.17927927927929
Dummy Regressor,cow,price,180,MAE,3,Test,105.53873873873877
Dummy Regressor,cow,price,180,MAE,4,Test,102.57747747747752
Dummy Regressor,cow,price,180,MAE,5,Test,71.02342342342345
Dummy Regressor,cow,price,180,MSE,1,Train,17962.016857638886
Dummy Regressor,cow,price,180,MSE,2,Train,13913.47995252009
Dummy Regressor,cow,price,180,MSE,3,Train,17509.994737034333
Dummy Regressor,cow,price,180,MSE,4,Train,16146.839353542735
Dummy Regressor,cow,price,180,MSE,5,Train,19689.8892074507
Dummy Regressor,cow,price,180,MSE,1,Test,16054.458392361155
Dummy Regressor,cow,price,180,MSE,2,Test,31405.609777209622
Dummy Regressor,cow,price,180,MSE,3,Test,16301.114857560277
Dummy Regressor,cow,price,180,MSE,4,Test,21500.6930788897
Dummy Regressor,cow,price,180,MSE,5,Test,6820.101062819577
Dummy Regressor,steer,price,180,MAE,1,Train,109.19920071299231
Dummy Regressor,steer,price,180,MAE,2,Train,103.59587553757358
Dummy Regressor,steer,price,180,MAE,3,Train,109.4044215425532
Dummy Regressor,steer,price,180,MAE,4,Train,103.03514599366231
Dummy Regressor,steer,price,180,MAE,5,Train,103.9526114757809
Dummy Regressor,steer,price,180,MAE,1,Test,91.8050503621548
Dummy Regressor,steer,price,180,MAE,2,Test,115.40832956088728
Dummy Regressor,steer,price,180,MAE,3,Test,92.10904255319151
Dummy Regressor,steer,price,180,MAE,4,Test,116.41583861475785
Dummy Regressor,steer,price,180,MAE,5,Test,113.76297815753738
Dummy Regressor,steer,price,180,MSE,1,Train,18695.318593378655
Dummy Regressor,steer,price,180,MSE,2,Train,16508.30039524036
Dummy Regressor,steer,price,180,MSE,3,Train,18513.711463597083
Dummy Regressor,steer,price,180,MSE,4,Train,16754.24086089577
Dummy Regressor,steer,price,180,MSE,5,Train,17444.1971369787
Dummy Regressor,steer,price,180,MSE,1,Test,13205.358156564771
Dummy Regressor,steer,price,180,MSE,2,Test,21946.678508958394
Dummy Regressor,steer,price,180,MSE,3,Test,13919.543549700797
Dummy Regressor,steer,price,180,MSE,4,Test,20998.209198237335
Dummy Regressor,steer,price,180,MSE,5,Test,18186.859653424213
Dummy Regressor,heifer,price,180,MAE,1,Train,80.33796365182272
Dummy Regressor,heifer,price,180,MAE,2,Train,73.4219577000744
Dummy Regressor,heifer,price,180,MAE,3,Train,71.68250728862972
Dummy Regressor,heifer,price,180,MAE,4,Train,81.16618075801748
Dummy Regressor,heifer,price,180,MAE,5,Train,72.21785714285714
Dummy Regressor,heifer,price,180,MAE,1,Test,58.263814432989705
Dummy Regressor,heifer,price,180,MAE,2,Test,85.1879793814433
Dummy Regressor,heifer,price,180,MAE,3,Test,92.57440476190477
Dummy Regressor,heifer,price,180,MAE,4,Test,57.7729166666665
Dummy Regressor,heifer,price,180,MAE,5,Test,90.22351190476189
Dummy Regressor,heifer,price,180,MSE,1,Train,11322.960828993517
Dummy Regressor,heifer,price,180,MSE,2,Train,9384.523745350198
Dummy Regressor,heifer,price,180,MSE,3,Train,9400.7562372449
Dummy Regressor,heifer,price,180,MSE,4,Train,11071.712653061226
Dummy Regressor,heifer,price,180,MSE,5,Train,8730.565420918367
Dummy Regressor,heifer,price,180,MSE,1,Test,4889.926446264218
Dummy Regressor,heifer,price,180,MSE,2,Test,12412.143274237429
Dummy Regressor,heifer,price,180,MSE,3,Test,12471.426679421771
Dummy Regressor,heifer,price,180,MSE,4,Test,5942.694951105423
Dummy Regressor,heifer,price,180,MSE,5,Test,15521.313329081633
Dummy Regressor,cow,Total number of defects,180,MAE,1,Train,0.7901234567901234
Dummy Regressor,cow,Total number of defects,180,MAE,2,Train,0.8195763330898467
Dummy Regressor,cow,Total number of defects,180,MAE,3,Train,0.7888970051132214
Dummy Regressor,cow,Total number of defects,180,MAE,4,Train,0.8108108108108109
Dummy Regressor,cow,Total number of defects,180,MAE,5,Train,0.8444119795471147
Dummy Regressor,cow,Total number of defects,180,MAE,1,Test,0.9222222222222222
Dummy Regressor,cow,Total number of defects,180,MAE,2,Test,0.8138138138138138
Dummy Regressor,cow,Total number of defects,180,MAE,3,Test,0.8858858858858859
Dummy Regressor,cow,Total number of defects,180,MAE,4,Test,0.7777777777777778
Dummy Regressor,cow,Total number of defects,180,MAE,5,Test,0.6936936936936937
Dummy Regressor,cow,Total number of defects,180,MSE,1,Train,1.0432098765432098
Dummy Regressor,cow,Total number of defects,180,MSE,2,Train,0.9612856099342585
Dummy Regressor,cow,Total number of defects,180,MSE,3,Train,1.0533235938641345
Dummy Regressor,cow,Total number of defects,180,MSE,4,Train,1.135135135135135
Dummy Regressor,cow,Total number of defects,180,MSE,5,Train,1.101533966398832
Dummy Regressor,cow,Total number of defects,180,MSE,1,Test,1.134567901234568
Dummy Regressor,cow,Total number of defects,180,MSE,2,Test,1.4801558315071826
Dummy Regressor,cow,Total number of defects,180,MSE,3,Test,1.099829559289019
Dummy Regressor,cow,Total number of defects,180,MSE,4,Test,0.7777777777777778
Dummy Regressor,cow,Total number of defects,180,MSE,5,Test,0.8954630305981657
Dummy Regressor,steer,Total number of defects,180,MAE,1,Train,0.4890221819827977
Dummy Regressor,steer,Total number of defects,180,MAE,2,Train,0.5624717066545949
Dummy Regressor,steer,Total number of defects,180,MAE,3,Train,0.5483250339520146
Dummy Regressor,steer,Total number of defects,180,MAE,4,Train,0.5080070167496604
Dummy Regressor,steer,Total number of defects,180,MAE,5,Train,0.5024898143956541
Dummy Regressor,steer,Total number of defects,180,MAE,1,Test,0.5731100045269353
Dummy Regressor,steer,Total number of defects,180,MAE,2,Test,0.46468990493435935
Dummy Regressor,steer,Total number of defects,180,MAE,3,Test,0.4784970574920781
Dummy Regressor,steer,Total number of defects,180,MAE,4,Test,0.5684698958804888
Dummy Regressor,steer,Total number of defects,180,MAE,5,Test,0.5477591670439114
Dummy Regressor,steer,Total number of defects,180,MSE,1,Train,0.5484382073336352
Dummy Regressor,steer,Total number of defects,180,MSE,2,Train,0.660564735174287
Dummy Regressor,steer,Total number of defects,180,MSE,3,Train,0.6564056133997284
Dummy Regressor,steer,Total number of defects,180,MSE,4,Train,0.5206824354911724
Dummy Regressor,steer,Total number of defects,180,MSE,5,Train,0.6055907650520597
Dummy Regressor,steer,Total number of defects,180,MSE,1,Test,0.8063603440470801
Dummy Regressor,steer,Total number of defects,180,MSE,2,Test,0.3596933001358082
Dummy Regressor,steer,Total number of defects,180,MSE,3,Test,0.3716613852421907
Dummy Regressor,steer,Total number of defects,180,MSE,4,Test,0.9124320959710275
Dummy Regressor,steer,Total number of defects,180,MSE,5,Test,0.5749207786328655
Dummy Regressor,heifer,Total number of defects,180,MAE,1,Train,0.7248379211393345
Dummy Regressor,heifer,Total number of defects,180,MAE,2,Train,0.6521415665851844
Dummy Regressor,heifer,Total number of defects,180,MAE,3,Train,0.6822157434402332
Dummy Regressor,heifer,Total number of defects,180,MAE,4,Train,0.5903790087463558
Dummy Regressor,heifer,Total number of defects,180,MAE,5,Train,0.7113702623906706
Dummy Regressor,heifer,Total number of defects,180,MAE,1,Test,0.51340206185567
Dummy Regressor,heifer,Total number of defects,180,MAE,2,Test,0.7558762886597938
Dummy Regressor,heifer,Total number of defects,180,MAE,3,Test,0.6301020408163266
Dummy Regressor,heifer,Total number of defects,180,MAE,4,Test,0.9098639455782314
Dummy Regressor,heifer,Total number of defects,180,MAE,5,Test,0.5654761904761904
Dummy Regressor,heifer,Total number of defects,180,MSE,1,Train,0.8640663194813477
Dummy Regressor,heifer,Total number of defects,180,MSE,2,Train,0.6816877457753217
Dummy Regressor,heifer,Total number of defects,180,MSE,3,Train,0.8000832986255726
Dummy Regressor,heifer,Total number of defects,180,MSE,4,Train,0.513640149937526
Dummy Regressor,heifer,Total number of defects,180,MSE,5,Train,0.8367346938775511
Dummy Regressor,heifer,Total number of defects,180,MSE,1,Test,0.26789244340525026
Dummy Regressor,heifer,Total number of defects,180,MSE,2,Test,0.9698586459772559
Dummy Regressor,heifer,Total number of defects,180,MSE,3,Test,0.49838608912952936
Dummy Regressor,heifer,Total number of defects,180,MSE,4,Test,1.6955435235318614
Dummy Regressor,heifer,Total number of defects,180,MSE,5,Test,0.3562925170068027
Dummy Regressor,cow,live weight,720,MAE,1,Train,48.07777777777777
Dummy Regressor,cow,live weight,720,MAE,2,Train,41.25186267348429
Dummy Regressor,cow,live weight,720,MAE,3,Train,45.74141709276846
Dummy Regressor,cow,live weight,720,MAE,4,Train,44.82132943754567
Dummy Regressor,cow,live weight,720,MAE,5,Train,53.66515704894085
Dummy Regressor,cow,live weight,720,MAE,1,Test,45.97333333333334
Dummy Regressor,cow,live weight,720,MAE,2,Test,69.23123123123123
Dummy Regressor,cow,live weight,720,MAE,3,Test,50.97177177177175
Dummy Regressor,cow,live weight,720,MAE,4,Test,57.351951951951975
Dummy Regressor,cow,live weight,720,MAE,5,Test,18.804204204204186
Dummy Regressor,cow,live weight,720,MSE,1,Train,3733.3552469135807
Dummy Regressor,cow,live weight,720,MSE,2,Train,2786.9518042366694
Dummy Regressor,cow,live weight,720,MSE,3,Train,3731.6717750182615
Dummy Regressor,cow,live weight,720,MSE,4,Train,3330.7263696128575
Dummy Regressor,cow,live weight,720,MSE,5,Train,4397.859108838569
Dummy Regressor,cow,live weight,720,MSE,1,Test,3518.3310864197542
Dummy Regressor,cow,live weight,720,MSE,2,Test,7216.743871439006
Dummy Regressor,cow,live weight,720,MSE,3,Test,3390.6340508075623
Dummy Regressor,cow,live weight,720,MSE,4,Test,4937.887924681441
Dummy Regressor,cow,live weight,720,MSE,5,Test,449.63908935962894
Dummy Regressor,steer,live weight,720,MAE,1,Train,31.17438770357278
Dummy Regressor,steer,live weight,720,MAE,2,Train,33.42736870344654
Dummy Regressor,steer,live weight,720,MAE,3,Train,33.4875962630981
Dummy Regressor,steer,live weight,720,MAE,4,Train,32.89153831586921
Dummy Regressor,steer,live weight,720,MAE,5,Train,33.27744287337458
Dummy Regressor,steer,live weight,720,MAE,1,Test,39.12530614821361
Dummy Regressor,steer,live weight,720,MAE,2,Test,30.909837773008462
Dummy Regressor,steer,live weight,720,MAE,3,Test,30.05020830703194
Dummy Regressor,steer,live weight,720,MAE,4,Test,32.28383095568743
Dummy Regressor,steer,live weight,720,MAE,5,Test,31.920243656104034
Dummy Regressor,steer,live weight,720,MSE,1,Train,1568.9529147203637
Dummy Regressor,steer,live weight,720,MSE,2,Train,2626.4948885083954
Dummy Regressor,steer,live weight,720,MSE,3,Train,2644.077630349703
Dummy Regressor,steer,live weight,720,MSE,4,Train,2593.1110525028407
Dummy Regressor,steer,live weight,720,MSE,5,Train,2585.071781025123
Dummy Regressor,steer,live weight,720,MSE,1,Test,5747.515629655346
Dummy Regressor,steer,live weight,720,MSE,2,Test,1516.5901017074866
Dummy Regressor,steer,live weight,720,MSE,3,Test,1445.1151685393256
Dummy Regressor,steer,live weight,720,MSE,4,Test,1650.504728648529
Dummy Regressor,steer,live weight,720,MSE,5,Test,1687.3800078904187
Dummy Regressor,heifer,live weight,720,MAE,1,Train,20.163281250000004
Dummy Regressor,heifer,live weight,720,MAE,2,Train,27.529687499999998
Dummy Regressor,heifer,live weight,720,MAE,3,Train,22.838281249999987
Dummy Regressor,heifer,live weight,720,MAE,4,Train,20.88828124999999
Dummy Regressor,heifer,live weight,720,MAE,5,Train,26.056249999999995
Dummy Regressor,heifer,live weight,720,MAE,1,Test,44.931250000000006
Dummy Regressor,heifer,live weight,720,MAE,2,Test,7.962499999999963
Dummy Regressor,heifer,live weight,720,MAE,3,Test,27.803124999999966
Dummy Regressor,heifer,live weight,720,MAE,4,Test,42.63125000000002
Dummy Regressor,heifer,live weight,720,MAE,5,Test,13.396875000000009
Dummy Regressor,heifer,live weight,720,MSE,1,Train,678.5799609374998
Dummy Regressor,heifer,live weight,720,MSE,2,Train,1298.306093749999
Dummy Regressor,heifer,live weight,720,MSE,3,Train,1095.0099609374993
Dummy Regressor,heifer,live weight,720,MSE,4,Train,800.8737109374993
Dummy Regressor,heifer,live weight,720,MSE,5,Train,1263.1487109374991
Dummy Regressor,heifer,live weight,720,MSE,1,Test,2989.234101562499
Dummy Regressor,heifer,live weight,720,MSE,2,Test,119.24640624999913
Dummy Regressor,heifer,live weight,720,MSE,3,Test,956.9128515624984
Dummy Regressor,heifer,live weight,720,MSE,4,Test,2459.780351562502
Dummy Regressor,heifer,live weight,720,MSE,5,Test,249.46535156250013
Dummy Regressor,cow,carcass weight,720,MAE,1,Train,26.475308641975314
Dummy Regressor,cow,carcass weight,720,MAE,2,Train,22.566106647187727
Dummy Regressor,cow,carcass weight,720,MAE,3,Train,24.86121256391526
Dummy Regressor,cow,carcass weight,720,MAE,4,Train,24.50693937180424
Dummy Regressor,cow,carcass weight,720,MAE,5,Train,28.382761139517893
Dummy Regressor,cow,carcass weight,720,MAE,1,Test,25.03333333333335
Dummy Regressor,cow,carcass weight,720,MAE,2,Test,37.049549549549546
Dummy Regressor,cow,carcass weight,720,MAE,3,Test,27.545045045045054
Dummy Regressor,cow,carcass weight,720,MAE,4,Test,29.566066066066057
Dummy Regressor,cow,carcass weight,720,MAE,5,Test,12.48198198198198
Dummy Regressor,cow,carcass weight,720,MSE,1,Train,1076.3001543209875
Dummy Regressor,cow,carcass weight,720,MSE,2,Train,924.6322132943754
Dummy Regressor,cow,carcass weight,720,MSE,3,Train,1152.5628195763331
Dummy Regressor,cow,carcass weight,720,MSE,4,Train,1069.5745069393718
Dummy Regressor,cow,carcass weight,720,MSE,5,Train,1334.4970781592401
Dummy Regressor,cow,carcass weight,720,MSE,1,Test,1386.2859567901246
Dummy Regressor,cow,carcass weight,720,MSE,2,Test,1985.0757446635823
Dummy Regressor,cow,carcass weight,720,MSE,3,Test,1037.9529461894333
Dummy Regressor,cow,carcass weight,720,MSE,4,Test,1353.8872047723396
Dummy Regressor,cow,carcass weight,720,MSE,5,Test,244.06673565457348
Dummy Regressor,steer,carcass weight,720,MAE,1,Train,17.779076189875017
Dummy Regressor,steer,carcass weight,720,MAE,2,Train,17.75648592349451
Dummy Regressor,steer,carcass weight,720,MAE,3,Train,18.018045385683624
Dummy Regressor,steer,carcass weight,720,MAE,4,Train,17.37870849640197
Dummy Regressor,steer,carcass weight,720,MAE,5,Train,17.592743971720743
Dummy Regressor,steer,carcass weight,720,MAE,1,Test,17.38768779194546
Dummy Regressor,steer,carcass weight,720,MAE,2,Test,17.508158692084333
Dummy Regressor,steer,carcass weight,720,MAE,3,Test,16.488337962378488
Dummy Regressor,steer,carcass weight,720,MAE,4,Test,19.03886819845979
Dummy Regressor,steer,carcass weight,720,MAE,5,Test,18.18087993940159
Dummy Regressor,steer,carcass weight,720,MSE,1,Train,488.37306487501576
Dummy Regressor,steer,carcass weight,720,MSE,2,Train,499.26698609708376
Dummy Regressor,steer,carcass weight,720,MSE,3,Train,504.6915537021841
Dummy Regressor,steer,carcass weight,720,MSE,4,Train,480.325753929428
Dummy Regressor,steer,carcass weight,720,MSE,5,Train,477.7178623279889
Dummy Regressor,steer,carcass weight,720,MSE,1,Test,498.3537767485166
Dummy Regressor,steer,carcass weight,720,MSE,2,Test,453.6383999021588
Dummy Regressor,steer,carcass weight,720,MSE,3,Test,432.1822864063881
Dummy Regressor,steer,carcass weight,720,MSE,4,Test,529.5176607278122
Dummy Regressor,steer,carcass weight,720,MSE,5,Test,539.9224293018558
Dummy Regressor,heifer,carcass weight,720,MAE,1,Train,11.48046875
Dummy Regressor,heifer,carcass weight,720,MAE,2,Train,15.890625
Dummy Regressor,heifer,carcass weight,720,MAE,3,Train,15.20703125
Dummy Regressor,heifer,carcass weight,720,MAE,4,Train,14.15625
Dummy Regressor,heifer,carcass weight,720,MAE,5,Train,17.46875
Dummy Regressor,heifer,carcass weight,720,MAE,1,Test,29.546875
Dummy Regressor,heifer,carcass weight,720,MAE,2,Test,10.8125
Dummy Regressor,heifer,carcass weight,720,MAE,3,Test,15.5
Dummy Regressor,heifer,carcass weight,720,MAE,4,Test,21.84375
Dummy Regressor,heifer,carcass weight,720,MAE,5,Test,5.703125
Dummy Regressor,heifer,carcass weight,720,MSE,1,Train,196.6943359375
Dummy Regressor,heifer,carcass weight,720,MSE,2,Train,443.15234375
Dummy Regressor,heifer,carcass weight,720,MSE,3,Train,384.4130859375
Dummy Regressor,heifer,carcass weight,720,MSE,4,Train,375.0537109375
Dummy Regressor,heifer,carcass weight,720,MSE,5,Train,470.9443359375
Dummy Regressor,heifer,carcass weight,720,MSE,1,Test,1236.3994140625
Dummy Regressor,heifer,carcass weight,720,MSE,2,Test,169.58203125
Dummy Regressor,heifer,carcass weight,720,MSE,3,Test,399.8056640625
Dummy Regressor,heifer,carcass weight,720,MSE,4,Test,514.0244140625
Dummy Regressor,heifer,carcass weight,720,MSE,5,Test,35.9619140625
Dummy Regressor,cow,price,720,MAE,1,Train,105.92962962962966
Dummy Regressor,cow,price,720,MAE,2,Train,88.2983929875822
Dummy Regressor,cow,price,720,MAE,3,Train,97.50504017531044
Dummy Regressor,cow,price,720,MAE,4,Train,99.87019722425131
Dummy Regressor,cow,price,720,MAE,5,Train,106.91439006574143
Dummy Regressor,cow,price,720,MAE,1,Test,91.59250000000014
Dummy Regressor,cow,price,720,MAE,2,Test,142.17927927927929
Dummy Regressor,cow,price,720,MAE,3,Test,105.53873873873877
Dummy Regressor,cow,price,720,MAE,4,Test,102.57747747747752
Dummy Regressor,cow,price,720,MAE,5,Test,71.02342342342345
Dummy Regressor,cow,price,720,MSE,1,Train,17962.016857638886
Dummy Regressor,cow,price,720,MSE,2,Train,13913.47995252009
Dummy Regressor,cow,price,720,MSE,3,Train,17509.994737034333
Dummy Regressor,cow,price,720,MSE,4,Train,16146.839353542735
Dummy Regressor,cow,price,720,MSE,5,Train,19689.8892074507
Dummy Regressor,cow,price,720,MSE,1,Test,16054.458392361155
Dummy Regressor,cow,price,720,MSE,2,Test,31405.609777209622
Dummy Regressor,cow,price,720,MSE,3,Test,16301.114857560277
Dummy Regressor,cow,price,720,MSE,4,Test,21500.6930788897
Dummy Regressor,cow,price,720,MSE,5,Test,6820.101062819577
Dummy Regressor,steer,price,720,MAE,1,Train,104.80832439085977
Dummy Regressor,steer,price,720,MAE,2,Train,104.7632669486176
Dummy Regressor,steer,price,720,MAE,3,Train,106.21920685519507
Dummy Regressor,steer,price,720,MAE,4,Train,102.44952973109457
Dummy Regressor,steer,price,720,MAE,5,Train,103.70896430374954
Dummy Regressor,steer,price,720,MAE,1,Test,102.59410743592981
Dummy Regressor,steer,price,720,MAE,2,Test,102.95487785633127
Dummy Regressor,steer,price,720,MAE,3,Test,97.27830135083956
Dummy Regressor,steer,price,720,MAE,4,Test,112.31678765307404
Dummy Regressor,steer,price,720,MAE,5,Test,107.2681558515339
Dummy Regressor,steer,price,720,MSE,1,Train,16978.866672058455
Dummy Regressor,steer,price,720,MSE,2,Train,17379.48378603949
Dummy Regressor,steer,price,720,MSE,3,Train,17547.624372317263
Dummy Regressor,steer,price,720,MSE,4,Train,16699.38261622586
Dummy Regressor,steer,price,720,MSE,5,Train,16608.58342087095
Dummy Regressor,steer,price,720,MSE,1,Test,17350.12719803371
Dummy Regressor,steer,price,720,MSE,2,Test,15707.3695859306
Dummy Regressor,steer,price,720,MSE,3,Test,15043.142098298833
Dummy Regressor,steer,price,720,MSE,4,Test,18431.727808436433
Dummy Regressor,steer,price,720,MSE,5,Test,18794.01024604296
Dummy Regressor,heifer,price,720,MAE,1,Train,67.484375
Dummy Regressor,heifer,price,720,MAE,2,Train,90.570703125
Dummy Regressor,heifer,price,720,MAE,3,Train,89.98828125000004
Dummy Regressor,heifer,price,720,MAE,4,Train,87.434375
Dummy Regressor,heifer,price,720,MAE,5,Train,97.82500000000002
Dummy Regressor,heifer,price,720,MAE,1,Test,171.29218749999995
Dummy Regressor,heifer,price,720,MAE,2,Test,72.20937500000002
Dummy Regressor,heifer,price,720,MAE,3,Test,86.80000000000001
Dummy Regressor,heifer,price,720,MAE,4,Test,110.6656249999998
Dummy Regressor,heifer,price,720,MAE,5,Test,58.71249999999998
Dummy Regressor,heifer,price,720,MSE,1,Train,6628.187412109375
Dummy Regressor,heifer,price,720,MSE,2,Train,14671.33069335937
Dummy Regressor,heifer,price,720,MSE,3,Train,13363.849912109374
Dummy Regressor,heifer,price,720,MSE,4,Train,13388.640849609372
Dummy Regressor,heifer,price,720,MSE,5,Train,14768.814374999998
Dummy Regressor,heifer,price,720,MSE,1,Test,41892.4777441406
Dummy Regressor,heifer,price,720,MSE,2,Test,6865.983837890632
Dummy Regressor,heifer,price,720,MSE,3,Test,11412.885244140634
Dummy Regressor,heifer,price,720,MSE,4,Test,13403.28055664058
Dummy Regressor,heifer,price,720,MSE,5,Test,6122.641875
Dummy Regressor,cow,Total number of defects,720,MAE,1,Train,0.7901234567901234
Dummy Regressor,cow,Total number of defects,720,MAE,2,Train,0.8195763330898467
Dummy Regressor,cow,Total number of defects,720,MAE,3,Train,0.7888970051132214
Dummy Regressor,cow,Total number of defects,720,MAE,4,Train,0.8108108108108109
Dummy Regressor,cow,Total number of defects,720,MAE,5,Train,0.8444119795471147
Dummy Regressor,cow,Total number of defects,720,MAE,1,Test,0.9222222222222222
Dummy Regressor,cow,Total number of defects,720,MAE,2,Test,0.8138138138138138
Dummy Regressor,cow,Total number of defects,720,MAE,3,Test,0.8858858858858859
Dummy Regressor,cow,Total number of defects,720,MAE,4,Test,0.7777777777777778
Dummy Regressor,cow,Total number of defects,720,MAE,5,Test,0.6936936936936937
Dummy Regressor,cow,Total number of defects,720,MSE,1,Train,1.0432098765432098
Dummy Regressor,cow,Total number of defects,720,MSE,2,Train,0.9612856099342585
Dummy Regressor,cow,Total number of defects,720,MSE,3,Train,1.0533235938641345
Dummy Regressor,cow,Total number of defects,720,MSE,4,Train,1.135135135135135
Dummy Regressor,cow,Total number of defects,720,MSE,5,Train,1.101533966398832
Dummy Regressor,cow,Total number of defects,720,MSE,1,Test,1.134567901234568
Dummy Regressor,cow,Total number of defects,720,MSE,2,Test,1.4801558315071826
Dummy Regressor,cow,Total number of defects,720,MSE,3,Test,1.099829559289019
Dummy Regressor,cow,Total number of defects,720,MSE,4,Test,0.7777777777777778
Dummy Regressor,cow,Total number of defects,720,MSE,5,Test,0.8954630305981657
Dummy Regressor,steer,Total number of defects,720,MAE,1,Train,0.510794091655094
Dummy Regressor,steer,Total number of defects,720,MAE,2,Train,0.5751799015275849
Dummy Regressor,steer,Total number of defects,720,MAE,3,Train,0.5299046837520515
Dummy Regressor,steer,Total number of defects,720,MAE,4,Train,0.5624289862391112
Dummy Regressor,steer,Total number of defects,720,MAE,5,Train,0.5083638429491226
Dummy Regressor,steer,Total number of defects,720,MAE,1,Test,0.59597904305012
Dummy Regressor,steer,Total number of defects,720,MAE,2,Test,0.46345158439590955
Dummy Regressor,steer,Total number of defects,720,MAE,3,Test,0.5489521525059967
Dummy Regressor,steer,Total number of defects,720,MAE,4,Test,0.48503976770609786
Dummy Regressor,steer,Total number of defects,720,MAE,5,Test,0.5983461684130791
Dummy Regressor,steer,Total number of defects,720,MSE,1,Train,0.54275817447292
Dummy Regressor,steer,Total number of defects,720,MSE,2,Train,0.6967554601691707
Dummy Regressor,steer,Total number of defects,720,MSE,3,Train,0.5969180027774271
Dummy Regressor,steer,Total number of defects,720,MSE,4,Train,0.6939780330766315
Dummy Regressor,steer,Total number of defects,720,MSE,5,Train,0.586763034970332
Dummy Regressor,steer,Total number of defects,720,MSE,1,Test,0.9498879560661536
Dummy Regressor,steer,Total number of defects,720,MSE,2,Test,0.3364474182552709
Dummy Regressor,steer,Total number of defects,720,MSE,3,Test,0.7317968059588437
Dummy Regressor,steer,Total number of defects,720,MSE,4,Test,0.3449059462189117
Dummy Regressor,steer,Total number of defects,720,MSE,5,Test,0.774428733745739
Dummy Regressor,heifer,Total number of defects,720,MAE,1,Train,0.3046875
Dummy Regressor,heifer,Total number of defects,720,MAE,2,Train,0.40625
Dummy Regressor,heifer,Total number of defects,720,MAE,3,Train,0.515625
Dummy Regressor,heifer,Total number of defects,720,MAE,4,Train,0.515625
Dummy Regressor,heifer,Total number of defects,720,MAE,5,Train,0.46875
Dummy Regressor,heifer,Total number of defects,720,MAE,1,Test,0.75
Dummy Regressor,heifer,Total number of defects,720,MAE,2,Test,0.5
Dummy Regressor,heifer,Total number of defects,720,MAE,3,Test,0.375
Dummy Regressor,heifer,Total number of defects,720,MAE,4,Test,0.375
Dummy Regressor,heifer,Total number of defects,720,MAE,5,Test,0.40625
Dummy Regressor,heifer,Total number of defects,720,MSE,1,Train,0.15234375
Dummy Regressor,heifer,Total number of defects,720,MSE,2,Train,0.3125
Dummy Regressor,heifer,Total number of defects,720,MSE,3,Train,0.359375
Dummy Regressor,heifer,Total number of defects,720,MSE,4,Train,0.359375
Dummy Regressor,heifer,Total number of defects,720,MSE,5,Train,0.33984375
Dummy Regressor,heifer,Total number of defects,720,MSE,1,Test,1.00390625
Dummy Regressor,heifer,Total number of defects,720,MSE,2,Test,0.3125
Dummy Regressor,heifer,Total number of defects,720,MSE,3,Test,0.140625
Dummy Regressor,heifer,Total number of defects,720,MSE,4,Test,0.140625
Dummy Regressor,heifer,Total number of defects,720,MSE,5,Test,0.19140625
ElasticNetCV,cow,live weight,3,MAE,1,Train,48.07777777777777
ElasticNetCV,cow,live weight,3,MAE,2,Train,41.25186267348429
ElasticNetCV,cow,live weight,3,MAE,3,Train,45.74141709276846
ElasticNetCV,cow,live weight,3,MAE,4,Train,44.82132943754567
ElasticNetCV,cow,live weight,3,MAE,5,Train,53.66515704894085
ElasticNetCV,cow,live weight,3,MAE,1,Test,45.97333333333334
ElasticNetCV,cow,live weight,3,MAE,2,Test,69.23123123123123
ElasticNetCV,cow,live weight,3,MAE,3,Test,50.97177177177175
ElasticNetCV,cow,live weight,3,MAE,4,Test,57.351951951951975
ElasticNetCV,cow,live weight,3,MAE,5,Test,18.804204204204186
ElasticNetCV,cow,live weight,3,MSE,1,Train,3733.3552469135807
ElasticNetCV,cow,live weight,3,MSE,2,Train,2786.9518042366694
ElasticNetCV,cow,live weight,3,MSE,3,Train,3731.6717750182615
ElasticNetCV,cow,live weight,3,MSE,4,Train,3330.7263696128575
ElasticNetCV,cow,live weight,3,MSE,5,Train,4397.859108838569
ElasticNetCV,cow,live weight,3,MSE,1,Test,3518.3310864197542
ElasticNetCV,cow,live weight,3,MSE,2,Test,7216.743871439006
ElasticNetCV,cow,live weight,3,MSE,3,Test,3390.6340508075623
ElasticNetCV,cow,live weight,3,MSE,4,Test,4937.887924681441
ElasticNetCV,cow,live weight,3,MSE,5,Test,449.63908935962894
ElasticNetCV,steer,live weight,3,MAE,1,Train,29.21554218681588
ElasticNetCV,steer,live weight,3,MAE,2,Train,26.893717840949297
ElasticNetCV,steer,live weight,3,MAE,3,Train,29.711010338783566
ElasticNetCV,steer,live weight,3,MAE,4,Train,27.82020727532693
ElasticNetCV,steer,live weight,3,MAE,5,Train,29.775616160929776
ElasticNetCV,steer,live weight,3,MAE,1,Test,27.936313350499002
ElasticNetCV,steer,live weight,3,MAE,2,Test,36.179241615414576
ElasticNetCV,steer,live weight,3,MAE,3,Test,28.16150652128804
ElasticNetCV,steer,live weight,3,MAE,4,Test,33.1090768782686
ElasticNetCV,steer,live weight,3,MAE,5,Test,25.699125631931416
ElasticNetCV,steer,live weight,3,MSE,1,Train,2073.174455310817
ElasticNetCV,steer,live weight,3,MSE,2,Train,1210.8759652678657
ElasticNetCV,steer,live weight,3,MSE,3,Train,1987.0735588761174
ElasticNetCV,steer,live weight,3,MSE,4,Train,1959.5951775310225
ElasticNetCV,steer,live weight,3,MSE,5,Train,2188.4439395326413
ElasticNetCV,steer,live weight,3,MSE,1,Test,1188.2310799260908
ElasticNetCV,steer,live weight,3,MSE,2,Test,4851.873022560972
ElasticNetCV,steer,live weight,3,MSE,3,Test,1616.9814013482583
ElasticNetCV,steer,live weight,3,MSE,4,Test,1718.588369901445
ElasticNetCV,steer,live weight,3,MSE,5,Test,996.5375604146317
ElasticNetCV,heifer,live weight,3,MAE,1,Train,20.576214507529183
ElasticNetCV,heifer,live weight,3,MAE,2,Train,17.47044247649272
ElasticNetCV,heifer,live weight,3,MAE,3,Train,19.526713808748404
ElasticNetCV,heifer,live weight,3,MAE,4,Train,18.918376978877763
ElasticNetCV,heifer,live weight,3,MAE,5,Train,16.282187458318862
ElasticNetCV,heifer,live weight,3,MAE,1,Test,11.549206499622242
ElasticNetCV,heifer,live weight,3,MAE,2,Test,21.94602211768487
ElasticNetCV,heifer,live weight,3,MAE,3,Test,19.920167013013916
ElasticNetCV,heifer,live weight,3,MAE,4,Test,20.5288021327136
ElasticNetCV,heifer,live weight,3,MAE,5,Test,26.745150370059804
ElasticNetCV,heifer,live weight,3,MSE,1,Train,774.8313993513476
ElasticNetCV,heifer,live weight,3,MSE,2,Train,563.2692569648887
ElasticNetCV,heifer,live weight,3,MSE,3,Train,687.1415896692329
ElasticNetCV,heifer,live weight,3,MSE,4,Train,677.5364893240679
ElasticNetCV,heifer,live weight,3,MSE,5,Train,507.8514752595928
ElasticNetCV,heifer,live weight,3,MSE,1,Test,201.06085846822268
ElasticNetCV,heifer,live weight,3,MSE,2,Test,907.4068862385675
ElasticNetCV,heifer,live weight,3,MSE,3,Test,750.5901001723595
ElasticNetCV,heifer,live weight,3,MSE,4,Test,704.1706690744977
ElasticNetCV,heifer,live weight,3,MSE,5,Test,1253.1038014246694
ElasticNetCV,cow,carcass weight,3,MAE,1,Train,23.106895108661256
ElasticNetCV,cow,carcass weight,3,MAE,2,Train,22.566106647187727
ElasticNetCV,cow,carcass weight,3,MAE,3,Train,24.469016091085358
ElasticNetCV,cow,carcass weight,3,MAE,4,Train,22.437538723317772
ElasticNetCV,cow,carcass weight,3,MAE,5,Train,28.382761139517893
ElasticNetCV,cow,carcass weight,3,MAE,1,Test,27.019238374346536
ElasticNetCV,cow,carcass weight,3,MAE,2,Test,37.049549549549546
ElasticNetCV,cow,carcass weight,3,MAE,3,Test,23.970850294459645
ElasticNetCV,cow,carcass weight,3,MAE,4,Test,29.925726876706797
ElasticNetCV,cow,carcass weight,3,MAE,5,Test,12.48198198198198
ElasticNetCV,cow,carcass weight,3,MSE,1,Train,841.5370357073635
ElasticNetCV,cow,carcass weight,3,MSE,2,Train,924.6322132943754
ElasticNetCV,cow,carcass weight,3,MSE,3,Train,1036.9672976519018
ElasticNetCV,cow,carcass weight,3,MSE,4,Train,922.4101766051535
ElasticNetCV,cow,carcass weight,3,MSE,5,Train,1334.4970781592401
ElasticNetCV,cow,carcass weight,3,MSE,1,Test,1489.0289825287364
ElasticNetCV,cow,carcass weight,3,MSE,2,Test,1985.0757446635823
ElasticNetCV,cow,carcass weight,3,MSE,3,Test,737.5965115922253
ElasticNetCV,cow,carcass weight,3,MSE,4,Test,1179.533612200498
ElasticNetCV,cow,carcass weight,3,MSE,5,Test,244.06673565457348
ElasticNetCV,steer,carcass weight,3,MAE,1,Train,14.875586990751412
ElasticNetCV,steer,carcass weight,3,MAE,2,Train,14.637919569013706
ElasticNetCV,steer,carcass weight,3,MAE,3,Train,14.8190544640487
ElasticNetCV,steer,carcass weight,3,MAE,4,Train,14.114194273547819
ElasticNetCV,steer,carcass weight,3,MAE,5,Train,14.295741456761455
ElasticNetCV,steer,carcass weight,3,MAE,1,Test,12.921915793667038
ElasticNetCV,steer,carcass weight,3,MAE,2,Test,16.64576670470232
ElasticNetCV,steer,carcass weight,3,MAE,3,Test,13.258206317092915
ElasticNetCV,steer,carcass weight,3,MAE,4,Test,17.99051963261238
ElasticNetCV,steer,carcass weight,3,MAE,5,Test,15.765343652960034
ElasticNetCV,steer,carcass weight,3,MSE,1,Train,369.0692242562718
ElasticNetCV,steer,carcass weight,3,MSE,2,Train,355.61687496509245
ElasticNetCV,steer,carcass weight,3,MSE,3,Train,365.3283353954943
ElasticNetCV,steer,carcass weight,3,MSE,4,Train,321.9530526343876
ElasticNetCV,steer,carcass weight,3,MSE,5,Train,352.687578876569
ElasticNetCV,steer,carcass weight,3,MSE,1,Test,286.3767839168324
ElasticNetCV,steer,carcass weight,3,MSE,2,Test,446.9225284299183
ElasticNetCV,steer,carcass weight,3,MSE,3,Test,315.62682011842804
ElasticNetCV,steer,carcass weight,3,MSE,4,Test,549.3227944349062
ElasticNetCV,steer,carcass weight,3,MSE,5,Test,375.3976859431557
ElasticNetCV,heifer,carcass weight,3,MAE,1,Train,11.893114254359688
ElasticNetCV,heifer,carcass weight,3,MAE,2,Train,10.38038631541567
ElasticNetCV,heifer,carcass weight,3,MAE,3,Train,10.69421017682346
ElasticNetCV,heifer,carcass weight,3,MAE,4,Train,11.02958520148124
ElasticNetCV,heifer,carcass weight,3,MAE,5,Train,9.579019280338363
ElasticNetCV,heifer,carcass weight,3,MAE,1,Test,6.422462299828562
ElasticNetCV,heifer,carcass weight,3,MAE,2,Test,14.207093644783935
ElasticNetCV,heifer,carcass weight,3,MAE,3,Test,12.475443541917187
ElasticNetCV,heifer,carcass weight,3,MAE,4,Test,10.143708603681846
ElasticNetCV,heifer,carcass weight,3,MAE,5,Test,15.782323820939425
ElasticNetCV,heifer,carcass weight,3,MSE,1,Train,263.92819407980284
ElasticNetCV,heifer,carcass weight,3,MSE,2,Train,205.06545413597115
ElasticNetCV,heifer,carcass weight,3,MSE,3,Train,219.60878371769417
ElasticNetCV,heifer,carcass weight,3,MSE,4,Train,227.04544896202168
ElasticNetCV,heifer,carcass weight,3,MSE,5,Train,177.36049066578389
ElasticNetCV,heifer,carcass weight,3,MSE,1,Test,65.49816919304786
ElasticNetCV,heifer,carcass weight,3,MSE,2,Test,362.64540411105446
ElasticNetCV,heifer,carcass weight,3,MSE,3,Test,287.2510351665034
ElasticNetCV,heifer,carcass weight,3,MSE,4,Test,185.19164828858115
ElasticNetCV,heifer,carcass weight,3,MSE,5,Test,467.98934335465157
ElasticNetCV,cow,price,3,MAE,1,Train,80.95854805530176
ElasticNetCV,cow,price,3,MAE,2,Train,75.37906370795956
ElasticNetCV,cow,price,3,MAE,3,Train,87.00530194564556
ElasticNetCV,cow,price,3,MAE,4,Train,79.37131967435921
ElasticNetCV,cow,price,3,MAE,5,Train,95.73503603611687
ElasticNetCV,cow,price,3,MAE,1,Test,100.51212292209603
ElasticNetCV,cow,price,3,MAE,2,Test,124.69109774265365
ElasticNetCV,cow,price,3,MAE,3,Test,76.82526050562916
ElasticNetCV,cow,price,3,MAE,4,Test,103.87738435673727
ElasticNetCV,cow,price,3,MAE,5,Test,37.78008024966287
ElasticNetCV,cow,price,3,MSE,1,Train,10210.241949705814
ElasticNetCV,cow,price,3,MSE,2,Train,9776.325108963525
ElasticNetCV,cow,price,3,MSE,3,Train,12660.522259003032
ElasticNetCV,cow,price,3,MSE,4,Train,11184.046974290948
ElasticNetCV,cow,price,3,MSE,5,Train,14204.892962270127
ElasticNetCV,cow,price,3,MSE,1,Test,18639.080854881893
ElasticNetCV,cow,price,3,MSE,2,Test,23632.241209549164
ElasticNetCV,cow,price,3,MSE,3,Test,8348.38611488677
ElasticNetCV,cow,price,3,MSE,4,Test,14709.305744519392
ElasticNetCV,cow,price,3,MSE,5,Test,1969.1762803431245
ElasticNetCV,steer,price,3,MAE,1,Train,87.66702246669163
ElasticNetCV,steer,price,3,MAE,2,Train,86.38633239752856
ElasticNetCV,steer,price,3,MAE,3,Train,87.36157083051192
ElasticNetCV,steer,price,3,MAE,4,Train,82.99347408089584
ElasticNetCV,steer,price,3,MAE,5,Train,84.96762862644954
ElasticNetCV,steer,price,3,MAE,1,Test,76.39247923811217
ElasticNetCV,steer,price,3,MAE,2,Test,98.36353668629086
ElasticNetCV,steer,price,3,MAE,3,Test,78.18309816573324
ElasticNetCV,steer,price,3,MAE,4,Test,105.98210510597733
ElasticNetCV,steer,price,3,MAE,5,Test,93.58198504213371
ElasticNetCV,steer,price,3,MSE,1,Train,12836.417858617544
ElasticNetCV,steer,price,3,MSE,2,Train,12393.670737308936
ElasticNetCV,steer,price,3,MSE,3,Train,12707.167616992667
ElasticNetCV,steer,price,3,MSE,4,Train,11161.575601849814
ElasticNetCV,steer,price,3,MSE,5,Train,12418.21666390163
ElasticNetCV,steer,price,3,MSE,1,Test,9958.49126714
ElasticNetCV,steer,price,3,MSE,2,Test,15619.235977637285
ElasticNetCV,steer,price,3,MSE,3,Test,11010.247674817689
ElasticNetCV,steer,price,3,MSE,4,Test,19098.069485587315
ElasticNetCV,steer,price,3,MSE,5,Test,13155.947947882107
ElasticNetCV,heifer,price,3,MAE,1,Train,67.8135377374029
ElasticNetCV,heifer,price,3,MAE,2,Train,58.44840488354769
ElasticNetCV,heifer,price,3,MAE,3,Train,61.49314054233042
ElasticNetCV,heifer,price,3,MAE,4,Train,61.59608953810269
ElasticNetCV,heifer,price,3,MAE,5,Train,55.467891075629694
ElasticNetCV,heifer,price,3,MAE,1,Test,38.570757918430985
ElasticNetCV,heifer,price,3,MAE,2,Test,77.73764809632905
ElasticNetCV,heifer,price,3,MAE,3,Test,72.84531514271869
ElasticNetCV,heifer,price,3,MAE,4,Test,61.977051520972985
ElasticNetCV,heifer,price,3,MAE,5,Test,88.95158505750065
ElasticNetCV,heifer,price,3,MSE,1,Train,8566.78347180276
ElasticNetCV,heifer,price,3,MSE,2,Train,6392.932915228735
ElasticNetCV,heifer,price,3,MSE,3,Train,7252.0897642869695
ElasticNetCV,heifer,price,3,MSE,4,Train,7157.093617338691
ElasticNetCV,heifer,price,3,MSE,5,Train,5783.746035030985
ElasticNetCV,heifer,price,3,MSE,1,Test,2264.521135794852
ElasticNetCV,heifer,price,3,MSE,2,Test,11165.347501846
ElasticNetCV,heifer,price,3,MSE,3,Test,9522.259984035809
ElasticNetCV,heifer,price,3,MSE,4,Test,6727.1677778668045
ElasticNetCV,heifer,price,3,MSE,5,Test,14979.658006383652
ElasticNetCV,cow,Total number of defects,3,MAE,1,Train,0.7094847905043612
ElasticNetCV,cow,Total number of defects,3,MAE,2,Train,0.7490835078988511
ElasticNetCV,cow,Total number of defects,3,MAE,3,Train,0.7194941711887977
ElasticNetCV,cow,Total number of defects,3,MAE,4,Train,0.7407152045416037
ElasticNetCV,cow,Total number of defects,3,MAE,5,Train,0.6646476277047808
ElasticNetCV,cow,Total number of defects,3,MAE,1,Test,0.7422469761861692
ElasticNetCV,cow,Total number of defects,3,MAE,2,Test,0.8074777005562855
ElasticNetCV,cow,Total number of defects,3,MAE,3,Test,0.6995767371224155
ElasticNetCV,cow,Total number of defects,3,MAE,4,Test,0.5935085188247862
ElasticNetCV,cow,Total number of defects,3,MAE,5,Test,0.8180567492762827
ElasticNetCV,cow,Total number of defects,3,MSE,1,Train,0.8785275117286911
ElasticNetCV,cow,Total number of defects,3,MSE,2,Train,0.8044836136857942
ElasticNetCV,cow,Total number of defects,3,MSE,3,Train,0.8489527954197827
ElasticNetCV,cow,Total number of defects,3,MSE,4,Train,0.9359195527784828
ElasticNetCV,cow,Total number of defects,3,MSE,5,Train,0.7791431045449064
ElasticNetCV,cow,Total number of defects,3,MSE,1,Test,0.761618750980083
ElasticNetCV,cow,Total number of defects,3,MSE,2,Test,1.2783922119323339
ElasticNetCV,cow,Total number of defects,3,MSE,3,Test,0.8292020948520118
ElasticNetCV,cow,Total number of defects,3,MSE,4,Test,0.4817796052008459
ElasticNetCV,cow,Total number of defects,3,MSE,5,Test,1.15594023941241
ElasticNetCV,steer,Total number of defects,3,MAE,1,Train,0.37673138770948766
ElasticNetCV,steer,Total number of defects,3,MAE,2,Train,0.39508178268459376
ElasticNetCV,steer,Total number of defects,3,MAE,3,Train,0.3887919729847944
ElasticNetCV,steer,Total number of defects,3,MAE,4,Train,0.36575263240638717
ElasticNetCV,steer,Total number of defects,3,MAE,5,Train,0.3498481487473109
ElasticNetCV,steer,Total number of defects,3,MAE,1,Test,0.43130552775296277
ElasticNetCV,steer,Total number of defects,3,MAE,2,Test,0.3436523458012403
ElasticNetCV,steer,Total number of defects,3,MAE,3,Test,0.3668226851265599
ElasticNetCV,steer,Total number of defects,3,MAE,4,Test,0.41542530205218225
ElasticNetCV,steer,Total number of defects,3,MAE,5,Test,0.3993534195337031
ElasticNetCV,steer,Total number of defects,3,MSE,1,Train,0.3959068006368674
ElasticNetCV,steer,Total number of defects,3,MSE,2,Train,0.38826608786340905
ElasticNetCV,steer,Total number of defects,3,MSE,3,Train,0.3801603942642438
ElasticNetCV,steer,Total number of defects,3,MSE,4,Train,0.3191808595770794
ElasticNetCV,steer,Total number of defects,3,MSE,5,Train,0.3693280633939881
ElasticNetCV,steer,Total number of defects,3,MSE,1,Test,0.5867519980837596
ElasticNetCV,steer,Total number of defects,3,MSE,2,Test,0.27255925636990375
ElasticNetCV,steer,Total number of defects,3,MSE,3,Test,0.30453638251750187
ElasticNetCV,steer,Total number of defects,3,MSE,4,Test,0.6246938251444375
ElasticNetCV,steer,Total number of defects,3,MSE,5,Test,0.33691521400251606
ElasticNetCV,heifer,Total number of defects,3,MAE,1,Train,0.6221986420552545
ElasticNetCV,heifer,Total number of defects,3,MAE,2,Train,0.5048024196304641
ElasticNetCV,heifer,Total number of defects,3,MAE,3,Train,0.5501877888683768
ElasticNetCV,heifer,Total number of defects,3,MAE,4,Train,0.5740081973414103
ElasticNetCV,heifer,Total number of defects,3,MAE,5,Train,0.7113702623906706
ElasticNetCV,heifer,Total number of defects,3,MAE,1,Test,0.38542930304936157
ElasticNetCV,heifer,Total number of defects,3,MAE,2,Test,0.687674332271317
ElasticNetCV,heifer,Total number of defects,3,MAE,3,Test,0.43770940486736193
ElasticNetCV,heifer,Total number of defects,3,MAE,4,Test,0.8934261838065581
ElasticNetCV,heifer,Total number of defects,3,MAE,5,Test,0.5654761904761904
ElasticNetCV,heifer,Total number of defects,3,MSE,1,Train,0.7230930237295264
ElasticNetCV,heifer,Total number of defects,3,MSE,2,Train,0.5038020118630469
ElasticNetCV,heifer,Total number of defects,3,MSE,3,Train,0.667497688503131
ElasticNetCV,heifer,Total number of defects,3,MSE,4,Train,0.49194192918284835
ElasticNetCV,heifer,Total number of defects,3,MSE,5,Train,0.8367346938775511
ElasticNetCV,heifer,Total number of defects,3,MSE,1,Test,0.21081359663315058
ElasticNetCV,heifer,Total number of defects,3,MSE,2,Test,1.0053056615644886
ElasticNetCV,heifer,Total number of defects,3,MSE,3,Test,0.2933118363055843
ElasticNetCV,heifer,Total number of defects,3,MSE,4,Test,1.6453268833166523
ElasticNetCV,heifer,Total number of defects,3,MSE,5,Test,0.3562925170068027
ElasticNetCV,cow,live weight,7,MAE,1,Train,48.07777777777777
ElasticNetCV,cow,live weight,7,MAE,2,Train,41.25186267348429
ElasticNetCV,cow,live weight,7,MAE,3,Train,45.74141709276846
ElasticNetCV,cow,live weight,7,MAE,4,Train,44.82132943754567
ElasticNetCV,cow,live weight,7,MAE,5,Train,53.66515704894085
ElasticNetCV,cow,live weight,7,MAE,1,Test,45.97333333333334
ElasticNetCV,cow,live weight,7,MAE,2,Test,69.23123123123123
ElasticNetCV,cow,live weight,7,MAE,3,Test,50.97177177177175
ElasticNetCV,cow,live weight,7,MAE,4,Test,57.351951951951975
ElasticNetCV,cow,live weight,7,MAE,5,Test,18.804204204204186
ElasticNetCV,cow,live weight,7,MSE,1,Train,3733.3552469135807
ElasticNetCV,cow,live weight,7,MSE,2,Train,2786.9518042366694
ElasticNetCV,cow,live weight,7,MSE,3,Train,3731.6717750182615
ElasticNetCV,cow,live weight,7,MSE,4,Train,3330.7263696128575
ElasticNetCV,cow,live weight,7,MSE,5,Train,4397.859108838569
ElasticNetCV,cow,live weight,7,MSE,1,Test,3518.3310864197542
ElasticNetCV,cow,live weight,7,MSE,2,Test,7216.743871439006
ElasticNetCV,cow,live weight,7,MSE,3,Test,3390.6340508075623
ElasticNetCV,cow,live weight,7,MSE,4,Test,4937.887924681441
ElasticNetCV,cow,live weight,7,MSE,5,Test,449.63908935962894
ElasticNetCV,steer,live weight,7,MAE,1,Train,29.221312348948562
ElasticNetCV,steer,live weight,7,MAE,2,Train,26.876084831773383
ElasticNetCV,steer,live weight,7,MAE,3,Train,30.14355813490044
ElasticNetCV,steer,live weight,7,MAE,4,Train,27.753513926657696
ElasticNetCV,steer,live weight,7,MAE,5,Train,30.69642906762603
ElasticNetCV,steer,live weight,7,MAE,1,Test,27.530817908417273
ElasticNetCV,steer,live weight,7,MAE,2,Test,36.31278433017667
ElasticNetCV,steer,live weight,7,MAE,3,Test,27.7471022414818
ElasticNetCV,steer,live weight,7,MAE,4,Test,33.176071902527006
ElasticNetCV,steer,live weight,7,MAE,5,Test,26.625713610099066
ElasticNetCV,steer,live weight,7,MSE,1,Train,2080.816030279029
ElasticNetCV,steer,live weight,7,MSE,2,Train,1212.2321836193432
ElasticNetCV,steer,live weight,7,MSE,3,Train,2149.7666728114696
ElasticNetCV,steer,live weight,7,MSE,4,Train,1967.2049998106486
ElasticNetCV,steer,live weight,7,MSE,5,Train,2295.2948854290316
ElasticNetCV,steer,live weight,7,MSE,1,Test,1167.9155336520719
ElasticNetCV,steer,live weight,7,MSE,2,Test,4865.258600403467
ElasticNetCV,steer,live weight,7,MSE,3,Test,1510.2251833481175
ElasticNetCV,steer,live weight,7,MSE,4,Test,1710.9361834103534
ElasticNetCV,steer,live weight,7,MSE,5,Test,1113.1496522472028
ElasticNetCV,heifer,live weight,7,MAE,1,Train,20.576214507529183
ElasticNetCV,heifer,live weight,7,MAE,2,Train,17.43812092279121
ElasticNetCV,heifer,live weight,7,MAE,3,Train,19.397178423360955
ElasticNetCV,heifer,live weight,7,MAE,4,Train,18.918376978877763
ElasticNetCV,heifer,live weight,7,MAE,5,Train,16.4612782994533
ElasticNetCV,heifer,live weight,7,MAE,1,Test,11.549206499622242
ElasticNetCV,heifer,live weight,7,MAE,2,Test,22.191255082907333
ElasticNetCV,heifer,live weight,7,MAE,3,Test,19.644314452010157
ElasticNetCV,heifer,live weight,7,MAE,4,Test,20.5288021327136
ElasticNetCV,heifer,live weight,7,MAE,5,Test,26.664112359007305
ElasticNetCV,heifer,live weight,7,MSE,1,Train,774.8313993513476
ElasticNetCV,heifer,live weight,7,MSE,2,Train,555.8983951721575
ElasticNetCV,heifer,live weight,7,MSE,3,Train,680.521997114726
ElasticNetCV,heifer,live weight,7,MSE,4,Train,677.5364893240679
ElasticNetCV,heifer,live weight,7,MSE,5,Train,515.8955001919113
ElasticNetCV,heifer,live weight,7,MSE,1,Test,201.06085846822268
ElasticNetCV,heifer,live weight,7,MSE,2,Test,933.5802635122839
ElasticNetCV,heifer,live weight,7,MSE,3,Test,740.8117985329358
ElasticNetCV,heifer,live weight,7,MSE,4,Test,704.1706690744977
ElasticNetCV,heifer,live weight,7,MSE,5,Test,1246.8823665180907
ElasticNetCV,cow,carcass weight,7,MAE,1,Train,23.109363156449305
ElasticNetCV,cow,carcass weight,7,MAE,2,Train,22.566106647187727
ElasticNetCV,cow,carcass weight,7,MAE,3,Train,24.86121256391526
ElasticNetCV,cow,carcass weight,7,MAE,4,Train,22.412658571651985
ElasticNetCV,cow,carcass weight,7,MAE,5,Train,28.382761139517893
ElasticNetCV,cow,carcass weight,7,MAE,1,Test,26.820699539963897
ElasticNetCV,cow,carcass weight,7,MAE,2,Test,37.049549549549546
ElasticNetCV,cow,carcass weight,7,MAE,3,Test,27.545045045045054
ElasticNetCV,cow,carcass weight,7,MAE,4,Test,29.87884893761587
ElasticNetCV,cow,carcass weight,7,MAE,5,Test,12.48198198198198
ElasticNetCV,cow,carcass weight,7,MSE,1,Train,844.3040768329688
ElasticNetCV,cow,carcass weight,7,MSE,2,Train,924.6322132943754
ElasticNetCV,cow,carcass weight,7,MSE,3,Train,1152.5628195763331
ElasticNetCV,cow,carcass weight,7,MSE,4,Train,922.1196783493352
ElasticNetCV,cow,carcass weight,7,MSE,5,Train,1334.4970781592401
ElasticNetCV,cow,carcass weight,7,MSE,1,Test,1475.9952328006307
ElasticNetCV,cow,carcass weight,7,MSE,2,Test,1985.0757446635823
ElasticNetCV,cow,carcass weight,7,MSE,3,Test,1037.9529461894333
ElasticNetCV,cow,carcass weight,7,MSE,4,Test,1177.521132282106
ElasticNetCV,cow,carcass weight,7,MSE,5,Test,244.06673565457348
ElasticNetCV,steer,carcass weight,7,MAE,1,Train,14.826951605346206
ElasticNetCV,steer,carcass weight,7,MAE,2,Train,14.187450003566665
ElasticNetCV,steer,carcass weight,7,MAE,3,Train,17.667080899188015
ElasticNetCV,steer,carcass weight,7,MAE,4,Train,13.703652892078194
ElasticNetCV,steer,carcass weight,7,MAE,5,Train,14.259557808578235
ElasticNetCV,steer,carcass weight,7,MAE,1,Test,12.938047373273323
ElasticNetCV,steer,carcass weight,7,MAE,2,Test,16.20180684547863
ElasticNetCV,steer,carcass weight,7,MAE,3,Test,15.06965107300274
ElasticNetCV,steer,carcass weight,7,MAE,4,Test,17.850107896990295
ElasticNetCV,steer,carcass weight,7,MAE,5,Test,15.770336327500655
ElasticNetCV,steer,carcass weight,7,MSE,1,Train,368.4098281236021
ElasticNetCV,steer,carcass weight,7,MSE,2,Train,341.05585594717576
ElasticNetCV,steer,carcass weight,7,MSE,3,Train,487.8822657099196
ElasticNetCV,steer,carcass weight,7,MSE,4,Train,308.485538353342
ElasticNetCV,steer,carcass weight,7,MSE,5,Train,349.13849137603796
ElasticNetCV,steer,carcass weight,7,MSE,1,Test,284.5188669315353
ElasticNetCV,steer,carcass weight,7,MSE,2,Test,433.08291354800417
ElasticNetCV,steer,carcass weight,7,MSE,3,Test,367.1077830318365
ElasticNetCV,steer,carcass weight,7,MSE,4,Test,560.6329768457381
ElasticNetCV,steer,carcass weight,7,MSE,5,Test,378.70010935289594
ElasticNetCV,heifer,carcass weight,7,MAE,1,Train,12.019332229248343
ElasticNetCV,heifer,carcass weight,7,MAE,2,Train,10.91157721388003
ElasticNetCV,heifer,carcass weight,7,MAE,3,Train,10.823047279214489
ElasticNetCV,heifer,carcass weight,7,MAE,4,Train,11.206975018840012
ElasticNetCV,heifer,carcass weight,7,MAE,5,Train,9.676492765442799
ElasticNetCV,heifer,carcass weight,7,MAE,1,Test,6.565356016706736
ElasticNetCV,heifer,carcass weight,7,MAE,2,Test,14.51732576624625
ElasticNetCV,heifer,carcass weight,7,MAE,3,Test,12.819128120781388
ElasticNetCV,heifer,carcass weight,7,MAE,4,Test,9.964111834446724
ElasticNetCV,heifer,carcass weight,7,MAE,5,Test,15.739183763333026
ElasticNetCV,heifer,carcass weight,7,MSE,1,Train,268.0546115270849
ElasticNetCV,heifer,carcass weight,7,MSE,2,Train,221.2582891562219
ElasticNetCV,heifer,carcass weight,7,MSE,3,Train,225.07677449399716
ElasticNetCV,heifer,carcass weight,7,MSE,4,Train,232.81103322770235
ElasticNetCV,heifer,carcass weight,7,MSE,5,Train,179.50000504795665
ElasticNetCV,heifer,carcass weight,7,MSE,1,Test,68.88059077745804
ElasticNetCV,heifer,carcass weight,7,MSE,2,Test,370.11280416627096
ElasticNetCV,heifer,carcass weight,7,MSE,3,Test,300.68904648889935
ElasticNetCV,heifer,carcass weight,7,MSE,4,Test,184.3069132202504
ElasticNetCV,heifer,carcass weight,7,MSE,5,Test,466.4952705636333
ElasticNetCV,cow,price,7,MAE,1,Train,80.93700833745777
ElasticNetCV,cow,price,7,MAE,2,Train,75.39637338198519
ElasticNetCV,cow,price,7,MAE,3,Train,87.01122169361994
ElasticNetCV,cow,price,7,MAE,4,Train,79.47605487004826
ElasticNetCV,cow,price,7,MAE,5,Train,95.73736703036656
ElasticNetCV,cow,price,7,MAE,1,Test,100.3963432664297
ElasticNetCV,cow,price,7,MAE,2,Test,124.75021984708386
ElasticNetCV,cow,price,7,MAE,3,Test,76.85390636364966
ElasticNetCV,cow,price,7,MAE,4,Test,104.20837646072295
ElasticNetCV,cow,price,7,MAE,5,Test,37.7122108628618
ElasticNetCV,cow,price,7,MSE,1,Train,10213.869925320914
ElasticNetCV,cow,price,7,MSE,2,Train,9770.527726957947
ElasticNetCV,cow,price,7,MSE,3,Train,12660.169688057651
ElasticNetCV,cow,price,7,MSE,4,Train,11166.87360679506
ElasticNetCV,cow,price,7,MSE,5,Train,14195.13177381054
ElasticNetCV,cow,price,7,MSE,1,Test,18604.562443340772
ElasticNetCV,cow,price,7,MSE,2,Test,23816.77966393775
ElasticNetCV,cow,price,7,MSE,3,Test,8337.99944306843
ElasticNetCV,cow,price,7,MSE,4,Test,14680.82682263904
ElasticNetCV,cow,price,7,MSE,5,Test,1966.3500203267176
ElasticNetCV,steer,price,7,MAE,1,Train,87.48825131356233
ElasticNetCV,steer,price,7,MAE,2,Train,103.59587553757358
ElasticNetCV,steer,price,7,MAE,3,Train,104.32810567516545
ElasticNetCV,steer,price,7,MAE,4,Train,80.84414638487495
ElasticNetCV,steer,price,7,MAE,5,Train,84.15920662979275
ElasticNetCV,steer,price,7,MAE,1,Test,76.4758144194136
ElasticNetCV,steer,price,7,MAE,2,Test,115.40832956088728
ElasticNetCV,steer,price,7,MAE,3,Test,89.0700549235003
ElasticNetCV,steer,price,7,MAE,4,Test,105.38184164403859
ElasticNetCV,steer,price,7,MAE,5,Test,93.28595476524038
ElasticNetCV,steer,price,7,MSE,1,Train,12823.533411382821
ElasticNetCV,steer,price,7,MSE,2,Train,16508.30039524036
ElasticNetCV,steer,price,7,MSE,3,Train,17018.197233084833
ElasticNetCV,steer,price,7,MSE,4,Train,10700.414454980879
ElasticNetCV,steer,price,7,MSE,5,Train,12152.770249321027
ElasticNetCV,steer,price,7,MSE,1,Test,9910.753698678567
ElasticNetCV,steer,price,7,MSE,2,Test,21946.678508958394
ElasticNetCV,steer,price,7,MSE,3,Test,12833.915447687938
ElasticNetCV,steer,price,7,MSE,4,Test,19526.699229487444
ElasticNetCV,steer,price,7,MSE,5,Test,13208.689618102248
ElasticNetCV,heifer,price,7,MAE,1,Train,68.3201794314307
ElasticNetCV,heifer,price,7,MAE,2,Train,62.177548720077034
ElasticNetCV,heifer,price,7,MAE,3,Train,60.74166909981422
ElasticNetCV,heifer,price,7,MAE,4,Train,63.165758064641764
ElasticNetCV,heifer,price,7,MAE,5,Train,56.22515162076586
ElasticNetCV,heifer,price,7,MAE,1,Test,39.692996150649584
ElasticNetCV,heifer,price,7,MAE,2,Test,82.02538684989169
ElasticNetCV,heifer,price,7,MAE,3,Test,72.21284130864376
ElasticNetCV,heifer,price,7,MAE,4,Test,59.28612596219087
ElasticNetCV,heifer,price,7,MAE,5,Test,88.7904902737406
ElasticNetCV,heifer,price,7,MSE,1,Train,8652.803868966852
ElasticNetCV,heifer,price,7,MSE,2,Train,7075.486789237228
ElasticNetCV,heifer,price,7,MSE,3,Train,7110.13279101424
ElasticNetCV,heifer,price,7,MSE,4,Train,7465.755194867193
ElasticNetCV,heifer,price,7,MSE,5,Train,5892.194679997105
ElasticNetCV,heifer,price,7,MSE,1,Test,2355.507260584885
ElasticNetCV,heifer,price,7,MSE,2,Test,11855.373490794087
ElasticNetCV,heifer,price,7,MSE,3,Test,9423.812148730713
ElasticNetCV,heifer,price,7,MSE,4,Test,6392.10985438353
ElasticNetCV,heifer,price,7,MSE,5,Test,14979.320870652004
ElasticNetCV,cow,Total number of defects,7,MAE,1,Train,0.7095028770403798
ElasticNetCV,cow,Total number of defects,7,MAE,2,Train,0.7669288299306937
ElasticNetCV,cow,Total number of defects,7,MAE,3,Train,0.7210924018363909
ElasticNetCV,cow,Total number of defects,7,MAE,4,Train,0.7420483405252235
ElasticNetCV,cow,Total number of defects,7,MAE,5,Train,0.664647302904321
ElasticNetCV,cow,Total number of defects,7,MAE,1,Test,0.7422545591773865
ElasticNetCV,cow,Total number of defects,7,MAE,2,Test,0.8006102444009471
ElasticNetCV,cow,Total number of defects,7,MAE,3,Test,0.7033420118005103
ElasticNetCV,cow,Total number of defects,7,MAE,4,Test,0.5963390310641076
ElasticNetCV,cow,Total number of defects,7,MAE,5,Test,0.8180573580541498
ElasticNetCV,cow,Total number of defects,7,MSE,1,Train,0.8785275220424204
ElasticNetCV,cow,Total number of defects,7,MSE,2,Train,0.8412211948410014
ElasticNetCV,cow,Total number of defects,7,MSE,3,Train,0.8491369744868605
ElasticNetCV,cow,Total number of defects,7,MSE,4,Train,0.9360265912924688
ElasticNetCV,cow,Total number of defects,7,MSE,5,Train,0.7791431013727692
ElasticNetCV,cow,Total number of defects,7,MSE,1,Test,0.7616038001770205
ElasticNetCV,cow,Total number of defects,7,MSE,2,Test,1.3266589452641222
ElasticNetCV,cow,Total number of defects,7,MSE,3,Test,0.830211041494574
ElasticNetCV,cow,Total number of defects,7,MSE,4,Test,0.4824073754592372
ElasticNetCV,cow,Total number of defects,7,MSE,5,Test,1.155943062995898
ElasticNetCV,steer,Total number of defects,7,MAE,1,Train,0.36475416906554686
ElasticNetCV,steer,Total number of defects,7,MAE,2,Train,0.38479925914524227
ElasticNetCV,steer,Total number of defects,7,MAE,3,Train,0.3654382504718488
ElasticNetCV,steer,Total number of defects,7,MAE,4,Train,0.4138766661293438
ElasticNetCV,steer,Total number of defects,7,MAE,5,Train,0.3370594829415228
ElasticNetCV,steer,Total number of defects,7,MAE,1,Test,0.41673984891263327
ElasticNetCV,steer,Total number of defects,7,MAE,2,Test,0.3151506559279945
ElasticNetCV,steer,Total number of defects,7,MAE,3,Test,0.3610552908310135
ElasticNetCV,steer,Total number of defects,7,MAE,4,Test,0.4632201669694302
ElasticNetCV,steer,Total number of defects,7,MAE,5,Test,0.39098506450861903
ElasticNetCV,steer,Total number of defects,7,MSE,1,Train,0.3757370126424566
ElasticNetCV,steer,Total number of defects,7,MSE,2,Train,0.3782905426773924
ElasticNetCV,steer,Total number of defects,7,MSE,3,Train,0.3531429549268195
ElasticNetCV,steer,Total number of defects,7,MSE,4,Train,0.39589468827803825
ElasticNetCV,steer,Total number of defects,7,MSE,5,Train,0.35805780851965596
ElasticNetCV,steer,Total number of defects,7,MSE,1,Test,0.5507638219059736
ElasticNetCV,steer,Total number of defects,7,MSE,2,Test,0.2590538257338474
ElasticNetCV,steer,Total number of defects,7,MSE,3,Test,0.3470850829499277
ElasticNetCV,steer,Total number of defects,7,MSE,4,Test,0.7176484289029499
ElasticNetCV,steer,Total number of defects,7,MSE,5,Test,0.3290037147394862
ElasticNetCV,heifer,Total number of defects,7,MAE,1,Train,0.5866653781090994
ElasticNetCV,heifer,Total number of defects,7,MAE,2,Train,0.5048518488801921
ElasticNetCV,heifer,Total number of defects,7,MAE,3,Train,0.5513066712797962
ElasticNetCV,heifer,Total number of defects,7,MAE,4,Train,0.4582191439720345
ElasticNetCV,heifer,Total number of defects,7,MAE,5,Train,0.5294819074848689
ElasticNetCV,heifer,Total number of defects,7,MAE,1,Test,0.3896750895662324
ElasticNetCV,heifer,Total number of defects,7,MAE,2,Test,0.6878432350582764
ElasticNetCV,heifer,Total number of defects,7,MAE,3,Test,0.4317174682270403
ElasticNetCV,heifer,Total number of defects,7,MAE,4,Test,0.7698779952490238
ElasticNetCV,heifer,Total number of defects,7,MAE,5,Test,0.6602076191762999
ElasticNetCV,heifer,Total number of defects,7,MSE,1,Train,0.6859432475159912
ElasticNetCV,heifer,Total number of defects,7,MSE,2,Train,0.5038000711568419
ElasticNetCV,heifer,Total number of defects,7,MSE,3,Train,0.6691692146140356
ElasticNetCV,heifer,Total number of defects,7,MSE,4,Train,0.41161643430338474
ElasticNetCV,heifer,Total number of defects,7,MSE,5,Train,0.6008423261285845
ElasticNetCV,heifer,Total number of defects,7,MSE,1,Test,0.2299692771213559
ElasticNetCV,heifer,Total number of defects,7,MSE,2,Test,1.005895078991508
ElasticNetCV,heifer,Total number of defects,7,MSE,3,Test,0.28813333098333604
ElasticNetCV,heifer,Total number of defects,7,MSE,4,Test,1.429702222681026
ElasticNetCV,heifer,Total number of defects,7,MSE,5,Test,0.6475749660413633
ElasticNetCV,cow,live weight,14,MAE,1,Train,48.07777777777777
ElasticNetCV,cow,live weight,14,MAE,2,Train,41.25186267348429
ElasticNetCV,cow,live weight,14,MAE,3,Train,45.74141709276846
ElasticNetCV,cow,live weight,14,MAE,4,Train,44.82132943754567
ElasticNetCV,cow,live weight,14,MAE,5,Train,53.66515704894085
ElasticNetCV,cow,live weight,14,MAE,1,Test,45.97333333333334
ElasticNetCV,cow,live weight,14,MAE,2,Test,69.23123123123123
ElasticNetCV,cow,live weight,14,MAE,3,Test,50.97177177177175
ElasticNetCV,cow,live weight,14,MAE,4,Test,57.351951951951975
ElasticNetCV,cow,live weight,14,MAE,5,Test,18.804204204204186
ElasticNetCV,cow,live weight,14,MSE,1,Train,3733.3552469135807
ElasticNetCV,cow,live weight,14,MSE,2,Train,2786.9518042366694
ElasticNetCV,cow,live weight,14,MSE,3,Train,3731.6717750182615
ElasticNetCV,cow,live weight,14,MSE,4,Train,3330.7263696128575
ElasticNetCV,cow,live weight,14,MSE,5,Train,4397.859108838569
ElasticNetCV,cow,live weight,14,MSE,1,Test,3518.3310864197542
ElasticNetCV,cow,live weight,14,MSE,2,Test,7216.743871439006
ElasticNetCV,cow,live weight,14,MSE,3,Test,3390.6340508075623
ElasticNetCV,cow,live weight,14,MSE,4,Test,4937.887924681441
ElasticNetCV,cow,live weight,14,MSE,5,Test,449.63908935962894
ElasticNetCV,steer,live weight,14,MAE,1,Train,32.01786490271452
ElasticNetCV,steer,live weight,14,MAE,2,Train,26.871925058193256
ElasticNetCV,steer,live weight,14,MAE,3,Train,30.700574474937223
ElasticNetCV,steer,live weight,14,MAE,4,Train,28.35806364182993
ElasticNetCV,steer,live weight,14,MAE,5,Train,31.195783205345112
ElasticNetCV,steer,live weight,14,MAE,1,Test,26.89913191957066
ElasticNetCV,steer,live weight,14,MAE,2,Test,36.10794220335176
ElasticNetCV,steer,live weight,14,MAE,3,Test,28.89415774439325
ElasticNetCV,steer,live weight,14,MAE,4,Test,33.478091538612404
ElasticNetCV,steer,live weight,14,MAE,5,Test,27.238062139072873
ElasticNetCV,steer,live weight,14,MSE,1,Train,2411.6748386994655
ElasticNetCV,steer,live weight,14,MSE,2,Train,1209.8918300998123
ElasticNetCV,steer,live weight,14,MSE,3,Train,2233.0995213872275
ElasticNetCV,steer,live weight,14,MSE,4,Train,2074.3934348699217
ElasticNetCV,steer,live weight,14,MSE,5,Train,2349.249957635912
ElasticNetCV,steer,live weight,14,MSE,1,Test,1197.9169176539724
ElasticNetCV,steer,live weight,14,MSE,2,Test,4848.797556881687
ElasticNetCV,steer,live weight,14,MSE,3,Test,1584.6372939293694
ElasticNetCV,steer,live weight,14,MSE,4,Test,1723.8383140893334
ElasticNetCV,steer,live weight,14,MSE,5,Test,1179.3698862557808
ElasticNetCV,heifer,live weight,14,MAE,1,Train,20.871884288752184
ElasticNetCV,heifer,live weight,14,MAE,2,Train,17.43812551690995
ElasticNetCV,heifer,live weight,14,MAE,3,Train,19.359764951226406
ElasticNetCV,heifer,live weight,14,MAE,4,Train,18.918376978877763
ElasticNetCV,heifer,live weight,14,MAE,5,Train,16.461275075334385
ElasticNetCV,heifer,live weight,14,MAE,1,Test,11.941281083198938
ElasticNetCV,heifer,live weight,14,MAE,2,Test,22.191287726555966
ElasticNetCV,heifer,live weight,14,MAE,3,Test,19.675334072499716
ElasticNetCV,heifer,live weight,14,MAE,4,Test,20.5288021327136
ElasticNetCV,heifer,live weight,14,MAE,5,Test,26.664106448361547
ElasticNetCV,heifer,live weight,14,MSE,1,Train,790.762751594259
ElasticNetCV,heifer,live weight,14,MSE,2,Train,555.8978566350945
ElasticNetCV,heifer,live weight,14,MSE,3,Train,679.2562598621744
ElasticNetCV,heifer,live weight,14,MSE,4,Train,677.5364893240679
ElasticNetCV,heifer,live weight,14,MSE,5,Train,515.8950571389453
ElasticNetCV,heifer,live weight,14,MSE,1,Test,217.95573314059672
ElasticNetCV,heifer,live weight,14,MSE,2,Test,933.5816652435412
ElasticNetCV,heifer,live weight,14,MSE,3,Test,749.2541656014613
ElasticNetCV,heifer,live weight,14,MSE,4,Test,704.1706690744977
ElasticNetCV,heifer,live weight,14,MSE,5,Test,1246.882192335397
ElasticNetCV,cow,carcass weight,14,MAE,1,Train,23.06725727428188
ElasticNetCV,cow,carcass weight,14,MAE,2,Train,22.566106647187727
ElasticNetCV,cow,carcass weight,14,MAE,3,Train,24.86121256391526
ElasticNetCV,cow,carcass weight,14,MAE,4,Train,22.324973630631643
ElasticNetCV,cow,carcass weight,14,MAE,5,Train,28.382761139517893
ElasticNetCV,cow,carcass weight,14,MAE,1,Test,26.853160174333404
ElasticNetCV,cow,carcass weight,14,MAE,2,Test,37.049549549549546
ElasticNetCV,cow,carcass weight,14,MAE,3,Test,27.545045045045054
ElasticNetCV,cow,carcass weight,14,MAE,4,Test,29.807779925458686
ElasticNetCV,cow,carcass weight,14,MAE,5,Test,12.48198198198198
ElasticNetCV,cow,carcass weight,14,MSE,1,Train,842.7533075740599
ElasticNetCV,cow,carcass weight,14,MSE,2,Train,924.6322132943754
ElasticNetCV,cow,carcass weight,14,MSE,3,Train,1152.5628195763331
ElasticNetCV,cow,carcass weight,14,MSE,4,Train,919.4092354987826
ElasticNetCV,cow,carcass weight,14,MSE,5,Train,1334.4970781592401
ElasticNetCV,cow,carcass weight,14,MSE,1,Test,1473.2079784062591
ElasticNetCV,cow,carcass weight,14,MSE,2,Test,1985.0757446635823
ElasticNetCV,cow,carcass weight,14,MSE,3,Test,1037.9529461894333
ElasticNetCV,cow,carcass weight,14,MSE,4,Test,1171.8841408049832
ElasticNetCV,cow,carcass weight,14,MSE,5,Test,244.06673565457348
ElasticNetCV,steer,carcass weight,14,MAE,1,Train,18.52254979628791
ElasticNetCV,steer,carcass weight,14,MAE,2,Train,17.573053417836125
ElasticNetCV,steer,carcass weight,14,MAE,3,Train,18.308444627133806
ElasticNetCV,steer,carcass weight,14,MAE,4,Train,17.477648257129925
ElasticNetCV,steer,carcass weight,14,MAE,5,Train,17.002968119853392
ElasticNetCV,steer,carcass weight,14,MAE,1,Test,15.561057039384337
ElasticNetCV,steer,carcass weight,14,MAE,2,Test,19.56190583974649
ElasticNetCV,steer,carcass weight,14,MAE,3,Test,15.431020654613196
ElasticNetCV,steer,carcass weight,14,MAE,4,Test,19.730619058397462
ElasticNetCV,steer,carcass weight,14,MAE,5,Test,18.81964971858576
ElasticNetCV,steer,carcass weight,14,MSE,1,Train,537.628727648257
ElasticNetCV,steer,carcass weight,14,MSE,2,Train,474.7773313716614
ElasticNetCV,steer,carcass weight,14,MSE,3,Train,519.2075263756108
ElasticNetCV,steer,carcass weight,14,MSE,4,Train,481.87086740323673
ElasticNetCV,steer,carcass weight,14,MSE,5,Train,468.3584262695676
ElasticNetCV,steer,carcass weight,14,MSE,1,Test,379.2921924513355
ElasticNetCV,steer,carcass weight,14,MSE,2,Test,630.5278972385696
ElasticNetCV,steer,carcass weight,14,MSE,3,Test,390.8912955361452
ElasticNetCV,steer,carcass weight,14,MSE,4,Test,603.1393040544365
ElasticNetCV,steer,carcass weight,14,MSE,5,Test,498.52937588700047
ElasticNetCV,heifer,carcass weight,14,MAE,1,Train,12.104193624930708
ElasticNetCV,heifer,carcass weight,14,MAE,2,Train,10.91157721388003
ElasticNetCV,heifer,carcass weight,14,MAE,3,Train,10.823047279214489
ElasticNetCV,heifer,carcass weight,14,MAE,4,Train,11.264006951447488
ElasticNetCV,heifer,carcass weight,14,MAE,5,Train,9.729477689368386
ElasticNetCV,heifer,carcass weight,14,MAE,1,Test,6.726117014380876
ElasticNetCV,heifer,carcass weight,14,MAE,2,Test,14.51732576624625
ElasticNetCV,heifer,carcass weight,14,MAE,3,Test,12.819128120781388
ElasticNetCV,heifer,carcass weight,14,MAE,4,Test,9.897552045092631
ElasticNetCV,heifer,carcass weight,14,MAE,5,Test,15.727971802834867
ElasticNetCV,heifer,carcass weight,14,MSE,1,Train,271.17238124494304
ElasticNetCV,heifer,carcass weight,14,MSE,2,Train,221.2582891562219
ElasticNetCV,heifer,carcass weight,14,MSE,3,Train,225.07677449399716
ElasticNetCV,heifer,carcass weight,14,MSE,4,Train,235.47091687843516
ElasticNetCV,heifer,carcass weight,14,MSE,5,Train,180.7420816356698
ElasticNetCV,heifer,carcass weight,14,MSE,1,Test,71.27986933946276
ElasticNetCV,heifer,carcass weight,14,MSE,2,Test,370.11280416627096
ElasticNetCV,heifer,carcass weight,14,MSE,3,Test,300.68904648889935
ElasticNetCV,heifer,carcass weight,14,MSE,4,Test,182.51687140798538
ElasticNetCV,heifer,carcass weight,14,MSE,5,Test,466.21962321433665
ElasticNetCV,cow,price,14,MAE,1,Train,80.93980826631994
ElasticNetCV,cow,price,14,MAE,2,Train,75.30187150055337
ElasticNetCV,cow,price,14,MAE,3,Train,87.0038953671746
ElasticNetCV,cow,price,14,MAE,4,Train,79.48863592752419
ElasticNetCV,cow,price,14,MAE,5,Train,95.80329961670735
ElasticNetCV,cow,price,14,MAE,1,Test,100.56117248458314
ElasticNetCV,cow,price,14,MAE,2,Test,124.52344975746665
ElasticNetCV,cow,price,14,MAE,3,Test,76.83369275263279
ElasticNetCV,cow,price,14,MAE,4,Test,104.25290186875924
ElasticNetCV,cow,price,14,MAE,5,Test,37.53525475802284
ElasticNetCV,cow,price,14,MSE,1,Train,10207.185189761716
ElasticNetCV,cow,price,14,MSE,2,Train,9728.971417025949
ElasticNetCV,cow,price,14,MSE,3,Train,12660.380476126387
ElasticNetCV,cow,price,14,MSE,4,Train,11162.99076938844
ElasticNetCV,cow,price,14,MSE,5,Train,14181.051825958682
ElasticNetCV,cow,price,14,MSE,1,Test,18634.66214658162
ElasticNetCV,cow,price,14,MSE,2,Test,23853.14839660939
ElasticNetCV,cow,price,14,MSE,3,Test,8345.044099883455
ElasticNetCV,cow,price,14,MSE,4,Test,14658.4084671684
ElasticNetCV,cow,price,14,MSE,5,Test,1958.6808298311225
ElasticNetCV,steer,price,14,MAE,1,Train,106.65325956692864
ElasticNetCV,steer,price,14,MAE,2,Train,103.59587553757358
ElasticNetCV,steer,price,14,MAE,3,Train,106.9315741044771
ElasticNetCV,steer,price,14,MAE,4,Train,103.03514599366231
ElasticNetCV,steer,price,14,MAE,5,Train,101.05351803553435
ElasticNetCV,steer,price,14,MAE,1,Test,89.6058246304023
ElasticNetCV,steer,price,14,MAE,2,Test,115.40832956088728
ElasticNetCV,steer,price,14,MAE,3,Test,90.44130681895449
ElasticNetCV,steer,price,14,MAE,4,Test,116.41583861475785
ElasticNetCV,steer,price,14,MAE,5,Test,111.19498252430581
ElasticNetCV,steer,price,14,MSE,1,Train,17802.70449804402
ElasticNetCV,steer,price,14,MSE,2,Train,16508.30039524036
ElasticNetCV,steer,price,14,MSE,3,Train,17748.550168647358
ElasticNetCV,steer,price,14,MSE,4,Train,16754.24086089577
ElasticNetCV,steer,price,14,MSE,5,Train,16519.18495900402
ElasticNetCV,steer,price,14,MSE,1,Test,12644.487123545083
ElasticNetCV,steer,price,14,MSE,2,Test,21946.678508958394
ElasticNetCV,steer,price,14,MSE,3,Test,13333.789804275224
ElasticNetCV,steer,price,14,MSE,4,Test,20998.209198237335
ElasticNetCV,steer,price,14,MSE,5,Test,17436.449211210675
ElasticNetCV,heifer,price,14,MAE,1,Train,68.62940306574984
ElasticNetCV,heifer,price,14,MAE,2,Train,62.177548720077034
ElasticNetCV,heifer,price,14,MAE,3,Train,60.91818659464741
ElasticNetCV,heifer,price,14,MAE,4,Train,63.338226498120704
ElasticNetCV,heifer,price,14,MAE,5,Train,56.6735194279058
ElasticNetCV,heifer,price,14,MAE,1,Test,40.376815497233316
ElasticNetCV,heifer,price,14,MAE,2,Test,82.02538684989169
ElasticNetCV,heifer,price,14,MAE,3,Test,72.80077830614452
ElasticNetCV,heifer,price,14,MAE,4,Test,58.771540452511154
ElasticNetCV,heifer,price,14,MAE,5,Test,88.74259898041971
ElasticNetCV,heifer,price,14,MSE,1,Train,8704.366270020377
ElasticNetCV,heifer,price,14,MSE,2,Train,7075.486789237228
ElasticNetCV,heifer,price,14,MSE,3,Train,7136.043651736197
ElasticNetCV,heifer,price,14,MSE,4,Train,7498.64571748216
ElasticNetCV,heifer,price,14,MSE,5,Train,5955.861448316959
ElasticNetCV,heifer,price,14,MSE,1,Test,2410.5190710406296
ElasticNetCV,heifer,price,14,MSE,2,Test,11855.373490794087
ElasticNetCV,heifer,price,14,MSE,3,Test,9547.730585521354
ElasticNetCV,heifer,price,14,MSE,4,Test,6299.1395290013
ElasticNetCV,heifer,price,14,MSE,5,Test,14993.784682659172
ElasticNetCV,cow,Total number of defects,14,MAE,1,Train,0.7095024683958444
ElasticNetCV,cow,Total number of defects,14,MAE,2,Train,0.7669288299306937
ElasticNetCV,cow,Total number of defects,14,MAE,3,Train,0.7205449250021232
ElasticNetCV,cow,Total number of defects,14,MAE,4,Train,0.7415715503535187
ElasticNetCV,cow,Total number of defects,14,MAE,5,Train,0.6646842177195276
ElasticNetCV,cow,Total number of defects,14,MAE,1,Test,0.742253806855335
ElasticNetCV,cow,Total number of defects,14,MAE,2,Test,0.8006102444009471
ElasticNetCV,cow,Total number of defects,14,MAE,3,Test,0.7017138352308883
ElasticNetCV,cow,Total number of defects,14,MAE,4,Test,0.5950787469462043
ElasticNetCV,cow,Total number of defects,14,MAE,5,Test,0.8180484636559656
ElasticNetCV,cow,Total number of defects,14,MSE,1,Train,0.8785275205893812
ElasticNetCV,cow,Total number of defects,14,MSE,2,Train,0.8412211948410014
ElasticNetCV,cow,Total number of defects,14,MSE,3,Train,0.8490172016797352
ElasticNetCV,cow,Total number of defects,14,MSE,4,Train,0.9359536147870784
ElasticNetCV,cow,Total number of defects,14,MSE,5,Train,0.7791431566050914
ElasticNetCV,cow,Total number of defects,14,MSE,1,Test,0.7616029680815772
ElasticNetCV,cow,Total number of defects,14,MSE,2,Test,1.3266589452641222
ElasticNetCV,cow,Total number of defects,14,MSE,3,Test,0.8299050368412659
ElasticNetCV,cow,Total number of defects,14,MSE,4,Test,0.48196476954504036
ElasticNetCV,cow,Total number of defects,14,MSE,5,Test,1.1559186155417989
ElasticNetCV,steer,Total number of defects,14,MAE,1,Train,0.357742930595072
ElasticNetCV,steer,Total number of defects,14,MAE,2,Train,0.40236047331123304
ElasticNetCV,steer,Total number of defects,14,MAE,3,Train,0.3987125116841367
ElasticNetCV,steer,Total number of defects,14,MAE,4,Train,0.3551719553351417
ElasticNetCV,steer,Total number of defects,14,MAE,5,Train,0.36652877255621225
ElasticNetCV,steer,Total number of defects,14,MAE,1,Test,0.417555195574563
ElasticNetCV,steer,Total number of defects,14,MAE,2,Test,0.3472526392724611
ElasticNetCV,steer,Total number of defects,14,MAE,3,Test,0.35766112694212004
ElasticNetCV,steer,Total number of defects,14,MAE,4,Test,0.39974642241251157
ElasticNetCV,steer,Total number of defects,14,MAE,5,Test,0.4214228042170335
ElasticNetCV,steer,Total number of defects,14,MSE,1,Train,0.36773819751395564
ElasticNetCV,steer,Total number of defects,14,MSE,2,Train,0.4087386836962214
ElasticNetCV,steer,Total number of defects,14,MSE,3,Train,0.4090201964915749
ElasticNetCV,steer,Total number of defects,14,MSE,4,Train,0.30796306840639176
ElasticNetCV,steer,Total number of defects,14,MSE,5,Train,0.4095035106209721
ElasticNetCV,steer,Total number of defects,14,MSE,1,Test,0.5403694018712888
ElasticNetCV,steer,Total number of defects,14,MSE,2,Test,0.282901940262952
ElasticNetCV,steer,Total number of defects,14,MSE,3,Test,0.2914737391861573
ElasticNetCV,steer,Total number of defects,14,MSE,4,Test,0.6005655237586848
ElasticNetCV,steer,Total number of defects,14,MSE,5,Test,0.39201253916982454
ElasticNetCV,heifer,Total number of defects,14,MAE,1,Train,0.6070836145819025
ElasticNetCV,heifer,Total number of defects,14,MAE,2,Train,0.5032950354770345
ElasticNetCV,heifer,Total number of defects,14,MAE,3,Train,0.5501041750832711
ElasticNetCV,heifer,Total number of defects,14,MAE,4,Train,0.4583636801619001
ElasticNetCV,heifer,Total number of defects,14,MAE,5,Train,0.5318278831496692
ElasticNetCV,heifer,Total number of defects,14,MAE,1,Test,0.38801735603939486
ElasticNetCV,heifer,Total number of defects,14,MAE,2,Test,0.6802071641311787
ElasticNetCV,heifer,Total number of defects,14,MAE,3,Test,0.43695008116663453
ElasticNetCV,heifer,Total number of defects,14,MAE,4,Test,0.7697479533240609
ElasticNetCV,heifer,Total number of defects,14,MAE,5,Test,0.6554444989581346
ElasticNetCV,heifer,Total number of defects,14,MSE,1,Train,0.7002961692422681
ElasticNetCV,heifer,Total number of defects,14,MSE,2,Train,0.504570952147151
ElasticNetCV,heifer,Total number of defects,14,MSE,3,Train,0.667509637406191
ElasticNetCV,heifer,Total number of defects,14,MSE,4,Train,0.41165808754875877
ElasticNetCV,heifer,Total number of defects,14,MSE,5,Train,0.6016854773327749
ElasticNetCV,heifer,Total number of defects,14,MSE,1,Test,0.21880570160364843
ElasticNetCV,heifer,Total number of defects,14,MSE,2,Test,0.9927481506325536
ElasticNetCV,heifer,Total number of defects,14,MSE,3,Test,0.2925541650088432
ElasticNetCV,heifer,Total number of defects,14,MSE,4,Test,1.4289921127353817
ElasticNetCV,heifer,Total number of defects,14,MSE,5,Test,0.6358544876134925
ElasticNetCV,cow,live weight,90,MAE,1,Train,48.07777777777777
ElasticNetCV,cow,live weight,90,MAE,2,Train,41.25186267348429
ElasticNetCV,cow,live weight,90,MAE,3,Train,45.74141709276846
ElasticNetCV,cow,live weight,90,MAE,4,Train,44.82132943754567
ElasticNetCV,cow,live weight,90,MAE,5,Train,53.66515704894085
ElasticNetCV,cow,live weight,90,MAE,1,Test,45.97333333333334
ElasticNetCV,cow,live weight,90,MAE,2,Test,69.23123123123123
ElasticNetCV,cow,live weight,90,MAE,3,Test,50.97177177177175
ElasticNetCV,cow,live weight,90,MAE,4,Test,57.351951951951975
ElasticNetCV,cow,live weight,90,MAE,5,Test,18.804204204204186
ElasticNetCV,cow,live weight,90,MSE,1,Train,3733.3552469135807
ElasticNetCV,cow,live weight,90,MSE,2,Train,2786.9518042366694
ElasticNetCV,cow,live weight,90,MSE,3,Train,3731.6717750182615
ElasticNetCV,cow,live weight,90,MSE,4,Train,3330.7263696128575
ElasticNetCV,cow,live weight,90,MSE,5,Train,4397.859108838569
ElasticNetCV,cow,live weight,90,MSE,1,Test,3518.3310864197542
ElasticNetCV,cow,live weight,90,MSE,2,Test,7216.743871439006
ElasticNetCV,cow,live weight,90,MSE,3,Test,3390.6340508075623
ElasticNetCV,cow,live weight,90,MSE,4,Test,4937.887924681441
ElasticNetCV,cow,live weight,90,MSE,5,Test,449.63908935962894
ElasticNetCV,steer,live weight,90,MAE,1,Train,29.561544488766152
ElasticNetCV,steer,live weight,90,MAE,2,Train,27.00095962786107
ElasticNetCV,steer,live weight,90,MAE,3,Train,29.825950213810145
ElasticNetCV,steer,live weight,90,MAE,4,Train,28.0777388774089
ElasticNetCV,steer,live weight,90,MAE,5,Train,29.906202605997525
ElasticNetCV,steer,live weight,90,MAE,1,Test,27.761298763579806
ElasticNetCV,steer,live weight,90,MAE,2,Test,36.430840040828606
ElasticNetCV,steer,live weight,90,MAE,3,Test,28.568605027720075
ElasticNetCV,steer,live weight,90,MAE,4,Test,32.66677883834848
ElasticNetCV,steer,live weight,90,MAE,5,Test,26.32954967697091
ElasticNetCV,steer,live weight,90,MSE,1,Train,2103.0970557173487
ElasticNetCV,steer,live weight,90,MSE,2,Train,1216.1417756162155
ElasticNetCV,steer,live weight,90,MSE,3,Train,2012.1966862885154
ElasticNetCV,steer,live weight,90,MSE,4,Train,1988.232231859166
ElasticNetCV,steer,live weight,90,MSE,5,Train,2178.096249581575
ElasticNetCV,steer,live weight,90,MSE,1,Test,1182.574569559855
ElasticNetCV,steer,live weight,90,MSE,2,Test,4851.357373865487
ElasticNetCV,steer,live weight,90,MSE,3,Test,1640.2694609517341
ElasticNetCV,steer,live weight,90,MSE,4,Test,1661.321271673422
ElasticNetCV,steer,live weight,90,MSE,5,Test,1039.1034746050982
ElasticNetCV,heifer,live weight,90,MAE,1,Train,20.642022733219914
ElasticNetCV,heifer,live weight,90,MAE,2,Train,17.386475539179354
ElasticNetCV,heifer,live weight,90,MAE,3,Train,19.487651056985623
ElasticNetCV,heifer,live weight,90,MAE,4,Train,18.924584196881245
ElasticNetCV,heifer,live weight,90,MAE,5,Train,18.4107036526905
ElasticNetCV,heifer,live weight,90,MAE,1,Test,11.553287930225798
ElasticNetCV,heifer,live weight,90,MAE,2,Test,22.35474687575426
ElasticNetCV,heifer,live weight,90,MAE,3,Test,19.776090915252684
ElasticNetCV,heifer,live weight,90,MAE,4,Test,20.49439803623472
ElasticNetCV,heifer,live weight,90,MAE,5,Test,26.593826403310402
ElasticNetCV,heifer,live weight,90,MSE,1,Train,776.5175661783794
ElasticNetCV,heifer,live weight,90,MSE,2,Train,557.3967210866291
ElasticNetCV,heifer,live weight,90,MSE,3,Train,683.2574023954783
ElasticNetCV,heifer,live weight,90,MSE,4,Train,677.2514590373769
ElasticNetCV,heifer,live weight,90,MSE,5,Train,599.3912536241965
ElasticNetCV,heifer,live weight,90,MSE,1,Test,202.52186592654297
ElasticNetCV,heifer,live weight,90,MSE,2,Test,943.9122137267209
ElasticNetCV,heifer,live weight,90,MSE,3,Test,749.637789326708
ElasticNetCV,heifer,live weight,90,MSE,4,Test,697.9349077309427
ElasticNetCV,heifer,live weight,90,MSE,5,Test,1241.3021836085297
ElasticNetCV,cow,carcass weight,90,MAE,1,Train,26.475308641975314
ElasticNetCV,cow,carcass weight,90,MAE,2,Train,22.566106647187727
ElasticNetCV,cow,carcass weight,90,MAE,3,Train,24.86121256391526
ElasticNetCV,cow,carcass weight,90,MAE,4,Train,22.3096849581669
ElasticNetCV,cow,carcass weight,90,MAE,5,Train,28.382761139517893
ElasticNetCV,cow,carcass weight,90,MAE,1,Test,25.03333333333335
ElasticNetCV,cow,carcass weight,90,MAE,2,Test,37.049549549549546
ElasticNetCV,cow,carcass weight,90,MAE,3,Test,27.545045045045054
ElasticNetCV,cow,carcass weight,90,MAE,4,Test,29.73315660718022
ElasticNetCV,cow,carcass weight,90,MAE,5,Test,12.48198198198198
ElasticNetCV,cow,carcass weight,90,MSE,1,Train,1076.3001543209875
ElasticNetCV,cow,carcass weight,90,MSE,2,Train,924.6322132943754
ElasticNetCV,cow,carcass weight,90,MSE,3,Train,1152.5628195763331
ElasticNetCV,cow,carcass weight,90,MSE,4,Train,920.2369419259525
ElasticNetCV,cow,carcass weight,90,MSE,5,Train,1334.4970781592401
ElasticNetCV,cow,carcass weight,90,MSE,1,Test,1386.2859567901246
ElasticNetCV,cow,carcass weight,90,MSE,2,Test,1985.0757446635823
ElasticNetCV,cow,carcass weight,90,MSE,3,Test,1037.9529461894333
ElasticNetCV,cow,carcass weight,90,MSE,4,Test,1170.1443348261846
ElasticNetCV,cow,carcass weight,90,MSE,5,Test,244.06673565457348
ElasticNetCV,steer,carcass weight,90,MAE,1,Train,14.825028187772938
ElasticNetCV,steer,carcass weight,90,MAE,2,Train,17.573053417836125
ElasticNetCV,steer,carcass weight,90,MAE,3,Train,15.92771810029663
ElasticNetCV,steer,carcass weight,90,MAE,4,Train,13.882612372813114
ElasticNetCV,steer,carcass weight,90,MAE,5,Train,16.27406717108402
ElasticNetCV,steer,carcass weight,90,MAE,1,Test,12.948398063158328
ElasticNetCV,steer,carcass weight,90,MAE,2,Test,19.56190583974649
ElasticNetCV,steer,carcass weight,90,MAE,3,Test,14.00100992755028
ElasticNetCV,steer,carcass weight,90,MAE,4,Test,17.809635935883833
ElasticNetCV,steer,carcass weight,90,MAE,5,Test,18.491721723962463
ElasticNetCV,steer,carcass weight,90,MSE,1,Train,368.3815256011057
ElasticNetCV,steer,carcass weight,90,MSE,2,Train,474.7773313716614
ElasticNetCV,steer,carcass weight,90,MSE,3,Train,405.57969047255733
ElasticNetCV,steer,carcass weight,90,MSE,4,Train,313.24986520079773
ElasticNetCV,steer,carcass weight,90,MSE,5,Train,439.310689070234
ElasticNetCV,steer,carcass weight,90,MSE,1,Test,284.76902889659
ElasticNetCV,steer,carcass weight,90,MSE,2,Test,630.5278972385696
ElasticNetCV,steer,carcass weight,90,MSE,3,Test,331.8373203521128
ElasticNetCV,steer,carcass weight,90,MSE,4,Test,547.6228028143192
ElasticNetCV,steer,carcass weight,90,MSE,5,Test,480.3757993596638
ElasticNetCV,heifer,carcass weight,90,MAE,1,Train,12.231953604643856
ElasticNetCV,heifer,carcass weight,90,MAE,2,Train,10.63947703095508
ElasticNetCV,heifer,carcass weight,90,MAE,3,Train,10.625302607855005
ElasticNetCV,heifer,carcass weight,90,MAE,4,Train,11.466467823887205
ElasticNetCV,heifer,carcass weight,90,MAE,5,Train,9.871869271072912
ElasticNetCV,heifer,carcass weight,90,MAE,1,Test,7.016739515942462
ElasticNetCV,heifer,carcass weight,90,MAE,2,Test,14.362167863002405
ElasticNetCV,heifer,carcass weight,90,MAE,3,Test,12.778251829748037
ElasticNetCV,heifer,carcass weight,90,MAE,4,Test,9.968109778543859
ElasticNetCV,heifer,carcass weight,90,MAE,5,Test,15.807402205617956
ElasticNetCV,heifer,carcass weight,90,MSE,1,Train,275.8633873100475
ElasticNetCV,heifer,carcass weight,90,MSE,2,Train,210.53792759747316
ElasticNetCV,heifer,carcass weight,90,MSE,3,Train,219.35274634772654
ElasticNetCV,heifer,carcass weight,90,MSE,4,Train,244.7123134610294
ElasticNetCV,heifer,carcass weight,90,MSE,5,Train,183.61682654648772
ElasticNetCV,heifer,carcass weight,90,MSE,1,Test,74.56503314646757
ElasticNetCV,heifer,carcass weight,90,MSE,2,Test,370.4379235137884
ElasticNetCV,heifer,carcass weight,90,MSE,3,Test,305.98639008154305
ElasticNetCV,heifer,carcass weight,90,MSE,4,Test,185.02796216621368
ElasticNetCV,heifer,carcass weight,90,MSE,5,Test,471.41609458635094
ElasticNetCV,cow,price,90,MAE,1,Train,80.961684096387
ElasticNetCV,cow,price,90,MAE,2,Train,75.25133868311639
ElasticNetCV,cow,price,90,MAE,3,Train,87.00667642509742
ElasticNetCV,cow,price,90,MAE,4,Train,79.65714317749845
ElasticNetCV,cow,price,90,MAE,5,Train,95.95367980128044
ElasticNetCV,cow,price,90,MAE,1,Test,100.78334515009479
ElasticNetCV,cow,price,90,MAE,2,Test,124.40519559782228
ElasticNetCV,cow,price,90,MAE,3,Test,76.83652635731457
ElasticNetCV,cow,price,90,MAE,4,Test,104.73713165289196
ElasticNetCV,cow,price,90,MAE,5,Test,37.26117542245048
ElasticNetCV,cow,price,90,MSE,1,Train,10199.775110618715
ElasticNetCV,cow,price,90,MSE,2,Train,9707.706591844624
ElasticNetCV,cow,price,90,MSE,3,Train,12660.348301079726
ElasticNetCV,cow,price,90,MSE,4,Train,11154.630653285263
ElasticNetCV,cow,price,90,MSE,5,Train,14168.276994599868
ElasticNetCV,cow,price,90,MSE,1,Test,18688.09820239046
ElasticNetCV,cow,price,90,MSE,2,Test,23908.127929887916
ElasticNetCV,cow,price,90,MSE,3,Test,8344.183144840898
ElasticNetCV,cow,price,90,MSE,4,Test,14662.953532006313
ElasticNetCV,cow,price,90,MSE,5,Test,1946.830876581379
ElasticNetCV,steer,price,90,MAE,1,Train,87.48168016756085
ElasticNetCV,steer,price,90,MAE,2,Train,103.59587553757358
ElasticNetCV,steer,price,90,MAE,3,Train,96.22830610188713
ElasticNetCV,steer,price,90,MAE,4,Train,81.87293696276572
ElasticNetCV,steer,price,90,MAE,5,Train,96.01699630939572
ElasticNetCV,steer,price,90,MAE,1,Test,76.51344754035081
ElasticNetCV,steer,price,90,MAE,2,Test,115.40832956088728
ElasticNetCV,steer,price,90,MAE,3,Test,84.89797358186753
ElasticNetCV,steer,price,90,MAE,4,Test,105.05220270067989
ElasticNetCV,steer,price,90,MAE,5,Test,108.77615817137855
ElasticNetCV,steer,price,90,MSE,1,Train,12823.385087009827
ElasticNetCV,steer,price,90,MSE,2,Train,16508.30039524036
ElasticNetCV,steer,price,90,MSE,3,Train,14739.641998140582
ElasticNetCV,steer,price,90,MSE,4,Train,10905.515429954032
ElasticNetCV,steer,price,90,MSE,5,Train,15292.405086534844
ElasticNetCV,steer,price,90,MSE,1,Test,9913.702672993295
ElasticNetCV,steer,price,90,MSE,2,Test,21946.678508958394
ElasticNetCV,steer,price,90,MSE,3,Test,11935.403079108395
ElasticNetCV,steer,price,90,MSE,4,Test,19045.05491665099
ElasticNetCV,steer,price,90,MSE,5,Test,16665.452237072048
ElasticNetCV,heifer,price,90,MAE,1,Train,68.5418549617808
ElasticNetCV,heifer,price,90,MAE,2,Train,60.854666395255904
ElasticNetCV,heifer,price,90,MAE,3,Train,60.316372569360226
ElasticNetCV,heifer,price,90,MAE,4,Train,64.39195119692342
ElasticNetCV,heifer,price,90,MAE,5,Train,57.24665036022532
ElasticNetCV,heifer,price,90,MAE,1,Test,40.08586743390259
ElasticNetCV,heifer,price,90,MAE,2,Test,81.34295204088441
ElasticNetCV,heifer,price,90,MAE,3,Test,72.91621008374395
ElasticNetCV,heifer,price,90,MAE,4,Test,58.612343102130744
ElasticNetCV,heifer,price,90,MAE,5,Test,88.26909738002173
ElasticNetCV,heifer,price,90,MSE,1,Train,8692.901976640034
ElasticNetCV,heifer,price,90,MSE,2,Train,6823.0712832392865
ElasticNetCV,heifer,price,90,MSE,3,Train,7055.515702342435
ElasticNetCV,heifer,price,90,MSE,4,Train,7731.498725981035
ElasticNetCV,heifer,price,90,MSE,5,Train,6054.003494935897
ElasticNetCV,heifer,price,90,MSE,1,Test,2380.5742984063295
ElasticNetCV,heifer,price,90,MSE,2,Test,11868.423500580097
ElasticNetCV,heifer,price,90,MSE,3,Test,9747.466268148799
ElasticNetCV,heifer,price,90,MSE,4,Test,6355.078553980195
ElasticNetCV,heifer,price,90,MSE,5,Test,14837.67414712275
ElasticNetCV,cow,Total number of defects,90,MAE,1,Train,0.7094992703387939
ElasticNetCV,cow,Total number of defects,90,MAE,2,Train,0.7644459735266113
ElasticNetCV,cow,Total number of defects,90,MAE,3,Train,0.720562247142503
ElasticNetCV,cow,Total number of defects,90,MAE,4,Train,0.7417925553121465
ElasticNetCV,cow,Total number of defects,90,MAE,5,Train,0.6646712958520123
ElasticNetCV,cow,Total number of defects,90,MAE,1,Test,0.7422443291552665
ElasticNetCV,cow,Total number of defects,90,MAE,2,Test,0.7968099904692044
ElasticNetCV,cow,Total number of defects,90,MAE,3,Test,0.7019577614378566
ElasticNetCV,cow,Total number of defects,90,MAE,4,Test,0.5957557220569334
ElasticNetCV,cow,Total number of defects,90,MAE,5,Test,0.8180574571386512
ElasticNetCV,cow,Total number of defects,90,MSE,1,Train,0.8785275027435395
ElasticNetCV,cow,Total number of defects,90,MSE,2,Train,0.8380153683648551
ElasticNetCV,cow,Total number of defects,90,MSE,3,Train,0.8490437807074483
ElasticNetCV,cow,Total number of defects,90,MSE,4,Train,0.935996348540505
ElasticNetCV,cow,Total number of defects,90,MSE,5,Train,0.7791431078027157
ElasticNetCV,cow,Total number of defects,90,MSE,1,Test,0.7615892280338268
ElasticNetCV,cow,Total number of defects,90,MSE,2,Test,1.3224764292451034
ElasticNetCV,cow,Total number of defects,90,MSE,3,Test,0.8298798669800261
ElasticNetCV,cow,Total number of defects,90,MSE,4,Test,0.48224574223059435
ElasticNetCV,cow,Total number of defects,90,MSE,5,Test,1.155956085480081
ElasticNetCV,steer,Total number of defects,90,MAE,1,Train,0.4521338846000811
ElasticNetCV,steer,Total number of defects,90,MAE,2,Train,0.43717966956901655
ElasticNetCV,steer,Total number of defects,90,MAE,3,Train,0.5119555995054497
ElasticNetCV,steer,Total number of defects,90,MAE,4,Train,0.4120200291400052
ElasticNetCV,steer,Total number of defects,90,MAE,5,Train,0.43913884805557274
ElasticNetCV,steer,Total number of defects,90,MAE,1,Test,0.5197897161401444
ElasticNetCV,steer,Total number of defects,90,MAE,2,Test,0.4043886826128627
ElasticNetCV,steer,Total number of defects,90,MAE,3,Test,0.4429495599999531
ElasticNetCV,steer,Total number of defects,90,MAE,4,Test,0.47246453979911146
ElasticNetCV,steer,Total number of defects,90,MAE,5,Test,0.49102813785911087
ElasticNetCV,steer,Total number of defects,90,MSE,1,Train,0.4864197062095283
ElasticNetCV,steer,Total number of defects,90,MSE,2,Train,0.47614292524541363
ElasticNetCV,steer,Total number of defects,90,MSE,3,Train,0.5912152484112416
ElasticNetCV,steer,Total number of defects,90,MSE,4,Train,0.3956832097197024
ElasticNetCV,steer,Total number of defects,90,MSE,5,Train,0.5067835120154068
ElasticNetCV,steer,Total number of defects,90,MSE,1,Test,0.7168638965752454
ElasticNetCV,steer,Total number of defects,90,MSE,2,Test,0.31874878197275724
ElasticNetCV,steer,Total number of defects,90,MSE,3,Test,0.337203954487794
ElasticNetCV,steer,Total number of defects,90,MSE,4,Test,0.7386578382959765
ElasticNetCV,steer,Total number of defects,90,MSE,5,Test,0.4746168348895093
ElasticNetCV,heifer,Total number of defects,90,MAE,1,Train,0.608209122506128
ElasticNetCV,heifer,Total number of defects,90,MAE,2,Train,0.5030505312566056
ElasticNetCV,heifer,Total number of defects,90,MAE,3,Train,0.5502531432144682
ElasticNetCV,heifer,Total number of defects,90,MAE,4,Train,0.45778062326142177
ElasticNetCV,heifer,Total number of defects,90,MAE,5,Train,0.5283001293491872
ElasticNetCV,heifer,Total number of defects,90,MAE,1,Test,0.3900446081319787
ElasticNetCV,heifer,Total number of defects,90,MAE,2,Test,0.6818241776569444
ElasticNetCV,heifer,Total number of defects,90,MAE,3,Test,0.43748136855459024
ElasticNetCV,heifer,Total number of defects,90,MAE,4,Test,0.7718202619353222
ElasticNetCV,heifer,Total number of defects,90,MAE,5,Test,0.6619254865441352
ElasticNetCV,heifer,Total number of defects,90,MSE,1,Train,0.700922329392199
ElasticNetCV,heifer,Total number of defects,90,MSE,2,Train,0.5044265677768203
ElasticNetCV,heifer,Total number of defects,90,MSE,3,Train,0.667497332270509
ElasticNetCV,heifer,Total number of defects,90,MSE,4,Train,0.41083302775979436
ElasticNetCV,heifer,Total number of defects,90,MSE,5,Train,0.6010270407098636
ElasticNetCV,heifer,Total number of defects,90,MSE,1,Test,0.21872133889359913
ElasticNetCV,heifer,Total number of defects,90,MSE,2,Test,0.9956500131859228
ElasticNetCV,heifer,Total number of defects,90,MSE,3,Test,0.29305255997212637
ElasticNetCV,heifer,Total number of defects,90,MSE,4,Test,1.4398930398877496
ElasticNetCV,heifer,Total number of defects,90,MSE,5,Test,0.6500594271121399
ElasticNetCV,cow,live weight,180,MAE,1,Train,48.07777777777777
ElasticNetCV,cow,live weight,180,MAE,2,Train,41.25186267348429
ElasticNetCV,cow,live weight,180,MAE,3,Train,45.74141709276846
ElasticNetCV,cow,live weight,180,MAE,4,Train,44.82132943754567
ElasticNetCV,cow,live weight,180,MAE,5,Train,53.66515704894085
ElasticNetCV,cow,live weight,180,MAE,1,Test,45.97333333333334
ElasticNetCV,cow,live weight,180,MAE,2,Test,69.23123123123123
ElasticNetCV,cow,live weight,180,MAE,3,Test,50.97177177177175
ElasticNetCV,cow,live weight,180,MAE,4,Test,57.351951951951975
ElasticNetCV,cow,live weight,180,MAE,5,Test,18.804204204204186
ElasticNetCV,cow,live weight,180,MSE,1,Train,3733.3552469135807
ElasticNetCV,cow,live weight,180,MSE,2,Train,2786.9518042366694
ElasticNetCV,cow,live weight,180,MSE,3,Train,3731.6717750182615
ElasticNetCV,cow,live weight,180,MSE,4,Train,3330.7263696128575
ElasticNetCV,cow,live weight,180,MSE,5,Train,4397.859108838569
ElasticNetCV,cow,live weight,180,MSE,1,Test,3518.3310864197542
ElasticNetCV,cow,live weight,180,MSE,2,Test,7216.743871439006
ElasticNetCV,cow,live weight,180,MSE,3,Test,3390.6340508075623
ElasticNetCV,cow,live weight,180,MSE,4,Test,4937.887924681441
ElasticNetCV,cow,live weight,180,MSE,5,Test,449.63908935962894
ElasticNetCV,steer,live weight,180,MAE,1,Train,29.489078826569322
ElasticNetCV,steer,live weight,180,MAE,2,Train,27.110865268606968
ElasticNetCV,steer,live weight,180,MAE,3,Train,29.821276403121985
ElasticNetCV,steer,live weight,180,MAE,4,Train,27.97447342422539
ElasticNetCV,steer,live weight,180,MAE,5,Train,29.88000633421535
ElasticNetCV,steer,live weight,180,MAE,1,Test,27.974725517267018
ElasticNetCV,steer,live weight,180,MAE,2,Test,36.42954681906902
ElasticNetCV,steer,live weight,180,MAE,3,Test,28.586558903828248
ElasticNetCV,steer,live weight,180,MAE,4,Test,32.72072606897999
ElasticNetCV,steer,live weight,180,MAE,5,Test,26.406078325052288
ElasticNetCV,steer,live weight,180,MSE,1,Train,2095.3646319410973
ElasticNetCV,steer,live weight,180,MSE,2,Train,1225.075468564874
ElasticNetCV,steer,live weight,180,MSE,3,Train,2005.3492393295132
ElasticNetCV,steer,live weight,180,MSE,4,Train,1973.734185358823
ElasticNetCV,steer,live weight,180,MSE,5,Train,2178.7510202892518
ElasticNetCV,steer,live weight,180,MSE,1,Test,1195.2997320763552
ElasticNetCV,steer,live weight,180,MSE,2,Test,4861.8525103591355
ElasticNetCV,steer,live weight,180,MSE,3,Test,1644.5641684178934
ElasticNetCV,steer,live weight,180,MSE,4,Test,1668.8173009721536
ElasticNetCV,steer,live weight,180,MSE,5,Test,1038.83511095516
ElasticNetCV,heifer,live weight,180,MAE,1,Train,23.73816612261647
ElasticNetCV,heifer,live weight,180,MAE,2,Train,21.019137521072366
ElasticNetCV,heifer,live weight,180,MAE,3,Train,20.663635277311947
ElasticNetCV,heifer,live weight,180,MAE,4,Train,18.924584196881245
ElasticNetCV,heifer,live weight,180,MAE,5,Train,19.563730748281042
ElasticNetCV,heifer,live weight,180,MAE,1,Test,16.896636835976285
ElasticNetCV,heifer,live weight,180,MAE,2,Test,21.51223675363447
ElasticNetCV,heifer,live weight,180,MAE,3,Test,22.292573461181064
ElasticNetCV,heifer,live weight,180,MAE,4,Test,20.49439803623472
ElasticNetCV,heifer,live weight,180,MAE,5,Test,26.880140443175396
ElasticNetCV,heifer,live weight,180,MSE,1,Train,964.088681565852
ElasticNetCV,heifer,live weight,180,MSE,2,Train,775.0980198281693
ElasticNetCV,heifer,live weight,180,MSE,3,Train,745.0041889451984
ElasticNetCV,heifer,live weight,180,MSE,4,Train,677.2514590373769
ElasticNetCV,heifer,live weight,180,MSE,5,Train,654.7148902476436
ElasticNetCV,heifer,live weight,180,MSE,1,Test,413.801507179687
ElasticNetCV,heifer,live weight,180,MSE,2,Test,779.5219741238193
ElasticNetCV,heifer,live weight,180,MSE,3,Test,864.7870062331955
ElasticNetCV,heifer,live weight,180,MSE,4,Test,697.9349077309427
ElasticNetCV,heifer,live weight,180,MSE,5,Test,1258.576626881009
ElasticNetCV,cow,carcass weight,180,MAE,1,Train,26.475308641975314
ElasticNetCV,cow,carcass weight,180,MAE,2,Train,22.566106647187727
ElasticNetCV,cow,carcass weight,180,MAE,3,Train,24.86121256391526
ElasticNetCV,cow,carcass weight,180,MAE,4,Train,22.322906392981977
ElasticNetCV,cow,carcass weight,180,MAE,5,Train,28.382761139517893
ElasticNetCV,cow,carcass weight,180,MAE,1,Test,25.03333333333335
ElasticNetCV,cow,carcass weight,180,MAE,2,Test,37.049549549549546
ElasticNetCV,cow,carcass weight,180,MAE,3,Test,27.545045045045054
ElasticNetCV,cow,carcass weight,180,MAE,4,Test,29.727012071733427
ElasticNetCV,cow,carcass weight,180,MAE,5,Test,12.48198198198198
ElasticNetCV,cow,carcass weight,180,MSE,1,Train,1076.3001543209875
ElasticNetCV,cow,carcass weight,180,MSE,2,Train,924.6322132943754
ElasticNetCV,cow,carcass weight,180,MSE,3,Train,1152.5628195763331
ElasticNetCV,cow,carcass weight,180,MSE,4,Train,921.0016184847948
ElasticNetCV,cow,carcass weight,180,MSE,5,Train,1334.4970781592401
ElasticNetCV,cow,carcass weight,180,MSE,1,Test,1386.2859567901246
ElasticNetCV,cow,carcass weight,180,MSE,2,Test,1985.0757446635823
ElasticNetCV,cow,carcass weight,180,MSE,3,Test,1037.9529461894333
ElasticNetCV,cow,carcass weight,180,MSE,4,Test,1170.7817276677952
ElasticNetCV,cow,carcass weight,180,MSE,5,Test,244.06673565457348
ElasticNetCV,steer,carcass weight,180,MAE,1,Train,14.821292157314982
ElasticNetCV,steer,carcass weight,180,MAE,2,Train,14.940406763034765
ElasticNetCV,steer,carcass weight,180,MAE,3,Train,16.090328181219054
ElasticNetCV,steer,carcass weight,180,MAE,4,Train,15.157242261468749
ElasticNetCV,steer,carcass weight,180,MAE,5,Train,14.267342777585053
ElasticNetCV,steer,carcass weight,180,MAE,1,Test,12.95780266006395
ElasticNetCV,steer,carcass weight,180,MAE,2,Test,16.814411588288273
ElasticNetCV,steer,carcass weight,180,MAE,3,Test,14.156855830966995
ElasticNetCV,steer,carcass weight,180,MAE,4,Test,18.13489325390329
ElasticNetCV,steer,carcass weight,180,MAE,5,Test,15.833786827222584
ElasticNetCV,steer,carcass weight,180,MSE,1,Train,368.3671109718059
ElasticNetCV,steer,carcass weight,180,MSE,2,Train,365.4556786670488
ElasticNetCV,steer,carcass weight,180,MSE,3,Train,415.76611773852835
ElasticNetCV,steer,carcass weight,180,MSE,4,Train,368.27580143535886
ElasticNetCV,steer,carcass weight,180,MSE,5,Train,349.246309093547
ElasticNetCV,steer,carcass weight,180,MSE,1,Test,284.7904898767854
ElasticNetCV,steer,carcass weight,180,MSE,2,Test,471.63084833795887
ElasticNetCV,steer,carcass weight,180,MSE,3,Test,334.1986654117308
ElasticNetCV,steer,carcass weight,180,MSE,4,Test,543.453987700735
ElasticNetCV,steer,carcass weight,180,MSE,5,Test,379.04935986581035
ElasticNetCV,heifer,carcass weight,180,MAE,1,Train,12.332849478168724
ElasticNetCV,heifer,carcass weight,180,MAE,2,Train,10.63947703095508
ElasticNetCV,heifer,carcass weight,180,MAE,3,Train,10.542347025492463
ElasticNetCV,heifer,carcass weight,180,MAE,4,Train,11.506344660783215
ElasticNetCV,heifer,carcass weight,180,MAE,5,Train,9.954208480408186
ElasticNetCV,heifer,carcass weight,180,MAE,1,Test,7.297459536362322
ElasticNetCV,heifer,carcass weight,180,MAE,2,Test,14.362167863002405
ElasticNetCV,heifer,carcass weight,180,MAE,3,Test,12.706906718638427
ElasticNetCV,heifer,carcass weight,180,MAE,4,Test,9.990445815230022
ElasticNetCV,heifer,carcass weight,180,MAE,5,Test,15.795006603975656
ElasticNetCV,heifer,carcass weight,180,MSE,1,Train,280.136389541273
ElasticNetCV,heifer,carcass weight,180,MSE,2,Train,210.53792759747316
ElasticNetCV,heifer,carcass weight,180,MSE,3,Train,212.7651235368097
ElasticNetCV,heifer,carcass weight,180,MSE,4,Train,245.84838905324992
ElasticNetCV,heifer,carcass weight,180,MSE,5,Train,185.5688267016772
ElasticNetCV,heifer,carcass weight,180,MSE,1,Test,79.41382663049949
ElasticNetCV,heifer,carcass weight,180,MSE,2,Test,370.4379235137884
ElasticNetCV,heifer,carcass weight,180,MSE,3,Test,304.84842370861725
ElasticNetCV,heifer,carcass weight,180,MSE,4,Test,190.10820211286514
ElasticNetCV,heifer,carcass weight,180,MSE,5,Test,471.09396023518565
ElasticNetCV,cow,price,180,MAE,1,Train,80.9652546081157
ElasticNetCV,cow,price,180,MAE,2,Train,75.19125493337262
ElasticNetCV,cow,price,180,MAE,3,Train,87.01381988702755
ElasticNetCV,cow,price,180,MAE,4,Train,79.63032954620272
ElasticNetCV,cow,price,180,MAE,5,Train,95.95649427606016
ElasticNetCV,cow,price,180,MAE,1,Test,100.81739077879847
ElasticNetCV,cow,price,180,MAE,2,Test,124.25159008567061
ElasticNetCV,cow,price,180,MAE,3,Test,76.86331041718182
ElasticNetCV,cow,price,180,MAE,4,Test,104.69217023519064
ElasticNetCV,cow,price,180,MAE,5,Test,37.25518083657227
ElasticNetCV,cow,price,180,MSE,1,Train,10198.69983084122
ElasticNetCV,cow,price,180,MSE,2,Train,9689.9593061609
ElasticNetCV,cow,price,180,MSE,3,Train,12660.11311848851
ElasticNetCV,cow,price,180,MSE,4,Train,11155.188233128836
ElasticNetCV,cow,price,180,MSE,5,Train,14168.023122338996
ElasticNetCV,cow,price,180,MSE,1,Test,18696.47833852828
ElasticNetCV,cow,price,180,MSE,2,Test,23829.04365774125
ElasticNetCV,cow,price,180,MSE,3,Test,8334.716593026367
ElasticNetCV,cow,price,180,MSE,4,Test,14666.99944797426
ElasticNetCV,cow,price,180,MSE,5,Test,1946.66661804455
ElasticNetCV,steer,price,180,MAE,1,Train,87.48843816566695
ElasticNetCV,steer,price,180,MAE,2,Train,90.92236118788652
ElasticNetCV,steer,price,180,MAE,3,Train,94.21483705636109
ElasticNetCV,steer,price,180,MAE,4,Train,91.28457473820306
ElasticNetCV,steer,price,180,MAE,5,Train,84.17732238775184
ElasticNetCV,steer,price,180,MAE,1,Test,76.49071650958687
ElasticNetCV,steer,price,180,MAE,2,Test,101.55334029774077
ElasticNetCV,steer,price,180,MAE,3,Test,83.03032365901983
ElasticNetCV,steer,price,180,MAE,4,Test,108.65255959079322
ElasticNetCV,steer,price,180,MAE,5,Test,93.48660099346736
ElasticNetCV,steer,price,180,MSE,1,Train,12823.445939474967
ElasticNetCV,steer,price,180,MSE,2,Train,13291.826666345483
ElasticNetCV,steer,price,180,MSE,3,Train,14286.858863243355
ElasticNetCV,steer,price,180,MSE,4,Train,13317.043432106695
ElasticNetCV,steer,price,180,MSE,5,Train,12157.264019546372
ElasticNetCV,steer,price,180,MSE,1,Test,9913.003496882842
ElasticNetCV,steer,price,180,MSE,2,Test,17163.161387676275
ElasticNetCV,steer,price,180,MSE,3,Test,11564.17487006185
ElasticNetCV,steer,price,180,MSE,4,Test,19220.751685692558
ElasticNetCV,steer,price,180,MSE,5,Test,13196.762970606549
ElasticNetCV,heifer,price,180,MAE,1,Train,69.6849538038433
ElasticNetCV,heifer,price,180,MAE,2,Train,60.854666395255904
ElasticNetCV,heifer,price,180,MAE,3,Train,60.28560333790478
ElasticNetCV,heifer,price,180,MAE,4,Train,64.98642330024633
ElasticNetCV,heifer,price,180,MAE,5,Train,58.27890284311228
ElasticNetCV,heifer,price,180,MAE,1,Test,42.65374223161925
ElasticNetCV,heifer,price,180,MAE,2,Test,81.34295204088441
ElasticNetCV,heifer,price,180,MAE,3,Test,72.94818992349182
ElasticNetCV,heifer,price,180,MAE,4,Test,58.18476405200817
ElasticNetCV,heifer,price,180,MAE,5,Test,88.17324886741733
ElasticNetCV,heifer,price,180,MSE,1,Train,8930.231377575305
ElasticNetCV,heifer,price,180,MSE,2,Train,6823.0712832392865
ElasticNetCV,heifer,price,180,MSE,3,Train,7050.727438731083
ElasticNetCV,heifer,price,180,MSE,4,Train,7823.252096674702
ElasticNetCV,heifer,price,180,MSE,5,Train,6221.577354171178
ElasticNetCV,heifer,price,180,MSE,1,Test,2640.0326358903153
ElasticNetCV,heifer,price,180,MSE,2,Test,11868.423500580097
ElasticNetCV,heifer,price,180,MSE,3,Test,9820.232012592382
ElasticNetCV,heifer,price,180,MSE,4,Test,6361.067744486169
ElasticNetCV,heifer,price,180,MSE,5,Test,14871.789428800403
ElasticNetCV,cow,Total number of defects,180,MAE,1,Train,0.7094991927967821
ElasticNetCV,cow,Total number of defects,180,MAE,2,Train,0.7642581435739696
ElasticNetCV,cow,Total number of defects,180,MAE,3,Train,0.7209619185369279
ElasticNetCV,cow,Total number of defects,180,MAE,4,Train,0.7420770697096152
ElasticNetCV,cow,Total number of defects,180,MAE,5,Train,0.6646707191966076
ElasticNetCV,cow,Total number of defects,180,MAE,1,Test,0.7422440793849441
ElasticNetCV,cow,Total number of defects,180,MAE,2,Test,0.7970124500460455
ElasticNetCV,cow,Total number of defects,180,MAE,3,Test,0.7029854377804513
ElasticNetCV,cow,Total number of defects,180,MAE,4,Test,0.5964637880120925
ElasticNetCV,cow,Total number of defects,180,MAE,5,Test,0.8180578640101136
ElasticNetCV,cow,Total number of defects,180,MSE,1,Train,0.8785275022854845
ElasticNetCV,cow,Total number of defects,180,MSE,2,Train,0.8375093053995528
ElasticNetCV,cow,Total number of defects,180,MSE,3,Train,0.8491096236360054
ElasticNetCV,cow,Total number of defects,180,MSE,4,Train,0.9360382591635973
ElasticNetCV,cow,Total number of defects,180,MSE,5,Train,0.7791431056797021
ElasticNetCV,cow,Total number of defects,180,MSE,1,Test,0.7615888546882115
ElasticNetCV,cow,Total number of defects,180,MSE,2,Test,1.321813234951675
ElasticNetCV,cow,Total number of defects,180,MSE,3,Test,0.830129402042948
ElasticNetCV,cow,Total number of defects,180,MSE,4,Test,0.48247692044547263
ElasticNetCV,cow,Total number of defects,180,MSE,5,Test,1.1559577848607132
ElasticNetCV,steer,Total number of defects,180,MAE,1,Train,0.4521338846000811
ElasticNetCV,steer,Total number of defects,180,MAE,2,Train,0.38983028468888536
ElasticNetCV,steer,Total number of defects,180,MAE,3,Train,0.5119555995054497
ElasticNetCV,steer,Total number of defects,180,MAE,4,Train,0.43049703957041535
ElasticNetCV,steer,Total number of defects,180,MAE,5,Train,0.45117503696558614
ElasticNetCV,steer,Total number of defects,180,MAE,1,Test,0.5197897161401444
ElasticNetCV,steer,Total number of defects,180,MAE,2,Test,0.3294068660340528
ElasticNetCV,steer,Total number of defects,180,MAE,3,Test,0.4429495599999531
ElasticNetCV,steer,Total number of defects,180,MAE,4,Test,0.48862855248160536
ElasticNetCV,steer,Total number of defects,180,MAE,5,Test,0.5017783598298378
ElasticNetCV,steer,Total number of defects,180,MSE,1,Train,0.4864197062095283
ElasticNetCV,steer,Total number of defects,180,MSE,2,Train,0.38343727304728004
ElasticNetCV,steer,Total number of defects,180,MSE,3,Train,0.5912152484112416
ElasticNetCV,steer,Total number of defects,180,MSE,4,Train,0.41556277679231146
ElasticNetCV,steer,Total number of defects,180,MSE,5,Train,0.5222174883318366
ElasticNetCV,steer,Total number of defects,180,MSE,1,Test,0.7168638965752454
ElasticNetCV,steer,Total number of defects,180,MSE,2,Test,0.27238457236414276
ElasticNetCV,steer,Total number of defects,180,MSE,3,Test,0.337203954487794
ElasticNetCV,steer,Total number of defects,180,MSE,4,Test,0.7710412998223041
ElasticNetCV,steer,Total number of defects,180,MSE,5,Test,0.48863921251675785
ElasticNetCV,heifer,Total number of defects,180,MAE,1,Train,0.5891896704846985
ElasticNetCV,heifer,Total number of defects,180,MAE,2,Train,0.5028418223122425
ElasticNetCV,heifer,Total number of defects,180,MAE,3,Train,0.550246457041571
ElasticNetCV,heifer,Total number of defects,180,MAE,4,Train,0.5242074478661648
ElasticNetCV,heifer,Total number of defects,180,MAE,5,Train,0.5289356847427316
ElasticNetCV,heifer,Total number of defects,180,MAE,1,Test,0.38974334028210394
ElasticNetCV,heifer,Total number of defects,180,MAE,2,Test,0.6803561461435595
ElasticNetCV,heifer,Total number of defects,180,MAE,3,Test,0.43745928629334113
ElasticNetCV,heifer,Total number of defects,180,MAE,4,Test,0.8265061013277238
ElasticNetCV,heifer,Total number of defects,180,MAE,5,Test,0.6619954061720448
ElasticNetCV,heifer,Total number of defects,180,MSE,1,Train,0.6869392965080218
ElasticNetCV,heifer,Total number of defects,180,MSE,2,Train,0.504957605759851
ElasticNetCV,heifer,Total number of defects,180,MSE,3,Train,0.6674973774155949
ElasticNetCV,heifer,Total number of defects,180,MSE,4,Train,0.44296467058646727
ElasticNetCV,heifer,Total number of defects,180,MSE,5,Train,0.6011521197783736
ElasticNetCV,heifer,Total number of defects,180,MSE,1,Test,0.2288710591981225
ElasticNetCV,heifer,Total number of defects,180,MSE,2,Test,0.9934842231568349
ElasticNetCV,heifer,Total number of defects,180,MSE,3,Test,0.29303352842311786
ElasticNetCV,heifer,Total number of defects,180,MSE,4,Test,1.5004747774861313
ElasticNetCV,heifer,Total number of defects,180,MSE,5,Test,0.6482565518653569
ElasticNetCV,cow,live weight,720,MAE,1,Train,48.07777777777777
ElasticNetCV,cow,live weight,720,MAE,2,Train,41.25186267348429
ElasticNetCV,cow,live weight,720,MAE,3,Train,45.74141709276846
ElasticNetCV,cow,live weight,720,MAE,4,Train,44.82132943754567
ElasticNetCV,cow,live weight,720,MAE,5,Train,53.66515704894085
ElasticNetCV,cow,live weight,720,MAE,1,Test,45.97333333333334
ElasticNetCV,cow,live weight,720,MAE,2,Test,69.23123123123123
ElasticNetCV,cow,live weight,720,MAE,3,Test,50.97177177177175
ElasticNetCV,cow,live weight,720,MAE,4,Test,57.351951951951975
ElasticNetCV,cow,live weight,720,MAE,5,Test,18.804204204204186
ElasticNetCV,cow,live weight,720,MSE,1,Train,3733.3552469135807
ElasticNetCV,cow,live weight,720,MSE,2,Train,2786.9518042366694
ElasticNetCV,cow,live weight,720,MSE,3,Train,3731.6717750182615
ElasticNetCV,cow,live weight,720,MSE,4,Train,3330.7263696128575
ElasticNetCV,cow,live weight,720,MSE,5,Train,4397.859108838569
ElasticNetCV,cow,live weight,720,MSE,1,Test,3518.3310864197542
ElasticNetCV,cow,live weight,720,MSE,2,Test,7216.743871439006
ElasticNetCV,cow,live weight,720,MSE,3,Test,3390.6340508075623
ElasticNetCV,cow,live weight,720,MSE,4,Test,4937.887924681441
ElasticNetCV,cow,live weight,720,MSE,5,Test,449.63908935962894
ElasticNetCV,steer,live weight,720,MAE,1,Train,27.714328694762514
ElasticNetCV,steer,live weight,720,MAE,2,Train,29.496808486019873
ElasticNetCV,steer,live weight,720,MAE,3,Train,28.995118432952335
ElasticNetCV,steer,live weight,720,MAE,4,Train,28.58656599423094
ElasticNetCV,steer,live weight,720,MAE,5,Train,29.111198659162838
ElasticNetCV,steer,live weight,720,MAE,1,Test,34.11149299919725
ElasticNetCV,steer,live weight,720,MAE,2,Test,27.22465144856953
ElasticNetCV,steer,live weight,720,MAE,3,Test,28.02549709862299
ElasticNetCV,steer,live weight,720,MAE,4,Test,31.39407585843482
ElasticNetCV,steer,live weight,720,MAE,5,Test,29.831538292984938
ElasticNetCV,steer,live weight,720,MSE,1,Train,1170.0295425605573
ElasticNetCV,steer,live weight,720,MSE,2,Train,2143.1007719386175
ElasticNetCV,steer,live weight,720,MSE,3,Train,2117.332447946951
ElasticNetCV,steer,live weight,720,MSE,4,Train,2063.023899336536
ElasticNetCV,steer,live weight,720,MSE,5,Train,2095.1964780124863
ElasticNetCV,steer,live weight,720,MSE,1,Test,5174.303002722719
ElasticNetCV,steer,live weight,720,MSE,2,Test,1130.9052682845806
ElasticNetCV,steer,live weight,720,MSE,3,Test,1239.1727493415056
ElasticNetCV,steer,live weight,720,MSE,4,Test,1416.3310046768013
ElasticNetCV,steer,live weight,720,MSE,5,Test,1422.2035791252526
ElasticNetCV,heifer,live weight,720,MAE,1,Train,20.163281250000004
ElasticNetCV,heifer,live weight,720,MAE,2,Train,26.586532473199902
ElasticNetCV,heifer,live weight,720,MAE,3,Train,22.838281249999987
ElasticNetCV,heifer,live weight,720,MAE,4,Train,20.88828124999999
ElasticNetCV,heifer,live weight,720,MAE,5,Train,26.056249999999995
ElasticNetCV,heifer,live weight,720,MAE,1,Test,44.931250000000006
ElasticNetCV,heifer,live weight,720,MAE,2,Test,10.97965249180605
ElasticNetCV,heifer,live weight,720,MAE,3,Test,27.803124999999966
ElasticNetCV,heifer,live weight,720,MAE,4,Test,42.63125000000002
ElasticNetCV,heifer,live weight,720,MAE,5,Test,13.396875000000009
ElasticNetCV,heifer,live weight,720,MSE,1,Train,678.5799609374998
ElasticNetCV,heifer,live weight,720,MSE,2,Train,1199.2712521636822
ElasticNetCV,heifer,live weight,720,MSE,3,Train,1095.0099609374993
ElasticNetCV,heifer,live weight,720,MSE,4,Train,800.8737109374993
ElasticNetCV,heifer,live weight,720,MSE,5,Train,1263.1487109374991
ElasticNetCV,heifer,live weight,720,MSE,1,Test,2989.234101562499
ElasticNetCV,heifer,live weight,720,MSE,2,Test,147.23827654316693
ElasticNetCV,heifer,live weight,720,MSE,3,Test,956.9128515624984
ElasticNetCV,heifer,live weight,720,MSE,4,Test,2459.780351562502
ElasticNetCV,heifer,live weight,720,MSE,5,Test,249.46535156250013
ElasticNetCV,cow,carcass weight,720,MAE,1,Train,26.475308641975314
ElasticNetCV,cow,carcass weight,720,MAE,2,Train,22.566106647187727
ElasticNetCV,cow,carcass weight,720,MAE,3,Train,24.86121256391526
ElasticNetCV,cow,carcass weight,720,MAE,4,Train,22.32069072159641
ElasticNetCV,cow,carcass weight,720,MAE,5,Train,28.382761139517893
ElasticNetCV,cow,carcass weight,720,MAE,1,Test,25.03333333333335
ElasticNetCV,cow,carcass weight,720,MAE,2,Test,37.049549549549546
ElasticNetCV,cow,carcass weight,720,MAE,3,Test,27.545045045045054
ElasticNetCV,cow,carcass weight,720,MAE,4,Test,29.743878393973585
ElasticNetCV,cow,carcass weight,720,MAE,5,Test,12.48198198198198
ElasticNetCV,cow,carcass weight,720,MSE,1,Train,1076.3001543209875
ElasticNetCV,cow,carcass weight,720,MSE,2,Train,924.6322132943754
ElasticNetCV,cow,carcass weight,720,MSE,3,Train,1152.5628195763331
ElasticNetCV,cow,carcass weight,720,MSE,4,Train,920.5197945216321
ElasticNetCV,cow,carcass weight,720,MSE,5,Train,1334.4970781592401
ElasticNetCV,cow,carcass weight,720,MSE,1,Test,1386.2859567901246
ElasticNetCV,cow,carcass weight,720,MSE,2,Test,1985.0757446635823
ElasticNetCV,cow,carcass weight,720,MSE,3,Test,1037.9529461894333
ElasticNetCV,cow,carcass weight,720,MSE,4,Test,1170.84605461188
ElasticNetCV,cow,carcass weight,720,MSE,5,Test,244.06673565457348
ElasticNetCV,steer,carcass weight,720,MAE,1,Train,17.779076189875017
ElasticNetCV,steer,carcass weight,720,MAE,2,Train,16.663375494784383
ElasticNetCV,steer,carcass weight,720,MAE,3,Train,17.002012253086377
ElasticNetCV,steer,carcass weight,720,MAE,4,Train,17.37870849640197
ElasticNetCV,steer,carcass weight,720,MAE,5,Train,14.224355547109012
ElasticNetCV,steer,carcass weight,720,MAE,1,Test,17.38768779194546
ElasticNetCV,steer,carcass weight,720,MAE,2,Test,16.474302925380783
ElasticNetCV,steer,carcass weight,720,MAE,3,Test,15.79004956914961
ElasticNetCV,steer,carcass weight,720,MAE,4,Test,19.03886819845979
ElasticNetCV,steer,carcass weight,720,MAE,5,Test,15.762541261138344
ElasticNetCV,steer,carcass weight,720,MSE,1,Train,488.37306487501576
ElasticNetCV,steer,carcass weight,720,MSE,2,Train,447.1808649820725
ElasticNetCV,steer,carcass weight,720,MSE,3,Train,456.23072606937967
ElasticNetCV,steer,carcass weight,720,MSE,4,Train,480.325753929428
ElasticNetCV,steer,carcass weight,720,MSE,5,Train,329.25014140344996
ElasticNetCV,steer,carcass weight,720,MSE,1,Test,498.3537767485166
ElasticNetCV,steer,carcass weight,720,MSE,2,Test,418.93179101703566
ElasticNetCV,steer,carcass weight,720,MSE,3,Test,406.20409477433356
ElasticNetCV,steer,carcass weight,720,MSE,4,Test,529.5176607278122
ElasticNetCV,steer,carcass weight,720,MSE,5,Test,448.37442614215735
ElasticNetCV,heifer,carcass weight,720,MAE,1,Train,11.48046875
ElasticNetCV,heifer,carcass weight,720,MAE,2,Train,11.472976366982827
ElasticNetCV,heifer,carcass weight,720,MAE,3,Train,15.20703125
ElasticNetCV,heifer,carcass weight,720,MAE,4,Train,14.15625
ElasticNetCV,heifer,carcass weight,720,MAE,5,Train,11.409751350898071
ElasticNetCV,heifer,carcass weight,720,MAE,1,Test,29.546875
ElasticNetCV,heifer,carcass weight,720,MAE,2,Test,20.222292879251064
ElasticNetCV,heifer,carcass weight,720,MAE,3,Test,15.5
ElasticNetCV,heifer,carcass weight,720,MAE,4,Test,21.84375
ElasticNetCV,heifer,carcass weight,720,MAE,5,Test,15.36782226755345
ElasticNetCV,heifer,carcass weight,720,MSE,1,Train,196.6943359375
ElasticNetCV,heifer,carcass weight,720,MSE,2,Train,204.96738087168384
ElasticNetCV,heifer,carcass weight,720,MSE,3,Train,384.4130859375
ElasticNetCV,heifer,carcass weight,720,MSE,4,Train,375.0537109375
ElasticNetCV,heifer,carcass weight,720,MSE,5,Train,198.83889250892875
ElasticNetCV,heifer,carcass weight,720,MSE,1,Test,1236.3994140625
ElasticNetCV,heifer,carcass weight,720,MSE,2,Test,477.36406773784734
ElasticNetCV,heifer,carcass weight,720,MSE,3,Test,399.8056640625
ElasticNetCV,heifer,carcass weight,720,MSE,4,Test,514.0244140625
ElasticNetCV,heifer,carcass weight,720,MSE,5,Test,267.71327906501335
ElasticNetCV,cow,price,720,MAE,1,Train,81.00028707500081
ElasticNetCV,cow,price,720,MAE,2,Train,75.21378094606574
ElasticNetCV,cow,price,720,MAE,3,Train,87.01307387851321
ElasticNetCV,cow,price,720,MAE,4,Train,79.57850053486507
ElasticNetCV,cow,price,720,MAE,5,Train,95.94194872908203
ElasticNetCV,cow,price,720,MAE,1,Test,101.05336681322545
ElasticNetCV,cow,price,720,MAE,2,Test,124.30154157800669
ElasticNetCV,cow,price,720,MAE,3,Test,76.87068717782655
ElasticNetCV,cow,price,720,MAE,4,Test,104.53198719609833
ElasticNetCV,cow,price,720,MAE,5,Test,37.29314357125127
ElasticNetCV,cow,price,720,MSE,1,Train,10191.501157533592
ElasticNetCV,cow,price,720,MSE,2,Train,9700.038017491583
ElasticNetCV,cow,price,720,MSE,3,Train,12660.091524573987
ElasticNetCV,cow,price,720,MSE,4,Train,11157.093988450948
ElasticNetCV,cow,price,720,MSE,5,Train,14169.864133154113
ElasticNetCV,cow,price,720,MSE,1,Test,18761.499663559593
ElasticNetCV,cow,price,720,MSE,2,Test,23773.243489678185
ElasticNetCV,cow,price,720,MSE,3,Test,8331.972871719467
ElasticNetCV,cow,price,720,MSE,4,Test,14661.330996993493
ElasticNetCV,cow,price,720,MSE,5,Test,1947.4034107490932
ElasticNetCV,steer,price,720,MAE,1,Train,104.80832439085977
ElasticNetCV,steer,price,720,MAE,2,Train,96.23659306384704
ElasticNetCV,steer,price,720,MAE,3,Train,97.4771460171481
ElasticNetCV,steer,price,720,MAE,4,Train,102.44952973109457
ElasticNetCV,steer,price,720,MAE,5,Train,94.56926849203255
ElasticNetCV,steer,price,720,MAE,1,Test,102.59410743592981
ElasticNetCV,steer,price,720,MAE,2,Test,95.6273238305019
ElasticNetCV,steer,price,720,MAE,3,Test,90.71826883213748
ElasticNetCV,steer,price,720,MAE,4,Test,112.31678765307404
ElasticNetCV,steer,price,720,MAE,5,Test,100.83361744479879
ElasticNetCV,steer,price,720,MSE,1,Train,16978.866672058455
ElasticNetCV,steer,price,720,MSE,2,Train,15012.81694836241
ElasticNetCV,steer,price,720,MSE,3,Train,15030.980595129637
ElasticNetCV,steer,price,720,MSE,4,Train,16699.38261622586
ElasticNetCV,steer,price,720,MSE,5,Train,14093.82372170271
ElasticNetCV,steer,price,720,MSE,1,Test,17350.12719803371
ElasticNetCV,steer,price,720,MSE,2,Test,14073.456328171449
ElasticNetCV,steer,price,720,MSE,3,Test,13607.206070127797
ElasticNetCV,steer,price,720,MSE,4,Test,18431.727808436433
ElasticNetCV,steer,price,720,MSE,5,Test,17260.377059956707
ElasticNetCV,heifer,price,720,MAE,1,Train,67.484375
ElasticNetCV,heifer,price,720,MAE,2,Train,90.570703125
ElasticNetCV,heifer,price,720,MAE,3,Train,89.98828125000004
ElasticNetCV,heifer,price,720,MAE,4,Train,87.434375
ElasticNetCV,heifer,price,720,MAE,5,Train,64.87697644490156
ElasticNetCV,heifer,price,720,MAE,1,Test,171.29218749999995
ElasticNetCV,heifer,price,720,MAE,2,Test,72.20937500000002
ElasticNetCV,heifer,price,720,MAE,3,Test,86.80000000000001
ElasticNetCV,heifer,price,720,MAE,4,Test,110.6656249999998
ElasticNetCV,heifer,price,720,MAE,5,Test,134.524403116322
ElasticNetCV,heifer,price,720,MSE,1,Train,6628.187412109375
ElasticNetCV,heifer,price,720,MSE,2,Train,14671.33069335937
ElasticNetCV,heifer,price,720,MSE,3,Train,13363.849912109374
ElasticNetCV,heifer,price,720,MSE,4,Train,13388.640849609372
ElasticNetCV,heifer,price,720,MSE,5,Train,6321.195763652652
ElasticNetCV,heifer,price,720,MSE,1,Test,41892.4777441406
ElasticNetCV,heifer,price,720,MSE,2,Test,6865.983837890632
ElasticNetCV,heifer,price,720,MSE,3,Test,11412.885244140634
ElasticNetCV,heifer,price,720,MSE,4,Test,13403.28055664058
ElasticNetCV,heifer,price,720,MSE,5,Test,21314.58145574326
ElasticNetCV,cow,Total number of defects,720,MAE,1,Train,0.7094990666451045
ElasticNetCV,cow,Total number of defects,720,MAE,2,Train,0.7585478814182163
ElasticNetCV,cow,Total number of defects,720,MAE,3,Train,0.7210687794458036
ElasticNetCV,cow,Total number of defects,720,MAE,4,Train,0.742230977602786
ElasticNetCV,cow,Total number of defects,720,MAE,5,Train,0.6646473029043211
ElasticNetCV,cow,Total number of defects,720,MAE,1,Test,0.7422437271718728
ElasticNetCV,cow,Total number of defects,720,MAE,2,Test,0.8010063807938789
ElasticNetCV,cow,Total number of defects,720,MAE,3,Test,0.7033008658634666
ElasticNetCV,cow,Total number of defects,720,MAE,4,Test,0.5967869765807932
ElasticNetCV,cow,Total number of defects,720,MAE,5,Test,0.8180573580541497
ElasticNetCV,cow,Total number of defects,720,MSE,1,Train,0.8785275016408618
ElasticNetCV,cow,Total number of defects,720,MSE,2,Train,0.8239876463374888
ElasticNetCV,cow,Total number of defects,720,MSE,3,Train,0.849135690362255
ElasticNetCV,cow,Total number of defects,720,MSE,4,Train,0.9360543490770675
ElasticNetCV,cow,Total number of defects,720,MSE,5,Train,0.779143101372769
ElasticNetCV,cow,Total number of defects,720,MSE,1,Test,0.7615883562922906
ElasticNetCV,cow,Total number of defects,720,MSE,2,Test,1.3040673883958906
ElasticNetCV,cow,Total number of defects,720,MSE,3,Test,0.8301928921584444
ElasticNetCV,cow,Total number of defects,720,MSE,4,Test,0.482552508628649
ElasticNetCV,cow,Total number of defects,720,MSE,5,Test,1.1559430629958982
ElasticNetCV,steer,Total number of defects,720,MAE,1,Train,0.4421304438403267
ElasticNetCV,steer,Total number of defects,720,MAE,2,Train,0.49819476936139534
ElasticNetCV,steer,Total number of defects,720,MAE,3,Train,0.42640026993291386
ElasticNetCV,steer,Total number of defects,720,MAE,4,Train,0.49065012770791566
ElasticNetCV,steer,Total number of defects,720,MAE,5,Train,0.4921169688423933
ElasticNetCV,steer,Total number of defects,720,MAE,1,Test,0.5175595912466199
ElasticNetCV,steer,Total number of defects,720,MAE,2,Test,0.4367581588608515
ElasticNetCV,steer,Total number of defects,720,MAE,3,Test,0.4330301615361269
ElasticNetCV,steer,Total number of defects,720,MAE,4,Test,0.4241635587724415
ElasticNetCV,steer,Total number of defects,720,MAE,5,Test,0.5753717522121425
ElasticNetCV,steer,Total number of defects,720,MSE,1,Train,0.4400528366196854
ElasticNetCV,steer,Total number of defects,720,MSE,2,Train,0.573498702099517
ElasticNetCV,steer,Total number of defects,720,MSE,3,Train,0.43909756696941155
ElasticNetCV,steer,Total number of defects,720,MSE,4,Train,0.5779760568036183
ElasticNetCV,steer,Total number of defects,720,MSE,5,Train,0.558644258362089
ElasticNetCV,steer,Total number of defects,720,MSE,1,Test,0.852914705584008
ElasticNetCV,steer,Total number of defects,720,MSE,2,Test,0.3194381816625543
ElasticNetCV,steer,Total number of defects,720,MSE,3,Test,0.5819814996890623
ElasticNetCV,steer,Total number of defects,720,MSE,4,Test,0.2869486554417206
ElasticNetCV,steer,Total number of defects,720,MSE,5,Test,0.7243462590682963
ElasticNetCV,heifer,Total number of defects,720,MAE,1,Train,0.3046875
ElasticNetCV,heifer,Total number of defects,720,MAE,2,Train,0.40625
ElasticNetCV,heifer,Total number of defects,720,MAE,3,Train,0.4413426815921988
ElasticNetCV,heifer,Total number of defects,720,MAE,4,Train,0.4463891426769735
ElasticNetCV,heifer,Total number of defects,720,MAE,5,Train,0.46875
ElasticNetCV,heifer,Total number of defects,720,MAE,1,Test,0.75
ElasticNetCV,heifer,Total number of defects,720,MAE,2,Test,0.5
ElasticNetCV,heifer,Total number of defects,720,MAE,3,Test,0.4994507206447517
ElasticNetCV,heifer,Total number of defects,720,MAE,4,Test,0.42581604039138565
ElasticNetCV,heifer,Total number of defects,720,MAE,5,Test,0.40625
ElasticNetCV,heifer,Total number of defects,720,MSE,1,Train,0.15234375
ElasticNetCV,heifer,Total number of defects,720,MSE,2,Train,0.3125
ElasticNetCV,heifer,Total number of defects,720,MSE,3,Train,0.2831830595332141
ElasticNetCV,heifer,Total number of defects,720,MSE,4,Train,0.2946419320901855
ElasticNetCV,heifer,Total number of defects,720,MSE,5,Train,0.33984375
ElasticNetCV,heifer,Total number of defects,720,MSE,1,Test,1.00390625
ElasticNetCV,heifer,Total number of defects,720,MSE,2,Test,0.3125
ElasticNetCV,heifer,Total number of defects,720,MSE,3,Test,0.28077974469589073
ElasticNetCV,heifer,Total number of defects,720,MSE,4,Test,0.20787816133386744
ElasticNetCV,heifer,Total number of defects,720,MSE,5,Test,0.19140625
SVR(C=1),cow,live weight,3,MAE,1,Train,46.916015475232975
SVR(C=1),cow,live weight,3,MAE,2,Train,40.96173562426195
SVR(C=1),cow,live weight,3,MAE,3,Train,45.54981769833037
SVR(C=1),cow,live weight,3,MAE,4,Train,43.9552831451426
SVR(C=1),cow,live weight,3,MAE,5,Train,52.98854040554075
SVR(C=1),cow,live weight,3,MAE,1,Test,45.05767580056981
SVR(C=1),cow,live weight,3,MAE,2,Test,69.5845922793154
SVR(C=1),cow,live weight,3,MAE,3,Test,52.3134345383299
SVR(C=1),cow,live weight,3,MAE,4,Test,56.37501245362115
SVR(C=1),cow,live weight,3,MAE,5,Test,20.73993529279816
SVR(C=1),cow,live weight,3,MSE,1,Train,3652.498957071408
SVR(C=1),cow,live weight,3,MSE,2,Train,2778.0990844730914
SVR(C=1),cow,live weight,3,MSE,3,Train,3742.50258869566
SVR(C=1),cow,live weight,3,MSE,4,Train,3288.276141930701
SVR(C=1),cow,live weight,3,MSE,5,Train,4465.675529119268
SVR(C=1),cow,live weight,3,MSE,1,Test,3317.380609245332
SVR(C=1),cow,live weight,3,MSE,2,Test,7109.012331040688
SVR(C=1),cow,live weight,3,MSE,3,Test,3561.3918187135837
SVR(C=1),cow,live weight,3,MSE,4,Test,4759.54995767801
SVR(C=1),cow,live weight,3,MSE,5,Test,565.8483275143791
SVR(C=1),steer,live weight,3,MAE,1,Train,31.820180654318555
SVR(C=1),steer,live weight,3,MAE,2,Train,28.85386929683916
SVR(C=1),steer,live weight,3,MAE,3,Train,31.16467585447351
SVR(C=1),steer,live weight,3,MAE,4,Train,30.13022932774052
SVR(C=1),steer,live weight,3,MAE,5,Train,31.552477744621665
SVR(C=1),steer,live weight,3,MAE,1,Test,26.54518037707933
SVR(C=1),steer,live weight,3,MAE,2,Test,39.10623645249814
SVR(C=1),steer,live weight,3,MAE,3,Test,30.122237984906736
SVR(C=1),steer,live weight,3,MAE,4,Test,33.07083027005438
SVR(C=1),steer,live weight,3,MAE,5,Test,28.370167649336036
SVR(C=1),steer,live weight,3,MSE,1,Train,2452.1824309703234
SVR(C=1),steer,live weight,3,MSE,2,Train,1420.645111502728
SVR(C=1),steer,live weight,3,MSE,3,Train,2372.8785531982194
SVR(C=1),steer,live weight,3,MSE,4,Train,2315.642135671844
SVR(C=1),steer,live weight,3,MSE,5,Train,2456.772058145641
SVR(C=1),steer,live weight,3,MSE,1,Test,1161.8056247522732
SVR(C=1),steer,live weight,3,MSE,2,Test,5393.791999579203
SVR(C=1),steer,live weight,3,MSE,3,Test,1648.3792344068486
SVR(C=1),steer,live weight,3,MSE,4,Test,1717.1107655971412
SVR(C=1),steer,live weight,3,MSE,5,Test,1318.8952925319995
SVR(C=1),heifer,live weight,3,MAE,1,Train,22.919928639542103
SVR(C=1),heifer,live weight,3,MAE,2,Train,20.94443996294102
SVR(C=1),heifer,live weight,3,MAE,3,Train,21.236470593611486
SVR(C=1),heifer,live weight,3,MAE,4,Train,21.33054444705129
SVR(C=1),heifer,live weight,3,MAE,5,Train,20.31965626394593
SVR(C=1),heifer,live weight,3,MAE,1,Test,16.970228165417737
SVR(C=1),heifer,live weight,3,MAE,2,Test,22.22429299679585
SVR(C=1),heifer,live weight,3,MAE,3,Test,24.243081276816934
SVR(C=1),heifer,live weight,3,MAE,4,Test,22.581393410260375
SVR(C=1),heifer,live weight,3,MAE,5,Test,25.818369676585927
SVR(C=1),heifer,live weight,3,MSE,1,Train,948.9113181371799
SVR(C=1),heifer,live weight,3,MSE,2,Train,808.2652770968195
SVR(C=1),heifer,live weight,3,MSE,3,Train,803.7994107706735
SVR(C=1),heifer,live weight,3,MSE,4,Train,823.8750707266228
SVR(C=1),heifer,live weight,3,MSE,5,Train,717.5234821393303
SVR(C=1),heifer,live weight,3,MSE,1,Test,418.99165529488374
SVR(C=1),heifer,live weight,3,MSE,2,Test,825.3505772804212
SVR(C=1),heifer,live weight,3,MSE,3,Test,1012.8588639475969
SVR(C=1),heifer,live weight,3,MSE,4,Test,884.5880175967795
SVR(C=1),heifer,live weight,3,MSE,5,Test,1203.7238454510307
SVR(C=1),cow,carcass weight,3,MAE,1,Train,25.06156069352835
SVR(C=1),cow,carcass weight,3,MAE,2,Train,22.10261244609222
SVR(C=1),cow,carcass weight,3,MAE,3,Train,24.513538551579277
SVR(C=1),cow,carcass weight,3,MAE,4,Train,23.709653510760937
SVR(C=1),cow,carcass weight,3,MAE,5,Train,27.672741109727752
SVR(C=1),cow,carcass weight,3,MAE,1,Test,24.139974741706318
SVR(C=1),cow,carcass weight,3,MAE,2,Test,36.68808374200202
SVR(C=1),cow,carcass weight,3,MAE,3,Test,26.84444444519367
SVR(C=1),cow,carcass weight,3,MAE,4,Test,29.800000001248836
SVR(C=1),cow,carcass weight,3,MAE,5,Test,13.563598438903568
SVR(C=1),cow,carcass weight,3,MSE,1,Train,993.8035607248304
SVR(C=1),cow,carcass weight,3,MSE,2,Train,886.742826183721
SVR(C=1),cow,carcass weight,3,MSE,3,Train,1122.7643840779572
SVR(C=1),cow,carcass weight,3,MSE,4,Train,1013.3480310409693
SVR(C=1),cow,carcass weight,3,MSE,5,Train,1308.3596778963488
SVR(C=1),cow,carcass weight,3,MSE,1,Test,1311.4969640392558
SVR(C=1),cow,carcass weight,3,MSE,2,Test,1965.4782640150713
SVR(C=1),cow,carcass weight,3,MSE,3,Test,971.4742554051575
SVR(C=1),cow,carcass weight,3,MSE,4,Test,1293.5265263170368
SVR(C=1),cow,carcass weight,3,MSE,5,Test,251.59939708127274
SVR(C=1),steer,carcass weight,3,MAE,1,Train,16.49545307396017
SVR(C=1),steer,carcass weight,3,MAE,2,Train,15.600571553678668
SVR(C=1),steer,carcass weight,3,MAE,3,Train,16.382981577867643
SVR(C=1),steer,carcass weight,3,MAE,4,Train,15.368996342649606
SVR(C=1),steer,carcass weight,3,MAE,5,Train,15.51847966354297
SVR(C=1),steer,carcass weight,3,MAE,1,Test,13.784801546480367
SVR(C=1),steer,carcass weight,3,MAE,2,Test,17.68411635279224
SVR(C=1),steer,carcass weight,3,MAE,3,Test,14.262802596911644
SVR(C=1),steer,carcass weight,3,MAE,4,Test,18.121506979739653
SVR(C=1),steer,carcass weight,3,MAE,5,Test,17.656799123689073
SVR(C=1),steer,carcass weight,3,MSE,1,Train,442.35766550577335
SVR(C=1),steer,carcass weight,3,MSE,2,Train,394.96806627755336
SVR(C=1),steer,carcass weight,3,MSE,3,Train,439.8151411218731
SVR(C=1),steer,carcass weight,3,MSE,4,Train,385.54512585377773
SVR(C=1),steer,carcass weight,3,MSE,5,Train,411.54082804077
SVR(C=1),steer,carcass weight,3,MSE,1,Test,317.0303694181008
SVR(C=1),steer,carcass weight,3,MSE,2,Test,521.4088847751701
SVR(C=1),steer,carcass weight,3,MSE,3,Test,325.40933288180304
SVR(C=1),steer,carcass weight,3,MSE,4,Test,538.7490121751193
SVR(C=1),steer,carcass weight,3,MSE,5,Test,448.03223150261914
SVR(C=1),heifer,carcass weight,3,MAE,1,Train,12.763970574137376
SVR(C=1),heifer,carcass weight,3,MAE,2,Train,10.97148677040009
SVR(C=1),heifer,carcass weight,3,MAE,3,Train,11.226618722715436
SVR(C=1),heifer,carcass weight,3,MAE,4,Train,12.186509679709083
SVR(C=1),heifer,carcass weight,3,MAE,5,Train,10.439939751237105
SVR(C=1),heifer,carcass weight,3,MAE,1,Test,8.569393783775448
SVR(C=1),heifer,carcass weight,3,MAE,2,Test,14.262696497749028
SVR(C=1),heifer,carcass weight,3,MAE,3,Test,13.93742622093857
SVR(C=1),heifer,carcass weight,3,MAE,4,Test,9.012522321566216
SVR(C=1),heifer,carcass weight,3,MAE,5,Test,15.410831814957353
SVR(C=1),heifer,carcass weight,3,MSE,1,Train,304.3869167993475
SVR(C=1),heifer,carcass weight,3,MSE,2,Train,227.23549890612256
SVR(C=1),heifer,carcass weight,3,MSE,3,Train,246.68474270881327
SVR(C=1),heifer,carcass weight,3,MSE,4,Train,275.0487671619553
SVR(C=1),heifer,carcass weight,3,MSE,5,Train,206.0381005905998
SVR(C=1),heifer,carcass weight,3,MSE,1,Test,101.5726764769588
SVR(C=1),heifer,carcass weight,3,MSE,2,Test,349.2019125133258
SVR(C=1),heifer,carcass weight,3,MSE,3,Test,320.0191837403306
SVR(C=1),heifer,carcass weight,3,MSE,4,Test,149.60612907785836
SVR(C=1),heifer,carcass weight,3,MSE,5,Test,443.9912733319415
SVR(C=1),cow,price,3,MAE,1,Train,99.7251002537742
SVR(C=1),cow,price,3,MAE,2,Train,85.15562219676846
SVR(C=1),cow,price,3,MAE,3,Train,94.09419869757131
SVR(C=1),cow,price,3,MAE,4,Train,95.52671342970712
SVR(C=1),cow,price,3,MAE,5,Train,103.56386800300724
SVR(C=1),cow,price,3,MAE,1,Test,79.1636194660261
SVR(C=1),cow,price,3,MAE,2,Test,139.81272281425117
SVR(C=1),cow,price,3,MAE,3,Test,107.23039642845532
SVR(C=1),cow,price,3,MAE,4,Test,97.28681229960046
SVR(C=1),cow,price,3,MAE,5,Test,65.76899931866086
SVR(C=1),cow,price,3,MSE,1,Train,17329.305093892854
SVR(C=1),cow,price,3,MSE,2,Train,13287.977002479649
SVR(C=1),cow,price,3,MSE,3,Train,17088.326542842613
SVR(C=1),cow,price,3,MSE,4,Train,15787.107679629005
SVR(C=1),cow,price,3,MSE,5,Train,19258.126366963035
SVR(C=1),cow,price,3,MSE,1,Test,11961.471158139966
SVR(C=1),cow,price,3,MSE,2,Test,30574.02370298708
SVR(C=1),cow,price,3,MSE,3,Test,16987.934773475474
SVR(C=1),cow,price,3,MSE,4,Test,20089.738530600254
SVR(C=1),cow,price,3,MSE,5,Test,6590.231172857575
SVR(C=1),steer,price,3,MAE,1,Train,106.1409715958536
SVR(C=1),steer,price,3,MAE,2,Train,100.36288953868078
SVR(C=1),steer,price,3,MAE,3,Train,105.78847520990959
SVR(C=1),steer,price,3,MAE,4,Train,100.04086862895485
SVR(C=1),steer,price,3,MAE,5,Train,100.84543350553409
SVR(C=1),steer,price,3,MAE,1,Test,89.33636159153656
SVR(C=1),steer,price,3,MAE,2,Test,112.73422230311982
SVR(C=1),steer,price,3,MAE,3,Test,90.3995745677803
SVR(C=1),steer,price,3,MAE,4,Test,113.79591052072358
SVR(C=1),steer,price,3,MAE,5,Test,111.0009309199034
SVR(C=1),steer,price,3,MSE,1,Train,17819.172984437002
SVR(C=1),steer,price,3,MSE,2,Train,15777.06589601995
SVR(C=1),steer,price,3,MSE,3,Train,17726.832283109423
SVR(C=1),steer,price,3,MSE,4,Train,15906.286299392586
SVR(C=1),steer,price,3,MSE,5,Train,16647.524506484875
SVR(C=1),steer,price,3,MSE,1,Test,12657.601936197705
SVR(C=1),steer,price,3,MSE,2,Test,20996.624639444482
SVR(C=1),steer,price,3,MSE,3,Test,13127.470938978637
SVR(C=1),steer,price,3,MSE,4,Test,20410.84322334827
SVR(C=1),steer,price,3,MSE,5,Test,17464.60705552472
SVR(C=1),heifer,price,3,MAE,1,Train,77.12514049321513
SVR(C=1),heifer,price,3,MAE,2,Train,69.92503899411025
SVR(C=1),heifer,price,3,MAE,3,Train,69.15303028609443
SVR(C=1),heifer,price,3,MAE,4,Train,77.21922454254384
SVR(C=1),heifer,price,3,MAE,5,Train,68.26649258313307
SVR(C=1),heifer,price,3,MAE,1,Test,55.99561290654402
SVR(C=1),heifer,price,3,MAE,2,Test,83.07454193468729
SVR(C=1),heifer,price,3,MAE,3,Test,89.79429913832787
SVR(C=1),heifer,price,3,MAE,4,Test,53.58614180536764
SVR(C=1),heifer,price,3,MAE,5,Test,89.3760081581756
SVR(C=1),heifer,price,3,MSE,1,Train,10730.843016716819
SVR(C=1),heifer,price,3,MSE,2,Train,8723.233869993543
SVR(C=1),heifer,price,3,MSE,3,Train,8969.09049759509
SVR(C=1),heifer,price,3,MSE,4,Train,10320.029220149723
SVR(C=1),heifer,price,3,MSE,5,Train,8018.307328407784
SVR(C=1),heifer,price,3,MSE,1,Test,4413.861997883262
SVR(C=1),heifer,price,3,MSE,2,Test,11856.390459964625
SVR(C=1),heifer,price,3,MSE,3,Test,11861.472779732509
SVR(C=1),heifer,price,3,MSE,4,Test,5341.1880165594075
SVR(C=1),heifer,price,3,MSE,5,Test,15006.673650265462
SVR(C=1),cow,Total number of defects,3,MAE,1,Train,0.6889402973401317
SVR(C=1),cow,Total number of defects,3,MAE,2,Train,0.6676267656336473
SVR(C=1),cow,Total number of defects,3,MAE,3,Train,0.7010077990231963
SVR(C=1),cow,Total number of defects,3,MAE,4,Train,0.7280348260502233
SVR(C=1),cow,Total number of defects,3,MAE,5,Train,0.6747359453416162
SVR(C=1),cow,Total number of defects,3,MAE,1,Test,0.8000168246035045
SVR(C=1),cow,Total number of defects,3,MAE,2,Test,0.8109783647176109
SVR(C=1),cow,Total number of defects,3,MAE,3,Test,0.6777777785326358
SVR(C=1),cow,Total number of defects,3,MAE,4,Test,0.5666666674215246
SVR(C=1),cow,Total number of defects,3,MAE,5,Test,0.7888888887613708
SVR(C=1),cow,Total number of defects,3,MSE,1,Train,0.909950538770893
SVR(C=1),cow,Total number of defects,3,MSE,2,Train,0.7774870109733693
SVR(C=1),cow,Total number of defects,3,MSE,3,Train,0.8601595129057498
SVR(C=1),cow,Total number of defects,3,MSE,4,Train,0.9466459993413667
SVR(C=1),cow,Total number of defects,3,MSE,5,Train,0.7855348269126774
SVR(C=1),cow,Total number of defects,3,MSE,1,Test,0.9298890454546325
SVR(C=1),cow,Total number of defects,3,MSE,2,Test,1.2098586411911747
SVR(C=1),cow,Total number of defects,3,MSE,3,Test,0.8481243533152995
SVR(C=1),cow,Total number of defects,3,MSE,4,Test,0.49256879796887354
SVR(C=1),cow,Total number of defects,3,MSE,5,Test,1.1404091068814102
SVR(C=1),steer,Total number of defects,3,MAE,1,Train,0.31897086156275445
SVR(C=1),steer,Total number of defects,3,MAE,2,Train,0.35228046543234887
SVR(C=1),steer,Total number of defects,3,MAE,3,Train,0.33499637027318496
SVR(C=1),steer,Total number of defects,3,MAE,4,Train,0.33319570093875
SVR(C=1),steer,Total number of defects,3,MAE,5,Train,0.32558969900903717
SVR(C=1),steer,Total number of defects,3,MAE,1,Test,0.40451094334049575
SVR(C=1),steer,Total number of defects,3,MAE,2,Test,0.2850829125005574
SVR(C=1),steer,Total number of defects,3,MAE,3,Test,0.32526659762179866
SVR(C=1),steer,Total number of defects,3,MAE,4,Test,0.35977812176309887
SVR(C=1),steer,Total number of defects,3,MAE,5,Test,0.38763031907165835
SVR(C=1),steer,Total number of defects,3,MSE,1,Train,0.39668241358805034
SVR(C=1),steer,Total number of defects,3,MSE,2,Train,0.47597038117229823
SVR(C=1),steer,Total number of defects,3,MSE,3,Train,0.40841163018367216
SVR(C=1),steer,Total number of defects,3,MSE,4,Train,0.3583540805934757
SVR(C=1),steer,Total number of defects,3,MSE,5,Train,0.42379652550301417
SVR(C=1),steer,Total number of defects,3,MSE,1,Test,0.5653582083155694
SVR(C=1),steer,Total number of defects,3,MSE,2,Test,0.2786881580109355
SVR(C=1),steer,Total number of defects,3,MSE,3,Test,0.32745386000262194
SVR(C=1),steer,Total number of defects,3,MSE,4,Test,0.6694491782996426
SVR(C=1),steer,Total number of defects,3,MSE,5,Test,0.40083817498128027
SVR(C=1),heifer,Total number of defects,3,MAE,1,Train,0.536902176293099
SVR(C=1),heifer,Total number of defects,3,MAE,2,Train,0.4504544486063421
SVR(C=1),heifer,Total number of defects,3,MAE,3,Train,0.501995072042209
SVR(C=1),heifer,Total number of defects,3,MAE,4,Train,0.4300588354711379
SVR(C=1),heifer,Total number of defects,3,MAE,5,Train,0.46733505861076496
SVR(C=1),heifer,Total number of defects,3,MAE,1,Test,0.3083182528879344
SVR(C=1),heifer,Total number of defects,3,MAE,2,Test,0.6281117754248711
SVR(C=1),heifer,Total number of defects,3,MAE,3,Test,0.42557795669579074
SVR(C=1),heifer,Total number of defects,3,MAE,4,Test,0.73407733006424
SVR(C=1),heifer,Total number of defects,3,MAE,5,Test,0.6417782601316061
SVR(C=1),heifer,Total number of defects,3,MSE,1,Train,0.7826085748903043
SVR(C=1),heifer,Total number of defects,3,MSE,2,Train,0.5666090700820815
SVR(C=1),heifer,Total number of defects,3,MSE,3,Train,0.7474025477906758
SVR(C=1),heifer,Total number of defects,3,MSE,4,Train,0.47001520603709046
SVR(C=1),heifer,Total number of defects,3,MSE,5,Train,0.6589717660489885
SVR(C=1),heifer,Total number of defects,3,MSE,1,Test,0.21188709796568228
SVR(C=1),heifer,Total number of defects,3,MSE,2,Test,1.082029527990545
SVR(C=1),heifer,Total number of defects,3,MSE,3,Test,0.3590815678922505
SVR(C=1),heifer,Total number of defects,3,MSE,4,Test,1.4372950950446588
SVR(C=1),heifer,Total number of defects,3,MSE,5,Test,0.6600632166010526
SVR(C=1),cow,live weight,7,MAE,1,Train,46.92438926522966
SVR(C=1),cow,live weight,7,MAE,2,Train,40.955548403792754
SVR(C=1),cow,live weight,7,MAE,3,Train,45.54852043048622
SVR(C=1),cow,live weight,7,MAE,4,Train,43.96032508180731
SVR(C=1),cow,live weight,7,MAE,5,Train,52.98036424685222
SVR(C=1),cow,live weight,7,MAE,1,Test,45.05401387785152
SVR(C=1),cow,live weight,7,MAE,2,Test,69.58213315257336
SVR(C=1),cow,live weight,7,MAE,3,Test,52.306967067279395
SVR(C=1),cow,live weight,7,MAE,4,Test,56.35324588130629
SVR(C=1),cow,live weight,7,MAE,5,Test,20.735521150428692
SVR(C=1),cow,live weight,7,MSE,1,Train,3653.59742831895
SVR(C=1),cow,live weight,7,MSE,2,Train,2777.518225128347
SVR(C=1),cow,live weight,7,MSE,3,Train,3742.539928067941
SVR(C=1),cow,live weight,7,MSE,4,Train,3288.957276214651
SVR(C=1),cow,live weight,7,MSE,5,Train,4465.074944308423
SVR(C=1),cow,live weight,7,MSE,1,Test,3316.767426104915
SVR(C=1),cow,live weight,7,MSE,2,Test,7110.65430855424
SVR(C=1),cow,live weight,7,MSE,3,Test,3560.8221402207273
SVR(C=1),cow,live weight,7,MSE,4,Test,4758.405623913457
SVR(C=1),cow,live weight,7,MSE,5,Test,565.674491393345
SVR(C=1),steer,live weight,7,MAE,1,Train,31.952345074214357
SVR(C=1),steer,live weight,7,MAE,2,Train,28.947919041362173
SVR(C=1),steer,live weight,7,MAE,3,Train,31.185045418537943
SVR(C=1),steer,live weight,7,MAE,4,Train,30.216589549060835
SVR(C=1),steer,live weight,7,MAE,5,Train,31.6081437632487
SVR(C=1),steer,live weight,7,MAE,1,Test,26.52945977358277
SVR(C=1),steer,live weight,7,MAE,2,Test,39.13172154327712
SVR(C=1),steer,live weight,7,MAE,3,Test,30.29064988587441
SVR(C=1),steer,live weight,7,MAE,4,Test,33.114157542477415
SVR(C=1),steer,live weight,7,MAE,5,Test,28.447199419557883
SVR(C=1),steer,live weight,7,MSE,1,Train,2469.3962311395585
SVR(C=1),steer,live weight,7,MSE,2,Train,1431.4029690131797
SVR(C=1),steer,live weight,7,MSE,3,Train,2379.2771219466113
SVR(C=1),steer,live weight,7,MSE,4,Train,2325.278020737168
SVR(C=1),steer,live weight,7,MSE,5,Train,2465.6746429414266
SVR(C=1),steer,live weight,7,MSE,1,Test,1164.5933540011947
SVR(C=1),steer,live weight,7,MSE,2,Test,5414.604859923172
SVR(C=1),steer,live weight,7,MSE,3,Test,1661.8439234940374
SVR(C=1),steer,live weight,7,MSE,4,Test,1724.606065943403
SVR(C=1),steer,live weight,7,MSE,5,Test,1328.1048444488797
SVR(C=1),heifer,live weight,7,MAE,1,Train,22.87661400577736
SVR(C=1),heifer,live weight,7,MAE,2,Train,20.792506619646332
SVR(C=1),heifer,live weight,7,MAE,3,Train,21.082094994521135
SVR(C=1),heifer,live weight,7,MAE,4,Train,21.16881721168932
SVR(C=1),heifer,live weight,7,MAE,5,Train,20.283610262471004
SVR(C=1),heifer,live weight,7,MAE,1,Test,16.79094225913148
SVR(C=1),heifer,live weight,7,MAE,2,Test,22.21022317254428
SVR(C=1),heifer,live weight,7,MAE,3,Test,24.17190620897612
SVR(C=1),heifer,live weight,7,MAE,4,Test,22.598279623190223
SVR(C=1),heifer,live weight,7,MAE,5,Test,25.62050871839647
SVR(C=1),heifer,live weight,7,MSE,1,Train,950.8897238650984
SVR(C=1),heifer,live weight,7,MSE,2,Train,812.023637835211
SVR(C=1),heifer,live weight,7,MSE,3,Train,798.9457084505963
SVR(C=1),heifer,live weight,7,MSE,4,Train,825.9442760212638
SVR(C=1),heifer,live weight,7,MSE,5,Train,718.840546928593
SVR(C=1),heifer,live weight,7,MSE,1,Test,414.89050594242894
SVR(C=1),heifer,live weight,7,MSE,2,Test,829.2431722702995
SVR(C=1),heifer,live weight,7,MSE,3,Test,1017.546522425802
SVR(C=1),heifer,live weight,7,MSE,4,Test,889.1330539165571
SVR(C=1),heifer,live weight,7,MSE,5,Test,1205.1827372656376
SVR(C=1),cow,carcass weight,7,MAE,1,Train,25.06220679756671
SVR(C=1),cow,carcass weight,7,MAE,2,Train,22.092740579626177
SVR(C=1),cow,carcass weight,7,MAE,3,Train,24.5113350656579
SVR(C=1),cow,carcass weight,7,MAE,4,Train,23.707486238127107
SVR(C=1),cow,carcass weight,7,MAE,5,Train,27.661301425981296
SVR(C=1),cow,carcass weight,7,MAE,1,Test,24.154046948758538
SVR(C=1),cow,carcass weight,7,MAE,2,Test,36.697036906257516
SVR(C=1),cow,carcass weight,7,MAE,3,Test,26.844444444312938
SVR(C=1),cow,carcass weight,7,MAE,4,Test,29.800000001198985
SVR(C=1),cow,carcass weight,7,MAE,5,Test,13.594951647782946
SVR(C=1),cow,carcass weight,7,MSE,1,Train,994.210932020514
SVR(C=1),cow,carcass weight,7,MSE,2,Train,885.8812547069068
SVR(C=1),cow,carcass weight,7,MSE,3,Train,1122.85586639406
SVR(C=1),cow,carcass weight,7,MSE,4,Train,1013.1753305101876
SVR(C=1),cow,carcass weight,7,MSE,5,Train,1308.8154398599152
SVR(C=1),cow,carcass weight,7,MSE,1,Test,1311.1902082239626
SVR(C=1),cow,carcass weight,7,MSE,2,Test,1969.336755018039
SVR(C=1),cow,carcass weight,7,MSE,3,Test,972.1768481045381
SVR(C=1),cow,carcass weight,7,MSE,4,Test,1293.3179670205438
SVR(C=1),cow,carcass weight,7,MSE,5,Test,252.51219797906722
SVR(C=1),steer,carcass weight,7,MAE,1,Train,16.627796000071356
SVR(C=1),steer,carcass weight,7,MAE,2,Train,15.739160218237723
SVR(C=1),steer,carcass weight,7,MAE,3,Train,16.508120441431565
SVR(C=1),steer,carcass weight,7,MAE,4,Train,15.463529279464472
SVR(C=1),steer,carcass weight,7,MAE,5,Train,15.60819355830204
SVR(C=1),steer,carcass weight,7,MAE,1,Test,13.885395627717644
SVR(C=1),steer,carcass weight,7,MAE,2,Test,17.832401140225397
SVR(C=1),steer,carcass weight,7,MAE,3,Test,14.386738898886037
SVR(C=1),steer,carcass weight,7,MAE,4,Test,18.233174854322442
SVR(C=1),steer,carcass weight,7,MAE,5,Test,17.81522178966814
SVR(C=1),steer,carcass weight,7,MSE,1,Train,448.4000706508478
SVR(C=1),steer,carcass weight,7,MSE,2,Train,400.36201543316133
SVR(C=1),steer,carcass weight,7,MSE,3,Train,445.4061006244915
SVR(C=1),steer,carcass weight,7,MSE,4,Train,389.7854245689938
SVR(C=1),steer,carcass weight,7,MSE,5,Train,415.16904733868495
SVR(C=1),steer,carcass weight,7,MSE,1,Test,318.14980143651866
SVR(C=1),steer,carcass weight,7,MSE,2,Test,531.8092714073076
SVR(C=1),steer,carcass weight,7,MSE,3,Test,329.65556618268073
SVR(C=1),steer,carcass weight,7,MSE,4,Test,541.2061039142405
SVR(C=1),steer,carcass weight,7,MSE,5,Test,455.50678886464596
SVR(C=1),heifer,carcass weight,7,MAE,1,Train,12.791812966177533
SVR(C=1),heifer,carcass weight,7,MAE,2,Train,10.975842645124395
SVR(C=1),heifer,carcass weight,7,MAE,3,Train,11.138332775930737
SVR(C=1),heifer,carcass weight,7,MAE,4,Train,12.191919617434511
SVR(C=1),heifer,carcass weight,7,MAE,5,Train,10.49456818897073
SVR(C=1),heifer,carcass weight,7,MAE,1,Test,8.493366178001768
SVR(C=1),heifer,carcass weight,7,MAE,2,Test,14.259042949431887
SVR(C=1),heifer,carcass weight,7,MAE,3,Test,14.064372431469266
SVR(C=1),heifer,carcass weight,7,MAE,4,Test,8.998665895292282
SVR(C=1),heifer,carcass weight,7,MAE,5,Test,15.23748696509231
SVR(C=1),heifer,carcass weight,7,MSE,1,Train,305.03226178322745
SVR(C=1),heifer,carcass weight,7,MSE,2,Train,229.21882509460931
SVR(C=1),heifer,carcass weight,7,MSE,3,Train,244.05315809760458
SVR(C=1),heifer,carcass weight,7,MSE,4,Train,276.3587063999714
SVR(C=1),heifer,carcass weight,7,MSE,5,Train,209.11080844285556
SVR(C=1),heifer,carcass weight,7,MSE,1,Test,100.54288179685852
SVR(C=1),heifer,carcass weight,7,MSE,2,Test,349.72656431889243
SVR(C=1),heifer,carcass weight,7,MSE,3,Test,327.1245364667563
SVR(C=1),heifer,carcass weight,7,MSE,4,Test,150.4249357658623
SVR(C=1),heifer,carcass weight,7,MSE,5,Test,434.6874525990349
SVR(C=1),cow,price,7,MAE,1,Train,99.79360362050232
SVR(C=1),cow,price,7,MAE,2,Train,85.19039807223487
SVR(C=1),cow,price,7,MAE,3,Train,94.09713425973663
SVR(C=1),cow,price,7,MAE,4,Train,95.55739459084445
SVR(C=1),cow,price,7,MAE,5,Train,103.58949774460363
SVR(C=1),cow,price,7,MAE,1,Test,79.20138129226308
SVR(C=1),cow,price,7,MAE,2,Test,139.8484646832442
SVR(C=1),cow,price,7,MAE,3,Test,107.2384420482762
SVR(C=1),cow,price,7,MAE,4,Test,97.31934094238919
SVR(C=1),cow,price,7,MAE,5,Test,65.81979748626874
SVR(C=1),cow,price,7,MSE,1,Train,17344.63242549942
SVR(C=1),cow,price,7,MSE,2,Train,13296.041631251976
SVR(C=1),cow,price,7,MSE,3,Train,17089.66241858133
SVR(C=1),cow,price,7,MSE,4,Train,15798.029068631155
SVR(C=1),cow,price,7,MSE,5,Train,19268.69326559067
SVR(C=1),cow,price,7,MSE,1,Test,11965.132639359546
SVR(C=1),cow,price,7,MSE,2,Test,30602.74885161644
SVR(C=1),cow,price,7,MSE,3,Test,16990.74317551131
SVR(C=1),cow,price,7,MSE,4,Test,20099.71012401989
SVR(C=1),cow,price,7,MSE,5,Test,6601.1485190773765
SVR(C=1),steer,price,7,MAE,1,Train,106.3780751550754
SVR(C=1),steer,price,7,MAE,2,Train,100.50609868722239
SVR(C=1),steer,price,7,MAE,3,Train,106.02858407887683
SVR(C=1),steer,price,7,MAE,4,Train,100.26069074960273
SVR(C=1),steer,price,7,MAE,5,Train,100.97239241877462
SVR(C=1),steer,price,7,MAE,1,Test,89.43644163659765
SVR(C=1),steer,price,7,MAE,2,Test,112.85486827288386
SVR(C=1),steer,price,7,MAE,3,Test,90.54886257793468
SVR(C=1),steer,price,7,MAE,4,Test,114.01209078702044
SVR(C=1),steer,price,7,MAE,5,Test,111.35841271231074
SVR(C=1),steer,price,7,MSE,1,Train,17899.88897831653
SVR(C=1),steer,price,7,MSE,2,Train,15829.371428370318
SVR(C=1),steer,price,7,MSE,3,Train,17805.25443718627
SVR(C=1),steer,price,7,MSE,4,Train,15979.064760145337
SVR(C=1),steer,price,7,MSE,5,Train,16693.645927545396
SVR(C=1),steer,price,7,MSE,1,Test,12680.918133278801
SVR(C=1),steer,price,7,MSE,2,Test,21086.065917880092
SVR(C=1),steer,price,7,MSE,3,Test,13187.680767738126
SVR(C=1),steer,price,7,MSE,4,Test,20458.144719022795
SVR(C=1),steer,price,7,MSE,5,Test,17565.071938199228
SVR(C=1),heifer,price,7,MAE,1,Train,77.20796989854534
SVR(C=1),heifer,price,7,MAE,2,Train,69.89446247559374
SVR(C=1),heifer,price,7,MAE,3,Train,69.10039852258927
SVR(C=1),heifer,price,7,MAE,4,Train,77.21630743439135
SVR(C=1),heifer,price,7,MAE,5,Train,68.44550589250173
SVR(C=1),heifer,price,7,MAE,1,Test,55.941312693717876
SVR(C=1),heifer,price,7,MAE,2,Test,83.12098907290716
SVR(C=1),heifer,price,7,MAE,3,Test,89.9939150767796
SVR(C=1),heifer,price,7,MAE,4,Test,53.670871753044885
SVR(C=1),heifer,price,7,MAE,5,Test,89.18986729371731
SVR(C=1),heifer,price,7,MSE,1,Train,10752.874578216777
SVR(C=1),heifer,price,7,MSE,2,Train,8734.819072467728
SVR(C=1),heifer,price,7,MSE,3,Train,8960.317787523123
SVR(C=1),heifer,price,7,MSE,4,Train,10330.029858568627
SVR(C=1),heifer,price,7,MSE,5,Train,8055.663759431837
SVR(C=1),heifer,price,7,MSE,1,Test,4417.998324834659
SVR(C=1),heifer,price,7,MSE,2,Test,11871.720584617324
SVR(C=1),heifer,price,7,MSE,3,Test,11911.68246381201
SVR(C=1),heifer,price,7,MSE,4,Test,5371.893369805803
SVR(C=1),heifer,price,7,MSE,5,Test,15001.023225669758
SVR(C=1),cow,Total number of defects,7,MAE,1,Train,0.6889399673569633
SVR(C=1),cow,Total number of defects,7,MAE,2,Train,0.6675911275926054
SVR(C=1),cow,Total number of defects,7,MAE,3,Train,0.700187145246275
SVR(C=1),cow,Total number of defects,7,MAE,4,Train,0.7272141722733021
SVR(C=1),cow,Total number of defects,7,MAE,5,Train,0.6737617492732556
SVR(C=1),cow,Total number of defects,7,MAE,1,Test,0.800016716065205
SVR(C=1),cow,Total number of defects,7,MAE,2,Test,0.8112909908803483
SVR(C=1),cow,Total number of defects,7,MAE,3,Test,0.6777777776333588
SVR(C=1),cow,Total number of defects,7,MAE,4,Test,0.5666666665222476
SVR(C=1),cow,Total number of defects,7,MAE,5,Test,0.7888888895496954
SVR(C=1),cow,Total number of defects,7,MSE,1,Train,0.9099508554146465
SVR(C=1),cow,Total number of defects,7,MSE,2,Train,0.7775575809714732
SVR(C=1),cow,Total number of defects,7,MSE,3,Train,0.8632797075984233
SVR(C=1),cow,Total number of defects,7,MSE,4,Train,0.9497661941664565
SVR(C=1),cow,Total number of defects,7,MSE,5,Train,0.7868502522815004
SVR(C=1),cow,Total number of defects,7,MSE,1,Test,0.9298897558866223
SVR(C=1),cow,Total number of defects,7,MSE,2,Test,1.2100858942088133
SVR(C=1),cow,Total number of defects,7,MSE,3,Test,0.8532241006911111
SVR(C=1),cow,Total number of defects,7,MSE,4,Test,0.4976685448003057
SVR(C=1),cow,Total number of defects,7,MSE,5,Test,1.1540709448369553
SVR(C=1),steer,Total number of defects,7,MAE,1,Train,0.3175017808692142
SVR(C=1),steer,Total number of defects,7,MAE,2,Train,0.3524687797663312
SVR(C=1),steer,Total number of defects,7,MAE,3,Train,0.3358338009320929
SVR(C=1),steer,Total number of defects,7,MAE,4,Train,0.33115298349305033
SVR(C=1),steer,Total number of defects,7,MAE,5,Train,0.32641715178715064
SVR(C=1),steer,Total number of defects,7,MAE,1,Test,0.40493227168570217
SVR(C=1),steer,Total number of defects,7,MAE,2,Test,0.2861054384208357
SVR(C=1),steer,Total number of defects,7,MAE,3,Test,0.3246324398015251
SVR(C=1),steer,Total number of defects,7,MAE,4,Test,0.35955420856305675
SVR(C=1),steer,Total number of defects,7,MAE,5,Test,0.3893123738040772
SVR(C=1),steer,Total number of defects,7,MSE,1,Train,0.3910459138827386
SVR(C=1),steer,Total number of defects,7,MSE,2,Train,0.4716958636573636
SVR(C=1),steer,Total number of defects,7,MSE,3,Train,0.41051652270064587
SVR(C=1),steer,Total number of defects,7,MSE,4,Train,0.3469887798699619
SVR(C=1),steer,Total number of defects,7,MSE,5,Train,0.42192904036111945
SVR(C=1),steer,Total number of defects,7,MSE,1,Test,0.5457611397829331
SVR(C=1),steer,Total number of defects,7,MSE,2,Test,0.27817202041387606
SVR(C=1),steer,Total number of defects,7,MSE,3,Test,0.32613685327565706
SVR(C=1),steer,Total number of defects,7,MSE,4,Test,0.6693970369645336
SVR(C=1),steer,Total number of defects,7,MSE,5,Test,0.4007386402360497
SVR(C=1),heifer,Total number of defects,7,MAE,1,Train,0.5371017504461565
SVR(C=1),heifer,Total number of defects,7,MAE,2,Train,0.4411216128404764
SVR(C=1),heifer,Total number of defects,7,MAE,3,Train,0.501988336759673
SVR(C=1),heifer,Total number of defects,7,MAE,4,Train,0.43032393949439485
SVR(C=1),heifer,Total number of defects,7,MAE,5,Train,0.46734768275266864
SVR(C=1),heifer,Total number of defects,7,MAE,1,Test,0.30405769114071696
SVR(C=1),heifer,Total number of defects,7,MAE,2,Test,0.6315051960678462
SVR(C=1),heifer,Total number of defects,7,MAE,3,Test,0.4250746414183353
SVR(C=1),heifer,Total number of defects,7,MAE,4,Test,0.729559307066678
SVR(C=1),heifer,Total number of defects,7,MAE,5,Test,0.6417777306580968
SVR(C=1),heifer,Total number of defects,7,MSE,1,Train,0.7880543546622965
SVR(C=1),heifer,Total number of defects,7,MSE,2,Train,0.5518819620431297
SVR(C=1),heifer,Total number of defects,7,MSE,3,Train,0.7483562649847129
SVR(C=1),heifer,Total number of defects,7,MSE,4,Train,0.4741797201497183
SVR(C=1),heifer,Total number of defects,7,MSE,5,Train,0.6590027643363748
SVR(C=1),heifer,Total number of defects,7,MSE,1,Test,0.20795561098985624
SVR(C=1),heifer,Total number of defects,7,MSE,2,Test,1.089526366901845
SVR(C=1),heifer,Total number of defects,7,MSE,3,Test,0.3596739340134237
SVR(C=1),heifer,Total number of defects,7,MSE,4,Test,1.4333330269196765
SVR(C=1),heifer,Total number of defects,7,MSE,5,Test,0.6600096332783062
SVR(C=1),cow,live weight,14,MAE,1,Train,46.92921174036066
SVR(C=1),cow,live weight,14,MAE,2,Train,40.95432951294857
SVR(C=1),cow,live weight,14,MAE,3,Train,45.54816857019871
SVR(C=1),cow,live weight,14,MAE,4,Train,43.96401797547744
SVR(C=1),cow,live weight,14,MAE,5,Train,52.980821275181064
SVR(C=1),cow,live weight,14,MAE,1,Test,45.05263966839031
SVR(C=1),cow,live weight,14,MAE,2,Test,69.5750611335768
SVR(C=1),cow,live weight,14,MAE,3,Test,52.30221717267218
SVR(C=1),cow,live weight,14,MAE,4,Test,56.33357504943798
SVR(C=1),cow,live weight,14,MAE,5,Test,20.71674710104431
SVR(C=1),cow,live weight,14,MSE,1,Train,3654.368450824978
SVR(C=1),cow,live weight,14,MSE,2,Train,2777.492163095708
SVR(C=1),cow,live weight,14,MSE,3,Train,3742.371236902584
SVR(C=1),cow,live weight,14,MSE,4,Train,3289.510314468293
SVR(C=1),cow,live weight,14,MSE,5,Train,4464.100362389921
SVR(C=1),cow,live weight,14,MSE,1,Test,3316.4062950519865
SVR(C=1),cow,live weight,14,MSE,2,Test,7108.948404489461
SVR(C=1),cow,live weight,14,MSE,3,Test,3560.2638885422816
SVR(C=1),cow,live weight,14,MSE,4,Test,4757.423935843942
SVR(C=1),cow,live weight,14,MSE,5,Test,564.7292915759435
SVR(C=1),steer,live weight,14,MAE,1,Train,31.952735146003743
SVR(C=1),steer,live weight,14,MAE,2,Train,28.973466414148263
SVR(C=1),steer,live weight,14,MAE,3,Train,31.133991840256492
SVR(C=1),steer,live weight,14,MAE,4,Train,30.270758870382103
SVR(C=1),steer,live weight,14,MAE,5,Train,31.638021189732363
SVR(C=1),steer,live weight,14,MAE,1,Test,26.534306942324797
SVR(C=1),steer,live weight,14,MAE,2,Test,39.12372576788938
SVR(C=1),steer,live weight,14,MAE,3,Test,30.32945441882933
SVR(C=1),steer,live weight,14,MAE,4,Test,33.07288671640253
SVR(C=1),steer,live weight,14,MAE,5,Test,28.43122259946785
SVR(C=1),steer,live weight,14,MSE,1,Train,2466.2405137801234
SVR(C=1),steer,live weight,14,MSE,2,Train,1434.374120710791
SVR(C=1),steer,live weight,14,MSE,3,Train,2369.770767361309
SVR(C=1),steer,live weight,14,MSE,4,Train,2332.143160070772
SVR(C=1),steer,live weight,14,MSE,5,Train,2465.7917727513122
SVR(C=1),steer,live weight,14,MSE,1,Test,1169.5190387768953
SVR(C=1),steer,live weight,14,MSE,2,Test,5411.513971816332
SVR(C=1),steer,live weight,14,MSE,3,Test,1663.3081887736128
SVR(C=1),steer,live weight,14,MSE,4,Test,1721.5669031074162
SVR(C=1),steer,live weight,14,MSE,5,Test,1327.8048395173737
SVR(C=1),heifer,live weight,14,MAE,1,Train,22.888087407931245
SVR(C=1),heifer,live weight,14,MAE,2,Train,20.840532811076617
SVR(C=1),heifer,live weight,14,MAE,3,Train,21.050362068068157
SVR(C=1),heifer,live weight,14,MAE,4,Train,21.133123867076375
SVR(C=1),heifer,live weight,14,MAE,5,Train,20.317605928522156
SVR(C=1),heifer,live weight,14,MAE,1,Test,16.804094959177736
SVR(C=1),heifer,live weight,14,MAE,2,Test,22.112745727418222
SVR(C=1),heifer,live weight,14,MAE,3,Test,24.220339415602364
SVR(C=1),heifer,live weight,14,MAE,4,Test,22.689000401904124
SVR(C=1),heifer,live weight,14,MAE,5,Test,25.65123167587721
SVR(C=1),heifer,live weight,14,MSE,1,Train,953.6194498245524
SVR(C=1),heifer,live weight,14,MSE,2,Train,818.3621879986562
SVR(C=1),heifer,live weight,14,MSE,3,Train,800.2139950803836
SVR(C=1),heifer,live weight,14,MSE,4,Train,828.1811544269153
SVR(C=1),heifer,live weight,14,MSE,5,Train,721.7133899455561
SVR(C=1),heifer,live weight,14,MSE,1,Test,416.18438851658016
SVR(C=1),heifer,live weight,14,MSE,2,Test,824.366449056726
SVR(C=1),heifer,live weight,14,MSE,3,Test,1021.5422905565347
SVR(C=1),heifer,live weight,14,MSE,4,Test,896.7491285537905
SVR(C=1),heifer,live weight,14,MSE,5,Test,1218.3871244668926
SVR(C=1),cow,carcass weight,14,MAE,1,Train,25.063733704423196
SVR(C=1),cow,carcass weight,14,MAE,2,Train,22.0891419743351
SVR(C=1),cow,carcass weight,14,MAE,3,Train,24.51036473335966
SVR(C=1),cow,carcass weight,14,MAE,4,Train,23.704979234345572
SVR(C=1),cow,carcass weight,14,MAE,5,Train,27.659833108200054
SVR(C=1),cow,carcass weight,14,MAE,1,Test,24.163545256057795
SVR(C=1),cow,carcass weight,14,MAE,2,Test,36.69694227046376
SVR(C=1),cow,carcass weight,14,MAE,3,Test,26.84444444475272
SVR(C=1),cow,carcass weight,14,MAE,4,Test,29.79999999809838
SVR(C=1),cow,carcass weight,14,MAE,5,Test,13.598975925612585
SVR(C=1),cow,carcass weight,14,MSE,1,Train,994.3932017300763
SVR(C=1),cow,carcass weight,14,MSE,2,Train,885.46713805981
SVR(C=1),cow,carcass weight,14,MSE,3,Train,1122.8971772441666
SVR(C=1),cow,carcass weight,14,MSE,4,Train,1012.9757991510309
SVR(C=1),cow,carcass weight,14,MSE,5,Train,1308.8746394667398
SVR(C=1),cow,carcass weight,14,MSE,1,Test,1311.0211187393402
SVR(C=1),cow,carcass weight,14,MSE,2,Test,1970.4178488256703
SVR(C=1),cow,carcass weight,14,MSE,3,Test,972.4871803244916
SVR(C=1),cow,carcass weight,14,MSE,4,Test,1293.0771109477218
SVR(C=1),cow,carcass weight,14,MSE,5,Test,252.62999933297883
SVR(C=1),steer,carcass weight,14,MAE,1,Train,16.62579782798081
SVR(C=1),steer,carcass weight,14,MAE,2,Train,15.735822705406369
SVR(C=1),steer,carcass weight,14,MAE,3,Train,16.475687685846875
SVR(C=1),steer,carcass weight,14,MAE,4,Train,15.445294068416262
SVR(C=1),steer,carcass weight,14,MAE,5,Train,15.625781662393626
SVR(C=1),steer,carcass weight,14,MAE,1,Test,13.887315042678429
SVR(C=1),steer,carcass weight,14,MAE,2,Test,17.810385041374747
SVR(C=1),steer,carcass weight,14,MAE,3,Test,14.435228875751118
SVR(C=1),steer,carcass weight,14,MAE,4,Test,18.239524317933203
SVR(C=1),steer,carcass weight,14,MAE,5,Test,17.780934029439432
SVR(C=1),steer,carcass weight,14,MSE,1,Train,449.1974947469198
SVR(C=1),steer,carcass weight,14,MSE,2,Train,400.9893174670666
SVR(C=1),steer,carcass weight,14,MSE,3,Train,445.03447138851334
SVR(C=1),steer,carcass weight,14,MSE,4,Train,390.01047614904036
SVR(C=1),steer,carcass weight,14,MSE,5,Train,415.9844788072058
SVR(C=1),steer,carcass weight,14,MSE,1,Test,319.2345652402591
SVR(C=1),steer,carcass weight,14,MSE,2,Test,532.6435414971128
SVR(C=1),steer,carcass weight,14,MSE,3,Test,332.49555816893206
SVR(C=1),steer,carcass weight,14,MSE,4,Test,539.6772419499223
SVR(C=1),steer,carcass weight,14,MSE,5,Test,455.77084145364125
SVR(C=1),heifer,carcass weight,14,MAE,1,Train,12.811352037997326
SVR(C=1),heifer,carcass weight,14,MAE,2,Train,11.041350450606096
SVR(C=1),heifer,carcass weight,14,MAE,3,Train,11.15379079211297
SVR(C=1),heifer,carcass weight,14,MAE,4,Train,12.226893864071592
SVR(C=1),heifer,carcass weight,14,MAE,5,Train,10.55136237811772
SVR(C=1),heifer,carcass weight,14,MAE,1,Test,8.525290579304203
SVR(C=1),heifer,carcass weight,14,MAE,2,Test,14.239182186465934
SVR(C=1),heifer,carcass weight,14,MAE,3,Test,14.16382919043862
SVR(C=1),heifer,carcass weight,14,MAE,4,Test,9.033017034878112
SVR(C=1),heifer,carcass weight,14,MAE,5,Test,15.18311177169583
SVR(C=1),heifer,carcass weight,14,MSE,1,Train,306.00771853809266
SVR(C=1),heifer,carcass weight,14,MSE,2,Train,231.7022724984045
SVR(C=1),heifer,carcass weight,14,MSE,3,Train,244.3396863871709
SVR(C=1),heifer,carcass weight,14,MSE,4,Train,278.29866634412093
SVR(C=1),heifer,carcass weight,14,MSE,5,Train,211.0114538259541
SVR(C=1),heifer,carcass weight,14,MSE,1,Test,101.23538051101035
SVR(C=1),heifer,carcass weight,14,MSE,2,Test,349.545331553815
SVR(C=1),heifer,carcass weight,14,MSE,3,Test,331.7129013663093
SVR(C=1),heifer,carcass weight,14,MSE,4,Test,151.59369297449894
SVR(C=1),heifer,carcass weight,14,MSE,5,Test,431.8571716050172
SVR(C=1),cow,price,14,MAE,1,Train,99.84983097018821
SVR(C=1),cow,price,14,MAE,2,Train,85.21959408302219
SVR(C=1),cow,price,14,MAE,3,Train,94.0957562740228
SVR(C=1),cow,price,14,MAE,4,Train,95.59250622625336
SVR(C=1),cow,price,14,MAE,5,Train,103.61002138015608
SVR(C=1),cow,price,14,MAE,1,Test,79.24946360149843
SVR(C=1),cow,price,14,MAE,2,Test,139.87847169692927
SVR(C=1),cow,price,14,MAE,3,Test,107.23466533772256
SVR(C=1),cow,price,14,MAE,4,Test,97.34071927408843
SVR(C=1),cow,price,14,MAE,5,Test,65.86564720582474
SVR(C=1),cow,price,14,MSE,1,Train,17356.03869923321
SVR(C=1),cow,price,14,MSE,2,Train,13301.497772665476
SVR(C=1),cow,price,14,MSE,3,Train,17089.035298920146
SVR(C=1),cow,price,14,MSE,4,Train,15809.716852404707
SVR(C=1),cow,price,14,MSE,5,Train,19277.150819634393
SVR(C=1),cow,price,14,MSE,1,Test,11969.473429519036
SVR(C=1),cow,price,14,MSE,2,Test,30630.416934759665
SVR(C=1),cow,price,14,MSE,3,Test,16989.424805264483
SVR(C=1),cow,price,14,MSE,4,Test,20106.316959542237
SVR(C=1),cow,price,14,MSE,5,Test,6610.526784673809
SVR(C=1),steer,price,14,MAE,1,Train,106.42868330949622
SVR(C=1),steer,price,14,MAE,2,Train,100.59974829954027
SVR(C=1),steer,price,14,MAE,3,Train,106.08820376891079
SVR(C=1),steer,price,14,MAE,4,Train,100.3051378832449
SVR(C=1),steer,price,14,MAE,5,Train,101.03555998074545
SVR(C=1),steer,price,14,MAE,1,Test,89.50343246843289
SVR(C=1),steer,price,14,MAE,2,Test,112.90375216117943
SVR(C=1),steer,price,14,MAE,3,Test,90.58677514368827
SVR(C=1),steer,price,14,MAE,4,Test,114.12131547601957
SVR(C=1),steer,price,14,MAE,5,Test,111.38857351304722
SVR(C=1),steer,price,14,MSE,1,Train,17915.71077748771
SVR(C=1),steer,price,14,MSE,2,Train,15855.241622752415
SVR(C=1),steer,price,14,MSE,3,Train,17811.30182297327
SVR(C=1),steer,price,14,MSE,4,Train,16000.452265348295
SVR(C=1),steer,price,14,MSE,5,Train,16715.921334391984
SVR(C=1),steer,price,14,MSE,1,Test,12690.590359162012
SVR(C=1),steer,price,14,MSE,2,Test,21117.863713230785
SVR(C=1),steer,price,14,MSE,3,Test,13222.127187638778
SVR(C=1),steer,price,14,MSE,4,Test,20463.989697972687
SVR(C=1),steer,price,14,MSE,5,Test,17584.061538615006
SVR(C=1),heifer,price,14,MAE,1,Train,77.23906547503998
SVR(C=1),heifer,price,14,MAE,2,Train,69.96151978912027
SVR(C=1),heifer,price,14,MAE,3,Train,69.1172368839331
SVR(C=1),heifer,price,14,MAE,4,Train,77.26302505494051
SVR(C=1),heifer,price,14,MAE,5,Train,68.5693723762871
SVR(C=1),heifer,price,14,MAE,1,Test,56.003159081079055
SVR(C=1),heifer,price,14,MAE,2,Test,83.1338367264365
SVR(C=1),heifer,price,14,MAE,3,Test,90.0954666270729
SVR(C=1),heifer,price,14,MAE,4,Test,53.713333607751174
SVR(C=1),heifer,price,14,MAE,5,Test,89.10312673014623
SVR(C=1),heifer,price,14,MSE,1,Train,10765.067370190569
SVR(C=1),heifer,price,14,MSE,2,Train,8754.853951697984
SVR(C=1),heifer,price,14,MSE,3,Train,8966.804204506303
SVR(C=1),heifer,price,14,MSE,4,Train,10344.641265979708
SVR(C=1),heifer,price,14,MSE,5,Train,8080.482536195309
SVR(C=1),heifer,price,14,MSE,1,Test,4430.2090339310225
SVR(C=1),heifer,price,14,MSE,2,Test,11872.455189319333
SVR(C=1),heifer,price,14,MSE,3,Test,11937.472603832344
SVR(C=1),heifer,price,14,MSE,4,Test,5383.798990175252
SVR(C=1),heifer,price,14,MSE,5,Test,14986.445060206877
SVR(C=1),cow,Total number of defects,14,MAE,1,Train,0.6889846178187723
SVR(C=1),cow,Total number of defects,14,MAE,2,Train,0.6675638850537264
SVR(C=1),cow,Total number of defects,14,MAE,3,Train,0.7001975825453024
SVR(C=1),cow,Total number of defects,14,MAE,4,Train,0.7272246095723295
SVR(C=1),cow,Total number of defects,14,MAE,5,Train,0.6737892669439629
SVR(C=1),cow,Total number of defects,14,MAE,1,Test,0.8001476961869791
SVR(C=1),cow,Total number of defects,14,MAE,2,Test,0.811085879508401
SVR(C=1),cow,Total number of defects,14,MAE,3,Test,0.6777777780786055
SVR(C=1),cow,Total number of defects,14,MAE,4,Test,0.5666666669674943
SVR(C=1),cow,Total number of defects,14,MAE,5,Test,0.7888888884306006
SVR(C=1),cow,Total number of defects,14,MSE,1,Train,0.9100138169944755
SVR(C=1),cow,Total number of defects,14,MSE,2,Train,0.7775673240310484
SVR(C=1),cow,Total number of defects,14,MSE,3,Train,0.8632372060281662
SVR(C=1),cow,Total number of defects,14,MSE,4,Train,0.9497236923772137
SVR(C=1),cow,Total number of defects,14,MSE,5,Train,0.7868044216633819
SVR(C=1),cow,Total number of defects,14,MSE,1,Test,0.9301379589167512
SVR(C=1),cow,Total number of defects,14,MSE,2,Test,1.209986881570847
SVR(C=1),cow,Total number of defects,14,MSE,3,Test,0.8531566649686119
SVR(C=1),cow,Total number of defects,14,MSE,4,Test,0.49760110997808443
SVR(C=1),cow,Total number of defects,14,MSE,5,Test,1.1536771185429449
SVR(C=1),steer,Total number of defects,14,MAE,1,Train,0.31672472641140287
SVR(C=1),steer,Total number of defects,14,MAE,2,Train,0.3525296503260334
SVR(C=1),steer,Total number of defects,14,MAE,3,Train,0.33598097177607916
SVR(C=1),steer,Total number of defects,14,MAE,4,Train,0.33050440412192184
SVR(C=1),steer,Total number of defects,14,MAE,5,Train,0.32693582957053574
SVR(C=1),steer,Total number of defects,14,MAE,1,Test,0.4049321233391723
SVR(C=1),steer,Total number of defects,14,MAE,2,Test,0.2857290820115789
SVR(C=1),steer,Total number of defects,14,MAE,3,Test,0.3239999987864928
SVR(C=1),steer,Total number of defects,14,MAE,4,Test,0.35917911425166804
SVR(C=1),steer,Total number of defects,14,MAE,5,Test,0.38954989264259765
SVR(C=1),steer,Total number of defects,14,MSE,1,Train,0.3895040766992953
SVR(C=1),steer,Total number of defects,14,MSE,2,Train,0.47294034642544963
SVR(C=1),steer,Total number of defects,14,MSE,3,Train,0.41197964735745135
SVR(C=1),steer,Total number of defects,14,MSE,4,Train,0.34546465862022213
SVR(C=1),steer,Total number of defects,14,MSE,5,Train,0.4223692454304543
SVR(C=1),steer,Total number of defects,14,MSE,1,Test,0.5392941219346663
SVR(C=1),steer,Total number of defects,14,MSE,2,Test,0.277684551664711
SVR(C=1),steer,Total number of defects,14,MSE,3,Test,0.3257898095409263
SVR(C=1),steer,Total number of defects,14,MSE,4,Test,0.6706220327749748
SVR(C=1),steer,Total number of defects,14,MSE,5,Test,0.40160712925421665
SVR(C=1),heifer,Total number of defects,14,MAE,1,Train,0.5370319407184508
SVR(C=1),heifer,Total number of defects,14,MAE,2,Train,0.4437075873953432
SVR(C=1),heifer,Total number of defects,14,MAE,3,Train,0.5019959221016314
SVR(C=1),heifer,Total number of defects,14,MAE,4,Train,0.43040287764051843
SVR(C=1),heifer,Total number of defects,14,MAE,5,Train,0.46735513340144574
SVR(C=1),heifer,Total number of defects,14,MAE,1,Test,0.3018588635650274
SVR(C=1),heifer,Total number of defects,14,MAE,2,Test,0.6359290366416608
SVR(C=1),heifer,Total number of defects,14,MAE,3,Test,0.4250571328131443
SVR(C=1),heifer,Total number of defects,14,MAE,4,Test,0.7272871315507151
SVR(C=1),heifer,Total number of defects,14,MAE,5,Test,0.6414603012843298
SVR(C=1),heifer,Total number of defects,14,MSE,1,Train,0.7909296844426195
SVR(C=1),heifer,Total number of defects,14,MSE,2,Train,0.5494756302722256
SVR(C=1),heifer,Total number of defects,14,MSE,3,Train,0.748575408194779
SVR(C=1),heifer,Total number of defects,14,MSE,4,Train,0.4777372842980003
SVR(C=1),heifer,Total number of defects,14,MSE,5,Train,0.6590098227537952
SVR(C=1),heifer,Total number of defects,14,MSE,1,Test,0.20644040050536025
SVR(C=1),heifer,Total number of defects,14,MSE,2,Test,1.0921559800055811
SVR(C=1),heifer,Total number of defects,14,MSE,3,Test,0.3598595648746614
SVR(C=1),heifer,Total number of defects,14,MSE,4,Test,1.4315375367565455
SVR(C=1),heifer,Total number of defects,14,MSE,5,Test,0.6595253794536787
SVR(C=1),cow,live weight,90,MAE,1,Train,46.93471947440475
SVR(C=1),cow,live weight,90,MAE,2,Train,40.95261195194023
SVR(C=1),cow,live weight,90,MAE,3,Train,45.54772403111039
SVR(C=1),cow,live weight,90,MAE,4,Train,43.96796827260065
SVR(C=1),cow,live weight,90,MAE,5,Train,52.98051336752062
SVR(C=1),cow,live weight,90,MAE,1,Test,45.05076003650694
SVR(C=1),cow,live weight,90,MAE,2,Test,69.56804222713377
SVR(C=1),cow,live weight,90,MAE,3,Test,52.29740341152643
SVR(C=1),cow,live weight,90,MAE,4,Test,56.313755037875076
SVR(C=1),cow,live weight,90,MAE,5,Test,20.69918854540246
SVR(C=1),cow,live weight,90,MSE,1,Train,3655.199722644328
SVR(C=1),cow,live weight,90,MSE,2,Train,2777.4168658607496
SVR(C=1),cow,live weight,90,MSE,3,Train,3742.229151155928
SVR(C=1),cow,live weight,90,MSE,4,Train,3290.0892081763027
SVR(C=1),cow,live weight,90,MSE,5,Train,4463.15873896574
SVR(C=1),cow,live weight,90,MSE,1,Test,3316.0067026773445
SVR(C=1),cow,live weight,90,MSE,2,Test,7107.453035352424
SVR(C=1),cow,live weight,90,MSE,3,Test,3559.718864196103
SVR(C=1),cow,live weight,90,MSE,4,Test,4756.425582157924
SVR(C=1),cow,live weight,90,MSE,5,Test,563.8517501781918
SVR(C=1),steer,live weight,90,MAE,1,Train,31.803038332057334
SVR(C=1),steer,live weight,90,MAE,2,Train,28.958519985705514
SVR(C=1),steer,live weight,90,MAE,3,Train,31.014883235061596
SVR(C=1),steer,live weight,90,MAE,4,Train,30.23855603037753
SVR(C=1),steer,live weight,90,MAE,5,Train,31.55698399398363
SVR(C=1),steer,live weight,90,MAE,1,Test,26.657966195509424
SVR(C=1),steer,live weight,90,MAE,2,Test,38.97078944544187
SVR(C=1),steer,live weight,90,MAE,3,Test,30.25335810341364
SVR(C=1),steer,live weight,90,MAE,4,Test,32.83223718120806
SVR(C=1),steer,live weight,90,MAE,5,Test,28.247546418149533
SVR(C=1),steer,live weight,90,MSE,1,Train,2442.527617837431
SVR(C=1),steer,live weight,90,MSE,2,Train,1433.0510295502602
SVR(C=1),steer,live weight,90,MSE,3,Train,2349.525798815504
SVR(C=1),steer,live weight,90,MSE,4,Train,2319.323649927175
SVR(C=1),steer,live weight,90,MSE,5,Train,2444.444155098537
SVR(C=1),steer,live weight,90,MSE,1,Test,1179.5738311442058
SVR(C=1),steer,live weight,90,MSE,2,Test,5401.670255196287
SVR(C=1),steer,live weight,90,MSE,3,Test,1654.6172284363893
SVR(C=1),steer,live weight,90,MSE,4,Test,1699.4664262089082
SVR(C=1),steer,live weight,90,MSE,5,Test,1308.3192252164179
SVR(C=1),heifer,live weight,90,MAE,1,Train,22.929382755693286
SVR(C=1),heifer,live weight,90,MAE,2,Train,20.91970776612365
SVR(C=1),heifer,live weight,90,MAE,3,Train,21.004339668048562
SVR(C=1),heifer,live weight,90,MAE,4,Train,21.124262176357572
SVR(C=1),heifer,live weight,90,MAE,5,Train,20.31431431026384
SVR(C=1),heifer,live weight,90,MAE,1,Test,16.781466090171133
SVR(C=1),heifer,live weight,90,MAE,2,Test,22.046885977834705
SVR(C=1),heifer,live weight,90,MAE,3,Test,24.360383827308123
SVR(C=1),heifer,live weight,90,MAE,4,Test,22.675569322765085
SVR(C=1),heifer,live weight,90,MAE,5,Test,25.692108982575576
SVR(C=1),heifer,live weight,90,MSE,1,Train,956.9599234658684
SVR(C=1),heifer,live weight,90,MSE,2,Train,820.6086613943874
SVR(C=1),heifer,live weight,90,MSE,3,Train,802.3228646391323
SVR(C=1),heifer,live weight,90,MSE,4,Train,827.9988652488172
SVR(C=1),heifer,live weight,90,MSE,5,Train,727.3834044400355
SVR(C=1),heifer,live weight,90,MSE,1,Test,417.86397640923315
SVR(C=1),heifer,live weight,90,MSE,2,Test,820.0826040393772
SVR(C=1),heifer,live weight,90,MSE,3,Test,1035.0296610424512
SVR(C=1),heifer,live weight,90,MSE,4,Test,895.7073944424207
SVR(C=1),heifer,live weight,90,MSE,5,Test,1222.4426458452979
SVR(C=1),cow,carcass weight,90,MAE,1,Train,25.06063873179847
SVR(C=1),cow,carcass weight,90,MAE,2,Train,22.08482840149204
SVR(C=1),cow,carcass weight,90,MAE,3,Train,24.509290931213087
SVR(C=1),cow,carcass weight,90,MAE,4,Train,23.702712364001872
SVR(C=1),cow,carcass weight,90,MAE,5,Train,27.657616687796406
SVR(C=1),cow,carcass weight,90,MAE,1,Test,24.170425144895898
SVR(C=1),cow,carcass weight,90,MAE,2,Test,36.697712406068945
SVR(C=1),cow,carcass weight,90,MAE,3,Test,26.844444444769195
SVR(C=1),cow,carcass weight,90,MAE,4,Test,29.800000000830273
SVR(C=1),cow,carcass weight,90,MAE,5,Test,13.605050559929484
SVR(C=1),cow,carcass weight,90,MSE,1,Train,994.188605113181
SVR(C=1),cow,carcass weight,90,MSE,2,Train,885.0021393904444
SVR(C=1),cow,carcass weight,90,MSE,3,Train,1122.9436242337433
SVR(C=1),cow,carcass weight,90,MSE,4,Train,1012.7956023770524
SVR(C=1),cow,carcass weight,90,MSE,5,Train,1308.964303400709
SVR(C=1),cow,carcass weight,90,MSE,1,Test,1311.011889530197
SVR(C=1),cow,carcass weight,90,MSE,2,Test,1971.8050503810944
SVR(C=1),cow,carcass weight,90,MSE,3,Test,972.8312723163004
SVR(C=1),cow,carcass weight,90,MSE,4,Test,1292.859691370163
SVR(C=1),cow,carcass weight,90,MSE,5,Test,252.80809620781858
SVR(C=1),steer,carcass weight,90,MAE,1,Train,16.428840809252417
SVR(C=1),steer,carcass weight,90,MAE,2,Train,15.437600463015489
SVR(C=1),steer,carcass weight,90,MAE,3,Train,16.244703657926948
SVR(C=1),steer,carcass weight,90,MAE,4,Train,15.2473861011626
SVR(C=1),steer,carcass weight,90,MAE,5,Train,15.50831188382464
SVR(C=1),steer,carcass weight,90,MAE,1,Test,13.709150947022323
SVR(C=1),steer,carcass weight,90,MAE,2,Test,17.529478527182125
SVR(C=1),steer,carcass weight,90,MAE,3,Test,14.470605711822973
SVR(C=1),steer,carcass weight,90,MAE,4,Test,17.971864200713366
SVR(C=1),steer,carcass weight,90,MAE,5,Test,17.543414735561406
SVR(C=1),steer,carcass weight,90,MSE,1,Train,442.21946494977
SVR(C=1),steer,carcass weight,90,MSE,2,Train,390.96191000174156
SVR(C=1),steer,carcass weight,90,MSE,3,Train,439.92492967165134
SVR(C=1),steer,carcass weight,90,MSE,4,Train,384.8329721679134
SVR(C=1),steer,carcass weight,90,MSE,5,Train,412.7850622758922
SVR(C=1),steer,carcass weight,90,MSE,1,Test,316.10989362653646
SVR(C=1),steer,carcass weight,90,MSE,2,Test,523.1784095472391
SVR(C=1),steer,carcass weight,90,MSE,3,Test,330.9826044520897
SVR(C=1),steer,carcass weight,90,MSE,4,Test,528.2465849747197
SVR(C=1),steer,carcass weight,90,MSE,5,Test,446.61832914234856
SVR(C=1),heifer,carcass weight,90,MAE,1,Train,12.77377580507715
SVR(C=1),heifer,carcass weight,90,MAE,2,Train,11.042583580797018
SVR(C=1),heifer,carcass weight,90,MAE,3,Train,11.178991684924295
SVR(C=1),heifer,carcass weight,90,MAE,4,Train,12.224944815740873
SVR(C=1),heifer,carcass weight,90,MAE,5,Train,10.569944499570957
SVR(C=1),heifer,carcass weight,90,MAE,1,Test,8.50968813552264
SVR(C=1),heifer,carcass weight,90,MAE,2,Test,14.226225644213699
SVR(C=1),heifer,carcass weight,90,MAE,3,Test,14.209907616097425
SVR(C=1),heifer,carcass weight,90,MAE,4,Test,9.024221778290816
SVR(C=1),heifer,carcass weight,90,MAE,5,Test,15.089008740117999
SVR(C=1),heifer,carcass weight,90,MSE,1,Train,307.0786777660019
SVR(C=1),heifer,carcass weight,90,MSE,2,Train,232.66863524882828
SVR(C=1),heifer,carcass weight,90,MSE,3,Train,244.94681834328867
SVR(C=1),heifer,carcass weight,90,MSE,4,Train,278.792841020196
SVR(C=1),heifer,carcass weight,90,MSE,5,Train,211.9072020386754
SVR(C=1),heifer,carcass weight,90,MSE,1,Test,100.89337348994142
SVR(C=1),heifer,carcass weight,90,MSE,2,Test,349.68297659138466
SVR(C=1),heifer,carcass weight,90,MSE,3,Test,335.6257869408282
SVR(C=1),heifer,carcass weight,90,MSE,4,Test,153.07751823048858
SVR(C=1),heifer,carcass weight,90,MSE,5,Test,425.9277787950891
SVR(C=1),cow,price,90,MAE,1,Train,99.90839025829858
SVR(C=1),cow,price,90,MAE,2,Train,85.2518656473605
SVR(C=1),cow,price,90,MAE,3,Train,94.0951175484806
SVR(C=1),cow,price,90,MAE,4,Train,95.62707404427071
SVR(C=1),cow,price,90,MAE,5,Train,103.63170593049522
SVR(C=1),cow,price,90,MAE,1,Test,79.29655696955687
SVR(C=1),cow,price,90,MAE,2,Test,139.91163969290508
SVR(C=1),cow,price,90,MAE,3,Test,107.23291476213417
SVR(C=1),cow,price,90,MAE,4,Test,97.36360069250617
SVR(C=1),cow,price,90,MAE,5,Test,65.91310869810275
SVR(C=1),cow,price,90,MSE,1,Train,17368.163250441346
SVR(C=1),cow,price,90,MSE,2,Train,13307.76191077548
SVR(C=1),cow,price,90,MSE,3,Train,17088.744642930284
SVR(C=1),cow,price,90,MSE,4,Train,15821.341077100114
SVR(C=1),cow,price,90,MSE,5,Train,19286.10740150288
SVR(C=1),cow,price,90,MSE,1,Test,11973.804295554068
SVR(C=1),cow,price,90,MSE,2,Test,30660.467667215577
SVR(C=1),cow,price,90,MSE,3,Test,16988.813759720535
SVR(C=1),cow,price,90,MSE,4,Test,20113.401643650148
SVR(C=1),cow,price,90,MSE,5,Test,6620.332560316746
SVR(C=1),steer,price,90,MAE,1,Train,105.84651841550978
SVR(C=1),steer,price,90,MAE,2,Train,100.18082890416237
SVR(C=1),steer,price,90,MAE,3,Train,105.28641483488613
SVR(C=1),steer,price,90,MAE,4,Train,99.72190132194741
SVR(C=1),steer,price,90,MAE,5,Train,100.48942176843268
SVR(C=1),steer,price,90,MAE,1,Test,88.84629926278467
SVR(C=1),steer,price,90,MAE,2,Test,111.90463681499358
SVR(C=1),steer,price,90,MAE,3,Test,90.28808399980475
SVR(C=1),steer,price,90,MAE,4,Test,113.64989934836339
SVR(C=1),steer,price,90,MAE,5,Test,110.57203962464685
SVR(C=1),steer,price,90,MSE,1,Train,17781.158131862197
SVR(C=1),steer,price,90,MSE,2,Train,15776.152365987402
SVR(C=1),steer,price,90,MSE,3,Train,17653.360554653224
SVR(C=1),steer,price,90,MSE,4,Train,15894.197194854303
SVR(C=1),steer,price,90,MSE,5,Train,16614.10899638131
SVR(C=1),steer,price,90,MSE,1,Test,12621.158733635846
SVR(C=1),steer,price,90,MSE,2,Test,20941.67152042518
SVR(C=1),steer,price,90,MSE,3,Test,13127.949713873353
SVR(C=1),steer,price,90,MSE,4,Test,20398.975420216946
SVR(C=1),steer,price,90,MSE,5,Test,17368.973495174134
SVR(C=1),heifer,price,90,MAE,1,Train,77.17548614194037
SVR(C=1),heifer,price,90,MAE,2,Train,69.97098291569937
SVR(C=1),heifer,price,90,MAE,3,Train,69.05250908787328
SVR(C=1),heifer,price,90,MAE,4,Train,77.21393366998267
SVR(C=1),heifer,price,90,MAE,5,Train,68.58889913062498
SVR(C=1),heifer,price,90,MAE,1,Test,55.99712730539104
SVR(C=1),heifer,price,90,MAE,2,Test,83.13599641720467
SVR(C=1),heifer,price,90,MAE,3,Test,90.09159127812448
SVR(C=1),heifer,price,90,MAE,4,Test,53.64712466611115
SVR(C=1),heifer,price,90,MAE,5,Test,88.95518308570782
SVR(C=1),heifer,price,90,MSE,1,Train,10772.297326854752
SVR(C=1),heifer,price,90,MSE,2,Train,8759.988461315032
SVR(C=1),heifer,price,90,MSE,3,Train,8961.812626388975
SVR(C=1),heifer,price,90,MSE,4,Train,10339.30261456326
SVR(C=1),heifer,price,90,MSE,5,Train,8097.082546136322
SVR(C=1),heifer,price,90,MSE,1,Test,4427.663737218954
SVR(C=1),heifer,price,90,MSE,2,Test,11883.858307265533
SVR(C=1),heifer,price,90,MSE,3,Test,11963.958077577787
SVR(C=1),heifer,price,90,MSE,4,Test,5386.531646826245
SVR(C=1),heifer,price,90,MSE,5,Test,14974.043316090256
SVR(C=1),cow,Total number of defects,90,MAE,1,Train,0.6889418975305733
SVR(C=1),cow,Total number of defects,90,MAE,2,Train,0.6676339246337811
SVR(C=1),cow,Total number of defects,90,MAE,3,Train,0.7001336229034792
SVR(C=1),cow,Total number of defects,90,MAE,4,Train,0.7271606499305063
SVR(C=1),cow,Total number of defects,90,MAE,5,Train,0.673744453245338
SVR(C=1),cow,Total number of defects,90,MAE,1,Test,0.8000954158128921
SVR(C=1),cow,Total number of defects,90,MAE,2,Test,0.8112020448339895
SVR(C=1),cow,Total number of defects,90,MAE,3,Test,0.6777777780965288
SVR(C=1),cow,Total number of defects,90,MAE,4,Test,0.5666666669854177
SVR(C=1),cow,Total number of defects,90,MAE,5,Test,0.7888888896894083
SVR(C=1),cow,Total number of defects,90,MSE,1,Train,0.9100148971884219
SVR(C=1),cow,Total number of defects,90,MSE,2,Train,0.7775225063567264
SVR(C=1),cow,Total number of defects,90,MSE,3,Train,0.8634987839686656
SVR(C=1),cow,Total number of defects,90,MSE,4,Train,0.9499852704493613
SVR(C=1),cow,Total number of defects,90,MSE,5,Train,0.7868793170921036
SVR(C=1),cow,Total number of defects,90,MSE,1,Test,0.930103096663091
SVR(C=1),cow,Total number of defects,90,MSE,2,Test,1.2100036879700342
SVR(C=1),cow,Total number of defects,90,MSE,3,Test,0.8535709352981002
SVR(C=1),cow,Total number of defects,90,MSE,4,Test,0.498015379766353
SVR(C=1),cow,Total number of defects,90,MSE,5,Test,1.1543187165587803
SVR(C=1),steer,Total number of defects,90,MAE,1,Train,0.3165400881020202
SVR(C=1),steer,Total number of defects,90,MAE,2,Train,0.35223671173472787
SVR(C=1),steer,Total number of defects,90,MAE,3,Train,0.33650921416188434
SVR(C=1),steer,Total number of defects,90,MAE,4,Train,0.3306059944409998
SVR(C=1),steer,Total number of defects,90,MAE,5,Train,0.32755597593275276
SVR(C=1),steer,Total number of defects,90,MAE,1,Test,0.40444242117852436
SVR(C=1),steer,Total number of defects,90,MAE,2,Test,0.2857655624075649
SVR(C=1),steer,Total number of defects,90,MAE,3,Test,0.32240686423750936
SVR(C=1),steer,Total number of defects,90,MAE,4,Test,0.35835460954479487
SVR(C=1),steer,Total number of defects,90,MAE,5,Test,0.3891336773561587
SVR(C=1),steer,Total number of defects,90,MSE,1,Train,0.3901474388514676
SVR(C=1),steer,Total number of defects,90,MSE,2,Train,0.4733345481745131
SVR(C=1),steer,Total number of defects,90,MSE,3,Train,0.41519540798806076
SVR(C=1),steer,Total number of defects,90,MSE,4,Train,0.34686069256440366
SVR(C=1),steer,Total number of defects,90,MSE,5,Train,0.42304999805147364
SVR(C=1),steer,Total number of defects,90,MSE,1,Test,0.5401365682250547
SVR(C=1),steer,Total number of defects,90,MSE,2,Test,0.2791514602228393
SVR(C=1),steer,Total number of defects,90,MSE,3,Test,0.32414268974549776
SVR(C=1),steer,Total number of defects,90,MSE,4,Test,0.6713702561540702
SVR(C=1),steer,Total number of defects,90,MSE,5,Test,0.4015063925584011
SVR(C=1),heifer,Total number of defects,90,MAE,1,Train,0.5370829317586684
SVR(C=1),heifer,Total number of defects,90,MAE,2,Train,0.44038728764077434
SVR(C=1),heifer,Total number of defects,90,MAE,3,Train,0.5020179482916841
SVR(C=1),heifer,Total number of defects,90,MAE,4,Train,0.4304506417930212
SVR(C=1),heifer,Total number of defects,90,MAE,5,Train,0.46730726327642513
SVR(C=1),heifer,Total number of defects,90,MAE,1,Test,0.30085818678267173
SVR(C=1),heifer,Total number of defects,90,MAE,2,Test,0.6301715024851253
SVR(C=1),heifer,Total number of defects,90,MAE,3,Test,0.4251174504885496
SVR(C=1),heifer,Total number of defects,90,MAE,4,Test,0.7260170125377389
SVR(C=1),heifer,Total number of defects,90,MAE,5,Test,0.641583345661107
SVR(C=1),heifer,Total number of defects,90,MSE,1,Train,0.7927454287927812
SVR(C=1),heifer,Total number of defects,90,MSE,2,Train,0.552624034489866
SVR(C=1),heifer,Total number of defects,90,MSE,3,Train,0.7486549721840342
SVR(C=1),heifer,Total number of defects,90,MSE,4,Train,0.48086836998193355
SVR(C=1),heifer,Total number of defects,90,MSE,5,Train,0.6590096549514302
SVR(C=1),heifer,Total number of defects,90,MSE,1,Test,0.2057123311681389
SVR(C=1),heifer,Total number of defects,90,MSE,2,Test,1.0886797749761086
SVR(C=1),heifer,Total number of defects,90,MSE,3,Test,0.3599741992765393
SVR(C=1),heifer,Total number of defects,90,MSE,4,Test,1.4306641305528505
SVR(C=1),heifer,Total number of defects,90,MSE,5,Test,0.6598127356314293
SVR(C=1),cow,live weight,180,MAE,1,Train,46.93453120771497
SVR(C=1),cow,live weight,180,MAE,2,Train,40.95296795192137
SVR(C=1),cow,live weight,180,MAE,3,Train,45.547788122727894
SVR(C=1),cow,live weight,180,MAE,4,Train,43.96792395655341
SVR(C=1),cow,live weight,180,MAE,5,Train,52.98122979460251
SVR(C=1),cow,live weight,180,MAE,1,Test,45.05091138238964
SVR(C=1),cow,live weight,180,MAE,2,Test,69.56741135123328
SVR(C=1),cow,live weight,180,MAE,3,Test,52.29747012169409
SVR(C=1),cow,live weight,180,MAE,4,Test,56.313651028152485
SVR(C=1),cow,live weight,180,MAE,5,Test,20.69761940433337
SVR(C=1),cow,live weight,180,MSE,1,Train,3655.1872770306486
SVR(C=1),cow,live weight,180,MSE,2,Train,2777.46059487764
SVR(C=1),cow,live weight,180,MSE,3,Train,3742.212205432106
SVR(C=1),cow,live weight,180,MSE,4,Train,3290.087227289268
SVR(C=1),cow,live weight,180,MSE,5,Train,4463.107697805599
SVR(C=1),cow,live weight,180,MSE,1,Test,3316.018935385673
SVR(C=1),cow,live weight,180,MSE,2,Test,7107.120634392289
SVR(C=1),cow,live weight,180,MSE,3,Test,3559.7129153302944
SVR(C=1),cow,live weight,180,MSE,4,Test,4756.423998516596
SVR(C=1),cow,live weight,180,MSE,5,Test,563.7688552254713
SVR(C=1),steer,live weight,180,MAE,1,Train,31.78108113623695
SVR(C=1),steer,live weight,180,MAE,2,Train,28.961267484318064
SVR(C=1),steer,live weight,180,MAE,3,Train,31.002127959916113
SVR(C=1),steer,live weight,180,MAE,4,Train,30.23220064668649
SVR(C=1),steer,live weight,180,MAE,5,Train,31.536940882712877
SVR(C=1),steer,live weight,180,MAE,1,Test,26.6870794351482
SVR(C=1),steer,live weight,180,MAE,2,Test,38.936188549826035
SVR(C=1),steer,live weight,180,MAE,3,Test,30.21686014892716
SVR(C=1),steer,live weight,180,MAE,4,Test,32.813506128454605
SVR(C=1),steer,live weight,180,MAE,5,Test,28.203136900097952
SVR(C=1),steer,live weight,180,MSE,1,Train,2438.244892975799
SVR(C=1),steer,live weight,180,MSE,2,Train,1433.0967274543493
SVR(C=1),steer,live weight,180,MSE,3,Train,2347.0440310952918
SVR(C=1),steer,live weight,180,MSE,4,Train,2318.5080246107677
SVR(C=1),steer,live weight,180,MSE,5,Train,2440.3080002045162
SVR(C=1),steer,live weight,180,MSE,1,Test,1182.5157528807863
SVR(C=1),steer,live weight,180,MSE,2,Test,5397.077198461184
SVR(C=1),steer,live weight,180,MSE,3,Test,1651.8215729324081
SVR(C=1),steer,live weight,180,MSE,4,Test,1696.1412997851232
SVR(C=1),steer,live weight,180,MSE,5,Test,1304.0957482337076
SVR(C=1),heifer,live weight,180,MAE,1,Train,22.90231304144053
SVR(C=1),heifer,live weight,180,MAE,2,Train,20.85489028235393
SVR(C=1),heifer,live weight,180,MAE,3,Train,20.962842328520654
SVR(C=1),heifer,live weight,180,MAE,4,Train,21.0989422579627
SVR(C=1),heifer,live weight,180,MAE,5,Train,20.258137005907813
SVR(C=1),heifer,live weight,180,MAE,1,Test,16.688161088589275
SVR(C=1),heifer,live weight,180,MAE,2,Test,22.051526876120292
SVR(C=1),heifer,live weight,180,MAE,3,Test,24.229920711077227
SVR(C=1),heifer,live weight,180,MAE,4,Test,22.607912429075242
SVR(C=1),heifer,live weight,180,MAE,5,Test,25.590049433845206
SVR(C=1),heifer,live weight,180,MSE,1,Train,955.4247888786781
SVR(C=1),heifer,live weight,180,MSE,2,Train,816.810065265968
SVR(C=1),heifer,live weight,180,MSE,3,Train,798.518478548793
SVR(C=1),heifer,live weight,180,MSE,4,Train,826.4217771684582
SVR(C=1),heifer,live weight,180,MSE,5,Train,726.9558667256147
SVR(C=1),heifer,live weight,180,MSE,1,Test,415.3383985252546
SVR(C=1),heifer,live weight,180,MSE,2,Test,821.4325857452949
SVR(C=1),heifer,live weight,180,MSE,3,Test,1032.5432188802818
SVR(C=1),heifer,live weight,180,MSE,4,Test,894.0809031549961
SVR(C=1),heifer,live weight,180,MSE,5,Test,1209.3316126367065
SVR(C=1),cow,carcass weight,180,MAE,1,Train,25.060712170710225
SVR(C=1),cow,carcass weight,180,MAE,2,Train,22.08520382281382
SVR(C=1),cow,carcass weight,180,MAE,3,Train,24.509366213156266
SVR(C=1),cow,carcass weight,180,MAE,4,Train,23.70264209856897
SVR(C=1),cow,carcass weight,180,MAE,5,Train,27.658377734003597
SVR(C=1),cow,carcass weight,180,MAE,1,Test,24.17035904953128
SVR(C=1),cow,carcass weight,180,MAE,2,Test,36.69698479534438
SVR(C=1),cow,carcass weight,180,MAE,3,Test,26.844444444407763
SVR(C=1),cow,carcass weight,180,MAE,4,Test,29.79999999701297
SVR(C=1),cow,carcass weight,180,MAE,5,Test,13.602964728544553
SVR(C=1),cow,carcass weight,180,MSE,1,Train,994.1940901424344
SVR(C=1),cow,carcass weight,180,MSE,2,Train,885.0222517501153
SVR(C=1),cow,carcass weight,180,MSE,3,Train,1122.940342852909
SVR(C=1),cow,carcass weight,180,MSE,4,Train,1012.7900202375106
SVR(C=1),cow,carcass weight,180,MSE,5,Train,1308.9334746833108
SVR(C=1),cow,carcass weight,180,MSE,1,Test,1311.0108182230192
SVR(C=1),cow,carcass weight,180,MSE,2,Test,1971.6193351624108
SVR(C=1),cow,carcass weight,180,MSE,3,Test,972.8071257299393
SVR(C=1),cow,carcass weight,180,MSE,4,Test,1292.8529574294746
SVR(C=1),cow,carcass weight,180,MSE,5,Test,252.7469060844576
SVR(C=1),steer,carcass weight,180,MAE,1,Train,16.39586691445565
SVR(C=1),steer,carcass weight,180,MAE,2,Train,15.442562838737059
SVR(C=1),steer,carcass weight,180,MAE,3,Train,16.20451664061198
SVR(C=1),steer,carcass weight,180,MAE,4,Train,15.207823497904903
SVR(C=1),steer,carcass weight,180,MAE,5,Train,15.494234758977514
SVR(C=1),steer,carcass weight,180,MAE,1,Test,13.736080017817725
SVR(C=1),steer,carcass weight,180,MAE,2,Test,17.487051421591637
SVR(C=1),steer,carcass weight,180,MAE,3,Test,14.44618277333474
SVR(C=1),steer,carcass weight,180,MAE,4,Test,17.93663317355908
SVR(C=1),steer,carcass weight,180,MAE,5,Test,17.517157644810272
SVR(C=1),steer,carcass weight,180,MSE,1,Train,441.4729953581157
SVR(C=1),steer,carcass weight,180,MSE,2,Train,391.16160643043474
SVR(C=1),steer,carcass weight,180,MSE,3,Train,438.7918701974741
SVR(C=1),steer,carcass weight,180,MSE,4,Train,383.58895727349204
SVR(C=1),steer,carcass weight,180,MSE,5,Train,411.8623143150413
SVR(C=1),steer,carcass weight,180,MSE,1,Test,316.60820374508404
SVR(C=1),steer,carcass weight,180,MSE,2,Test,521.8558331167666
SVR(C=1),steer,carcass weight,180,MSE,3,Test,329.44927046993007
SVR(C=1),steer,carcass weight,180,MSE,4,Test,526.554110046796
SVR(C=1),steer,carcass weight,180,MSE,5,Test,446.72646969485805
SVR(C=1),heifer,carcass weight,180,MAE,1,Train,12.75562299114749
SVR(C=1),heifer,carcass weight,180,MAE,2,Train,10.95461747388416
SVR(C=1),heifer,carcass weight,180,MAE,3,Train,11.131532111437606
SVR(C=1),heifer,carcass weight,180,MAE,4,Train,12.16550263783357
SVR(C=1),heifer,carcass weight,180,MAE,5,Train,10.534981525052096
SVR(C=1),heifer,carcass weight,180,MAE,1,Test,8.456534473083558
SVR(C=1),heifer,carcass weight,180,MAE,2,Test,14.22348844502661
SVR(C=1),heifer,carcass weight,180,MAE,3,Test,14.150113619092435
SVR(C=1),heifer,carcass weight,180,MAE,4,Test,8.925119737444811
SVR(C=1),heifer,carcass weight,180,MAE,5,Test,15.07812035778357
SVR(C=1),heifer,carcass weight,180,MSE,1,Train,306.3310984086181
SVR(C=1),heifer,carcass weight,180,MSE,2,Train,230.15722424409935
SVR(C=1),heifer,carcass weight,180,MSE,3,Train,243.5045104731596
SVR(C=1),heifer,carcass weight,180,MSE,4,Train,276.3911679782854
SVR(C=1),heifer,carcass weight,180,MSE,5,Train,211.31795175579342
SVR(C=1),heifer,carcass weight,180,MSE,1,Test,99.61034560022938
SVR(C=1),heifer,carcass weight,180,MSE,2,Test,349.10955481313044
SVR(C=1),heifer,carcass weight,180,MSE,3,Test,334.0294614620651
SVR(C=1),heifer,carcass weight,180,MSE,4,Test,151.9496701028589
SVR(C=1),heifer,carcass weight,180,MSE,5,Test,425.48097116688797
SVR(C=1),cow,price,180,MAE,1,Train,99.90848986508166
SVR(C=1),cow,price,180,MAE,2,Train,85.25256911792538
SVR(C=1),cow,price,180,MAE,3,Train,94.0947661622151
SVR(C=1),cow,price,180,MAE,4,Train,95.62785326752702
SVR(C=1),cow,price,180,MAE,5,Train,103.63174988984166
SVR(C=1),cow,price,180,MAE,1,Test,79.29832957147539
SVR(C=1),cow,price,180,MAE,2,Test,139.91236270356663
SVR(C=1),cow,price,180,MAE,3,Test,107.23195169768817
SVR(C=1),cow,price,180,MAE,4,Test,97.36308830911888
SVR(C=1),cow,price,180,MAE,5,Test,65.91371540910896
SVR(C=1),cow,price,180,MSE,1,Train,17368.066175529515
SVR(C=1),cow,price,180,MSE,2,Train,13307.772092152918
SVR(C=1),cow,price,180,MSE,3,Train,17088.584748873393
SVR(C=1),cow,price,180,MSE,4,Train,15821.549758301535
SVR(C=1),cow,price,180,MSE,5,Train,19286.124155349826
SVR(C=1),cow,price,180,MSE,1,Test,11973.942363386277
SVR(C=1),cow,price,180,MSE,2,Test,30661.460722485375
SVR(C=1),cow,price,180,MSE,3,Test,16988.477609719408
SVR(C=1),cow,price,180,MSE,4,Test,20113.24855983056
SVR(C=1),cow,price,180,MSE,5,Test,6620.414369795522
SVR(C=1),steer,price,180,MAE,1,Train,105.67672298856289
SVR(C=1),steer,price,180,MAE,2,Train,100.08757733612416
SVR(C=1),steer,price,180,MAE,3,Train,105.10580754641856
SVR(C=1),steer,price,180,MAE,4,Train,99.59209654994756
SVR(C=1),steer,price,180,MAE,5,Train,100.34042710385282
SVR(C=1),steer,price,180,MAE,1,Test,88.74470068967268
SVR(C=1),steer,price,180,MAE,2,Test,111.67410891483188
SVR(C=1),steer,price,180,MAE,3,Test,90.11265447362317
SVR(C=1),steer,price,180,MAE,4,Test,113.47452769773244
SVR(C=1),steer,price,180,MAE,5,Test,110.36528913255242
SVR(C=1),steer,price,180,MSE,1,Train,17742.7259187681
SVR(C=1),steer,price,180,MSE,2,Train,15760.503421810943
SVR(C=1),steer,price,180,MSE,3,Train,17605.727226021736
SVR(C=1),steer,price,180,MSE,4,Train,15869.517472872436
SVR(C=1),steer,price,180,MSE,5,Train,16585.475160042657
SVR(C=1),steer,price,180,MSE,1,Test,12599.72330836554
SVR(C=1),steer,price,180,MSE,2,Test,20898.437664765108
SVR(C=1),steer,price,180,MSE,3,Test,13090.079041002282
SVR(C=1),steer,price,180,MSE,4,Test,20360.68794769724
SVR(C=1),steer,price,180,MSE,5,Test,17333.00878010969
SVR(C=1),heifer,price,180,MAE,1,Train,77.0861046142953
SVR(C=1),heifer,price,180,MAE,2,Train,69.87152078752356
SVR(C=1),heifer,price,180,MAE,3,Train,68.95021726650228
SVR(C=1),heifer,price,180,MAE,4,Train,77.1336698465798
SVR(C=1),heifer,price,180,MAE,5,Train,68.4282405944464
SVR(C=1),heifer,price,180,MAE,1,Test,55.880953902478694
SVR(C=1),heifer,price,180,MAE,2,Test,83.05870567581414
SVR(C=1),heifer,price,180,MAE,3,Test,89.99557977781826
SVR(C=1),heifer,price,180,MAE,4,Test,53.551892441122305
SVR(C=1),heifer,price,180,MAE,5,Test,88.9291820457799
SVR(C=1),heifer,price,180,MSE,1,Train,10750.084224101342
SVR(C=1),heifer,price,180,MSE,2,Train,8739.29519295392
SVR(C=1),heifer,price,180,MSE,3,Train,8941.245020373646
SVR(C=1),heifer,price,180,MSE,4,Train,10317.893327402931
SVR(C=1),heifer,price,180,MSE,5,Train,8074.708727452225
SVR(C=1),heifer,price,180,MSE,1,Test,4402.26340912448
SVR(C=1),heifer,price,180,MSE,2,Test,11857.64754069635
SVR(C=1),heifer,price,180,MSE,3,Test,11951.030038855615
SVR(C=1),heifer,price,180,MSE,4,Test,5384.324973100215
SVR(C=1),heifer,price,180,MSE,5,Test,14942.77648792248
SVR(C=1),cow,Total number of defects,180,MAE,1,Train,0.6889534651399116
SVR(C=1),cow,Total number of defects,180,MAE,2,Train,0.6676444748389203
SVR(C=1),cow,Total number of defects,180,MAE,3,Train,0.7001921481517701
SVR(C=1),cow,Total number of defects,180,MAE,4,Train,0.7272191751787971
SVR(C=1),cow,Total number of defects,180,MAE,5,Train,0.6738243487763713
SVR(C=1),cow,Total number of defects,180,MAE,1,Test,0.8000996321762172
SVR(C=1),cow,Total number of defects,180,MAE,2,Test,0.8112165022641887
SVR(C=1),cow,Total number of defects,180,MAE,3,Test,0.6777777777298403
SVR(C=1),cow,Total number of defects,180,MAE,4,Test,0.5666666666187292
SVR(C=1),cow,Total number of defects,180,MAE,5,Test,0.7888888880509312
SVR(C=1),cow,Total number of defects,180,MSE,1,Train,0.9100092896462315
SVR(C=1),cow,Total number of defects,180,MSE,2,Train,0.7775153534156795
SVR(C=1),cow,Total number of defects,180,MSE,3,Train,0.863259324713999
SVR(C=1),cow,Total number of defects,180,MSE,4,Train,0.9497458110620137
SVR(C=1),cow,Total number of defects,180,MSE,5,Train,0.7867467238541175
SVR(C=1),cow,Total number of defects,180,MSE,1,Test,0.9300930399100332
SVR(C=1),cow,Total number of defects,180,MSE,2,Test,1.2100042835582054
SVR(C=1),cow,Total number of defects,180,MSE,3,Test,0.8531917659611666
SVR(C=1),cow,Total number of defects,180,MSE,4,Test,0.49763621097488386
SVR(C=1),cow,Total number of defects,180,MSE,5,Test,1.1531757049935254
SVR(C=1),steer,Total number of defects,180,MAE,1,Train,0.3170873004138242
SVR(C=1),steer,Total number of defects,180,MAE,2,Train,0.3523785047408609
SVR(C=1),steer,Total number of defects,180,MAE,3,Train,0.33662116561102134
SVR(C=1),steer,Total number of defects,180,MAE,4,Train,0.3310420077512669
SVR(C=1),steer,Total number of defects,180,MAE,5,Train,0.32780008982477826
SVR(C=1),steer,Total number of defects,180,MAE,1,Test,0.4041155087567202
SVR(C=1),steer,Total number of defects,180,MAE,2,Test,0.28565440404466597
SVR(C=1),steer,Total number of defects,180,MAE,3,Test,0.322116240589661
SVR(C=1),steer,Total number of defects,180,MAE,4,Test,0.35806489903194333
SVR(C=1),steer,Total number of defects,180,MAE,5,Test,0.38892179547469585
SVR(C=1),steer,Total number of defects,180,MSE,1,Train,0.39182817845792844
SVR(C=1),steer,Total number of defects,180,MSE,2,Train,0.47390443375695723
SVR(C=1),steer,Total number of defects,180,MSE,3,Train,0.4155366375587972
SVR(C=1),steer,Total number of defects,180,MSE,4,Train,0.3492419397654117
SVR(C=1),steer,Total number of defects,180,MSE,5,Train,0.4239933530881282
SVR(C=1),steer,Total number of defects,180,MSE,1,Test,0.5449235725917619
SVR(C=1),steer,Total number of defects,180,MSE,2,Test,0.2794527800629117
SVR(C=1),steer,Total number of defects,180,MSE,3,Test,0.3240316612035426
SVR(C=1),steer,Total number of defects,180,MSE,4,Test,0.6711864669327262
SVR(C=1),steer,Total number of defects,180,MSE,5,Test,0.4018094527775428
SVR(C=1),heifer,Total number of defects,180,MAE,1,Train,0.5370579625545048
SVR(C=1),heifer,Total number of defects,180,MAE,2,Train,0.44174829413839056
SVR(C=1),heifer,Total number of defects,180,MAE,3,Train,0.5020387043361281
SVR(C=1),heifer,Total number of defects,180,MAE,4,Train,0.430478706175735
SVR(C=1),heifer,Total number of defects,180,MAE,5,Train,0.46733679096194014
SVR(C=1),heifer,Total number of defects,180,MAE,1,Test,0.30034646168443335
SVR(C=1),heifer,Total number of defects,180,MAE,2,Test,0.6324645380615452
SVR(C=1),heifer,Total number of defects,180,MAE,3,Test,0.42508019297400196
SVR(C=1),heifer,Total number of defects,180,MAE,4,Test,0.7256456035537512
SVR(C=1),heifer,Total number of defects,180,MAE,5,Test,0.6416140540164927
SVR(C=1),heifer,Total number of defects,180,MSE,1,Train,0.7933973913605235
SVR(C=1),heifer,Total number of defects,180,MSE,2,Train,0.5512890620965017
SVR(C=1),heifer,Total number of defects,180,MSE,3,Train,0.7487279110228071
SVR(C=1),heifer,Total number of defects,180,MSE,4,Train,0.4818738843503589
SVR(C=1),heifer,Total number of defects,180,MSE,5,Train,0.6589157732978136
SVR(C=1),heifer,Total number of defects,180,MSE,1,Test,0.2054911370152649
SVR(C=1),heifer,Total number of defects,180,MSE,2,Test,1.0900551865665336
SVR(C=1),heifer,Total number of defects,180,MSE,3,Test,0.3600646273842987
SVR(C=1),heifer,Total number of defects,180,MSE,4,Test,1.4305060259224998
SVR(C=1),heifer,Total number of defects,180,MSE,5,Test,0.6599081911576578
SVR(C=1),cow,live weight,720,MAE,1,Train,46.93107055607407
SVR(C=1),cow,live weight,720,MAE,2,Train,40.954526995731996
SVR(C=1),cow,live weight,720,MAE,3,Train,45.54811905900501
SVR(C=1),cow,live weight,720,MAE,4,Train,43.96564835308298
SVR(C=1),cow,live weight,720,MAE,5,Train,52.98264878064982
SVR(C=1),cow,live weight,720,MAE,1,Test,45.05226775839492
SVR(C=1),cow,live weight,720,MAE,2,Test,69.56996574464462
SVR(C=1),cow,live weight,720,MAE,3,Test,52.30023278291624
SVR(C=1),cow,live weight,720,MAE,4,Test,56.32457587300131
SVR(C=1),cow,live weight,720,MAE,5,Test,20.704597973504203
SVR(C=1),cow,live weight,720,MSE,1,Train,3654.6963028049586
SVR(C=1),cow,live weight,720,MSE,2,Train,2777.5802912854147
SVR(C=1),cow,live weight,720,MSE,3,Train,3742.268978610553
SVR(C=1),cow,live weight,720,MSE,4,Train,3289.7600516217417
SVR(C=1),cow,live weight,720,MSE,5,Train,4463.539204611406
SVR(C=1),cow,live weight,720,MSE,1,Test,3316.2663052927246
SVR(C=1),cow,live weight,720,MSE,2,Test,7107.302417237841
SVR(C=1),cow,live weight,720,MSE,3,Test,3560.008013773224
SVR(C=1),cow,live weight,720,MSE,4,Test,4756.97933889776
SVR(C=1),cow,live weight,720,MSE,5,Test,564.109465631473
SVR(C=1),steer,live weight,720,MAE,1,Train,29.539901720658154
SVR(C=1),steer,live weight,720,MAE,2,Train,31.262098815611193
SVR(C=1),steer,live weight,720,MAE,3,Train,31.39268137042344
SVR(C=1),steer,live weight,720,MAE,4,Train,30.718614269396323
SVR(C=1),steer,live weight,720,MAE,5,Train,30.841158647292154
SVR(C=1),steer,live weight,720,MAE,1,Test,36.840506010748264
SVR(C=1),steer,live weight,720,MAE,2,Test,29.331561193003544
SVR(C=1),steer,live weight,720,MAE,3,Test,29.367658181560042
SVR(C=1),steer,live weight,720,MAE,4,Test,31.229243348489412
SVR(C=1),steer,live weight,720,MAE,5,Test,30.45112593534775
SVR(C=1),steer,live weight,720,MSE,1,Train,1425.3097412621348
SVR(C=1),steer,live weight,720,MSE,2,Train,2441.9019831880164
SVR(C=1),steer,live weight,720,MSE,3,Train,2480.8359286489217
SVR(C=1),steer,live weight,720,MSE,4,Train,2395.312101177783
SVR(C=1),steer,live weight,720,MSE,5,Train,2392.6944461302164
SVR(C=1),steer,live weight,720,MSE,1,Test,5498.98359432249
SVR(C=1),steer,live weight,720,MSE,2,Test,1380.4972186987304
SVR(C=1),steer,live weight,720,MSE,3,Test,1386.7118804319343
SVR(C=1),steer,live weight,720,MSE,4,Test,1545.2068852104674
SVR(C=1),steer,live weight,720,MSE,5,Test,1530.911194099993
SVR(C=1),heifer,live weight,720,MAE,1,Train,19.242277414649905
SVR(C=1),heifer,live weight,720,MAE,2,Train,26.80267098636783
SVR(C=1),heifer,live weight,720,MAE,3,Train,22.31545020558228
SVR(C=1),heifer,live weight,720,MAE,4,Train,20.247587179524974
SVR(C=1),heifer,live weight,720,MAE,5,Train,25.684254967596925
SVR(C=1),heifer,live weight,720,MAE,1,Test,41.16796709990973
SVR(C=1),heifer,live weight,720,MAE,2,Test,11.660651308768422
SVR(C=1),heifer,live weight,720,MAE,3,Test,26.85608975457086
SVR(C=1),heifer,live weight,720,MAE,4,Test,37.82623128027308
SVR(C=1),heifer,live weight,720,MAE,5,Test,13.369436985873776
SVR(C=1),heifer,live weight,720,MSE,1,Train,690.7827691385168
SVR(C=1),heifer,live weight,720,MSE,2,Train,1277.8200864933533
SVR(C=1),heifer,live weight,720,MSE,3,Train,1075.2724186440998
SVR(C=1),heifer,live weight,720,MSE,4,Train,808.4692059275408
SVR(C=1),heifer,live weight,720,MSE,5,Train,1253.4985952829536
SVR(C=1),heifer,live weight,720,MSE,1,Test,2612.763035162765
SVR(C=1),heifer,live weight,720,MSE,2,Test,188.86037951000614
SVR(C=1),heifer,live weight,720,MSE,3,Test,899.436061340749
SVR(C=1),heifer,live weight,720,MSE,4,Test,2035.9547262916753
SVR(C=1),heifer,live weight,720,MSE,5,Test,249.24397201834972
SVR(C=1),cow,carcass weight,720,MAE,1,Train,25.064146937050975
SVR(C=1),cow,carcass weight,720,MAE,2,Train,22.08816791575309
SVR(C=1),cow,carcass weight,720,MAE,3,Train,24.51006127866317
SVR(C=1),cow,carcass weight,720,MAE,4,Train,23.70380132289165
SVR(C=1),cow,carcass weight,720,MAE,5,Train,27.660919348992675
SVR(C=1),cow,carcass weight,720,MAE,1,Test,24.16726883768026
SVR(C=1),cow,carcass weight,720,MAE,2,Test,36.69523708540391
SVR(C=1),cow,carcass weight,720,MAE,3,Test,26.844444444031346
SVR(C=1),cow,carcass weight,720,MAE,4,Test,29.80000000083273
SVR(C=1),cow,carcass weight,720,MAE,5,Test,13.595998821235773
SVR(C=1),cow,carcass weight,720,MSE,1,Train,994.4507965970661
SVR(C=1),cow,carcass weight,720,MSE,2,Train,885.3040163040071
SVR(C=1),cow,carcass weight,720,MSE,3,Train,1122.9102252689459
SVR(C=1),cow,carcass weight,720,MSE,4,Train,1012.8821389177228
SVR(C=1),cow,carcass weight,720,MSE,5,Train,1308.8308290567813
SVR(C=1),cow,carcass weight,720,MSE,1,Test,1310.9607982509765
SVR(C=1),cow,carcass weight,720,MSE,2,Test,1970.5461422744365
SVR(C=1),cow,carcass weight,720,MSE,3,Test,972.5843490545589
SVR(C=1),cow,carcass weight,720,MSE,4,Test,1292.9640920601387
SVR(C=1),cow,carcass weight,720,MSE,5,Test,252.54283750742687
SVR(C=1),steer,carcass weight,720,MAE,1,Train,15.803172181582427
SVR(C=1),steer,carcass weight,720,MAE,2,Train,15.727318918321345
SVR(C=1),steer,carcass weight,720,MAE,3,Train,15.733524241618374
SVR(C=1),steer,carcass weight,720,MAE,4,Train,15.258193094952718
SVR(C=1),steer,carcass weight,720,MAE,5,Train,15.524139649954884
SVR(C=1),steer,carcass weight,720,MAE,1,Test,15.50510048657393
SVR(C=1),steer,carcass weight,720,MAE,2,Test,15.690997148020916
SVR(C=1),steer,carcass weight,720,MAE,3,Test,14.821451028271333
SVR(C=1),steer,carcass weight,720,MAE,4,Test,17.065564317102126
SVR(C=1),steer,carcass weight,720,MAE,5,Test,16.465400288096124
SVR(C=1),steer,carcass weight,720,MSE,1,Train,408.9851702875049
SVR(C=1),steer,carcass weight,720,MSE,2,Train,414.30962837015926
SVR(C=1),steer,carcass weight,720,MSE,3,Train,408.3322723879509
SVR(C=1),steer,carcass weight,720,MSE,4,Train,397.45690182401484
SVR(C=1),steer,carcass weight,720,MSE,5,Train,392.7296232137867
SVR(C=1),steer,carcass weight,720,MSE,1,Test,411.9043668899355
SVR(C=1),steer,carcass weight,720,MSE,2,Test,383.00222481737893
SVR(C=1),steer,carcass weight,720,MSE,3,Test,369.85489295933445
SVR(C=1),steer,carcass weight,720,MSE,4,Test,433.88539391921154
SVR(C=1),steer,carcass weight,720,MSE,5,Test,466.56491303717297
SVR(C=1),heifer,carcass weight,720,MAE,1,Train,10.96995126952077
SVR(C=1),heifer,carcass weight,720,MAE,2,Train,14.51446676688887
SVR(C=1),heifer,carcass weight,720,MAE,3,Train,14.505120645949853
SVR(C=1),heifer,carcass weight,720,MAE,4,Train,14.03063765492113
SVR(C=1),heifer,carcass weight,720,MAE,5,Train,16.902977236428917
SVR(C=1),heifer,carcass weight,720,MAE,1,Test,29.086700803784105
SVR(C=1),heifer,carcass weight,720,MAE,2,Test,16.76143891676255
SVR(C=1),heifer,carcass weight,720,MAE,3,Test,15.295172224364784
SVR(C=1),heifer,carcass weight,720,MAE,4,Test,21.09016657268299
SVR(C=1),heifer,carcass weight,720,MAE,5,Test,5.925918603943089
SVR(C=1),heifer,carcass weight,720,MSE,1,Train,186.8951968176191
SVR(C=1),heifer,carcass weight,720,MSE,2,Train,440.08021808921904
SVR(C=1),heifer,carcass weight,720,MSE,3,Train,398.19220016830457
SVR(C=1),heifer,carcass weight,720,MSE,4,Train,370.25053729128115
SVR(C=1),heifer,carcass weight,720,MSE,5,Train,439.6433564814927
SVR(C=1),heifer,carcass weight,720,MSE,1,Test,1196.2822088936125
SVR(C=1),heifer,carcass weight,720,MSE,2,Test,322.5302588644994
SVR(C=1),heifer,carcass weight,720,MSE,3,Test,320.42899516662516
SVR(C=1),heifer,carcass weight,720,MSE,4,Test,483.02561687794105
SVR(C=1),heifer,carcass weight,720,MSE,5,Test,37.632299821257895
SVR(C=1),cow,price,720,MAE,1,Train,99.87575148158994
SVR(C=1),cow,price,720,MAE,2,Train,85.23665956528906
SVR(C=1),cow,price,720,MAE,3,Train,94.09464390294278
SVR(C=1),cow,price,720,MAE,4,Train,95.6095725335525
SVR(C=1),cow,price,720,MAE,5,Train,103.61975668754431
SVR(C=1),cow,price,720,MAE,1,Test,79.27514512840918
SVR(C=1),cow,price,720,MAE,2,Test,139.89601122029853
SVR(C=1),cow,price,720,MAE,3,Test,107.23161662713251
SVR(C=1),cow,price,720,MAE,4,Test,97.34960986883459
SVR(C=1),cow,price,720,MAE,5,Test,65.88839893600804
SVR(C=1),cow,price,720,MSE,1,Train,17361.063479137993
SVR(C=1),cow,price,720,MSE,2,Train,13304.44060350875
SVR(C=1),cow,price,720,MSE,3,Train,17088.529118445804
SVR(C=1),cow,price,720,MSE,4,Train,15815.327577164497
SVR(C=1),cow,price,720,MSE,5,Train,19281.16533478593
SVR(C=1),cow,price,720,MSE,1,Test,11971.757845484568
SVR(C=1),cow,price,720,MSE,2,Test,30647.281039665777
SVR(C=1),cow,price,720,MSE,3,Test,16988.36065799382
SVR(C=1),cow,price,720,MSE,4,Test,20109.07946780186
SVR(C=1),cow,price,720,MSE,5,Test,6615.101914108552
SVR(C=1),steer,price,720,MAE,1,Train,101.31210714890551
SVR(C=1),steer,price,720,MAE,2,Train,101.09741928877006
SVR(C=1),steer,price,720,MAE,3,Train,102.66017635463733
SVR(C=1),steer,price,720,MAE,4,Train,98.85407063254397
SVR(C=1),steer,price,720,MAE,5,Train,99.89087861056511
SVR(C=1),steer,price,720,MAE,1,Test,99.79153675845014
SVR(C=1),steer,price,720,MAE,2,Test,99.88282792003007
SVR(C=1),steer,price,720,MAE,3,Test,94.04685787833418
SVR(C=1),steer,price,720,MAE,4,Test,108.89919308082857
SVR(C=1),steer,price,720,MAE,5,Test,104.76281287252995
SVR(C=1),steer,price,720,MSE,1,Train,16159.479057043183
SVR(C=1),steer,price,720,MSE,2,Train,16477.022172871097
SVR(C=1),steer,price,720,MSE,3,Train,16637.989195093553
SVR(C=1),steer,price,720,MSE,4,Train,15836.54487602082
SVR(C=1),steer,price,720,MSE,5,Train,15736.653832146218
SVR(C=1),steer,price,720,MSE,1,Test,16566.729837845392
SVR(C=1),steer,price,720,MSE,2,Test,15038.739122538516
SVR(C=1),steer,price,720,MSE,3,Test,14335.572225798836
SVR(C=1),steer,price,720,MSE,4,Test,17441.61862020058
SVR(C=1),steer,price,720,MSE,5,Test,18079.19968421206
SVR(C=1),heifer,price,720,MAE,1,Train,66.98130985690567
SVR(C=1),heifer,price,720,MAE,2,Train,87.26134176688889
SVR(C=1),heifer,price,720,MAE,3,Train,86.18654346396227
SVR(C=1),heifer,price,720,MAE,4,Train,86.99982793968594
SVR(C=1),heifer,price,720,MAE,5,Train,97.25922723642896
SVR(C=1),heifer,price,720,MAE,1,Test,168.320607698866
SVR(C=1),heifer,price,720,MAE,2,Test,102.65113509516164
SVR(C=1),heifer,price,720,MAE,3,Test,86.44466400871488
SVR(C=1),heifer,price,720,MAE,4,Test,99.32448035718659
SVR(C=1),heifer,price,720,MAE,5,Test,58.143535123782215
SVR(C=1),heifer,price,720,MSE,1,Train,6590.110007431924
SVR(C=1),heifer,price,720,MSE,2,Train,15409.921358986272
SVR(C=1),heifer,price,720,MSE,3,Train,13591.379020146192
SVR(C=1),heifer,price,720,MSE,4,Train,13426.980064495408
SVR(C=1),heifer,price,720,MSE,5,Train,14577.78804710929
SVR(C=1),heifer,price,720,MSE,1,Test,40293.66632826159
SVR(C=1),heifer,price,720,MSE,2,Test,12111.968337279206
SVR(C=1),heifer,price,720,MSE,3,Test,10138.632875709627
SVR(C=1),heifer,price,720,MSE,4,Test,11016.37554824682
SVR(C=1),heifer,price,720,MSE,5,Test,6032.967681842038
SVR(C=1),cow,Total number of defects,720,MAE,1,Train,0.6889523425009451
SVR(C=1),cow,Total number of defects,720,MAE,2,Train,0.667656209157442
SVR(C=1),cow,Total number of defects,720,MAE,3,Train,0.7003029105461553
SVR(C=1),cow,Total number of defects,720,MAE,4,Train,0.7273299375731825
SVR(C=1),cow,Total number of defects,720,MAE,5,Train,0.6739871032936771
SVR(C=1),cow,Total number of defects,720,MAE,1,Test,0.800114216703434
SVR(C=1),cow,Total number of defects,720,MAE,2,Test,0.811252829039138
SVR(C=1),cow,Total number of defects,720,MAE,3,Test,0.6777777773599009
SVR(C=1),cow,Total number of defects,720,MAE,4,Test,0.5666666662487897
SVR(C=1),cow,Total number of defects,720,MAE,5,Test,0.7888888891103689
SVR(C=1),cow,Total number of defects,720,MSE,1,Train,0.9100178454365353
SVR(C=1),cow,Total number of defects,720,MSE,2,Train,0.7774790855648844
SVR(C=1),cow,Total number of defects,720,MSE,3,Train,0.8628123847865697
SVR(C=1),cow,Total number of defects,720,MSE,4,Train,0.949298871375768
SVR(C=1),cow,Total number of defects,720,MSE,5,Train,0.7864897688381262
SVR(C=1),cow,Total number of defects,720,MSE,1,Test,0.9301234221729805
SVR(C=1),cow,Total number of defects,720,MSE,2,Test,1.209996102536727
SVR(C=1),cow,Total number of defects,720,MSE,3,Test,0.8524798809410756
SVR(C=1),cow,Total number of defects,720,MSE,4,Test,0.4969243249632603
SVR(C=1),cow,Total number of defects,720,MSE,5,Test,1.1508593072287667
SVR(C=1),steer,Total number of defects,720,MAE,1,Train,0.3204727181178187
SVR(C=1),steer,Total number of defects,720,MAE,2,Train,0.3469331101966319
SVR(C=1),steer,Total number of defects,720,MAE,3,Train,0.342742914018384
SVR(C=1),steer,Total number of defects,720,MAE,4,Train,0.35809346096406686
SVR(C=1),steer,Total number of defects,720,MAE,5,Train,0.3307536480326972
SVR(C=1),steer,Total number of defects,720,MAE,1,Test,0.44291546493417233
SVR(C=1),steer,Total number of defects,720,MAE,2,Test,0.35766830123712107
SVR(C=1),steer,Total number of defects,720,MAE,3,Test,0.3811166698285435
SVR(C=1),steer,Total number of defects,720,MAE,4,Test,0.2923471974106473
SVR(C=1),steer,Total number of defects,720,MAE,5,Test,0.4233351557219904
SVR(C=1),steer,Total number of defects,720,MSE,1,Train,0.3690583644049932
SVR(C=1),steer,Total number of defects,720,MSE,2,Train,0.41927665739556996
SVR(C=1),steer,Total number of defects,720,MSE,3,Train,0.390907075095627
SVR(C=1),steer,Total number of defects,720,MSE,4,Train,0.4668742015080902
SVR(C=1),steer,Total number of defects,720,MSE,5,Train,0.4282171600635705
SVR(C=1),steer,Total number of defects,720,MSE,1,Test,0.7600205990643513
SVR(C=1),steer,Total number of defects,720,MSE,2,Test,0.3557885444967207
SVR(C=1),steer,Total number of defects,720,MSE,3,Test,0.5515441144445642
SVR(C=1),steer,Total number of defects,720,MSE,4,Test,0.25229522035455476
SVR(C=1),steer,Total number of defects,720,MSE,5,Test,0.628977908060321
SVR(C=1),heifer,Total number of defects,720,MAE,1,Train,0.25
SVR(C=1),heifer,Total number of defects,720,MAE,2,Train,0.30866665388794123
SVR(C=1),heifer,Total number of defects,720,MAE,3,Train,0.36245722302669797
SVR(C=1),heifer,Total number of defects,720,MAE,4,Train,0.4084481837238311
SVR(C=1),heifer,Total number of defects,720,MAE,5,Train,0.36050872174891024
SVR(C=1),heifer,Total number of defects,720,MAE,1,Test,0.75
SVR(C=1),heifer,Total number of defects,720,MAE,2,Test,0.500440072232568
SVR(C=1),heifer,Total number of defects,720,MAE,3,Test,0.692232856321461
SVR(C=1),heifer,Total number of defects,720,MAE,4,Test,0.10774424207115268
SVR(C=1),heifer,Total number of defects,720,MAE,5,Test,0.3008010630267443
SVR(C=1),heifer,Total number of defects,720,MSE,1,Train,0.16000000000000003
SVR(C=1),heifer,Total number of defects,720,MSE,2,Train,0.32852761302138855
SVR(C=1),heifer,Total number of defects,720,MSE,3,Train,0.2840904996080023
SVR(C=1),heifer,Total number of defects,720,MSE,4,Train,0.4280204722033789
SVR(C=1),heifer,Total number of defects,720,MSE,5,Train,0.38133901437178275
SVR(C=1),heifer,Total number of defects,720,MSE,1,Test,1.1099999999999999
SVR(C=1),heifer,Total number of defects,720,MSE,2,Test,0.4100982432910074
SVR(C=1),heifer,Total number of defects,720,MSE,3,Test,0.5961794027419253
SVR(C=1),heifer,Total number of defects,720,MSE,4,Test,0.011803784806341547
SVR(C=1),heifer,Total number of defects,720,MSE,5,Test,0.20895556415753513
SVR(C=3),cow,live weight,3,MAE,1,Train,45.63606447998581
SVR(C=3),cow,live weight,3,MAE,2,Train,40.56628795386691
SVR(C=3),cow,live weight,3,MAE,3,Train,45.44945309499114
SVR(C=3),cow,live weight,3,MAE,4,Train,42.82425293798472
SVR(C=3),cow,live weight,3,MAE,5,Train,52.40439081441203
SVR(C=3),cow,live weight,3,MAE,1,Test,46.06009326415386
SVR(C=3),cow,live weight,3,MAE,2,Test,69.53155461572399
SVR(C=3),cow,live weight,3,MAE,3,Test,51.87363694832305
SVR(C=3),cow,live weight,3,MAE,4,Test,57.799911961393946
SVR(C=3),cow,live weight,3,MAE,5,Test,21.581247785825312
SVR(C=3),cow,live weight,3,MSE,1,Train,3581.3117068825322
SVR(C=3),cow,live weight,3,MSE,2,Train,2744.500538654908
SVR(C=3),cow,live weight,3,MSE,3,Train,3750.2544132287894
SVR(C=3),cow,live weight,3,MSE,4,Train,3210.945889065361
SVR(C=3),cow,live weight,3,MSE,5,Train,4492.313017868549
SVR(C=3),cow,live weight,3,MSE,1,Test,3408.725392010076
SVR(C=3),cow,live weight,3,MSE,2,Test,7251.544172441852
SVR(C=3),cow,live weight,3,MSE,3,Test,3527.003769909039
SVR(C=3),cow,live weight,3,MSE,4,Test,4919.919890116355
SVR(C=3),cow,live weight,3,MSE,5,Test,618.2844607338758
SVR(C=3),steer,live weight,3,MAE,1,Train,30.15594590328958
SVR(C=3),steer,live weight,3,MAE,2,Train,27.51867017112783
SVR(C=3),steer,live weight,3,MAE,3,Train,30.09205416621496
SVR(C=3),steer,live weight,3,MAE,4,Train,28.651705935066172
SVR(C=3),steer,live weight,3,MAE,5,Train,30.14345721512664
SVR(C=3),steer,live weight,3,MAE,1,Test,26.225663617357785
SVR(C=3),steer,live weight,3,MAE,2,Test,38.44796880755579
SVR(C=3),steer,live weight,3,MAE,3,Test,29.065521866008382
SVR(C=3),steer,live weight,3,MAE,4,Test,32.663464410478056
SVR(C=3),steer,live weight,3,MAE,5,Test,27.269129940873267
SVR(C=3),steer,live weight,3,MSE,1,Train,2266.957916721082
SVR(C=3),steer,live weight,3,MSE,2,Train,1320.3429520434072
SVR(C=3),steer,live weight,3,MSE,3,Train,2237.2834125840523
SVR(C=3),steer,live weight,3,MSE,4,Train,2159.346892635004
SVR(C=3),steer,live weight,3,MSE,5,Train,2304.89345303466
SVR(C=3),steer,live weight,3,MSE,1,Test,1127.4476732010603
SVR(C=3),steer,live weight,3,MSE,2,Test,5165.32585047462
SVR(C=3),steer,live weight,3,MSE,3,Test,1589.5804623628492
SVR(C=3),steer,live weight,3,MSE,4,Test,1659.6902997941675
SVR(C=3),steer,live weight,3,MSE,5,Test,1172.1808027137447
SVR(C=3),heifer,live weight,3,MAE,1,Train,21.363847279399824
SVR(C=3),heifer,live weight,3,MAE,2,Train,18.520819078740015
SVR(C=3),heifer,live weight,3,MAE,3,Train,19.414523698879144
SVR(C=3),heifer,live weight,3,MAE,4,Train,19.51103625896661
SVR(C=3),heifer,live weight,3,MAE,5,Train,17.839872297773017
SVR(C=3),heifer,live weight,3,MAE,1,Test,14.862749338821928
SVR(C=3),heifer,live weight,3,MAE,2,Test,22.589609025129832
SVR(C=3),heifer,live weight,3,MAE,3,Test,22.149717031875017
SVR(C=3),heifer,live weight,3,MAE,4,Test,22.196512254629116
SVR(C=3),heifer,live weight,3,MAE,5,Test,25.56194911588886
SVR(C=3),heifer,live weight,3,MSE,1,Train,856.2011828506982
SVR(C=3),heifer,live weight,3,MSE,2,Train,663.3300762989695
SVR(C=3),heifer,live weight,3,MSE,3,Train,717.1320526374161
SVR(C=3),heifer,live weight,3,MSE,4,Train,722.8576250690519
SVR(C=3),heifer,live weight,3,MSE,5,Train,600.1895770614211
SVR(C=3),heifer,live weight,3,MSE,1,Test,330.0394725766104
SVR(C=3),heifer,live weight,3,MSE,2,Test,883.1004613883321
SVR(C=3),heifer,live weight,3,MSE,3,Test,916.6523890700722
SVR(C=3),heifer,live weight,3,MSE,4,Test,832.0222754524372
SVR(C=3),heifer,live weight,3,MSE,5,Test,1135.0414666275728
SVR(C=3),cow,carcass weight,3,MAE,1,Train,23.701915917334777
SVR(C=3),cow,carcass weight,3,MAE,2,Train,21.78757998538078
SVR(C=3),cow,carcass weight,3,MAE,3,Train,24.423535883839694
SVR(C=3),cow,carcass weight,3,MAE,4,Train,22.980014526285853
SVR(C=3),cow,carcass weight,3,MAE,5,Train,27.396973468307696
SVR(C=3),cow,carcass weight,3,MAE,1,Test,25.807869755167992
SVR(C=3),cow,carcass weight,3,MAE,2,Test,36.74113663780324
SVR(C=3),cow,carcass weight,3,MAE,3,Test,26.822222224483085
SVR(C=3),cow,carcass weight,3,MAE,4,Test,29.81111111531918
SVR(C=3),cow,carcass weight,3,MAE,5,Test,13.721556575487151
SVR(C=3),cow,carcass weight,3,MSE,1,Train,903.3405599158291
SVR(C=3),cow,carcass weight,3,MSE,2,Train,858.1191590266242
SVR(C=3),cow,carcass weight,3,MSE,3,Train,1124.8947477009563
SVR(C=3),cow,carcass weight,3,MSE,4,Train,964.8780882662637
SVR(C=3),cow,carcass weight,3,MSE,5,Train,1294.5093926359107
SVR(C=3),cow,carcass weight,3,MSE,1,Test,1395.6425194624271
SVR(C=3),cow,carcass weight,3,MSE,2,Test,2035.8485441700368
SVR(C=3),cow,carcass weight,3,MSE,3,Test,993.5416334754724
SVR(C=3),cow,carcass weight,3,MSE,4,Test,1238.622795317929
SVR(C=3),cow,carcass weight,3,MSE,5,Test,251.5872080676309
SVR(C=3),steer,carcass weight,3,MAE,1,Train,15.360223114603997
SVR(C=3),steer,carcass weight,3,MAE,2,Train,14.483497014885563
SVR(C=3),steer,carcass weight,3,MAE,3,Train,15.181429833252519
SVR(C=3),steer,carcass weight,3,MAE,4,Train,14.181433628305687
SVR(C=3),steer,carcass weight,3,MAE,5,Train,14.490610720992247
SVR(C=3),steer,carcass weight,3,MAE,1,Test,12.842431946694353
SVR(C=3),steer,carcass weight,3,MAE,2,Test,16.653334588471274
SVR(C=3),steer,carcass weight,3,MAE,3,Test,13.566093833046212
SVR(C=3),steer,carcass weight,3,MAE,4,Test,17.29412722394755
SVR(C=3),steer,carcass weight,3,MAE,5,Test,16.91800335510895
SVR(C=3),steer,carcass weight,3,MSE,1,Train,397.07522091056035
SVR(C=3),steer,carcass weight,3,MSE,2,Train,357.41450953486293
SVR(C=3),steer,carcass weight,3,MSE,3,Train,393.7066685692364
SVR(C=3),steer,carcass weight,3,MSE,4,Train,340.20477233962936
SVR(C=3),steer,carcass weight,3,MSE,5,Train,374.29355695690947
SVR(C=3),steer,carcass weight,3,MSE,1,Test,293.44760826105295
SVR(C=3),steer,carcass weight,3,MSE,2,Test,462.07344074528595
SVR(C=3),steer,carcass weight,3,MSE,3,Test,300.93184325915576
SVR(C=3),steer,carcass weight,3,MSE,4,Test,507.86751554308717
SVR(C=3),steer,carcass weight,3,MSE,5,Test,419.5544394974919
SVR(C=3),heifer,carcass weight,3,MAE,1,Train,11.84512768688185
SVR(C=3),heifer,carcass weight,3,MAE,2,Train,10.04578655990281
SVR(C=3),heifer,carcass weight,3,MAE,3,Train,10.473252018598373
SVR(C=3),heifer,carcass weight,3,MAE,4,Train,11.208758934135501
SVR(C=3),heifer,carcass weight,3,MAE,5,Train,9.549104900169667
SVR(C=3),heifer,carcass weight,3,MAE,1,Test,6.759084189092509
SVR(C=3),heifer,carcass weight,3,MAE,2,Test,13.542104260809788
SVR(C=3),heifer,carcass weight,3,MAE,3,Test,12.542791528151199
SVR(C=3),heifer,carcass weight,3,MAE,4,Test,9.312072957551438
SVR(C=3),heifer,carcass weight,3,MAE,5,Test,15.379916353259532
SVR(C=3),heifer,carcass weight,3,MSE,1,Train,271.13416225405626
SVR(C=3),heifer,carcass weight,3,MSE,2,Train,203.89014620441645
SVR(C=3),heifer,carcass weight,3,MSE,3,Train,225.24891387992443
SVR(C=3),heifer,carcass weight,3,MSE,4,Train,245.50723281709057
SVR(C=3),heifer,carcass weight,3,MSE,5,Train,187.16714404303323
SVR(C=3),heifer,carcass weight,3,MSE,1,Test,69.8192129903133
SVR(C=3),heifer,carcass weight,3,MSE,2,Test,325.22365622774794
SVR(C=3),heifer,carcass weight,3,MSE,3,Test,282.5267624927165
SVR(C=3),heifer,carcass weight,3,MSE,4,Test,157.3410867558939
SVR(C=3),heifer,carcass weight,3,MSE,5,Test,413.20918374809344
SVR(C=3),cow,price,3,MAE,1,Train,95.7284753114559
SVR(C=3),cow,price,3,MAE,2,Train,81.09073423876734
SVR(C=3),cow,price,3,MAE,3,Train,91.33427792621401
SVR(C=3),cow,price,3,MAE,4,Train,90.3963565053376
SVR(C=3),cow,price,3,MAE,5,Train,100.10131243199112
SVR(C=3),cow,price,3,MAE,1,Test,78.1627313250391
SVR(C=3),cow,price,3,MAE,2,Test,135.9202997203826
SVR(C=3),cow,price,3,MAE,3,Test,99.72913208904737
SVR(C=3),cow,price,3,MAE,4,Test,95.61780922657285
SVR(C=3),cow,price,3,MAE,5,Test,60.01523778151021
SVR(C=3),cow,price,3,MSE,1,Train,16252.969071983049
SVR(C=3),cow,price,3,MSE,2,Train,12321.466307888953
SVR(C=3),cow,price,3,MSE,3,Train,16004.444639066505
SVR(C=3),cow,price,3,MSE,4,Train,14205.349107559818
SVR(C=3),cow,price,3,MSE,5,Train,17954.957561325926
SVR(C=3),cow,price,3,MSE,1,Test,11905.375836566545
SVR(C=3),cow,price,3,MSE,2,Test,28066.70522386123
SVR(C=3),cow,price,3,MSE,3,Test,14856.091940581704
SVR(C=3),cow,price,3,MSE,4,Test,18834.037211957355
SVR(C=3),cow,price,3,MSE,5,Test,5351.5792287351105
SVR(C=3),steer,price,3,MAE,1,Train,101.63536848749413
SVR(C=3),steer,price,3,MAE,2,Train,96.25109902643142
SVR(C=3),steer,price,3,MAE,3,Train,100.88152755295081
SVR(C=3),steer,price,3,MAE,4,Train,95.0787049820574
SVR(C=3),steer,price,3,MAE,5,Train,96.09012488976178
SVR(C=3),steer,price,3,MAE,1,Test,85.54146506107435
SVR(C=3),steer,price,3,MAE,2,Test,108.66843752544696
SVR(C=3),steer,price,3,MAE,3,Test,87.20348995203088
SVR(C=3),steer,price,3,MAE,4,Test,110.22767097905216
SVR(C=3),steer,price,3,MAE,5,Test,107.48642765673623
SVR(C=3),steer,price,3,MSE,1,Train,16567.78281653866
SVR(C=3),steer,price,3,MSE,2,Train,14742.228743380632
SVR(C=3),steer,price,3,MSE,3,Train,16439.530415788944
SVR(C=3),steer,price,3,MSE,4,Train,14559.886482236872
SVR(C=3),steer,price,3,MSE,5,Train,15415.173515947947
SVR(C=3),steer,price,3,MSE,1,Test,11845.812872792334
SVR(C=3),steer,price,3,MSE,2,Test,19634.545445166834
SVR(C=3),steer,price,3,MSE,3,Test,12162.019722774417
SVR(C=3),steer,price,3,MSE,4,Test,19454.927640281236
SVR(C=3),steer,price,3,MSE,5,Test,16439.878178443974
SVR(C=3),heifer,price,3,MAE,1,Train,73.81141689047196
SVR(C=3),heifer,price,3,MAE,2,Train,65.67225311335787
SVR(C=3),heifer,price,3,MAE,3,Train,66.26815847139024
SVR(C=3),heifer,price,3,MAE,4,Train,72.63896038906977
SVR(C=3),heifer,price,3,MAE,5,Train,63.599496089237164
SVR(C=3),heifer,price,3,MAE,1,Test,52.505351435691864
SVR(C=3),heifer,price,3,MAE,2,Test,80.39405219909827
SVR(C=3),heifer,price,3,MAE,3,Test,84.34090164450792
SVR(C=3),heifer,price,3,MAE,4,Test,50.931801554329304
SVR(C=3),heifer,price,3,MAE,5,Test,87.59608214997957
SVR(C=3),heifer,price,3,MSE,1,Train,10051.58523927673
SVR(C=3),heifer,price,3,MSE,2,Train,7860.6381792786815
SVR(C=3),heifer,price,3,MSE,3,Train,8403.000391129146
SVR(C=3),heifer,price,3,MSE,4,Train,9378.74357442653
SVR(C=3),heifer,price,3,MSE,5,Train,7191.317936379396
SVR(C=3),heifer,price,3,MSE,1,Test,3814.5365107757907
SVR(C=3),heifer,price,3,MSE,2,Test,11274.030135889654
SVR(C=3),heifer,price,3,MSE,3,Test,10973.580086272508
SVR(C=3),heifer,price,3,MSE,4,Test,4864.934799267882
SVR(C=3),heifer,price,3,MSE,5,Test,14451.377130427863
SVR(C=3),cow,Total number of defects,3,MAE,1,Train,0.6888260399700806
SVR(C=3),cow,Total number of defects,3,MAE,2,Train,0.6674822705954976
SVR(C=3),cow,Total number of defects,3,MAE,3,Train,0.6999192452888829
SVR(C=3),cow,Total number of defects,3,MAE,4,Train,0.72694627231591
SVR(C=3),cow,Total number of defects,3,MAE,5,Train,0.6730292036411686
SVR(C=3),cow,Total number of defects,3,MAE,1,Test,0.7999030330710454
SVR(C=3),cow,Total number of defects,3,MAE,2,Test,0.8109835974569525
SVR(C=3),cow,Total number of defects,3,MAE,3,Test,0.6776947804622017
SVR(C=3),cow,Total number of defects,3,MAE,4,Test,0.5665836693510905
SVR(C=3),cow,Total number of defects,3,MAE,5,Test,0.7887627953581663
SVR(C=3),cow,Total number of defects,3,MSE,1,Train,0.9099910824649053
SVR(C=3),cow,Total number of defects,3,MSE,2,Train,0.7776405799002513
SVR(C=3),cow,Total number of defects,3,MSE,3,Train,0.8641052855948933
SVR(C=3),cow,Total number of defects,3,MSE,4,Train,0.950578312879186
SVR(C=3),cow,Total number of defects,3,MSE,5,Train,0.7883939007640296
SVR(C=3),cow,Total number of defects,3,MSE,1,Test,0.9299095443943856
SVR(C=3),cow,Total number of defects,3,MSE,2,Test,1.2100001101864601
SVR(C=3),cow,Total number of defects,3,MSE,3,Test,0.8544943463744361
SVR(C=3),cow,Total number of defects,3,MSE,4,Test,0.4989941230945655
SVR(C=3),cow,Total number of defects,3,MSE,5,Test,1.1652026770851285
SVR(C=3),steer,Total number of defects,3,MAE,1,Train,0.3078890087332351
SVR(C=3),steer,Total number of defects,3,MAE,2,Train,0.3439882918180261
SVR(C=3),steer,Total number of defects,3,MAE,3,Train,0.3294741654534617
SVR(C=3),steer,Total number of defects,3,MAE,4,Train,0.32840294134642123
SVR(C=3),steer,Total number of defects,3,MAE,5,Train,0.3212014789737018
SVR(C=3),steer,Total number of defects,3,MAE,1,Test,0.4147806337650277
SVR(C=3),steer,Total number of defects,3,MAE,2,Test,0.2849267220199132
SVR(C=3),steer,Total number of defects,3,MAE,3,Test,0.34150945901147306
SVR(C=3),steer,Total number of defects,3,MAE,4,Test,0.3599690081803978
SVR(C=3),steer,Total number of defects,3,MAE,5,Test,0.38448011398389764
SVR(C=3),steer,Total number of defects,3,MSE,1,Train,0.35755816608953733
SVR(C=3),steer,Total number of defects,3,MSE,2,Train,0.43235806670993643
SVR(C=3),steer,Total number of defects,3,MSE,3,Train,0.3824858122373522
SVR(C=3),steer,Total number of defects,3,MSE,4,Train,0.3393750058011275
SVR(C=3),steer,Total number of defects,3,MSE,5,Train,0.39850741561255
SVR(C=3),steer,Total number of defects,3,MSE,1,Test,0.5395818508222071
SVR(C=3),steer,Total number of defects,3,MSE,2,Test,0.2789920417237618
SVR(C=3),steer,Total number of defects,3,MSE,3,Test,0.37654867935793485
SVR(C=3),steer,Total number of defects,3,MSE,4,Test,0.6615714870047834
SVR(C=3),steer,Total number of defects,3,MSE,5,Test,0.39135445381795736
SVR(C=3),heifer,Total number of defects,3,MAE,1,Train,0.5366419441921785
SVR(C=3),heifer,Total number of defects,3,MAE,2,Train,0.4483829640939159
SVR(C=3),heifer,Total number of defects,3,MAE,3,Train,0.5019682986178637
SVR(C=3),heifer,Total number of defects,3,MAE,4,Train,0.4287097858348479
SVR(C=3),heifer,Total number of defects,3,MAE,5,Train,0.46732896687654624
SVR(C=3),heifer,Total number of defects,3,MAE,1,Test,0.30855360626455375
SVR(C=3),heifer,Total number of defects,3,MAE,2,Test,0.64411091417093
SVR(C=3),heifer,Total number of defects,3,MAE,3,Test,0.42537253620037774
SVR(C=3),heifer,Total number of defects,3,MAE,4,Test,0.7354734832388882
SVR(C=3),heifer,Total number of defects,3,MAE,5,Test,0.6417450958684023
SVR(C=3),heifer,Total number of defects,3,MSE,1,Train,0.7810948093914278
SVR(C=3),heifer,Total number of defects,3,MSE,2,Train,0.545965697037732
SVR(C=3),heifer,Total number of defects,3,MSE,3,Train,0.7473784901212218
SVR(C=3),heifer,Total number of defects,3,MSE,4,Train,0.4668295276727183
SVR(C=3),heifer,Total number of defects,3,MSE,5,Train,0.6590072644523548
SVR(C=3),heifer,Total number of defects,3,MSE,1,Test,0.2122822392081871
SVR(C=3),heifer,Total number of defects,3,MSE,2,Test,1.0979784651969056
SVR(C=3),heifer,Total number of defects,3,MSE,3,Test,0.3589093653860192
SVR(C=3),heifer,Total number of defects,3,MSE,4,Test,1.439303140786589
SVR(C=3),heifer,Total number of defects,3,MSE,5,Test,0.6598926179933403
SVR(C=3),cow,live weight,7,MAE,1,Train,45.63605866596893
SVR(C=3),cow,live weight,7,MAE,2,Train,40.54772629245937
SVR(C=3),cow,live weight,7,MAE,3,Train,45.445561291458695
SVR(C=3),cow,live weight,7,MAE,4,Train,42.82425808326668
SVR(C=3),cow,live weight,7,MAE,5,Train,52.38629585475643
SVR(C=3),cow,live weight,7,MAE,1,Test,46.060104883049235
SVR(C=3),cow,live weight,7,MAE,2,Test,69.52417723549789
SVR(C=3),cow,live weight,7,MAE,3,Test,51.85423453517157
SVR(C=3),cow,live weight,7,MAE,4,Test,57.80000000332119
SVR(C=3),cow,live weight,7,MAE,5,Test,21.544052593789615
SVR(C=3),cow,live weight,7,MSE,1,Train,3581.311262077422
SVR(C=3),cow,live weight,7,MSE,2,Train,2743.2289776427765
SVR(C=3),cow,live weight,7,MSE,3,Train,3750.4621702383392
SVR(C=3),cow,live weight,7,MSE,4,Train,3210.945850678097
SVR(C=3),cow,live weight,7,MSE,5,Train,4489.857837651775
SVR(C=3),cow,live weight,7,MSE,1,Test,3408.7255634160365
SVR(C=3),cow,live weight,7,MSE,2,Test,7256.970596828824
SVR(C=3),cow,live weight,7,MSE,3,Test,3525.416834063663
SVR(C=3),cow,live weight,7,MSE,4,Test,4919.920169237066
SVR(C=3),cow,live weight,7,MSE,5,Test,616.7472688154947
SVR(C=3),steer,live weight,7,MAE,1,Train,30.318113974943234
SVR(C=3),steer,live weight,7,MAE,2,Train,27.661059333915215
SVR(C=3),steer,live weight,7,MAE,3,Train,30.142998538939793
SVR(C=3),steer,live weight,7,MAE,4,Train,28.70541423021152
SVR(C=3),steer,live weight,7,MAE,5,Train,30.280838871295735
SVR(C=3),steer,live weight,7,MAE,1,Test,26.077900992300332
SVR(C=3),steer,live weight,7,MAE,2,Test,38.53869283009724
SVR(C=3),steer,live weight,7,MAE,3,Test,29.26750542048365
SVR(C=3),steer,live weight,7,MAE,4,Test,32.760039734267195
SVR(C=3),steer,live weight,7,MAE,5,Test,27.260391847823065
SVR(C=3),steer,live weight,7,MSE,1,Train,2283.313887083852
SVR(C=3),steer,live weight,7,MSE,2,Train,1332.8542662785076
SVR(C=3),steer,live weight,7,MSE,3,Train,2247.0351734444916
SVR(C=3),steer,live weight,7,MSE,4,Train,2166.9009620442175
SVR(C=3),steer,live weight,7,MSE,5,Train,2318.3494039895836
SVR(C=3),steer,live weight,7,MSE,1,Test,1124.720001629668
SVR(C=3),steer,live weight,7,MSE,2,Test,5190.753101015704
SVR(C=3),steer,live weight,7,MSE,3,Test,1600.9587918584439
SVR(C=3),steer,live weight,7,MSE,4,Test,1670.6005348838057
SVR(C=3),steer,live weight,7,MSE,5,Test,1184.7834441618409
SVR(C=3),heifer,live weight,7,MAE,1,Train,21.286316446274974
SVR(C=3),heifer,live weight,7,MAE,2,Train,18.308745039301332
SVR(C=3),heifer,live weight,7,MAE,3,Train,19.145303187238902
SVR(C=3),heifer,live weight,7,MAE,4,Train,19.16061604281829
SVR(C=3),heifer,live weight,7,MAE,5,Train,17.7545616070028
SVR(C=3),heifer,live weight,7,MAE,1,Test,14.186094046043152
SVR(C=3),heifer,live weight,7,MAE,2,Test,22.40939024459297
SVR(C=3),heifer,live weight,7,MAE,3,Test,22.21588700350536
SVR(C=3),heifer,live weight,7,MAE,4,Test,22.259285158282932
SVR(C=3),heifer,live weight,7,MAE,5,Test,25.069413412826037
SVR(C=3),heifer,live weight,7,MSE,1,Train,853.1325649986615
SVR(C=3),heifer,live weight,7,MSE,2,Train,667.4923927248784
SVR(C=3),heifer,live weight,7,MSE,3,Train,714.1082185601377
SVR(C=3),heifer,live weight,7,MSE,4,Train,728.1846510936764
SVR(C=3),heifer,live weight,7,MSE,5,Train,600.9783436061379
SVR(C=3),heifer,live weight,7,MSE,1,Test,314.93951529110814
SVR(C=3),heifer,live weight,7,MSE,2,Test,884.5980186741829
SVR(C=3),heifer,live weight,7,MSE,3,Test,929.0147337302478
SVR(C=3),heifer,live weight,7,MSE,4,Test,842.8968645165952
SVR(C=3),heifer,live weight,7,MSE,5,Test,1127.8044386334284
SVR(C=3),cow,carcass weight,7,MAE,1,Train,23.679746267485648
SVR(C=3),cow,carcass weight,7,MAE,2,Train,21.77388846312501
SVR(C=3),cow,carcass weight,7,MAE,3,Train,24.420165203577653
SVR(C=3),cow,carcass weight,7,MAE,4,Train,22.96475026219415
SVR(C=3),cow,carcass weight,7,MAE,5,Train,27.383116799166956
SVR(C=3),cow,carcass weight,7,MAE,1,Test,25.740905126453175
SVR(C=3),cow,carcass weight,7,MAE,2,Test,36.712992953449486
SVR(C=3),cow,carcass weight,7,MAE,3,Test,26.822222221797453
SVR(C=3),cow,carcass weight,7,MAE,4,Test,29.811111113972785
SVR(C=3),cow,carcass weight,7,MAE,5,Test,13.693073419343799
SVR(C=3),cow,carcass weight,7,MSE,1,Train,904.2771043401225
SVR(C=3),cow,carcass weight,7,MSE,2,Train,856.1782282963007
SVR(C=3),cow,carcass weight,7,MSE,3,Train,1125.2016398025198
SVR(C=3),cow,carcass weight,7,MSE,4,Train,964.1084615912216
SVR(C=3),cow,carcass weight,7,MSE,5,Train,1292.3201079882735
SVR(C=3),cow,carcass weight,7,MSE,1,Test,1387.4256292761731
SVR(C=3),cow,carcass weight,7,MSE,2,Test,2033.6508839886726
SVR(C=3),cow,carcass weight,7,MSE,3,Test,994.7689152118858
SVR(C=3),cow,carcass weight,7,MSE,4,Test,1237.888496409998
SVR(C=3),cow,carcass weight,7,MSE,5,Test,250.23905277156206
SVR(C=3),steer,carcass weight,7,MAE,1,Train,15.474450899637333
SVR(C=3),steer,carcass weight,7,MAE,2,Train,14.546234326607602
SVR(C=3),steer,carcass weight,7,MAE,3,Train,15.272535695193154
SVR(C=3),steer,carcass weight,7,MAE,4,Train,14.272546452293865
SVR(C=3),steer,carcass weight,7,MAE,5,Train,14.50871586004355
SVR(C=3),steer,carcass weight,7,MAE,1,Test,12.74972966985048
SVR(C=3),steer,carcass weight,7,MAE,2,Test,16.676763181564013
SVR(C=3),steer,carcass weight,7,MAE,3,Test,13.463446043454836
SVR(C=3),steer,carcass weight,7,MAE,4,Test,17.338743578782566
SVR(C=3),steer,carcass weight,7,MAE,5,Test,16.961644209705298
SVR(C=3),steer,carcass weight,7,MSE,1,Train,402.4574257924257
SVR(C=3),steer,carcass weight,7,MSE,2,Train,360.44242099764574
SVR(C=3),steer,carcass weight,7,MSE,3,Train,397.9345489194759
SVR(C=3),steer,carcass weight,7,MSE,4,Train,344.52574313602855
SVR(C=3),steer,carcass weight,7,MSE,5,Train,375.20312275120665
SVR(C=3),steer,carcass weight,7,MSE,1,Test,291.75056425548956
SVR(C=3),steer,carcass weight,7,MSE,2,Test,464.31079304520495
SVR(C=3),steer,carcass weight,7,MSE,3,Test,297.5176636912713
SVR(C=3),steer,carcass weight,7,MSE,4,Test,508.0263864182448
SVR(C=3),steer,carcass weight,7,MSE,5,Test,422.3643721005304
SVR(C=3),heifer,carcass weight,7,MAE,1,Train,11.914606580784124
SVR(C=3),heifer,carcass weight,7,MAE,2,Train,10.105613469843066
SVR(C=3),heifer,carcass weight,7,MAE,3,Train,10.485186403408147
SVR(C=3),heifer,carcass weight,7,MAE,4,Train,11.285634130660606
SVR(C=3),heifer,carcass weight,7,MAE,5,Train,9.5353493187291
SVR(C=3),heifer,carcass weight,7,MAE,1,Test,6.818334610607575
SVR(C=3),heifer,carcass weight,7,MAE,2,Test,13.674659353100537
SVR(C=3),heifer,carcass weight,7,MAE,3,Test,12.967522876360297
SVR(C=3),heifer,carcass weight,7,MAE,4,Test,9.302003853142875
SVR(C=3),heifer,carcass weight,7,MAE,5,Test,15.312137230682927
SVR(C=3),heifer,carcass weight,7,MSE,1,Train,272.8863412295976
SVR(C=3),heifer,carcass weight,7,MSE,2,Train,205.70602425305583
SVR(C=3),heifer,carcass weight,7,MSE,3,Train,225.91398794034905
SVR(C=3),heifer,carcass weight,7,MSE,4,Train,247.27045926834012
SVR(C=3),heifer,carcass weight,7,MSE,5,Train,186.64333955874895
SVR(C=3),heifer,carcass weight,7,MSE,1,Test,70.36952948755757
SVR(C=3),heifer,carcass weight,7,MSE,2,Test,328.0067679891497
SVR(C=3),heifer,carcass weight,7,MSE,3,Test,294.64835543568284
SVR(C=3),heifer,carcass weight,7,MSE,4,Test,157.35499101227677
SVR(C=3),heifer,carcass weight,7,MSE,5,Test,411.04974165179897
SVR(C=3),cow,price,7,MAE,1,Train,95.80962549139637
SVR(C=3),cow,price,7,MAE,2,Train,81.16431979115063
SVR(C=3),cow,price,7,MAE,3,Train,91.38451686918489
SVR(C=3),cow,price,7,MAE,4,Train,90.48839998874959
SVR(C=3),cow,price,7,MAE,5,Train,100.0995163957255
SVR(C=3),cow,price,7,MAE,1,Test,78.19499804467613
SVR(C=3),cow,price,7,MAE,2,Test,135.96324459697456
SVR(C=3),cow,price,7,MAE,3,Test,99.86682401783504
SVR(C=3),cow,price,7,MAE,4,Test,95.52500037206829
SVR(C=3),cow,price,7,MAE,5,Test,60.013391843825566
SVR(C=3),cow,price,7,MSE,1,Train,16284.28316243811
SVR(C=3),cow,price,7,MSE,2,Train,12335.804818663948
SVR(C=3),cow,price,7,MSE,3,Train,16021.931196566265
SVR(C=3),cow,price,7,MSE,4,Train,14230.516325752862
SVR(C=3),cow,price,7,MSE,5,Train,17954.318511571277
SVR(C=3),cow,price,7,MSE,1,Test,11896.371407594204
SVR(C=3),cow,price,7,MSE,2,Test,28081.465956742566
SVR(C=3),cow,price,7,MSE,3,Test,14891.649970657096
SVR(C=3),cow,price,7,MSE,4,Test,18855.11429876
SVR(C=3),cow,price,7,MSE,5,Test,5351.094196849158
SVR(C=3),steer,price,7,MAE,1,Train,102.27044713777501
SVR(C=3),steer,price,7,MAE,2,Train,96.69810130905364
SVR(C=3),steer,price,7,MAE,3,Train,101.37427027198159
SVR(C=3),steer,price,7,MAE,4,Train,95.60887647942678
SVR(C=3),steer,price,7,MAE,5,Train,96.65441565734044
SVR(C=3),steer,price,7,MAE,1,Test,85.88925610403315
SVR(C=3),steer,price,7,MAE,2,Test,109.32635752196819
SVR(C=3),steer,price,7,MAE,3,Test,87.67774692403101
SVR(C=3),steer,price,7,MAE,4,Test,110.55704345248171
SVR(C=3),steer,price,7,MAE,5,Test,107.97874068548488
SVR(C=3),steer,price,7,MSE,1,Train,16762.707646241604
SVR(C=3),steer,price,7,MSE,2,Train,14857.688076272483
SVR(C=3),steer,price,7,MSE,3,Train,16560.916573378396
SVR(C=3),steer,price,7,MSE,4,Train,14697.000192672465
SVR(C=3),steer,price,7,MSE,5,Train,15572.625752994092
SVR(C=3),steer,price,7,MSE,1,Test,11876.133443584755
SVR(C=3),steer,price,7,MSE,2,Test,19872.85190298703
SVR(C=3),steer,price,7,MSE,3,Test,12335.62688043888
SVR(C=3),steer,price,7,MSE,4,Test,19570.22348223694
SVR(C=3),steer,price,7,MSE,5,Test,16617.98422495307
SVR(C=3),heifer,price,7,MAE,1,Train,74.00016556661498
SVR(C=3),heifer,price,7,MAE,2,Train,65.6632496760842
SVR(C=3),heifer,price,7,MAE,3,Train,66.09677542741267
SVR(C=3),heifer,price,7,MAE,4,Train,72.65319157176587
SVR(C=3),heifer,price,7,MAE,5,Train,63.89952642821961
SVR(C=3),heifer,price,7,MAE,1,Test,52.434826483183805
SVR(C=3),heifer,price,7,MAE,2,Test,80.39182262212874
SVR(C=3),heifer,price,7,MAE,3,Test,84.80891704098323
SVR(C=3),heifer,price,7,MAE,4,Test,51.16649079690121
SVR(C=3),heifer,price,7,MAE,5,Test,87.43463306290441
SVR(C=3),heifer,price,7,MSE,1,Train,10094.399976982413
SVR(C=3),heifer,price,7,MSE,2,Train,7904.286625886517
SVR(C=3),heifer,price,7,MSE,3,Train,8377.961481944116
SVR(C=3),heifer,price,7,MSE,4,Train,9393.651562109848
SVR(C=3),heifer,price,7,MSE,5,Train,7267.825165558754
SVR(C=3),heifer,price,7,MSE,1,Test,3827.5918305355376
SVR(C=3),heifer,price,7,MSE,2,Test,11297.119805605393
SVR(C=3),heifer,price,7,MSE,3,Test,11088.01629713394
SVR(C=3),heifer,price,7,MSE,4,Test,4947.763594253877
SVR(C=3),heifer,price,7,MSE,5,Test,14508.88356738052
SVR(C=3),cow,Total number of defects,7,MAE,1,Train,0.6889566622975435
SVR(C=3),cow,Total number of defects,7,MAE,2,Train,0.6676197014477133
SVR(C=3),cow,Total number of defects,7,MAE,3,Train,0.7000803916851697
SVR(C=3),cow,Total number of defects,7,MAE,4,Train,0.7271074187121966
SVR(C=3),cow,Total number of defects,7,MAE,5,Train,0.6730290228699364
SVR(C=3),cow,Total number of defects,7,MAE,1,Test,0.7999999994171503
SVR(C=3),cow,Total number of defects,7,MAE,2,Test,0.8109860844360797
SVR(C=3),cow,Total number of defects,7,MAE,3,Test,0.6778249916725447
SVR(C=3),cow,Total number of defects,7,MAE,4,Test,0.5667138805614336
SVR(C=3),cow,Total number of defects,7,MAE,5,Test,0.7887632019768106
SVR(C=3),cow,Total number of defects,7,MSE,1,Train,0.909925541875897
SVR(C=3),cow,Total number of defects,7,MSE,2,Train,0.7775329431995814
SVR(C=3),cow,Total number of defects,7,MSE,3,Train,0.8640749066574963
SVR(C=3),cow,Total number of defects,7,MSE,4,Train,0.9505843622183734
SVR(C=3),cow,Total number of defects,7,MSE,5,Train,0.7883938498752132
SVR(C=3),cow,Total number of defects,7,MSE,1,Test,0.9298171034630842
SVR(C=3),cow,Total number of defects,7,MSE,2,Test,1.2098965536178201
SVR(C=3),cow,Total number of defects,7,MSE,3,Test,0.8544918388950767
SVR(C=3),cow,Total number of defects,7,MSE,4,Test,0.49884185492258226
SVR(C=3),cow,Total number of defects,7,MSE,5,Test,1.1652038128040416
SVR(C=3),steer,Total number of defects,7,MAE,1,Train,0.3096754579568609
SVR(C=3),steer,Total number of defects,7,MAE,2,Train,0.3451770411278865
SVR(C=3),steer,Total number of defects,7,MAE,3,Train,0.33023017567098595
SVR(C=3),steer,Total number of defects,7,MAE,4,Train,0.32903263459465787
SVR(C=3),steer,Total number of defects,7,MAE,5,Train,0.3214253772568032
SVR(C=3),steer,Total number of defects,7,MAE,1,Test,0.41412485888725403
SVR(C=3),steer,Total number of defects,7,MAE,2,Test,0.28223544312685317
SVR(C=3),steer,Total number of defects,7,MAE,3,Test,0.34170983303652924
SVR(C=3),steer,Total number of defects,7,MAE,4,Test,0.3596638321326149
SVR(C=3),steer,Total number of defects,7,MAE,5,Test,0.3795464475069591
SVR(C=3),steer,Total number of defects,7,MSE,1,Train,0.3603762145815235
SVR(C=3),steer,Total number of defects,7,MSE,2,Train,0.42694488388594387
SVR(C=3),steer,Total number of defects,7,MSE,3,Train,0.38405183021358913
SVR(C=3),steer,Total number of defects,7,MSE,4,Train,0.33940784589527695
SVR(C=3),steer,Total number of defects,7,MSE,5,Train,0.3936065732146062
SVR(C=3),steer,Total number of defects,7,MSE,1,Test,0.5376056193044928
SVR(C=3),steer,Total number of defects,7,MSE,2,Test,0.26633034167353287
SVR(C=3),steer,Total number of defects,7,MSE,3,Test,0.377659754710587
SVR(C=3),steer,Total number of defects,7,MSE,4,Test,0.6649604237776463
SVR(C=3),steer,Total number of defects,7,MSE,5,Test,0.38246331548815077
SVR(C=3),heifer,Total number of defects,7,MAE,1,Train,0.5367938402108148
SVR(C=3),heifer,Total number of defects,7,MAE,2,Train,0.4484595016488009
SVR(C=3),heifer,Total number of defects,7,MAE,3,Train,0.5020135375391145
SVR(C=3),heifer,Total number of defects,7,MAE,4,Train,0.42875925152826594
SVR(C=3),heifer,Total number of defects,7,MAE,5,Train,0.4673375533074752
SVR(C=3),heifer,Total number of defects,7,MAE,1,Test,0.30408480529686854
SVR(C=3),heifer,Total number of defects,7,MAE,2,Test,0.6441390623840832
SVR(C=3),heifer,Total number of defects,7,MAE,3,Test,0.42518762376410607
SVR(C=3),heifer,Total number of defects,7,MAE,4,Test,0.729779364032407
SVR(C=3),heifer,Total number of defects,7,MAE,5,Test,0.6415111363118361
SVR(C=3),heifer,Total number of defects,7,MSE,1,Train,0.7868320792995654
SVR(C=3),heifer,Total number of defects,7,MSE,2,Train,0.5460083012075884
SVR(C=3),heifer,Total number of defects,7,MSE,3,Train,0.7483677612793344
SVR(C=3),heifer,Total number of defects,7,MSE,4,Train,0.47210183966146396
SVR(C=3),heifer,Total number of defects,7,MSE,5,Train,0.6589557857538477
SVR(C=3),heifer,Total number of defects,7,MSE,1,Test,0.2080763406803204
SVR(C=3),heifer,Total number of defects,7,MSE,2,Test,1.0980259999351125
SVR(C=3),heifer,Total number of defects,7,MSE,3,Test,0.3597605148530112
SVR(C=3),heifer,Total number of defects,7,MSE,4,Test,1.4346285951881976
SVR(C=3),heifer,Total number of defects,7,MSE,5,Test,0.6595998230997401
SVR(C=3),cow,live weight,14,MAE,1,Train,45.63608411016993
SVR(C=3),cow,live weight,14,MAE,2,Train,40.54406961992679
SVR(C=3),cow,live weight,14,MAE,3,Train,45.44450571059616
SVR(C=3),cow,live weight,14,MAE,4,Train,42.82440069311391
SVR(C=3),cow,live weight,14,MAE,5,Train,52.37993798295887
SVR(C=3),cow,live weight,14,MAE,1,Test,46.06012960475408
SVR(C=3),cow,live weight,14,MAE,2,Test,69.50296117850813
SVR(C=3),cow,live weight,14,MAE,3,Test,51.839984851349875
SVR(C=3),cow,live weight,14,MAE,4,Test,57.80009418130939
SVR(C=3),cow,live weight,14,MAE,5,Test,21.53098362881518
SVR(C=3),cow,live weight,14,MSE,1,Train,3581.3095789721965
SVR(C=3),cow,live weight,14,MSE,2,Train,2743.2286598594674
SVR(C=3),cow,live weight,14,MSE,3,Train,3749.970265315563
SVR(C=3),cow,live weight,14,MSE,4,Train,3210.9499228464297
SVR(C=3),cow,live weight,14,MSE,5,Train,4489.003809917044
SVR(C=3),cow,live weight,14,MSE,1,Test,3408.7379329374053
SVR(C=3),cow,live weight,14,MSE,2,Test,7251.8265300749445
SVR(C=3),cow,live weight,14,MSE,3,Test,3523.7810990841845
SVR(C=3),cow,live weight,14,MSE,4,Test,4919.92931692801
SVR(C=3),cow,live weight,14,MSE,5,Test,616.2130706434384
SVR(C=3),steer,live weight,14,MAE,1,Train,30.303544529232564
SVR(C=3),steer,live weight,14,MAE,2,Train,27.667561349344286
SVR(C=3),steer,live weight,14,MAE,3,Train,30.10836013304201
SVR(C=3),steer,live weight,14,MAE,4,Train,28.728076510674384
SVR(C=3),steer,live weight,14,MAE,5,Train,30.261593256631723
SVR(C=3),steer,live weight,14,MAE,1,Test,26.084575302131594
SVR(C=3),steer,live weight,14,MAE,2,Test,38.509901492017335
SVR(C=3),steer,live weight,14,MAE,3,Test,29.395290132420406
SVR(C=3),steer,live weight,14,MAE,4,Test,32.8077047168902
SVR(C=3),steer,live weight,14,MAE,5,Test,27.208974515303744
SVR(C=3),steer,live weight,14,MSE,1,Train,2276.9495146629665
SVR(C=3),steer,live weight,14,MSE,2,Train,1332.8443773273827
SVR(C=3),steer,live weight,14,MSE,3,Train,2239.380570798197
SVR(C=3),steer,live weight,14,MSE,4,Train,2167.3145715725145
SVR(C=3),steer,live weight,14,MSE,5,Train,2309.123025600942
SVR(C=3),steer,live weight,14,MSE,1,Test,1135.6579744960536
SVR(C=3),steer,live weight,14,MSE,2,Test,5178.160874304821
SVR(C=3),steer,live weight,14,MSE,3,Test,1615.3291447915408
SVR(C=3),steer,live weight,14,MSE,4,Test,1669.2820365243276
SVR(C=3),steer,live weight,14,MSE,5,Test,1175.0797468830958
SVR(C=3),heifer,live weight,14,MAE,1,Train,21.327595244182852
SVR(C=3),heifer,live weight,14,MAE,2,Train,18.391177969043152
SVR(C=3),heifer,live weight,14,MAE,3,Train,19.103457561798297
SVR(C=3),heifer,live weight,14,MAE,4,Train,19.11612719835829
SVR(C=3),heifer,live weight,14,MAE,5,Train,17.709702762097848
SVR(C=3),heifer,live weight,14,MAE,1,Test,14.146898423474191
SVR(C=3),heifer,live weight,14,MAE,2,Test,22.114504121482767
SVR(C=3),heifer,live weight,14,MAE,3,Test,22.35670583331448
SVR(C=3),heifer,live weight,14,MAE,4,Test,22.198359815549907
SVR(C=3),heifer,live weight,14,MAE,5,Test,24.87587609753128
SVR(C=3),heifer,live weight,14,MSE,1,Train,858.7226939036973
SVR(C=3),heifer,live weight,14,MSE,2,Train,678.3973327494792
SVR(C=3),heifer,live weight,14,MSE,3,Train,716.9905129319733
SVR(C=3),heifer,live weight,14,MSE,4,Train,734.5980142600797
SVR(C=3),heifer,live weight,14,MSE,5,Train,603.5643551376653
SVR(C=3),heifer,live weight,14,MSE,1,Test,317.3255677581087
SVR(C=3),heifer,live weight,14,MSE,2,Test,866.7490174485299
SVR(C=3),heifer,live weight,14,MSE,3,Test,942.1800557166994
SVR(C=3),heifer,live weight,14,MSE,4,Test,844.1696744647152
SVR(C=3),heifer,live weight,14,MSE,5,Test,1135.7719118419573
SVR(C=3),cow,carcass weight,14,MAE,1,Train,23.66522032379694
SVR(C=3),cow,carcass weight,14,MAE,2,Train,21.76885417129551
SVR(C=3),cow,carcass weight,14,MAE,3,Train,24.41955201157517
SVR(C=3),cow,carcass weight,14,MAE,4,Train,22.95529053651947
SVR(C=3),cow,carcass weight,14,MAE,5,Train,27.3774980727794
SVR(C=3),cow,carcass weight,14,MAE,1,Test,25.71663765212034
SVR(C=3),cow,carcass weight,14,MAE,2,Test,36.702644685711554
SVR(C=3),cow,carcass weight,14,MAE,3,Test,26.822222223129593
SVR(C=3),cow,carcass weight,14,MAE,4,Test,29.811111106733264
SVR(C=3),cow,carcass weight,14,MAE,5,Test,13.681523816736679
SVR(C=3),cow,carcass weight,14,MSE,1,Train,904.5197602002835
SVR(C=3),cow,carcass weight,14,MSE,2,Train,855.4697915769488
SVR(C=3),cow,carcass weight,14,MSE,3,Train,1125.2582828460152
SVR(C=3),cow,carcass weight,14,MSE,4,Train,963.6363082813873
SVR(C=3),cow,carcass weight,14,MSE,5,Train,1291.4384504780369
SVR(C=3),cow,carcass weight,14,MSE,1,Test,1384.1014024226506
SVR(C=3),cow,carcass weight,14,MSE,2,Test,2032.8464016129717
SVR(C=3),cow,carcass weight,14,MSE,3,Test,994.9929249176611
SVR(C=3),cow,carcass weight,14,MSE,4,Test,1237.4413345982655
SVR(C=3),cow,carcass weight,14,MSE,5,Test,249.69655201634836
SVR(C=3),steer,carcass weight,14,MAE,1,Train,15.47274206326829
SVR(C=3),steer,carcass weight,14,MAE,2,Train,14.514162208701405
SVR(C=3),steer,carcass weight,14,MAE,3,Train,15.234699404138059
SVR(C=3),steer,carcass weight,14,MAE,4,Train,14.282172791635924
SVR(C=3),steer,carcass weight,14,MAE,5,Train,14.521840394051084
SVR(C=3),steer,carcass weight,14,MAE,1,Test,12.688058788166463
SVR(C=3),steer,carcass weight,14,MAE,2,Test,16.60017221513502
SVR(C=3),steer,carcass weight,14,MAE,3,Test,13.60083530164354
SVR(C=3),steer,carcass weight,14,MAE,4,Test,17.428406783452708
SVR(C=3),steer,carcass weight,14,MAE,5,Test,16.89862800647873
SVR(C=3),steer,carcass weight,14,MSE,1,Train,402.52861602724556
SVR(C=3),steer,carcass weight,14,MSE,2,Train,359.7075933905572
SVR(C=3),steer,carcass weight,14,MSE,3,Train,397.46712871299343
SVR(C=3),steer,carcass weight,14,MSE,4,Train,346.81253525859734
SVR(C=3),steer,carcass weight,14,MSE,5,Train,375.355377539295
SVR(C=3),steer,carcass weight,14,MSE,1,Test,290.63195636006725
SVR(C=3),steer,carcass weight,14,MSE,2,Test,462.62537919147115
SVR(C=3),steer,carcass weight,14,MSE,3,Test,304.0456579070938
SVR(C=3),steer,carcass weight,14,MSE,4,Test,508.22809396463776
SVR(C=3),steer,carcass weight,14,MSE,5,Test,421.61527032999305
SVR(C=3),heifer,carcass weight,14,MAE,1,Train,11.937947835789
SVR(C=3),heifer,carcass weight,14,MAE,2,Train,10.142982680531222
SVR(C=3),heifer,carcass weight,14,MAE,3,Train,10.503501407690752
SVR(C=3),heifer,carcass weight,14,MAE,4,Train,11.326998045141492
SVR(C=3),heifer,carcass weight,14,MAE,5,Train,9.562422021896303
SVR(C=3),heifer,carcass weight,14,MAE,1,Test,6.85256898003667
SVR(C=3),heifer,carcass weight,14,MAE,2,Test,13.733142530291785
SVR(C=3),heifer,carcass weight,14,MAE,3,Test,13.116907051609266
SVR(C=3),heifer,carcass weight,14,MAE,4,Test,9.370872450385212
SVR(C=3),heifer,carcass weight,14,MAE,5,Test,15.343771590255237
SVR(C=3),heifer,carcass weight,14,MSE,1,Train,273.6495451114381
SVR(C=3),heifer,carcass weight,14,MSE,2,Train,206.96812581052126
SVR(C=3),heifer,carcass weight,14,MSE,3,Train,227.07119667703034
SVR(C=3),heifer,carcass weight,14,MSE,4,Train,248.37028010619528
SVR(C=3),heifer,carcass weight,14,MSE,5,Train,187.28675068335946
SVR(C=3),heifer,carcass weight,14,MSE,1,Test,70.80205885510645
SVR(C=3),heifer,carcass weight,14,MSE,2,Test,329.5644079150295
SVR(C=3),heifer,carcass weight,14,MSE,3,Test,301.085896575199
SVR(C=3),heifer,carcass weight,14,MSE,4,Test,160.41526680677947
SVR(C=3),heifer,carcass weight,14,MSE,5,Test,415.25628919348674
SVR(C=3),cow,price,14,MAE,1,Train,95.87419318629621
SVR(C=3),cow,price,14,MAE,2,Train,81.22211967453767
SVR(C=3),cow,price,14,MAE,3,Train,91.43351399822022
SVR(C=3),cow,price,14,MAE,4,Train,90.59373489497625
SVR(C=3),cow,price,14,MAE,5,Train,100.08639456998628
SVR(C=3),cow,price,14,MAE,1,Test,78.21216770154862
SVR(C=3),cow,price,14,MAE,2,Test,135.98047316418868
SVR(C=3),cow,price,14,MAE,3,Test,100.00111242475117
SVR(C=3),cow,price,14,MAE,4,Test,95.39026399796938
SVR(C=3),cow,price,14,MAE,5,Test,59.99990553518884
SVR(C=3),cow,price,14,MSE,1,Train,16312.650011658789
SVR(C=3),cow,price,14,MSE,2,Train,12344.678816113552
SVR(C=3),cow,price,14,MSE,3,Train,16038.461274159286
SVR(C=3),cow,price,14,MSE,4,Train,14256.73289753344
SVR(C=3),cow,price,14,MSE,5,Train,17949.6523304065
SVR(C=3),cow,price,14,MSE,1,Test,11879.615096031508
SVR(C=3),cow,price,14,MSE,2,Test,28080.75338507422
SVR(C=3),cow,price,14,MSE,3,Test,14924.488879718727
SVR(C=3),cow,price,14,MSE,4,Test,18865.61947595082
SVR(C=3),cow,price,14,MSE,5,Test,5347.552424224506
SVR(C=3),steer,price,14,MAE,1,Train,102.29454998735568
SVR(C=3),steer,price,14,MAE,2,Train,96.89407206876356
SVR(C=3),steer,price,14,MAE,3,Train,101.32183862234956
SVR(C=3),steer,price,14,MAE,4,Train,95.7529721190807
SVR(C=3),steer,price,14,MAE,5,Train,96.86542893952938
SVR(C=3),steer,price,14,MAE,1,Test,85.88355603836852
SVR(C=3),steer,price,14,MAE,2,Test,109.42225304401268
SVR(C=3),steer,price,14,MAE,3,Test,87.9564385404151
SVR(C=3),steer,price,14,MAE,4,Test,110.57075650376962
SVR(C=3),steer,price,14,MAE,5,Test,108.17582585341098
SVR(C=3),steer,price,14,MSE,1,Train,16781.542399291022
SVR(C=3),steer,price,14,MSE,2,Train,14914.33367614733
SVR(C=3),steer,price,14,MSE,3,Train,16567.113498232236
SVR(C=3),steer,price,14,MSE,4,Train,14749.139255015476
SVR(C=3),steer,price,14,MSE,5,Train,15625.64241422687
SVR(C=3),steer,price,14,MSE,1,Test,11887.905256786402
SVR(C=3),steer,price,14,MSE,2,Test,19928.900740500205
SVR(C=3),steer,price,14,MSE,3,Test,12403.380618940537
SVR(C=3),steer,price,14,MSE,4,Test,19576.807134607254
SVR(C=3),steer,price,14,MSE,5,Test,16676.565593967043
SVR(C=3),heifer,price,14,MAE,1,Train,74.08898533208753
SVR(C=3),heifer,price,14,MAE,2,Train,65.86397655108368
SVR(C=3),heifer,price,14,MAE,3,Train,66.10561049671122
SVR(C=3),heifer,price,14,MAE,4,Train,72.7699256027669
SVR(C=3),heifer,price,14,MAE,5,Train,64.14158983052629
SVR(C=3),heifer,price,14,MAE,1,Test,52.6191284044426
SVR(C=3),heifer,price,14,MAE,2,Test,80.40281466832037
SVR(C=3),heifer,price,14,MAE,3,Test,85.01810067515406
SVR(C=3),heifer,price,14,MAE,4,Test,51.27835524786767
SVR(C=3),heifer,price,14,MAE,5,Test,87.36786292847069
SVR(C=3),heifer,price,14,MSE,1,Train,10126.335570885883
SVR(C=3),heifer,price,14,MSE,2,Train,7955.8215011460525
SVR(C=3),heifer,price,14,MSE,3,Train,8385.919367036775
SVR(C=3),heifer,price,14,MSE,4,Train,9421.95831029282
SVR(C=3),heifer,price,14,MSE,5,Train,7319.577413114823
SVR(C=3),heifer,price,14,MSE,1,Test,3862.1417871954945
SVR(C=3),heifer,price,14,MSE,2,Test,11299.108099479094
SVR(C=3),heifer,price,14,MSE,3,Test,11143.065084285301
SVR(C=3),heifer,price,14,MSE,4,Test,4986.5254338526875
SVR(C=3),heifer,price,14,MSE,5,Test,14551.166501830623
SVR(C=3),cow,Total number of defects,14,MAE,1,Train,0.6889650091711089
SVR(C=3),cow,Total number of defects,14,MAE,2,Train,0.6675896140844293
SVR(C=3),cow,Total number of defects,14,MAE,3,Train,0.7000034171326155
SVR(C=3),cow,Total number of defects,14,MAE,4,Train,0.7270304441596426
SVR(C=3),cow,Total number of defects,14,MAE,5,Train,0.6730127241696603
SVR(C=3),cow,Total number of defects,14,MAE,1,Test,0.8001370166089041
SVR(C=3),cow,Total number of defects,14,MAE,2,Test,0.8112794349464622
SVR(C=3),cow,Total number of defects,14,MAE,3,Test,0.6778199267606587
SVR(C=3),cow,Total number of defects,14,MAE,4,Test,0.5667088156495477
SVR(C=3),cow,Total number of defects,14,MAE,5,Test,0.7889297438007855
SVR(C=3),cow,Total number of defects,14,MSE,1,Train,0.9100214263532325
SVR(C=3),cow,Total number of defects,14,MSE,2,Train,0.7775582154931522
SVR(C=3),cow,Total number of defects,14,MSE,3,Train,0.8640124081867399
SVR(C=3),cow,Total number of defects,14,MSE,4,Train,0.9504920596139288
SVR(C=3),cow,Total number of defects,14,MSE,5,Train,0.7883684996561929
SVR(C=3),cow,Total number of defects,14,MSE,1,Test,0.9301480755933348
SVR(C=3),cow,Total number of defects,14,MSE,2,Test,1.2100803695250737
SVR(C=3),cow,Total number of defects,14,MSE,3,Test,0.8543967205706992
SVR(C=3),cow,Total number of defects,14,MSE,4,Test,0.4988692647033656
SVR(C=3),cow,Total number of defects,14,MSE,5,Test,1.1656291565487984
SVR(C=3),steer,Total number of defects,14,MAE,1,Train,0.3100232076865148
SVR(C=3),steer,Total number of defects,14,MAE,2,Train,0.34641563496733807
SVR(C=3),steer,Total number of defects,14,MAE,3,Train,0.33038471720707374
SVR(C=3),steer,Total number of defects,14,MAE,4,Train,0.32928292904370693
SVR(C=3),steer,Total number of defects,14,MAE,5,Train,0.32106403892040036
SVR(C=3),steer,Total number of defects,14,MAE,1,Test,0.41282933548887574
SVR(C=3),steer,Total number of defects,14,MAE,2,Test,0.2809579222113756
SVR(C=3),steer,Total number of defects,14,MAE,3,Test,0.3414383035862599
SVR(C=3),steer,Total number of defects,14,MAE,4,Test,0.3593050579126195
SVR(C=3),steer,Total number of defects,14,MAE,5,Test,0.3773628641690738
SVR(C=3),steer,Total number of defects,14,MSE,1,Train,0.3614657344172992
SVR(C=3),steer,Total number of defects,14,MSE,2,Train,0.4269788001234615
SVR(C=3),steer,Total number of defects,14,MSE,3,Train,0.38419625851942796
SVR(C=3),steer,Total number of defects,14,MSE,4,Train,0.34096924475444534
SVR(C=3),steer,Total number of defects,14,MSE,5,Train,0.395647186217612
SVR(C=3),steer,Total number of defects,14,MSE,1,Test,0.5360872719221903
SVR(C=3),steer,Total number of defects,14,MSE,2,Test,0.261534592024934
SVR(C=3),steer,Total number of defects,14,MSE,3,Test,0.37652825133142226
SVR(C=3),steer,Total number of defects,14,MSE,4,Test,0.6680471648967683
SVR(C=3),steer,Total number of defects,14,MSE,5,Test,0.38195883604403275
SVR(C=3),heifer,Total number of defects,14,MAE,1,Train,0.536731843523632
SVR(C=3),heifer,Total number of defects,14,MAE,2,Train,0.448404884871212
SVR(C=3),heifer,Total number of defects,14,MAE,3,Train,0.5020246857596968
SVR(C=3),heifer,Total number of defects,14,MAE,4,Train,0.42894104890771684
SVR(C=3),heifer,Total number of defects,14,MAE,5,Train,0.46734335508809155
SVR(C=3),heifer,Total number of defects,14,MAE,1,Test,0.3018695590671937
SVR(C=3),heifer,Total number of defects,14,MAE,2,Test,0.6439769841879803
SVR(C=3),heifer,Total number of defects,14,MAE,3,Test,0.4251056095665138
SVR(C=3),heifer,Total number of defects,14,MAE,4,Test,0.7271881730081438
SVR(C=3),heifer,Total number of defects,14,MAE,5,Test,0.6416330897001614
SVR(C=3),heifer,Total number of defects,14,MSE,1,Train,0.7899529755198177
SVR(C=3),heifer,Total number of defects,14,MSE,2,Train,0.5460139928366257
SVR(C=3),heifer,Total number of defects,14,MSE,3,Train,0.74862891261806
SVR(C=3),heifer,Total number of defects,14,MSE,4,Train,0.47642461945513426
SVR(C=3),heifer,Total number of defects,14,MSE,5,Train,0.6589718366662959
SVR(C=3),heifer,Total number of defects,14,MSE,1,Test,0.20651487200211147
SVR(C=3),heifer,Total number of defects,14,MSE,2,Test,1.0978946371519884
SVR(C=3),heifer,Total number of defects,14,MSE,3,Test,0.36001634921097975
SVR(C=3),heifer,Total number of defects,14,MSE,4,Test,1.4326501629291293
SVR(C=3),heifer,Total number of defects,14,MSE,5,Test,0.6598780964063541
SVR(C=3),cow,live weight,90,MAE,1,Train,45.63607174231845
SVR(C=3),cow,live weight,90,MAE,2,Train,40.53891693690178
SVR(C=3),cow,live weight,90,MAE,3,Train,45.44317209333116
SVR(C=3),cow,live weight,90,MAE,4,Train,42.82423964485074
SVR(C=3),cow,live weight,90,MAE,5,Train,52.37249422819716
SVR(C=3),cow,live weight,90,MAE,1,Test,46.0600236313437
SVR(C=3),cow,live weight,90,MAE,2,Test,69.48190445917913
SVR(C=3),cow,live weight,90,MAE,3,Test,51.825543567912675
SVR(C=3),cow,live weight,90,MAE,4,Test,57.80000000238257
SVR(C=3),cow,live weight,90,MAE,5,Test,21.51568258458205
SVR(C=3),cow,live weight,90,MSE,1,Train,3581.314909972043
SVR(C=3),cow,live weight,90,MSE,2,Train,2743.1248772863573
SVR(C=3),cow,live weight,90,MSE,3,Train,3749.5676030678983
SVR(C=3),cow,live weight,90,MSE,4,Train,3210.9452975836352
SVR(C=3),cow,live weight,90,MSE,5,Train,4488.009622566623
SVR(C=3),cow,live weight,90,MSE,1,Test,3408.7156072439707
SVR(C=3),cow,live weight,90,MSE,2,Test,7247.363832809668
SVR(C=3),cow,live weight,90,MSE,3,Test,3522.1945609394766
SVR(C=3),cow,live weight,90,MSE,4,Test,4919.918979185441
SVR(C=3),cow,live weight,90,MSE,5,Test,615.5915422544297
SVR(C=3),steer,live weight,90,MAE,1,Train,30.136814942045486
SVR(C=3),steer,live weight,90,MAE,2,Train,27.651891921979566
SVR(C=3),steer,live weight,90,MAE,3,Train,29.988887833297913
SVR(C=3),steer,live weight,90,MAE,4,Train,28.68402756245349
SVR(C=3),steer,live weight,90,MAE,5,Train,30.183830136216184
SVR(C=3),steer,live weight,90,MAE,1,Test,26.24904333070027
SVR(C=3),steer,live weight,90,MAE,2,Test,38.31323924412823
SVR(C=3),steer,live weight,90,MAE,3,Test,29.36813901241733
SVR(C=3),steer,live weight,90,MAE,4,Test,32.556304923912016
SVR(C=3),steer,live weight,90,MAE,5,Test,27.424805699866113
SVR(C=3),steer,live weight,90,MSE,1,Train,2263.984278632709
SVR(C=3),steer,live weight,90,MSE,2,Train,1330.48361080415
SVR(C=3),steer,live weight,90,MSE,3,Train,2225.6056028096873
SVR(C=3),steer,live weight,90,MSE,4,Train,2156.2739840917534
SVR(C=3),steer,live weight,90,MSE,5,Train,2295.3975697932715
SVR(C=3),steer,live weight,90,MSE,1,Test,1141.2559264908973
SVR(C=3),steer,live weight,90,MSE,2,Test,5160.620201440877
SVR(C=3),steer,live weight,90,MSE,3,Test,1615.2191907053639
SVR(C=3),steer,live weight,90,MSE,4,Test,1649.696647626645
SVR(C=3),steer,live weight,90,MSE,5,Test,1178.7622390471543
SVR(C=3),heifer,live weight,90,MAE,1,Train,21.376892411968846
SVR(C=3),heifer,live weight,90,MAE,2,Train,18.29564327556815
SVR(C=3),heifer,live weight,90,MAE,3,Train,19.08169568484192
SVR(C=3),heifer,live weight,90,MAE,4,Train,19.058355436020676
SVR(C=3),heifer,live weight,90,MAE,5,Train,17.796709328177425
SVR(C=3),heifer,live weight,90,MAE,1,Test,14.07820805130909
SVR(C=3),heifer,live weight,90,MAE,2,Test,21.98179630659526
SVR(C=3),heifer,live weight,90,MAE,3,Test,21.957446426195148
SVR(C=3),heifer,live weight,90,MAE,4,Test,22.245145329590482
SVR(C=3),heifer,live weight,90,MAE,5,Test,24.61546964639679
SVR(C=3),heifer,live weight,90,MSE,1,Train,871.2750094366769
SVR(C=3),heifer,live weight,90,MSE,2,Train,680.3871066750153
SVR(C=3),heifer,live weight,90,MSE,3,Train,712.2302445289479
SVR(C=3),heifer,live weight,90,MSE,4,Train,740.019771219897
SVR(C=3),heifer,live weight,90,MSE,5,Train,614.2746413534869
SVR(C=3),heifer,live weight,90,MSE,1,Test,324.0386332045296
SVR(C=3),heifer,live weight,90,MSE,2,Test,871.8950083225028
SVR(C=3),heifer,live weight,90,MSE,3,Test,962.5056498804712
SVR(C=3),heifer,live weight,90,MSE,4,Test,851.6877720690227
SVR(C=3),heifer,live weight,90,MSE,5,Test,1105.3262237286926
SVR(C=3),cow,carcass weight,90,MAE,1,Train,23.650767752261718
SVR(C=3),cow,carcass weight,90,MAE,2,Train,21.76282350944042
SVR(C=3),cow,carcass weight,90,MAE,3,Train,24.41869652055339
SVR(C=3),cow,carcass weight,90,MAE,4,Train,22.945694119359487
SVR(C=3),cow,carcass weight,90,MAE,5,Train,27.37119030534155
SVR(C=3),cow,carcass weight,90,MAE,1,Test,25.687280914680855
SVR(C=3),cow,carcass weight,90,MAE,2,Test,36.690248325775855
SVR(C=3),cow,carcass weight,90,MAE,3,Test,26.82222222318241
SVR(C=3),cow,carcass weight,90,MAE,4,Test,29.81111111367192
SVR(C=3),cow,carcass weight,90,MAE,5,Test,13.668557848432474
SVR(C=3),cow,carcass weight,90,MSE,1,Train,904.8887138561224
SVR(C=3),cow,carcass weight,90,MSE,2,Train,854.6248469423659
SVR(C=3),cow,carcass weight,90,MSE,3,Train,1125.3377265806048
SVR(C=3),cow,carcass weight,90,MSE,4,Train,963.1610913443717
SVR(C=3),cow,carcass weight,90,MSE,5,Train,1290.4528478765053
SVR(C=3),cow,carcass weight,90,MSE,1,Test,1380.2690855223684
SVR(C=3),cow,carcass weight,90,MSE,2,Test,2031.8852371548787
SVR(C=3),cow,carcass weight,90,MSE,3,Test,995.305832704399
SVR(C=3),cow,carcass weight,90,MSE,4,Test,1236.9938935676605
SVR(C=3),cow,carcass weight,90,MSE,5,Test,249.0903835127125
SVR(C=3),steer,carcass weight,90,MAE,1,Train,15.381127713927812
SVR(C=3),steer,carcass weight,90,MAE,2,Train,14.45286190185272
SVR(C=3),steer,carcass weight,90,MAE,3,Train,15.151495749061656
SVR(C=3),steer,carcass weight,90,MAE,4,Train,14.190611537232959
SVR(C=3),steer,carcass weight,90,MAE,5,Train,14.458602633953832
SVR(C=3),steer,carcass weight,90,MAE,1,Test,12.743476556624984
SVR(C=3),steer,carcass weight,90,MAE,2,Test,16.462855187517437
SVR(C=3),steer,carcass weight,90,MAE,3,Test,13.84864860648689
SVR(C=3),steer,carcass weight,90,MAE,4,Test,17.363705964311613
SVR(C=3),steer,carcass weight,90,MAE,5,Test,16.567059467172918
SVR(C=3),steer,carcass weight,90,MSE,1,Train,398.1138108162969
SVR(C=3),steer,carcass weight,90,MSE,2,Train,356.6233913283335
SVR(C=3),steer,carcass weight,90,MSE,3,Train,394.96316302760687
SVR(C=3),steer,carcass weight,90,MSE,4,Train,343.42910724467106
SVR(C=3),steer,carcass weight,90,MSE,5,Train,372.5637223971287
SVR(C=3),steer,carcass weight,90,MSE,1,Test,292.93156616363297
SVR(C=3),steer,carcass weight,90,MSE,2,Test,456.5203839619569
SVR(C=3),steer,carcass weight,90,MSE,3,Test,314.09595866411814
SVR(C=3),steer,carcass weight,90,MSE,4,Test,504.02847659197147
SVR(C=3),steer,carcass weight,90,MSE,5,Test,407.52129481101844
SVR(C=3),heifer,carcass weight,90,MAE,1,Train,11.980639776871824
SVR(C=3),heifer,carcass weight,90,MAE,2,Train,10.181391741017435
SVR(C=3),heifer,carcass weight,90,MAE,3,Train,10.463508225250783
SVR(C=3),heifer,carcass weight,90,MAE,4,Train,11.366958521111503
SVR(C=3),heifer,carcass weight,90,MAE,5,Train,9.591557837519193
SVR(C=3),heifer,carcass weight,90,MAE,1,Test,6.917871602146474
SVR(C=3),heifer,carcass weight,90,MAE,2,Test,13.782233478327594
SVR(C=3),heifer,carcass weight,90,MAE,3,Test,13.099363689787042
SVR(C=3),heifer,carcass weight,90,MAE,4,Test,9.251538688299787
SVR(C=3),heifer,carcass weight,90,MAE,5,Test,15.342963789773941
SVR(C=3),heifer,carcass weight,90,MSE,1,Train,276.24625712952104
SVR(C=3),heifer,carcass weight,90,MSE,2,Train,208.6484101522697
SVR(C=3),heifer,carcass weight,90,MSE,3,Train,224.31161295749322
SVR(C=3),heifer,carcass weight,90,MSE,4,Train,249.81685940041422
SVR(C=3),heifer,carcass weight,90,MSE,5,Train,187.67794665993029
SVR(C=3),heifer,carcass weight,90,MSE,1,Test,72.10478754093793
SVR(C=3),heifer,carcass weight,90,MSE,2,Test,331.24541686091106
SVR(C=3),heifer,carcass weight,90,MSE,3,Test,303.7425746806843
SVR(C=3),heifer,carcass weight,90,MSE,4,Test,159.13170153313538
SVR(C=3),heifer,carcass weight,90,MSE,5,Test,418.2973254962007
SVR(C=3),cow,price,90,MAE,1,Train,95.94180266887624
SVR(C=3),cow,price,90,MAE,2,Train,81.28695804845032
SVR(C=3),cow,price,90,MAE,3,Train,91.48279128114393
SVR(C=3),cow,price,90,MAE,4,Train,90.6974383490283
SVR(C=3),cow,price,90,MAE,5,Train,100.07553805408972
SVR(C=3),cow,price,90,MAE,1,Test,78.2317457014683
SVR(C=3),cow,price,90,MAE,2,Test,136.0016254937772
SVR(C=3),cow,price,90,MAE,3,Test,100.1361686955354
SVR(C=3),cow,price,90,MAE,4,Test,95.26091596266113
SVR(C=3),cow,price,90,MAE,5,Test,59.9887474348042
SVR(C=3),cow,price,90,MSE,1,Train,16341.837204658568
SVR(C=3),cow,price,90,MSE,2,Train,12355.482217040762
SVR(C=3),cow,price,90,MSE,3,Train,16055.276194472715
SVR(C=3),cow,price,90,MSE,4,Train,14283.055293737789
SVR(C=3),cow,price,90,MSE,5,Train,17945.795317131735
SVR(C=3),cow,price,90,MSE,1,Test,11863.984924059947
SVR(C=3),cow,price,90,MSE,2,Test,28081.276745499374
SVR(C=3),cow,price,90,MSE,3,Test,14957.905660414386
SVR(C=3),cow,price,90,MSE,4,Test,18877.754532091825
SVR(C=3),cow,price,90,MSE,5,Test,5344.624565503274
SVR(C=3),steer,price,90,MAE,1,Train,101.12766971703905
SVR(C=3),steer,price,90,MAE,2,Train,95.74119366434996
SVR(C=3),steer,price,90,MAE,3,Train,100.00678305845337
SVR(C=3),steer,price,90,MAE,4,Train,94.75286200257409
SVR(C=3),steer,price,90,MAE,5,Train,95.87179182720567
SVR(C=3),steer,price,90,MAE,1,Test,84.85866903607786
SVR(C=3),steer,price,90,MAE,2,Test,107.30583343498533
SVR(C=3),steer,price,90,MAE,3,Test,87.7312279031338
SVR(C=3),steer,price,90,MAE,4,Test,109.16157760958038
SVR(C=3),steer,price,90,MAE,5,Test,106.86910614498355
SVR(C=3),steer,price,90,MSE,1,Train,16544.417979982933
SVR(C=3),steer,price,90,MSE,2,Train,14685.713558373644
SVR(C=3),steer,price,90,MSE,3,Train,16353.398623840765
SVR(C=3),steer,price,90,MSE,4,Train,14587.158288709883
SVR(C=3),steer,price,90,MSE,5,Train,15474.301459043094
SVR(C=3),steer,price,90,MSE,1,Test,11752.329792595285
SVR(C=3),steer,price,90,MSE,2,Test,19633.437703505027
SVR(C=3),steer,price,90,MSE,3,Test,12285.498237496331
SVR(C=3),steer,price,90,MSE,4,Test,19280.939307713863
SVR(C=3),steer,price,90,MSE,5,Test,16385.16219763788
SVR(C=3),heifer,price,90,MAE,1,Train,74.00096123786011
SVR(C=3),heifer,price,90,MAE,2,Train,65.83515251160435
SVR(C=3),heifer,price,90,MAE,3,Train,65.87876448439899
SVR(C=3),heifer,price,90,MAE,4,Train,72.78285800626303
SVR(C=3),heifer,price,90,MAE,5,Train,64.13948062114238
SVR(C=3),heifer,price,90,MAE,1,Test,52.60378674429976
SVR(C=3),heifer,price,90,MAE,2,Test,80.31426115614306
SVR(C=3),heifer,price,90,MAE,3,Test,85.05164904300878
SVR(C=3),heifer,price,90,MAE,4,Test,51.25575735613555
SVR(C=3),heifer,price,90,MAE,5,Test,86.95476406357584
SVR(C=3),heifer,price,90,MSE,1,Train,10162.3592741028
SVR(C=3),heifer,price,90,MSE,2,Train,7960.801389948964
SVR(C=3),heifer,price,90,MSE,3,Train,8382.327486069455
SVR(C=3),heifer,price,90,MSE,4,Train,9434.76614275219
SVR(C=3),heifer,price,90,MSE,5,Train,7350.236629082127
SVR(C=3),heifer,price,90,MSE,1,Test,3873.180993728129
SVR(C=3),heifer,price,90,MSE,2,Test,11300.04935062827
SVR(C=3),heifer,price,90,MSE,3,Test,11217.113055139926
SVR(C=3),heifer,price,90,MSE,4,Test,5031.606151649908
SVR(C=3),heifer,price,90,MSE,5,Test,14532.276789609889
SVR(C=3),cow,Total number of defects,90,MAE,1,Train,0.6889539645240867
SVR(C=3),cow,Total number of defects,90,MAE,2,Train,0.6676259168667468
SVR(C=3),cow,Total number of defects,90,MAE,3,Train,0.7000549437182978
SVR(C=3),cow,Total number of defects,90,MAE,4,Train,0.727081970745325
SVR(C=3),cow,Total number of defects,90,MAE,5,Train,0.6730498271461772
SVR(C=3),cow,Total number of defects,90,MAE,1,Test,0.8001004027067019
SVR(C=3),cow,Total number of defects,90,MAE,2,Test,0.8111868627902072
SVR(C=3),cow,Total number of defects,90,MAE,3,Test,0.6777896664762988
SVR(C=3),cow,Total number of defects,90,MAE,4,Test,0.5666785553651876
SVR(C=3),cow,Total number of defects,90,MAE,5,Test,0.7889678786800516
SVR(C=3),cow,Total number of defects,90,MSE,1,Train,0.91000936202224
SVR(C=3),cow,Total number of defects,90,MSE,2,Train,0.7775338307690658
SVR(C=3),cow,Total number of defects,90,MSE,3,Train,0.8640604971445252
SVR(C=3),cow,Total number of defects,90,MSE,4,Train,0.9505643342317409
SVR(C=3),cow,Total number of defects,90,MSE,5,Train,0.7883593848145569
SVR(C=3),cow,Total number of defects,90,MSE,1,Test,0.9300937599189627
SVR(C=3),cow,Total number of defects,90,MSE,2,Test,1.2100050845620902
SVR(C=3),cow,Total number of defects,90,MSE,3,Test,0.8544564102711792
SVR(C=3),cow,Total number of defects,90,MSE,4,Test,0.49882952446817885
SVR(C=3),cow,Total number of defects,90,MSE,5,Test,1.1656979683619155
SVR(C=3),steer,Total number of defects,90,MAE,1,Train,0.3134642052213179
SVR(C=3),steer,Total number of defects,90,MAE,2,Train,0.3461091354245066
SVR(C=3),steer,Total number of defects,90,MAE,3,Train,0.3310599101409501
SVR(C=3),steer,Total number of defects,90,MAE,4,Train,0.32967074796793683
SVR(C=3),steer,Total number of defects,90,MAE,5,Train,0.3231935466620625
SVR(C=3),steer,Total number of defects,90,MAE,1,Test,0.41114712447399426
SVR(C=3),steer,Total number of defects,90,MAE,2,Test,0.2748374887405995
SVR(C=3),steer,Total number of defects,90,MAE,3,Test,0.3390093124345944
SVR(C=3),steer,Total number of defects,90,MAE,4,Test,0.3583434862347255
SVR(C=3),steer,Total number of defects,90,MAE,5,Test,0.3775247838527472
SVR(C=3),steer,Total number of defects,90,MSE,1,Train,0.36870157898408923
SVR(C=3),steer,Total number of defects,90,MSE,2,Train,0.43317500229387795
SVR(C=3),steer,Total number of defects,90,MSE,3,Train,0.387870070134985
SVR(C=3),steer,Total number of defects,90,MSE,4,Train,0.3444468799142318
SVR(C=3),steer,Total number of defects,90,MSE,5,Train,0.3980569891091255
SVR(C=3),steer,Total number of defects,90,MSE,1,Test,0.5405140766701678
SVR(C=3),steer,Total number of defects,90,MSE,2,Test,0.25110526669829547
SVR(C=3),steer,Total number of defects,90,MSE,3,Test,0.37022492117753747
SVR(C=3),steer,Total number of defects,90,MSE,4,Test,0.6701765323083959
SVR(C=3),steer,Total number of defects,90,MSE,5,Test,0.3826509147348627
SVR(C=3),heifer,Total number of defects,90,MAE,1,Train,0.5369289940173464
SVR(C=3),heifer,Total number of defects,90,MAE,2,Train,0.448431071249343
SVR(C=3),heifer,Total number of defects,90,MAE,3,Train,0.5020830254503686
SVR(C=3),heifer,Total number of defects,90,MAE,4,Train,0.42953673334083553
SVR(C=3),heifer,Total number of defects,90,MAE,5,Train,0.46734528381498286
SVR(C=3),heifer,Total number of defects,90,MAE,1,Test,0.30084056670476506
SVR(C=3),heifer,Total number of defects,90,MAE,2,Test,0.6439832043551438
SVR(C=3),heifer,Total number of defects,90,MAE,3,Test,0.4251020937936776
SVR(C=3),heifer,Total number of defects,90,MAE,4,Test,0.7257356866138779
SVR(C=3),heifer,Total number of defects,90,MAE,5,Test,0.6415234519266765
SVR(C=3),heifer,Total number of defects,90,MSE,1,Train,0.7922771566190111
SVR(C=3),heifer,Total number of defects,90,MSE,2,Train,0.546038733993047
SVR(C=3),heifer,Total number of defects,90,MSE,3,Train,0.7487082617578439
SVR(C=3),heifer,Total number of defects,90,MSE,4,Train,0.4803228864727608
SVR(C=3),heifer,Total number of defects,90,MSE,5,Train,0.6589568103213121
SVR(C=3),heifer,Total number of defects,90,MSE,1,Test,0.20582833828978925
SVR(C=3),heifer,Total number of defects,90,MSE,2,Test,1.0978342580532423
SVR(C=3),heifer,Total number of defects,90,MSE,3,Test,0.3600253410573136
SVR(C=3),heifer,Total number of defects,90,MSE,4,Test,1.4314344889941377
SVR(C=3),heifer,Total number of defects,90,MSE,5,Test,0.6596412355487539
SVR(C=3),cow,live weight,180,MAE,1,Train,45.63607216857385
SVR(C=3),cow,live weight,180,MAE,2,Train,40.53998493684523
SVR(C=3),cow,live weight,180,MAE,3,Train,45.443364368183666
SVR(C=3),cow,live weight,180,MAE,4,Train,42.82424048636358
SVR(C=3),cow,live weight,180,MAE,5,Train,52.3733227168062
SVR(C=3),cow,live weight,180,MAE,1,Test,46.06002337433732
SVR(C=3),cow,live weight,180,MAE,2,Test,69.48001183147758
SVR(C=3),cow,live weight,180,MAE,3,Test,51.82574369841561
SVR(C=3),cow,live weight,180,MAE,4,Test,57.79999999172295
SVR(C=3),cow,live weight,180,MAE,5,Test,21.51738557980991
SVR(C=3),cow,live weight,180,MSE,1,Train,3581.3149140040578
SVR(C=3),cow,live weight,180,MSE,2,Train,2743.226893957043
SVR(C=3),cow,live weight,180,MSE,3,Train,3749.510980415365
SVR(C=3),cow,live weight,180,MSE,4,Train,3210.9453228815682
SVR(C=3),cow,live weight,180,MSE,5,Train,4488.119970754124
SVR(C=3),cow,live weight,180,MSE,1,Test,3408.715697863766
SVR(C=3),cow,live weight,180,MSE,2,Test,7246.323253378292
SVR(C=3),cow,live weight,180,MSE,3,Test,3522.171051164659
SVR(C=3),cow,live weight,180,MSE,4,Test,4919.91903273462
SVR(C=3),cow,live weight,180,MSE,5,Test,615.6605095469307
SVR(C=3),steer,live weight,180,MAE,1,Train,30.122385748325424
SVR(C=3),steer,live weight,180,MAE,2,Train,27.672693363922075
SVR(C=3),steer,live weight,180,MAE,3,Train,29.973462728555177
SVR(C=3),steer,live weight,180,MAE,4,Train,28.697319651130165
SVR(C=3),steer,live weight,180,MAE,5,Train,30.179088354420575
SVR(C=3),steer,live weight,180,MAE,1,Test,26.303146949055094
SVR(C=3),steer,live weight,180,MAE,2,Test,38.269180958033935
SVR(C=3),steer,live weight,180,MAE,3,Test,29.340799743266285
SVR(C=3),steer,live weight,180,MAE,4,Test,32.53725310813419
SVR(C=3),steer,live weight,180,MAE,5,Test,27.423455894931056
SVR(C=3),steer,live weight,180,MSE,1,Train,2259.3085339720074
SVR(C=3),steer,live weight,180,MSE,2,Train,1330.9431130363134
SVR(C=3),steer,live weight,180,MSE,3,Train,2221.666120937313
SVR(C=3),steer,live weight,180,MSE,4,Train,2156.5511127243462
SVR(C=3),steer,live weight,180,MSE,5,Train,2294.761855811413
SVR(C=3),steer,live weight,180,MSE,1,Test,1147.1158229623186
SVR(C=3),steer,live weight,180,MSE,2,Test,5159.766874287781
SVR(C=3),steer,live weight,180,MSE,3,Test,1614.821641260991
SVR(C=3),steer,live weight,180,MSE,4,Test,1647.8061898236044
SVR(C=3),steer,live weight,180,MSE,5,Test,1179.1407435733008
SVR(C=3),heifer,live weight,180,MAE,1,Train,21.30140903231273
SVR(C=3),heifer,live weight,180,MAE,2,Train,18.202187798620347
SVR(C=3),heifer,live weight,180,MAE,3,Train,19.063381952278014
SVR(C=3),heifer,live weight,180,MAE,4,Train,19.021305828395416
SVR(C=3),heifer,live weight,180,MAE,5,Train,17.760801832844493
SVR(C=3),heifer,live weight,180,MAE,1,Test,13.979310915648924
SVR(C=3),heifer,live weight,180,MAE,2,Test,22.079530088802848
SVR(C=3),heifer,live weight,180,MAE,3,Test,21.834640770534268
SVR(C=3),heifer,live weight,180,MAE,4,Test,22.241035632861195
SVR(C=3),heifer,live weight,180,MAE,5,Test,24.596380858113548
SVR(C=3),heifer,live weight,180,MSE,1,Train,867.6209129221234
SVR(C=3),heifer,live weight,180,MSE,2,Train,674.9127639740226
SVR(C=3),heifer,live weight,180,MSE,3,Train,709.4227233769707
SVR(C=3),heifer,live weight,180,MSE,4,Train,739.1815367263816
SVR(C=3),heifer,live weight,180,MSE,5,Train,613.3920205987586
SVR(C=3),heifer,live weight,180,MSE,1,Test,319.0742361662831
SVR(C=3),heifer,live weight,180,MSE,2,Test,881.2274772303235
SVR(C=3),heifer,live weight,180,MSE,3,Test,959.9645250903035
SVR(C=3),heifer,live weight,180,MSE,4,Test,853.4386739616206
SVR(C=3),heifer,live weight,180,MSE,5,Test,1094.8624137672557
SVR(C=3),cow,carcass weight,180,MAE,1,Train,23.651163515198114
SVR(C=3),cow,carcass weight,180,MAE,2,Train,21.763327705453168
SVR(C=3),cow,carcass weight,180,MAE,3,Train,24.418883109409116
SVR(C=3),cow,carcass weight,180,MAE,4,Train,22.945966057498
SVR(C=3),cow,carcass weight,180,MAE,5,Train,27.371738978366718
SVR(C=3),cow,carcass weight,180,MAE,1,Test,25.69032647890025
SVR(C=3),cow,carcass weight,180,MAE,2,Test,36.691284729214544
SVR(C=3),cow,carcass weight,180,MAE,3,Test,26.82222222208581
SVR(C=3),cow,carcass weight,180,MAE,4,Test,29.811111103516186
SVR(C=3),cow,carcass weight,180,MAE,5,Test,13.669685679077904
SVR(C=3),cow,carcass weight,180,MSE,1,Train,904.8304956947019
SVR(C=3),cow,carcass weight,180,MSE,2,Train,854.6953342577688
SVR(C=3),cow,carcass weight,180,MSE,3,Train,1125.3203576648732
SVR(C=3),cow,carcass weight,180,MSE,4,Train,963.1745057546656
SVR(C=3),cow,carcass weight,180,MSE,5,Train,1290.5384039219884
SVR(C=3),cow,carcass weight,180,MSE,1,Test,1380.6049532336642
SVR(C=3),cow,carcass weight,180,MSE,2,Test,2031.9654899155075
SVR(C=3),cow,carcass weight,180,MSE,3,Test,995.237547111073
SVR(C=3),cow,carcass weight,180,MSE,4,Test,1237.0064867535054
SVR(C=3),cow,carcass weight,180,MSE,5,Test,249.1429902000879
SVR(C=3),steer,carcass weight,180,MAE,1,Train,15.368544673238356
SVR(C=3),steer,carcass weight,180,MAE,2,Train,14.44848850168118
SVR(C=3),steer,carcass weight,180,MAE,3,Train,15.151279812281986
SVR(C=3),steer,carcass weight,180,MAE,4,Train,14.185886077992263
SVR(C=3),steer,carcass weight,180,MAE,5,Train,14.451631485476096
SVR(C=3),steer,carcass weight,180,MAE,1,Test,12.87955005434481
SVR(C=3),steer,carcass weight,180,MAE,2,Test,16.452442138642066
SVR(C=3),steer,carcass weight,180,MAE,3,Test,13.853825532380569
SVR(C=3),steer,carcass weight,180,MAE,4,Test,17.34035032580168
SVR(C=3),steer,carcass weight,180,MAE,5,Test,16.57310989093175
SVR(C=3),steer,carcass weight,180,MSE,1,Train,398.21125060656374
SVR(C=3),steer,carcass weight,180,MSE,2,Train,356.3554911005473
SVR(C=3),steer,carcass weight,180,MSE,3,Train,395.1716518619101
SVR(C=3),steer,carcass weight,180,MSE,4,Train,342.96514628019605
SVR(C=3),steer,carcass weight,180,MSE,5,Train,372.2808051256397
SVR(C=3),steer,carcass weight,180,MSE,1,Test,296.3889803835969
SVR(C=3),steer,carcass weight,180,MSE,2,Test,456.28290343117817
SVR(C=3),steer,carcass weight,180,MSE,3,Test,314.1974728960652
SVR(C=3),steer,carcass weight,180,MSE,4,Test,504.14698215489847
SVR(C=3),steer,carcass weight,180,MSE,5,Test,407.82211699764116
SVR(C=3),heifer,carcass weight,180,MAE,1,Train,11.965837392011325
SVR(C=3),heifer,carcass weight,180,MAE,2,Train,10.16523646765327
SVR(C=3),heifer,carcass weight,180,MAE,3,Train,10.445025288974254
SVR(C=3),heifer,carcass weight,180,MAE,4,Train,11.363765814551087
SVR(C=3),heifer,carcass weight,180,MAE,5,Train,9.564498858920796
SVR(C=3),heifer,carcass weight,180,MAE,1,Test,6.913747749598864
SVR(C=3),heifer,carcass weight,180,MAE,2,Test,13.722671470849201
SVR(C=3),heifer,carcass weight,180,MAE,3,Test,13.03053377914406
SVR(C=3),heifer,carcass weight,180,MAE,4,Test,9.18000042817244
SVR(C=3),heifer,carcass weight,180,MAE,5,Test,15.299538738996764
SVR(C=3),heifer,carcass weight,180,MSE,1,Train,275.51954615576926
SVR(C=3),heifer,carcass weight,180,MSE,2,Train,208.46865064465206
SVR(C=3),heifer,carcass weight,180,MSE,3,Train,222.5654800196981
SVR(C=3),heifer,carcass weight,180,MSE,4,Train,249.18536989338492
SVR(C=3),heifer,carcass weight,180,MSE,5,Train,187.14712803103833
SVR(C=3),heifer,carcass weight,180,MSE,1,Test,71.87465501263983
SVR(C=3),heifer,carcass weight,180,MSE,2,Test,329.88053884486277
SVR(C=3),heifer,carcass weight,180,MSE,3,Test,303.79636882280784
SVR(C=3),heifer,carcass weight,180,MSE,4,Test,159.26377097178633
SVR(C=3),heifer,carcass weight,180,MSE,5,Test,413.0249456380067
SVR(C=3),cow,price,180,MAE,1,Train,95.94171593380828
SVR(C=3),cow,price,180,MAE,2,Train,81.28783493757761
SVR(C=3),cow,price,180,MAE,3,Train,91.48335188729007
SVR(C=3),cow,price,180,MAE,4,Train,90.69977601879724
SVR(C=3),cow,price,180,MAE,5,Train,100.07419207468948
SVR(C=3),cow,price,180,MAE,1,Test,78.23085940882052
SVR(C=3),cow,price,180,MAE,2,Test,136.0009562389791
SVR(C=3),cow,price,180,MAE,3,Test,100.13770515744422
SVR(C=3),cow,price,180,MAE,4,Test,95.25614952445365
SVR(C=3),cow,price,180,MAE,5,Test,59.987364086424094
SVR(C=3),cow,price,180,MSE,1,Train,16342.144889790312
SVR(C=3),cow,price,180,MSE,2,Train,12355.410223126959
SVR(C=3),cow,price,180,MSE,3,Train,16055.424750657148
SVR(C=3),cow,price,180,MSE,4,Train,14283.47416718907
SVR(C=3),cow,price,180,MSE,5,Train,17945.317355385014
SVR(C=3),cow,price,180,MSE,1,Test,11863.029163918503
SVR(C=3),cow,price,180,MSE,2,Test,28080.788495905268
SVR(C=3),cow,price,180,MSE,3,Test,14958.144790320948
SVR(C=3),cow,price,180,MSE,4,Test,18877.135158539768
SVR(C=3),cow,price,180,MSE,5,Test,5344.261729846994
SVR(C=3),steer,price,180,MAE,1,Train,100.8432513967882
SVR(C=3),steer,price,180,MAE,2,Train,95.56221761001656
SVR(C=3),steer,price,180,MAE,3,Train,99.87347082627215
SVR(C=3),steer,price,180,MAE,4,Train,94.5065258449746
SVR(C=3),steer,price,180,MAE,5,Train,95.68102739215566
SVR(C=3),steer,price,180,MAE,1,Test,84.65706285920561
SVR(C=3),steer,price,180,MAE,2,Test,106.92541023658279
SVR(C=3),steer,price,180,MAE,3,Test,87.71688732159163
SVR(C=3),steer,price,180,MAE,4,Test,108.99048815364537
SVR(C=3),steer,price,180,MAE,5,Test,106.49041756293886
SVR(C=3),steer,price,180,MSE,1,Train,16482.345501055435
SVR(C=3),steer,price,180,MSE,2,Train,14654.538712181184
SVR(C=3),steer,price,180,MSE,3,Train,16338.768776300869
SVR(C=3),steer,price,180,MSE,4,Train,14545.549356351146
SVR(C=3),steer,price,180,MSE,5,Train,15428.423174152276
SVR(C=3),steer,price,180,MSE,1,Test,11745.49114729523
SVR(C=3),steer,price,180,MSE,2,Test,19567.295513747187
SVR(C=3),steer,price,180,MSE,3,Test,12240.07869659908
SVR(C=3),steer,price,180,MSE,4,Test,19228.574890030606
SVR(C=3),steer,price,180,MSE,5,Test,16318.407447882319
SVR(C=3),heifer,price,180,MAE,1,Train,73.82569076418731
SVR(C=3),heifer,price,180,MAE,2,Train,65.5834314463554
SVR(C=3),heifer,price,180,MAE,3,Train,65.65649853662363
SVR(C=3),heifer,price,180,MAE,4,Train,72.49735167157584
SVR(C=3),heifer,price,180,MAE,5,Train,63.965858729292414
SVR(C=3),heifer,price,180,MAE,1,Test,52.334752560696735
SVR(C=3),heifer,price,180,MAE,2,Test,80.33712431548926
SVR(C=3),heifer,price,180,MAE,3,Test,84.7143166049939
SVR(C=3),heifer,price,180,MAE,4,Test,50.8608601799068
SVR(C=3),heifer,price,180,MAE,5,Test,86.74010951149292
SVR(C=3),heifer,price,180,MSE,1,Train,10128.313064767439
SVR(C=3),heifer,price,180,MSE,2,Train,7912.1410874033045
SVR(C=3),heifer,price,180,MSE,3,Train,8334.200233736578
SVR(C=3),heifer,price,180,MSE,4,Train,9381.31628756134
SVR(C=3),heifer,price,180,MSE,5,Train,7327.84338072373
SVR(C=3),heifer,price,180,MSE,1,Test,3822.857558141019
SVR(C=3),heifer,price,180,MSE,2,Test,11288.01973622338
SVR(C=3),heifer,price,180,MSE,3,Test,11185.75235876933
SVR(C=3),heifer,price,180,MSE,4,Test,4974.986841902874
SVR(C=3),heifer,price,180,MSE,5,Test,14403.615421108689
SVR(C=3),cow,Total number of defects,180,MAE,1,Train,0.6889648810100716
SVR(C=3),cow,Total number of defects,180,MAE,2,Train,0.667637739550366
SVR(C=3),cow,Total number of defects,180,MAE,3,Train,0.7000611933568812
SVR(C=3),cow,Total number of defects,180,MAE,4,Train,0.7270882203839083
SVR(C=3),cow,Total number of defects,180,MAE,5,Train,0.6730498311252929
SVR(C=3),cow,Total number of defects,180,MAE,1,Test,0.8001172452329893
SVR(C=3),cow,Total number of defects,180,MAE,2,Test,0.811207272424324
SVR(C=3),cow,Total number of defects,180,MAE,3,Test,0.6778137169763166
SVR(C=3),cow,Total number of defects,180,MAE,4,Test,0.5667026058652056
SVR(C=3),cow,Total number of defects,180,MAE,5,Test,0.78886548266212
SVR(C=3),cow,Total number of defects,180,MSE,1,Train,0.9100109452432186
SVR(C=3),cow,Total number of defects,180,MSE,2,Train,0.7775199195652391
SVR(C=3),cow,Total number of defects,180,MSE,3,Train,0.8640698944827538
SVR(C=3),cow,Total number of defects,180,MSE,4,Train,0.9505738647878866
SVR(C=3),cow,Total number of defects,180,MSE,5,Train,0.7883755701463492
SVR(C=3),cow,Total number of defects,180,MSE,1,Test,0.9301094978623343
SVR(C=3),cow,Total number of defects,180,MSE,2,Test,1.2100039029795873
SVR(C=3),cow,Total number of defects,180,MSE,3,Test,0.8544804886998635
SVR(C=3),cow,Total number of defects,180,MSE,4,Test,0.49885305522320816
SVR(C=3),cow,Total number of defects,180,MSE,5,Test,1.165443238259244
SVR(C=3),steer,Total number of defects,180,MAE,1,Train,0.31385394712819525
SVR(C=3),steer,Total number of defects,180,MAE,2,Train,0.34620743139996374
SVR(C=3),steer,Total number of defects,180,MAE,3,Train,0.33121888281604567
SVR(C=3),steer,Total number of defects,180,MAE,4,Train,0.32978341933031136
SVR(C=3),steer,Total number of defects,180,MAE,5,Train,0.3236556031170641
SVR(C=3),steer,Total number of defects,180,MAE,1,Test,0.4105038715022882
SVR(C=3),steer,Total number of defects,180,MAE,2,Test,0.2735908540689
SVR(C=3),steer,Total number of defects,180,MAE,3,Test,0.33843225753158046
SVR(C=3),steer,Total number of defects,180,MAE,4,Test,0.3582267968583503
SVR(C=3),steer,Total number of defects,180,MAE,5,Test,0.37786701277978935
SVR(C=3),steer,Total number of defects,180,MSE,1,Train,0.3699853805020922
SVR(C=3),steer,Total number of defects,180,MSE,2,Train,0.4355617485243579
SVR(C=3),steer,Total number of defects,180,MSE,3,Train,0.38877962438380564
SVR(C=3),steer,Total number of defects,180,MSE,4,Train,0.34528903256793586
SVR(C=3),steer,Total number of defects,180,MSE,5,Train,0.39990613869008335
SVR(C=3),steer,Total number of defects,180,MSE,1,Test,0.5401200733471785
SVR(C=3),steer,Total number of defects,180,MSE,2,Test,0.24899928088521717
SVR(C=3),steer,Total number of defects,180,MSE,3,Test,0.36864607021988793
SVR(C=3),steer,Total number of defects,180,MSE,4,Test,0.6696844294665397
SVR(C=3),steer,Total number of defects,180,MSE,5,Test,0.3840896582564051
SVR(C=3),heifer,Total number of defects,180,MAE,1,Train,0.5369319537858175
SVR(C=3),heifer,Total number of defects,180,MAE,2,Train,0.4484923058800377
SVR(C=3),heifer,Total number of defects,180,MAE,3,Train,0.5020309583452195
SVR(C=3),heifer,Total number of defects,180,MAE,4,Train,0.42959685749110904
SVR(C=3),heifer,Total number of defects,180,MAE,5,Train,0.4673473405648743
SVR(C=3),heifer,Total number of defects,180,MAE,1,Test,0.3004416997452423
SVR(C=3),heifer,Total number of defects,180,MAE,2,Test,0.6440758895142987
SVR(C=3),heifer,Total number of defects,180,MAE,3,Test,0.4250399613213387
SVR(C=3),heifer,Total number of defects,180,MAE,4,Test,0.7252832082996651
SVR(C=3),heifer,Total number of defects,180,MAE,5,Test,0.6415610862807566
SVR(C=3),heifer,Total number of defects,180,MSE,1,Train,0.7929196573950368
SVR(C=3),heifer,Total number of defects,180,MSE,2,Train,0.5460530978691093
SVR(C=3),heifer,Total number of defects,180,MSE,3,Train,0.7487039359506127
SVR(C=3),heifer,Total number of defects,180,MSE,4,Train,0.48139968517019127
SVR(C=3),heifer,Total number of defects,180,MSE,5,Train,0.6588891650146688
SVR(C=3),heifer,Total number of defects,180,MSE,1,Test,0.20556271404528279
SVR(C=3),heifer,Total number of defects,180,MSE,2,Test,1.0980711576232738
SVR(C=3),heifer,Total number of defects,180,MSE,3,Test,0.3599852323780519
SVR(C=3),heifer,Total number of defects,180,MSE,4,Test,1.4309040055010367
SVR(C=3),heifer,Total number of defects,180,MSE,5,Test,0.6598282181205305
SVR(C=3),cow,live weight,720,MAE,1,Train,45.63607861069339
SVR(C=3),cow,live weight,720,MAE,2,Train,40.54466206827707
SVR(C=3),cow,live weight,720,MAE,3,Train,45.444357177015
SVR(C=3),cow,live weight,720,MAE,4,Train,42.824394574526316
SVR(C=3),cow,live weight,720,MAE,5,Train,52.378892822135576
SVR(C=3),cow,live weight,720,MAE,1,Test,46.06001950426552
SVR(C=3),cow,live weight,720,MAE,2,Test,69.48767501171163
SVR(C=3),cow,live weight,720,MAE,3,Test,51.8340316820821
SVR(C=3),cow,live weight,720,MAE,4,Test,57.800086644822144
SVR(C=3),cow,live weight,720,MAE,5,Test,21.52883524693958
SVR(C=3),cow,live weight,720,MSE,1,Train,3581.3149743216723
SVR(C=3),cow,live weight,720,MSE,2,Train,2743.467395568626
SVR(C=3),cow,live weight,720,MSE,3,Train,3749.6605038254734
SVR(C=3),cow,live weight,720,MSE,4,Train,3210.9497557528557
SVR(C=3),cow,live weight,720,MSE,5,Train,4488.863847349669
SVR(C=3),cow,live weight,720,MSE,1,Test,3408.7170705559083
SVR(C=3),cow,live weight,720,MSE,2,Test,7246.776214558497
SVR(C=3),cow,live weight,720,MSE,3,Test,3523.021800499855
SVR(C=3),cow,live weight,720,MSE,4,Test,4919.928926928572
SVR(C=3),cow,live weight,720,MSE,5,Test,616.1255490573519
SVR(C=3),steer,live weight,720,MAE,1,Train,28.35504926544321
SVR(C=3),steer,live weight,720,MAE,2,Train,30.037301294538278
SVR(C=3),steer,live weight,720,MAE,3,Train,29.83236477864139
SVR(C=3),steer,live weight,720,MAE,4,Train,29.35497314085255
SVR(C=3),steer,live weight,720,MAE,5,Train,29.479424946566244
SVR(C=3),steer,live weight,720,MAE,1,Test,35.47333872941416
SVR(C=3),steer,live weight,720,MAE,2,Test,28.217461407502935
SVR(C=3),steer,live weight,720,MAE,3,Test,28.738339140553972
SVR(C=3),steer,live weight,720,MAE,4,Test,30.69322463154353
SVR(C=3),steer,live weight,720,MAE,5,Test,29.96865261752936
SVR(C=3),steer,live weight,720,MSE,1,Train,1314.7101302125875
SVR(C=3),steer,live weight,720,MSE,2,Train,2305.838576232535
SVR(C=3),steer,live weight,720,MSE,3,Train,2316.4553354287827
SVR(C=3),steer,live weight,720,MSE,4,Train,2253.790967880786
SVR(C=3),steer,live weight,720,MSE,5,Train,2250.626539695005
SVR(C=3),steer,live weight,720,MSE,1,Test,5300.825845773935
SVR(C=3),steer,live weight,720,MSE,2,Test,1275.543011014638
SVR(C=3),steer,live weight,720,MSE,3,Test,1312.2458447428583
SVR(C=3),steer,live weight,720,MSE,4,Test,1445.9560728749957
SVR(C=3),steer,live weight,720,MSE,5,Test,1460.3575921196418
SVR(C=3),heifer,live weight,720,MAE,1,Train,17.97573396362775
SVR(C=3),heifer,live weight,720,MAE,2,Train,25.633012959103517
SVR(C=3),heifer,live weight,720,MAE,3,Train,21.858850616746842
SVR(C=3),heifer,live weight,720,MAE,4,Train,19.580261538574945
SVR(C=3),heifer,live weight,720,MAE,5,Train,25.483764798988123
SVR(C=3),heifer,live weight,720,MAE,1,Test,43.2588424065372
SVR(C=3),heifer,live weight,720,MAE,2,Test,14.185013809814151
SVR(C=3),heifer,live weight,720,MAE,3,Test,27.318269263712565
SVR(C=3),heifer,live weight,720,MAE,4,Test,38.82869384081913
SVR(C=3),heifer,live weight,720,MAE,5,Test,12.878324399720967
SVR(C=3),heifer,live weight,720,MSE,1,Train,682.7529943116008
SVR(C=3),heifer,live weight,720,MSE,2,Train,1234.2648798528094
SVR(C=3),heifer,live weight,720,MSE,3,Train,1030.7798403365587
SVR(C=3),heifer,live weight,720,MSE,4,Train,775.9822590387371
SVR(C=3),heifer,live weight,720,MSE,5,Train,1224.3413260787866
SVR(C=3),heifer,live weight,720,MSE,1,Test,2720.5286852773356
SVR(C=3),heifer,live weight,720,MSE,2,Test,248.47975578331696
SVR(C=3),heifer,live weight,720,MSE,3,Test,903.9012755649626
SVR(C=3),heifer,live weight,720,MSE,4,Test,2042.2476807037842
SVR(C=3),heifer,live weight,720,MSE,5,Test,242.58837740590866
SVR(C=3),cow,carcass weight,720,MAE,1,Train,23.659875459115646
SVR(C=3),cow,carcass weight,720,MAE,2,Train,21.767443722918163
SVR(C=3),cow,carcass weight,720,MAE,3,Train,24.419599365111292
SVR(C=3),cow,carcass weight,720,MAE,4,Train,22.95164425384225
SVR(C=3),cow,carcass weight,720,MAE,5,Train,27.376186507028184
SVR(C=3),cow,carcass weight,720,MAE,1,Test,25.712344382734123
SVR(C=3),cow,carcass weight,720,MAE,2,Test,36.69974543255181
SVR(C=3),cow,carcass weight,720,MAE,3,Test,26.822222220971728
SVR(C=3),cow,carcass weight,720,MAE,4,Test,29.81111111263344
SVR(C=3),cow,carcass weight,720,MAE,5,Test,13.678827819967296
SVR(C=3),cow,carcass weight,720,MSE,1,Train,904.515456933415
SVR(C=3),cow,carcass weight,720,MSE,2,Train,855.2718147003798
SVR(C=3),cow,carcass weight,720,MSE,3,Train,1125.2538997149175
SVR(C=3),cow,carcass weight,720,MSE,4,Train,963.4552974905366
SVR(C=3),cow,carcass weight,720,MSE,5,Train,1291.2331517527314
SVR(C=3),cow,carcass weight,720,MSE,1,Test,1383.360425726884
SVR(C=3),cow,carcass weight,720,MSE,2,Test,2032.6213573704226
SVR(C=3),cow,carcass weight,720,MSE,3,Test,994.9756174470195
SVR(C=3),cow,carcass weight,720,MSE,4,Test,1237.2705904290494
SVR(C=3),cow,carcass weight,720,MSE,5,Test,249.5702630131225
SVR(C=3),steer,carcass weight,720,MAE,1,Train,14.963969792114623
SVR(C=3),steer,carcass weight,720,MAE,2,Train,14.732977870492276
SVR(C=3),steer,carcass weight,720,MAE,3,Train,14.772938883138165
SVR(C=3),steer,carcass weight,720,MAE,4,Train,14.269586292346135
SVR(C=3),steer,carcass weight,720,MAE,5,Train,14.566051117294242
SVR(C=3),steer,carcass weight,720,MAE,1,Test,14.489642087651506
SVR(C=3),steer,carcass weight,720,MAE,2,Test,15.007827082618753
SVR(C=3),steer,carcass weight,720,MAE,3,Test,14.512448980799848
SVR(C=3),steer,carcass weight,720,MAE,4,Test,16.511736767042997
SVR(C=3),steer,carcass weight,720,MAE,5,Test,15.440954249667572
SVR(C=3),steer,carcass weight,720,MSE,1,Train,375.4910309690177
SVR(C=3),steer,carcass weight,720,MSE,2,Train,377.9805029787767
SVR(C=3),steer,carcass weight,720,MSE,3,Train,375.31824378534895
SVR(C=3),steer,carcass weight,720,MSE,4,Train,365.04683196513525
SVR(C=3),steer,carcass weight,720,MSE,5,Train,356.250940953891
SVR(C=3),steer,carcass weight,720,MSE,1,Test,376.94791417649475
SVR(C=3),steer,carcass weight,720,MSE,2,Test,351.9365153606382
SVR(C=3),steer,carcass weight,720,MSE,3,Test,357.81782661812616
SVR(C=3),steer,carcass weight,720,MSE,4,Test,400.4932900062023
SVR(C=3),steer,carcass weight,720,MSE,5,Test,433.9585010689317
SVR(C=3),heifer,carcass weight,720,MAE,1,Train,10.23521706745073
SVR(C=3),heifer,carcass weight,720,MAE,2,Train,13.43025579221398
SVR(C=3),heifer,carcass weight,720,MAE,3,Train,14.214682772675772
SVR(C=3),heifer,carcass weight,720,MAE,4,Train,13.779412964763377
SVR(C=3),heifer,carcass weight,720,MAE,5,Train,16.036203683997137
SVR(C=3),heifer,carcass weight,720,MAE,1,Test,29.40991142046841
SVR(C=3),heifer,carcass weight,720,MAE,2,Test,17.484942531892507
SVR(C=3),heifer,carcass weight,720,MAE,3,Test,14.764903963701059
SVR(C=3),heifer,carcass weight,720,MAE,4,Test,21.270499718048967
SVR(C=3),heifer,carcass weight,720,MAE,5,Test,6.070324126747508
SVR(C=3),heifer,carcass weight,720,MSE,1,Train,182.72754542464662
SVR(C=3),heifer,carcass weight,720,MSE,2,Train,407.3203727474407
SVR(C=3),heifer,carcass weight,720,MSE,3,Train,381.959821986016
SVR(C=3),heifer,carcass weight,720,MSE,4,Train,360.59024166133236
SVR(C=3),heifer,carcass weight,720,MSE,5,Train,405.0689037023336
SVR(C=3),heifer,carcass weight,720,MSE,1,Test,1248.454074513527
SVR(C=3),heifer,carcass weight,720,MSE,2,Test,340.5992470842757
SVR(C=3),heifer,carcass weight,720,MSE,3,Test,300.1091944692693
SVR(C=3),heifer,carcass weight,720,MSE,4,Test,493.6364796076837
SVR(C=3),heifer,carcass weight,720,MSE,5,Test,39.18816087415202
SVR(C=3),cow,price,720,MAE,1,Train,95.90354231566965
SVR(C=3),cow,price,720,MAE,2,Train,81.25484703231778
SVR(C=3),cow,price,720,MAE,3,Train,91.45654904396532
SVR(C=3),cow,price,720,MAE,4,Train,90.64493381687362
SVR(C=3),cow,price,720,MAE,5,Train,100.07777723186273
SVR(C=3),cow,price,720,MAE,1,Test,78.21819802650703
SVR(C=3),cow,price,720,MAE,2,Test,135.98835985025667
SVR(C=3),cow,price,720,MAE,3,Test,100.06424553593949
SVR(C=3),cow,price,720,MAE,4,Test,95.32207325261716
SVR(C=3),cow,price,720,MAE,5,Test,59.9910488200245
SVR(C=3),cow,price,720,MSE,1,Train,16326.290906164206
SVR(C=3),cow,price,720,MSE,2,Train,12349.421076177392
SVR(C=3),cow,price,720,MSE,3,Train,16046.205841051513
SVR(C=3),cow,price,720,MSE,4,Train,14269.289774424837
SVR(C=3),cow,price,720,MSE,5,Train,17946.590565697185
SVR(C=3),cow,price,720,MSE,1,Test,11870.018092057246
SVR(C=3),cow,price,720,MSE,2,Test,28079.506845367832
SVR(C=3),cow,price,720,MSE,3,Test,14939.762394499263
SVR(C=3),cow,price,720,MSE,4,Test,18869.491599284378
SVR(C=3),cow,price,720,MSE,5,Test,5345.228258930456
SVR(C=3),steer,price,720,MAE,1,Train,96.61659778713086
SVR(C=3),steer,price,720,MAE,2,Train,96.51868005967297
SVR(C=3),steer,price,720,MAE,3,Train,97.55365512976553
SVR(C=3),steer,price,720,MAE,4,Train,94.33934353691288
SVR(C=3),steer,price,720,MAE,5,Train,95.2603594469175
SVR(C=3),steer,price,720,MAE,1,Test,95.19845754611347
SVR(C=3),steer,price,720,MAE,2,Test,95.6758938968413
SVR(C=3),steer,price,720,MAE,3,Test,89.96333909660616
SVR(C=3),steer,price,720,MAE,4,Test,104.8907112873612
SVR(C=3),steer,price,720,MAE,5,Test,100.87548475301857
SVR(C=3),steer,price,720,MSE,1,Train,15046.662909733628
SVR(C=3),steer,price,720,MSE,2,Train,15325.526098733088
SVR(C=3),steer,price,720,MSE,3,Train,15345.68711348669
SVR(C=3),steer,price,720,MSE,4,Train,14789.020381412307
SVR(C=3),steer,price,720,MSE,5,Train,14600.211766071223
SVR(C=3),steer,price,720,MSE,1,Test,15290.075086041348
SVR(C=3),steer,price,720,MSE,2,Test,14079.574258368133
SVR(C=3),steer,price,720,MSE,3,Test,13507.520794402386
SVR(C=3),steer,price,720,MSE,4,Test,16311.931076778075
SVR(C=3),steer,price,720,MSE,5,Test,17100.148642278662
SVR(C=3),heifer,price,720,MAE,1,Train,65.97517957071696
SVR(C=3),heifer,price,720,MAE,2,Train,85.16527530066662
SVR(C=3),heifer,price,720,MAE,3,Train,85.22472474554912
SVR(C=3),heifer,price,720,MAE,4,Train,86.13073381905787
SVR(C=3),heifer,price,720,MAE,5,Train,96.12768170928679
SVR(C=3),heifer,price,720,MAE,1,Test,167.56182309659795
SVR(C=3),heifer,price,720,MAE,2,Test,105.73152747782655
SVR(C=3),heifer,price,720,MAE,3,Test,85.83583946025368
SVR(C=3),heifer,price,720,MAE,4,Test,99.1734410715597
SVR(C=3),heifer,price,720,MAE,5,Test,58.75560537134652
SVR(C=3),heifer,price,720,MSE,1,Train,6473.649556037372
SVR(C=3),heifer,price,720,MSE,2,Train,15260.116404918195
SVR(C=3),heifer,price,720,MSE,3,Train,13381.472126940529
SVR(C=3),heifer,price,720,MSE,4,Train,13254.325963761994
SVR(C=3),heifer,price,720,MSE,5,Train,14215.555988093609
SVR(C=3),heifer,price,720,MSE,1,Test,39951.64650792815
SVR(C=3),heifer,price,720,MSE,2,Test,12619.263186285874
SVR(C=3),heifer,price,720,MSE,3,Test,10063.218101296889
SVR(C=3),heifer,price,720,MSE,4,Test,10975.741362822664
SVR(C=3),heifer,price,720,MSE,5,Test,6059.718720221303
SVR(C=3),cow,Total number of defects,720,MAE,1,Train,0.688952342500945
SVR(C=3),cow,Total number of defects,720,MAE,2,Train,0.6675850985001421
SVR(C=3),cow,Total number of defects,720,MAE,3,Train,0.7000676935469233
SVR(C=3),cow,Total number of defects,720,MAE,4,Train,0.7270947205739501
SVR(C=3),cow,Total number of defects,720,MAE,5,Train,0.6729993834409251
SVR(C=3),cow,Total number of defects,720,MAE,1,Test,0.800114216703434
SVR(C=3),cow,Total number of defects,720,MAE,2,Test,0.8112449604423014
SVR(C=3),cow,Total number of defects,720,MAE,3,Test,0.6778860032128635
SVR(C=3),cow,Total number of defects,720,MAE,4,Test,0.5667748921017525
SVR(C=3),cow,Total number of defects,720,MAE,5,Test,0.7888423563355151
SVR(C=3),cow,Total number of defects,720,MSE,1,Train,0.9100178454365353
SVR(C=3),cow,Total number of defects,720,MSE,2,Train,0.7775601153324275
SVR(C=3),cow,Total number of defects,720,MSE,3,Train,0.8640180095937151
SVR(C=3),cow,Total number of defects,720,MSE,4,Train,0.9505120176718073
SVR(C=3),cow,Total number of defects,720,MSE,5,Train,0.7883716444488447
SVR(C=3),cow,Total number of defects,720,MSE,1,Test,0.9301234221729804
SVR(C=3),cow,Total number of defects,720,MSE,2,Test,1.2100638941626565
SVR(C=3),cow,Total number of defects,720,MSE,3,Test,0.8544290674435207
SVR(C=3),cow,Total number of defects,720,MSE,4,Test,0.49884258978914153
SVR(C=3),cow,Total number of defects,720,MSE,5,Test,1.1653415592524698
SVR(C=3),steer,Total number of defects,720,MAE,1,Train,0.31803399133855503
SVR(C=3),steer,Total number of defects,720,MAE,2,Train,0.33976320991431574
SVR(C=3),steer,Total number of defects,720,MAE,3,Train,0.3353104185247381
SVR(C=3),steer,Total number of defects,720,MAE,4,Train,0.35416844365105726
SVR(C=3),steer,Total number of defects,720,MAE,5,Train,0.3250897133526863
SVR(C=3),steer,Total number of defects,720,MAE,1,Test,0.4497916058370363
SVR(C=3),steer,Total number of defects,720,MAE,2,Test,0.3573906118699205
SVR(C=3),steer,Total number of defects,720,MAE,3,Test,0.3779252467979074
SVR(C=3),steer,Total number of defects,720,MAE,4,Test,0.30351216613965504
SVR(C=3),steer,Total number of defects,720,MAE,5,Test,0.41525218632260213
SVR(C=3),steer,Total number of defects,720,MSE,1,Train,0.356235242679117
SVR(C=3),steer,Total number of defects,720,MSE,2,Train,0.3984376709658081
SVR(C=3),steer,Total number of defects,720,MSE,3,Train,0.361764914371303
SVR(C=3),steer,Total number of defects,720,MSE,4,Train,0.4553693954956557
SVR(C=3),steer,Total number of defects,720,MSE,5,Train,0.3787864536370305
SVR(C=3),steer,Total number of defects,720,MSE,1,Test,0.7732929837692636
SVR(C=3),steer,Total number of defects,720,MSE,2,Test,0.3422618166723089
SVR(C=3),steer,Total number of defects,720,MSE,3,Test,0.5122272899038018
SVR(C=3),steer,Total number of defects,720,MSE,4,Test,0.27923336860477577
SVR(C=3),steer,Total number of defects,720,MSE,5,Test,0.6178406223200503
SVR(C=3),heifer,Total number of defects,720,MAE,1,Train,0.25
SVR(C=3),heifer,Total number of defects,720,MAE,2,Train,0.3011829638598543
SVR(C=3),heifer,Total number of defects,720,MAE,3,Train,0.36255883692851404
SVR(C=3),heifer,Total number of defects,720,MAE,4,Train,0.400533614653177
SVR(C=3),heifer,Total number of defects,720,MAE,5,Train,0.3563182277666268
SVR(C=3),heifer,Total number of defects,720,MAE,1,Test,0.75
SVR(C=3),heifer,Total number of defects,720,MAE,2,Test,0.5012284008853115
SVR(C=3),heifer,Total number of defects,720,MAE,3,Test,0.6922500552700415
SVR(C=3),heifer,Total number of defects,720,MAE,4,Test,0.12379957449210541
SVR(C=3),heifer,Total number of defects,720,MAE,5,Test,0.3021005077949457
SVR(C=3),heifer,Total number of defects,720,MSE,1,Train,0.16000000000000003
SVR(C=3),heifer,Total number of defects,720,MSE,2,Train,0.31669767093848095
SVR(C=3),heifer,Total number of defects,720,MSE,3,Train,0.28415597280954635
SVR(C=3),heifer,Total number of defects,720,MSE,4,Train,0.4146520664520193
SVR(C=3),heifer,Total number of defects,720,MSE,5,Train,0.374390924569777
SVR(C=3),heifer,Total number of defects,720,MSE,1,Test,1.1099999999999999
SVR(C=3),heifer,Total number of defects,720,MSE,2,Test,0.41031923787837365
SVR(C=3),heifer,Total number of defects,720,MSE,3,Test,0.5960697596664142
SVR(C=3),heifer,Total number of defects,720,MSE,4,Test,0.017019975731526225
SVR(C=3),heifer,Total number of defects,720,MSE,5,Test,0.20698037552831094
Random Forest depth4,cow,live weight,3,MAE,1,Train,45.72538954109994
Random Forest depth4,cow,live weight,3,MAE,2,Train,39.80135803233907
Random Forest depth4,cow,live weight,3,MAE,3,Train,46.07131856945253
Random Forest depth4,cow,live weight,3,MAE,4,Train,42.48175221423435
Random Forest depth4,cow,live weight,3,MAE,5,Train,52.84443822843578
Random Forest depth4,cow,live weight,3,MAE,1,Test,50.67752300386551
Random Forest depth4,cow,live weight,3,MAE,2,Test,69.47427549418447
Random Forest depth4,cow,live weight,3,MAE,3,Test,50.50397036943666
Random Forest depth4,cow,live weight,3,MAE,4,Test,57.98018293823301
Random Forest depth4,cow,live weight,3,MAE,5,Test,15.033266444040628
Random Forest depth4,cow,live weight,3,MSE,1,Train,3493.0382191207514
Random Forest depth4,cow,live weight,3,MSE,2,Train,2696.236247161724
Random Forest depth4,cow,live weight,3,MSE,3,Train,3604.3130302004033
Random Forest depth4,cow,live weight,3,MSE,4,Train,3186.595415009502
Random Forest depth4,cow,live weight,3,MSE,5,Train,4291.26641250688
Random Forest depth4,cow,live weight,3,MSE,1,Test,4073.598629463264
Random Forest depth4,cow,live weight,3,MSE,2,Test,8025.288351226178
Random Forest depth4,cow,live weight,3,MSE,3,Test,3435.886987513041
Random Forest depth4,cow,live weight,3,MSE,4,Test,5032.323056075762
Random Forest depth4,cow,live weight,3,MSE,5,Test,384.56174616774365
Random Forest depth4,steer,live weight,3,MAE,1,Train,28.795581537744773
Random Forest depth4,steer,live weight,3,MAE,2,Train,26.078473161635284
Random Forest depth4,steer,live weight,3,MAE,3,Train,29.345981934624035
Random Forest depth4,steer,live weight,3,MAE,4,Train,27.546541693157412
Random Forest depth4,steer,live weight,3,MAE,5,Train,28.91595587033973
Random Forest depth4,steer,live weight,3,MAE,1,Test,28.610537044536056
Random Forest depth4,steer,live weight,3,MAE,2,Test,36.79189112096826
Random Forest depth4,steer,live weight,3,MAE,3,Test,28.680169740281762
Random Forest depth4,steer,live weight,3,MAE,4,Test,32.30288035117977
Random Forest depth4,steer,live weight,3,MAE,5,Test,26.075205127498432
Random Forest depth4,steer,live weight,3,MSE,1,Train,2034.133369560254
Random Forest depth4,steer,live weight,3,MSE,2,Train,1145.0385127162515
Random Forest depth4,steer,live weight,3,MSE,3,Train,1956.0020535202118
Random Forest depth4,steer,live weight,3,MSE,4,Train,1938.4995393522513
Random Forest depth4,steer,live weight,3,MSE,5,Train,2090.3813899790007
Random Forest depth4,steer,live weight,3,MSE,1,Test,1220.978583227092
Random Forest depth4,steer,live weight,3,MSE,2,Test,4966.47281469291
Random Forest depth4,steer,live weight,3,MSE,3,Test,1677.8701972418705
Random Forest depth4,steer,live weight,3,MSE,4,Test,1649.5704845179855
Random Forest depth4,steer,live weight,3,MSE,5,Test,1010.1876516204663
Random Forest depth4,heifer,live weight,3,MAE,1,Train,17.510092516082267
Random Forest depth4,heifer,live weight,3,MAE,2,Train,15.918840103433343
Random Forest depth4,heifer,live weight,3,MAE,3,Train,16.205041702834674
Random Forest depth4,heifer,live weight,3,MAE,4,Train,16.456651232246053
Random Forest depth4,heifer,live weight,3,MAE,5,Train,14.533405200586564
Random Forest depth4,heifer,live weight,3,MAE,1,Test,13.537107129498377
Random Forest depth4,heifer,live weight,3,MAE,2,Test,22.69872639997274
Random Forest depth4,heifer,live weight,3,MAE,3,Test,17.676350371899353
Random Forest depth4,heifer,live weight,3,MAE,4,Test,18.330414071814157
Random Forest depth4,heifer,live weight,3,MAE,5,Test,26.036498447067846
Random Forest depth4,heifer,live weight,3,MSE,1,Train,505.9731887400003
Random Forest depth4,heifer,live weight,3,MSE,2,Train,426.80014364062384
Random Forest depth4,heifer,live weight,3,MSE,3,Train,443.44083340378984
Random Forest depth4,heifer,live weight,3,MSE,4,Train,465.2722207234698
Random Forest depth4,heifer,live weight,3,MSE,5,Train,349.56209470612816
Random Forest depth4,heifer,live weight,3,MSE,1,Test,366.78757598406014
Random Forest depth4,heifer,live weight,3,MSE,2,Test,975.8292075196571
Random Forest depth4,heifer,live weight,3,MSE,3,Test,579.334330498431
Random Forest depth4,heifer,live weight,3,MSE,4,Test,550.4307825619685
Random Forest depth4,heifer,live weight,3,MSE,5,Test,1184.9441127429025
Random Forest depth4,cow,carcass weight,3,MAE,1,Train,23.042861920131607
Random Forest depth4,cow,carcass weight,3,MAE,2,Train,20.925282577820713
Random Forest depth4,cow,carcass weight,3,MAE,3,Train,24.24043923658895
Random Forest depth4,cow,carcass weight,3,MAE,4,Train,22.07401117365167
Random Forest depth4,cow,carcass weight,3,MAE,5,Train,26.7734896783019
Random Forest depth4,cow,carcass weight,3,MAE,1,Test,28.19124808410076
Random Forest depth4,cow,carcass weight,3,MAE,2,Test,35.22306425241513
Random Forest depth4,cow,carcass weight,3,MAE,3,Test,22.298549036816716
Random Forest depth4,cow,carcass weight,3,MAE,4,Test,29.335507805196496
Random Forest depth4,cow,carcass weight,3,MAE,5,Test,10.452990895767881
Random Forest depth4,cow,carcass weight,3,MSE,1,Train,830.9617689871601
Random Forest depth4,cow,carcass weight,3,MSE,2,Train,750.1507822500699
Random Forest depth4,cow,carcass weight,3,MSE,3,Train,1028.2054843551018
Random Forest depth4,cow,carcass weight,3,MSE,4,Train,911.6962547964378
Random Forest depth4,cow,carcass weight,3,MSE,5,Train,1148.6375899927752
Random Forest depth4,cow,carcass weight,3,MSE,1,Test,1547.2217168927486
Random Forest depth4,cow,carcass weight,3,MSE,2,Test,2043.5247721257017
Random Forest depth4,cow,carcass weight,3,MSE,3,Test,691.1175859331249
Random Forest depth4,cow,carcass weight,3,MSE,4,Test,1145.177539529592
Random Forest depth4,cow,carcass weight,3,MSE,5,Test,155.5541310668749
Random Forest depth4,steer,carcass weight,3,MAE,1,Train,14.577377277387273
Random Forest depth4,steer,carcass weight,3,MAE,2,Train,13.850246890646947
Random Forest depth4,steer,carcass weight,3,MAE,3,Train,14.48688736627536
Random Forest depth4,steer,carcass weight,3,MAE,4,Train,13.638689131009295
Random Forest depth4,steer,carcass weight,3,MAE,5,Train,14.101994215358511
Random Forest depth4,steer,carcass weight,3,MAE,1,Test,13.068529481604623
Random Forest depth4,steer,carcass weight,3,MAE,2,Test,16.29652558352227
Random Forest depth4,steer,carcass weight,3,MAE,3,Test,13.600845906914072
Random Forest depth4,steer,carcass weight,3,MAE,4,Test,17.63059126524583
Random Forest depth4,steer,carcass weight,3,MAE,5,Test,16.045716439836227
Random Forest depth4,steer,carcass weight,3,MSE,1,Train,356.26984911883306
Random Forest depth4,steer,carcass weight,3,MSE,2,Train,326.6603483706845
Random Forest depth4,steer,carcass weight,3,MSE,3,Train,349.02621824535225
Random Forest depth4,steer,carcass weight,3,MSE,4,Train,304.3533309010773
Random Forest depth4,steer,carcass weight,3,MSE,5,Train,338.5101469824489
Random Forest depth4,steer,carcass weight,3,MSE,1,Test,290.0327356696064
Random Forest depth4,steer,carcass weight,3,MSE,2,Test,433.64418233948885
Random Forest depth4,steer,carcass weight,3,MSE,3,Test,329.1642408788403
Random Forest depth4,steer,carcass weight,3,MSE,4,Test,543.7325751277352
Random Forest depth4,steer,carcass weight,3,MSE,5,Test,387.0206176065754
Random Forest depth4,heifer,carcass weight,3,MAE,1,Train,10.38540998373198
Random Forest depth4,heifer,carcass weight,3,MAE,2,Train,9.241790994272861
Random Forest depth4,heifer,carcass weight,3,MAE,3,Train,9.023155316868513
Random Forest depth4,heifer,carcass weight,3,MAE,4,Train,9.785804184328347
Random Forest depth4,heifer,carcass weight,3,MAE,5,Train,8.498480431887675
Random Forest depth4,heifer,carcass weight,3,MAE,1,Test,6.819882778520484
Random Forest depth4,heifer,carcass weight,3,MAE,2,Test,13.771658368552202
Random Forest depth4,heifer,carcass weight,3,MAE,3,Test,12.371594323124034
Random Forest depth4,heifer,carcass weight,3,MAE,4,Test,10.08668541938642
Random Forest depth4,heifer,carcass weight,3,MAE,5,Test,15.256513745270851
Random Forest depth4,heifer,carcass weight,3,MSE,1,Train,178.69346973297655
Random Forest depth4,heifer,carcass weight,3,MSE,2,Train,146.1981228791865
Random Forest depth4,heifer,carcass weight,3,MSE,3,Train,140.58160783833839
Random Forest depth4,heifer,carcass weight,3,MSE,4,Train,158.6853696010919
Random Forest depth4,heifer,carcass weight,3,MSE,5,Train,122.35598779005788
Random Forest depth4,heifer,carcass weight,3,MSE,1,Test,66.44788642805707
Random Forest depth4,heifer,carcass weight,3,MSE,2,Test,355.4612126223009
Random Forest depth4,heifer,carcass weight,3,MSE,3,Test,251.69855481280547
Random Forest depth4,heifer,carcass weight,3,MSE,4,Test,167.97996533028652
Random Forest depth4,heifer,carcass weight,3,MSE,5,Test,417.98902909653344
Random Forest depth4,cow,price,3,MAE,1,Train,81.92518459107389
Random Forest depth4,cow,price,3,MAE,2,Train,75.67788445082165
Random Forest depth4,cow,price,3,MAE,3,Train,86.82842150049173
Random Forest depth4,cow,price,3,MAE,4,Train,79.64219671409629
Random Forest depth4,cow,price,3,MAE,5,Train,95.96244894688375
Random Forest depth4,cow,price,3,MAE,1,Test,103.91709801658021
Random Forest depth4,cow,price,3,MAE,2,Test,122.8704238324899
Random Forest depth4,cow,price,3,MAE,3,Test,76.82500611406974
Random Forest depth4,cow,price,3,MAE,4,Test,103.88395086668
Random Forest depth4,cow,price,3,MAE,5,Test,37.37351847926308
Random Forest depth4,cow,price,3,MSE,1,Train,10150.270786506537
Random Forest depth4,cow,price,3,MSE,2,Train,9565.332184592353
Random Forest depth4,cow,price,3,MSE,3,Train,12666.914354995237
Random Forest depth4,cow,price,3,MSE,4,Train,11159.955065722961
Random Forest depth4,cow,price,3,MSE,5,Train,14162.28831605599
Random Forest depth4,cow,price,3,MSE,1,Test,19526.555283481113
Random Forest depth4,cow,price,3,MSE,2,Test,23652.508987283032
Random Forest depth4,cow,price,3,MSE,3,Test,8439.000367030485
Random Forest depth4,cow,price,3,MSE,4,Test,14519.75742693101
Random Forest depth4,cow,price,3,MSE,5,Test,1973.7674431116186
Random Forest depth4,steer,price,3,MAE,1,Train,86.03706731816247
Random Forest depth4,steer,price,3,MAE,2,Train,81.7341153255411
Random Forest depth4,steer,price,3,MAE,3,Train,85.49874723408438
Random Forest depth4,steer,price,3,MAE,4,Train,80.4821681317896
Random Forest depth4,steer,price,3,MAE,5,Train,83.18990830641522
Random Forest depth4,steer,price,3,MAE,1,Test,77.2200456031179
Random Forest depth4,steer,price,3,MAE,2,Test,96.20164921736587
Random Forest depth4,steer,price,3,MAE,3,Test,80.37938288940666
Random Forest depth4,steer,price,3,MAE,4,Test,104.06025836431337
Random Forest depth4,steer,price,3,MAE,5,Test,94.676158537713
Random Forest depth4,steer,price,3,MSE,1,Train,12397.44144097891
Random Forest depth4,steer,price,3,MSE,2,Train,11373.183672749527
Random Forest depth4,steer,price,3,MSE,3,Train,12152.319241926158
Random Forest depth4,steer,price,3,MSE,4,Train,10590.52413489801
Random Forest depth4,steer,price,3,MSE,5,Train,11781.197713429421
Random Forest depth4,steer,price,3,MSE,1,Test,10122.167036574909
Random Forest depth4,steer,price,3,MSE,2,Test,15104.129802668542
Random Forest depth4,steer,price,3,MSE,3,Test,11482.871337730994
Random Forest depth4,steer,price,3,MSE,4,Test,18908.142992737663
Random Forest depth4,steer,price,3,MSE,5,Test,13475.593231466042
Random Forest depth4,heifer,price,3,MAE,1,Train,58.7011247001126
Random Forest depth4,heifer,price,3,MAE,2,Train,52.243954597059705
Random Forest depth4,heifer,price,3,MAE,3,Train,50.8494950213396
Random Forest depth4,heifer,price,3,MAE,4,Train,54.83629092857698
Random Forest depth4,heifer,price,3,MAE,5,Train,48.124399278249655
Random Forest depth4,heifer,price,3,MAE,1,Test,38.481172530363146
Random Forest depth4,heifer,price,3,MAE,2,Test,76.66271868034326
Random Forest depth4,heifer,price,3,MAE,3,Test,69.67926830361866
Random Forest depth4,heifer,price,3,MAE,4,Test,62.92801686826386
Random Forest depth4,heifer,price,3,MAE,5,Test,85.62053437790179
Random Forest depth4,heifer,price,3,MSE,1,Train,5713.599949445456
Random Forest depth4,heifer,price,3,MSE,2,Train,4653.323747493952
Random Forest depth4,heifer,price,3,MSE,3,Train,4474.9393059935555
Random Forest depth4,heifer,price,3,MSE,4,Train,4981.584698286401
Random Forest depth4,heifer,price,3,MSE,5,Train,3939.489665299157
Random Forest depth4,heifer,price,3,MSE,1,Test,2073.317983066151
Random Forest depth4,heifer,price,3,MSE,2,Test,11239.676917649933
Random Forest depth4,heifer,price,3,MSE,3,Test,7927.823646313477
Random Forest depth4,heifer,price,3,MSE,4,Test,6478.658714058758
Random Forest depth4,heifer,price,3,MSE,5,Test,13110.554125001465
Random Forest depth4,cow,Total number of defects,3,MAE,1,Train,0.7069308659567012
Random Forest depth4,cow,Total number of defects,3,MAE,2,Train,0.6881127737465274
Random Forest depth4,cow,Total number of defects,3,MAE,3,Train,0.7171436233894067
Random Forest depth4,cow,Total number of defects,3,MAE,4,Train,0.738426583701618
Random Forest depth4,cow,Total number of defects,3,MAE,5,Train,0.6636209256677752
Random Forest depth4,cow,Total number of defects,3,MAE,1,Test,0.7479681365800211
Random Forest depth4,cow,Total number of defects,3,MAE,2,Test,0.818410096184724
Random Forest depth4,cow,Total number of defects,3,MAE,3,Test,0.691122818748508
Random Forest depth4,cow,Total number of defects,3,MAE,4,Test,0.5847346069362453
Random Forest depth4,cow,Total number of defects,3,MAE,5,Test,0.8160125961206413
Random Forest depth4,cow,Total number of defects,3,MSE,1,Train,0.8788912677914219
Random Forest depth4,cow,Total number of defects,3,MSE,2,Train,0.7575259221455743
Random Forest depth4,cow,Total number of defects,3,MSE,3,Train,0.849212390163037
Random Forest depth4,cow,Total number of defects,3,MSE,4,Train,0.9361794805824646
Random Forest depth4,cow,Total number of defects,3,MSE,5,Train,0.779236604415851
Random Forest depth4,cow,Total number of defects,3,MSE,1,Test,0.776345650126075
Random Forest depth4,cow,Total number of defects,3,MSE,2,Test,1.2064177332621484
Random Forest depth4,cow,Total number of defects,3,MSE,3,Test,0.8290059544081623
Random Forest depth4,cow,Total number of defects,3,MSE,4,Test,0.47819698847477554
Random Forest depth4,cow,Total number of defects,3,MSE,5,Test,1.158473406149657
Random Forest depth4,steer,Total number of defects,3,MAE,1,Train,0.3137860005594755
Random Forest depth4,steer,Total number of defects,3,MAE,2,Train,0.3723678446215272
Random Forest depth4,steer,Total number of defects,3,MAE,3,Train,0.3532456112650148
Random Forest depth4,steer,Total number of defects,3,MAE,4,Train,0.34721383967432645
Random Forest depth4,steer,Total number of defects,3,MAE,5,Train,0.31581040003001665
Random Forest depth4,steer,Total number of defects,3,MAE,1,Test,0.39689368282451487
Random Forest depth4,steer,Total number of defects,3,MAE,2,Test,0.3216083347349947
Random Forest depth4,steer,Total number of defects,3,MAE,3,Test,0.367073486933609
Random Forest depth4,steer,Total number of defects,3,MAE,4,Test,0.3864576542855711
Random Forest depth4,steer,Total number of defects,3,MAE,5,Test,0.40448659894871325
Random Forest depth4,steer,Total number of defects,3,MSE,1,Train,0.28211937078997706
Random Forest depth4,steer,Total number of defects,3,MSE,2,Train,0.3356739636737638
Random Forest depth4,steer,Total number of defects,3,MSE,3,Train,0.3090100586087136
Random Forest depth4,steer,Total number of defects,3,MSE,4,Train,0.2916571923954037
Random Forest depth4,steer,Total number of defects,3,MSE,5,Train,0.29869928965169207
Random Forest depth4,steer,Total number of defects,3,MSE,1,Test,0.444494965464094
Random Forest depth4,steer,Total number of defects,3,MSE,2,Test,0.27893224581979664
Random Forest depth4,steer,Total number of defects,3,MSE,3,Test,0.34179673910505676
Random Forest depth4,steer,Total number of defects,3,MSE,4,Test,0.5567233258232244
Random Forest depth4,steer,Total number of defects,3,MSE,5,Test,0.3863288462414461
Random Forest depth4,heifer,Total number of defects,3,MAE,1,Train,0.5654635663193333
Random Forest depth4,heifer,Total number of defects,3,MAE,2,Train,0.488844685937142
Random Forest depth4,heifer,Total number of defects,3,MAE,3,Train,0.5382958978976674
Random Forest depth4,heifer,Total number of defects,3,MAE,4,Train,0.4331248363740869
Random Forest depth4,heifer,Total number of defects,3,MAE,5,Train,0.5213955792820562
Random Forest depth4,heifer,Total number of defects,3,MAE,1,Test,0.39274046358032844
Random Forest depth4,heifer,Total number of defects,3,MAE,2,Test,0.6662432987154335
Random Forest depth4,heifer,Total number of defects,3,MAE,3,Test,0.4518282591112266
Random Forest depth4,heifer,Total number of defects,3,MAE,4,Test,0.7858445110866574
Random Forest depth4,heifer,Total number of defects,3,MAE,5,Test,0.6817863289551548
Random Forest depth4,heifer,Total number of defects,3,MSE,1,Train,0.6638314795391875
Random Forest depth4,heifer,Total number of defects,3,MSE,2,Train,0.5002258739117549
Random Forest depth4,heifer,Total number of defects,3,MSE,3,Train,0.6408611598258773
Random Forest depth4,heifer,Total number of defects,3,MSE,4,Train,0.3873651807554751
Random Forest depth4,heifer,Total number of defects,3,MSE,5,Train,0.5780246558366888
Random Forest depth4,heifer,Total number of defects,3,MSE,1,Test,0.24180526340850655
Random Forest depth4,heifer,Total number of defects,3,MSE,2,Test,0.977453740516388
Random Forest depth4,heifer,Total number of defects,3,MSE,3,Test,0.3270052631309011
Random Forest depth4,heifer,Total number of defects,3,MSE,4,Test,1.4599584548101465
Random Forest depth4,heifer,Total number of defects,3,MSE,5,Test,0.6947217539457099
Random Forest depth4,cow,live weight,7,MAE,1,Train,45.72538954109996
Random Forest depth4,cow,live weight,7,MAE,2,Train,39.80135803233905
Random Forest depth4,cow,live weight,7,MAE,3,Train,46.071318569452544
Random Forest depth4,cow,live weight,7,MAE,4,Train,42.481752214234334
Random Forest depth4,cow,live weight,7,MAE,5,Train,52.84443822843576
Random Forest depth4,cow,live weight,7,MAE,1,Test,50.677523003865545
Random Forest depth4,cow,live weight,7,MAE,2,Test,69.47427549418445
Random Forest depth4,cow,live weight,7,MAE,3,Test,50.503970369436544
Random Forest depth4,cow,live weight,7,MAE,4,Test,57.98018293823299
Random Forest depth4,cow,live weight,7,MAE,5,Test,15.033266444040642
Random Forest depth4,cow,live weight,7,MSE,1,Train,3493.0382191207514
Random Forest depth4,cow,live weight,7,MSE,2,Train,2696.236247161724
Random Forest depth4,cow,live weight,7,MSE,3,Train,3604.3130302004024
Random Forest depth4,cow,live weight,7,MSE,4,Train,3186.5954150095026
Random Forest depth4,cow,live weight,7,MSE,5,Train,4291.26641250688
Random Forest depth4,cow,live weight,7,MSE,1,Test,4073.5986294632703
Random Forest depth4,cow,live weight,7,MSE,2,Test,8025.288351226178
Random Forest depth4,cow,live weight,7,MSE,3,Test,3435.886987513025
Random Forest depth4,cow,live weight,7,MSE,4,Test,5032.323056075759
Random Forest depth4,cow,live weight,7,MSE,5,Test,384.56174616774274
Random Forest depth4,steer,live weight,7,MAE,1,Train,28.751512616508304
Random Forest depth4,steer,live weight,7,MAE,2,Train,26.075790006346402
Random Forest depth4,steer,live weight,7,MAE,3,Train,29.27634186898922
Random Forest depth4,steer,live weight,7,MAE,4,Train,27.540817824192402
Random Forest depth4,steer,live weight,7,MAE,5,Train,28.934522811298095
Random Forest depth4,steer,live weight,7,MAE,1,Test,28.556030444061513
Random Forest depth4,steer,live weight,7,MAE,2,Test,36.835289534188554
Random Forest depth4,steer,live weight,7,MAE,3,Test,28.658977299611095
Random Forest depth4,steer,live weight,7,MAE,4,Test,32.494813302872245
Random Forest depth4,steer,live weight,7,MAE,5,Test,25.95947355031273
Random Forest depth4,steer,live weight,7,MSE,1,Train,2032.0107896777772
Random Forest depth4,steer,live weight,7,MSE,2,Train,1144.5704664037603
Random Forest depth4,steer,live weight,7,MSE,3,Train,1951.6986036258068
Random Forest depth4,steer,live weight,7,MSE,4,Train,1937.1236151683106
Random Forest depth4,steer,live weight,7,MSE,5,Train,2090.1736449834575
Random Forest depth4,steer,live weight,7,MSE,1,Test,1219.7166436156972
Random Forest depth4,steer,live weight,7,MSE,2,Test,4968.891363120722
Random Forest depth4,steer,live weight,7,MSE,3,Test,1678.4336960717621
Random Forest depth4,steer,live weight,7,MSE,4,Test,1656.3798774014
Random Forest depth4,steer,live weight,7,MSE,5,Test,1007.825539803052
Random Forest depth4,heifer,live weight,7,MAE,1,Train,17.542394425428224
Random Forest depth4,heifer,live weight,7,MAE,2,Train,15.918387016623294
Random Forest depth4,heifer,live weight,7,MAE,3,Train,16.17738748314297
Random Forest depth4,heifer,live weight,7,MAE,4,Train,16.467242883068696
Random Forest depth4,heifer,live weight,7,MAE,5,Train,14.520138918129064
Random Forest depth4,heifer,live weight,7,MAE,1,Test,13.545538227320616
Random Forest depth4,heifer,live weight,7,MAE,2,Test,22.726458074688253
Random Forest depth4,heifer,live weight,7,MAE,3,Test,17.6876574615865
Random Forest depth4,heifer,live weight,7,MAE,4,Test,18.193378611388464
Random Forest depth4,heifer,live weight,7,MAE,5,Test,26.090942943697826
Random Forest depth4,heifer,live weight,7,MSE,1,Train,506.8540107848504
Random Forest depth4,heifer,live weight,7,MSE,2,Train,426.5970212013506
Random Forest depth4,heifer,live weight,7,MSE,3,Train,443.21261923446843
Random Forest depth4,heifer,live weight,7,MSE,4,Train,465.29300969229524
Random Forest depth4,heifer,live weight,7,MSE,5,Train,349.26080651545203
Random Forest depth4,heifer,live weight,7,MSE,1,Test,365.51400701158775
Random Forest depth4,heifer,live weight,7,MSE,2,Test,979.4380136198951
Random Forest depth4,heifer,live weight,7,MSE,3,Test,579.6132944495436
Random Forest depth4,heifer,live weight,7,MSE,4,Test,547.9425294876165
Random Forest depth4,heifer,live weight,7,MSE,5,Test,1191.5029209330016
Random Forest depth4,cow,carcass weight,7,MAE,1,Train,23.042861920131585
Random Forest depth4,cow,carcass weight,7,MAE,2,Train,20.925282577820717
Random Forest depth4,cow,carcass weight,7,MAE,3,Train,24.24043923658895
Random Forest depth4,cow,carcass weight,7,MAE,4,Train,22.07401117365166
Random Forest depth4,cow,carcass weight,7,MAE,5,Train,26.7734896783019
Random Forest depth4,cow,carcass weight,7,MAE,1,Test,28.19124808410076
Random Forest depth4,cow,carcass weight,7,MAE,2,Test,35.22306425241513
Random Forest depth4,cow,carcass weight,7,MAE,3,Test,22.298549036816684
Random Forest depth4,cow,carcass weight,7,MAE,4,Test,29.335507805196485
Random Forest depth4,cow,carcass weight,7,MAE,5,Test,10.452990895767925
Random Forest depth4,cow,carcass weight,7,MSE,1,Train,830.9617689871601
Random Forest depth4,cow,carcass weight,7,MSE,2,Train,750.1507822500698
Random Forest depth4,cow,carcass weight,7,MSE,3,Train,1028.205484355102
Random Forest depth4,cow,carcass weight,7,MSE,4,Train,911.6962547964378
Random Forest depth4,cow,carcass weight,7,MSE,5,Train,1148.637589992775
Random Forest depth4,cow,carcass weight,7,MSE,1,Test,1547.2217168927486
Random Forest depth4,cow,carcass weight,7,MSE,2,Test,2043.5247721257033
Random Forest depth4,cow,carcass weight,7,MSE,3,Test,691.1175859331214
Random Forest depth4,cow,carcass weight,7,MSE,4,Test,1145.1775395295913
Random Forest depth4,cow,carcass weight,7,MSE,5,Test,155.55413106687567
Random Forest depth4,steer,carcass weight,7,MAE,1,Train,14.560192342418471
Random Forest depth4,steer,carcass weight,7,MAE,2,Train,13.841727574500876
Random Forest depth4,steer,carcass weight,7,MAE,3,Train,14.47238513202537
Random Forest depth4,steer,carcass weight,7,MAE,4,Train,13.571370696861836
Random Forest depth4,steer,carcass weight,7,MAE,5,Train,14.073404154094709
Random Forest depth4,steer,carcass weight,7,MAE,1,Test,13.041861662474387
Random Forest depth4,steer,carcass weight,7,MAE,2,Test,16.307963209288122
Random Forest depth4,steer,carcass weight,7,MAE,3,Test,13.498116602006116
Random Forest depth4,steer,carcass weight,7,MAE,4,Test,17.619599333379956
Random Forest depth4,steer,carcass weight,7,MAE,5,Test,15.957349232482661
Random Forest depth4,steer,carcass weight,7,MSE,1,Train,356.0089434251895
Random Forest depth4,steer,carcass weight,7,MSE,2,Train,326.36167227794925
Random Forest depth4,steer,carcass weight,7,MSE,3,Train,349.54226239828364
Random Forest depth4,steer,carcass weight,7,MSE,4,Train,302.7765429311407
Random Forest depth4,steer,carcass weight,7,MSE,5,Train,338.0575729159002
Random Forest depth4,steer,carcass weight,7,MSE,1,Test,288.84771283315797
Random Forest depth4,steer,carcass weight,7,MSE,2,Test,433.22238051489336
Random Forest depth4,steer,carcass weight,7,MSE,3,Test,325.73659248633265
Random Forest depth4,steer,carcass weight,7,MSE,4,Test,545.1105886153124
Random Forest depth4,steer,carcass weight,7,MSE,5,Test,385.0516959073763
Random Forest depth4,heifer,carcass weight,7,MAE,1,Train,10.380623659031055
Random Forest depth4,heifer,carcass weight,7,MAE,2,Train,9.22621072766683
Random Forest depth4,heifer,carcass weight,7,MAE,3,Train,9.023968927542795
Random Forest depth4,heifer,carcass weight,7,MAE,4,Train,9.788037692291876
Random Forest depth4,heifer,carcass weight,7,MAE,5,Train,8.505693193859305
Random Forest depth4,heifer,carcass weight,7,MAE,1,Test,6.883612489418251
Random Forest depth4,heifer,carcass weight,7,MAE,2,Test,13.759938092163985
Random Forest depth4,heifer,carcass weight,7,MAE,3,Test,12.42237765825778
Random Forest depth4,heifer,carcass weight,7,MAE,4,Test,10.083405508118156
Random Forest depth4,heifer,carcass weight,7,MAE,5,Test,15.223031821926577
Random Forest depth4,heifer,carcass weight,7,MSE,1,Train,178.51446157347647
Random Forest depth4,heifer,carcass weight,7,MSE,2,Train,145.96290579372723
Random Forest depth4,heifer,carcass weight,7,MSE,3,Train,140.49824323165362
Random Forest depth4,heifer,carcass weight,7,MSE,4,Train,158.6514165200647
Random Forest depth4,heifer,carcass weight,7,MSE,5,Train,122.23938352931218
Random Forest depth4,heifer,carcass weight,7,MSE,1,Test,67.67616537052848
Random Forest depth4,heifer,carcass weight,7,MSE,2,Test,357.7978102211892
Random Forest depth4,heifer,carcass weight,7,MSE,3,Test,254.02611807740254
Random Forest depth4,heifer,carcass weight,7,MSE,4,Test,168.21612889269332
Random Forest depth4,heifer,carcass weight,7,MSE,5,Test,415.97954448045647
Random Forest depth4,cow,price,7,MAE,1,Train,81.92518459107386
Random Forest depth4,cow,price,7,MAE,2,Train,75.67788445082162
Random Forest depth4,cow,price,7,MAE,3,Train,86.82842150049174
Random Forest depth4,cow,price,7,MAE,4,Train,79.64219671409622
Random Forest depth4,cow,price,7,MAE,5,Train,95.96244894688378
Random Forest depth4,cow,price,7,MAE,1,Test,103.91709801658024
Random Forest depth4,cow,price,7,MAE,2,Test,122.87042383248988
Random Forest depth4,cow,price,7,MAE,3,Test,76.82500611406974
Random Forest depth4,cow,price,7,MAE,4,Test,103.88395086667997
Random Forest depth4,cow,price,7,MAE,5,Test,37.37351847926315
Random Forest depth4,cow,price,7,MSE,1,Train,10150.270786506535
Random Forest depth4,cow,price,7,MSE,2,Train,9565.332184592356
Random Forest depth4,cow,price,7,MSE,3,Train,12666.914354995237
Random Forest depth4,cow,price,7,MSE,4,Train,11159.955065722963
Random Forest depth4,cow,price,7,MSE,5,Train,14162.288316055989
Random Forest depth4,cow,price,7,MSE,1,Test,19526.555283481102
Random Forest depth4,cow,price,7,MSE,2,Test,23652.508987282985
Random Forest depth4,cow,price,7,MSE,3,Test,8439.0003670305
Random Forest depth4,cow,price,7,MSE,4,Test,14519.757426931003
Random Forest depth4,cow,price,7,MSE,5,Test,1973.7674431116238
Random Forest depth4,steer,price,7,MAE,1,Train,85.92880419123213
Random Forest depth4,steer,price,7,MAE,2,Train,81.67311965978199
Random Forest depth4,steer,price,7,MAE,3,Train,85.38624317177492
Random Forest depth4,steer,price,7,MAE,4,Train,80.11211726010403
Random Forest depth4,steer,price,7,MAE,5,Train,83.0331440690256
Random Forest depth4,steer,price,7,MAE,1,Test,76.93350599724516
Random Forest depth4,steer,price,7,MAE,2,Test,96.25932576881992
Random Forest depth4,steer,price,7,MAE,3,Test,79.70490407515452
Random Forest depth4,steer,price,7,MAE,4,Test,104.0151614377409
Random Forest depth4,steer,price,7,MAE,5,Test,94.26728222883813
Random Forest depth4,steer,price,7,MSE,1,Train,12391.78128582472
Random Forest depth4,steer,price,7,MSE,2,Train,11359.49718076245
Random Forest depth4,steer,price,7,MSE,3,Train,12165.147566546113
Random Forest depth4,steer,price,7,MSE,4,Train,10539.608388525596
Random Forest depth4,steer,price,7,MSE,5,Train,11767.629433018128
Random Forest depth4,steer,price,7,MSE,1,Test,10058.280777164393
Random Forest depth4,steer,price,7,MSE,2,Test,15079.937305786887
Random Forest depth4,steer,price,7,MSE,3,Test,11351.350558158303
Random Forest depth4,steer,price,7,MSE,4,Test,18969.329131923594
Random Forest depth4,steer,price,7,MSE,5,Test,13407.657296386542
Random Forest depth4,heifer,price,7,MAE,1,Train,58.59619082589745
Random Forest depth4,heifer,price,7,MAE,2,Train,52.15269947690362
Random Forest depth4,heifer,price,7,MAE,3,Train,50.94927078970052
Random Forest depth4,heifer,price,7,MAE,4,Train,54.840812692480725
Random Forest depth4,heifer,price,7,MAE,5,Train,48.064593371438
Random Forest depth4,heifer,price,7,MAE,1,Test,38.69293344715349
Random Forest depth4,heifer,price,7,MAE,2,Test,76.52043979960362
Random Forest depth4,heifer,price,7,MAE,3,Test,70.01990026530014
Random Forest depth4,heifer,price,7,MAE,4,Test,63.090260313054436
Random Forest depth4,heifer,price,7,MAE,5,Test,85.58880783367404
Random Forest depth4,heifer,price,7,MSE,1,Train,5688.839571683371
Random Forest depth4,heifer,price,7,MSE,2,Train,4650.415540239398
Random Forest depth4,heifer,price,7,MSE,3,Train,4495.141511159773
Random Forest depth4,heifer,price,7,MSE,4,Train,4980.662058762334
Random Forest depth4,heifer,price,7,MSE,5,Train,3912.357308949004
Random Forest depth4,heifer,price,7,MSE,1,Test,2095.787219684437
Random Forest depth4,heifer,price,7,MSE,2,Test,11302.952053334022
Random Forest depth4,heifer,price,7,MSE,3,Test,8018.694756807122
Random Forest depth4,heifer,price,7,MSE,4,Test,6515.037072116764
Random Forest depth4,heifer,price,7,MSE,5,Test,13120.596994095258
Random Forest depth4,cow,Total number of defects,7,MAE,1,Train,0.7069308659567012
Random Forest depth4,cow,Total number of defects,7,MAE,2,Train,0.6881127737465274
Random Forest depth4,cow,Total number of defects,7,MAE,3,Train,0.7171436233894066
Random Forest depth4,cow,Total number of defects,7,MAE,4,Train,0.738426583701618
Random Forest depth4,cow,Total number of defects,7,MAE,5,Train,0.6636209256677752
Random Forest depth4,cow,Total number of defects,7,MAE,1,Test,0.7479681365800213
Random Forest depth4,cow,Total number of defects,7,MAE,2,Test,0.818410096184724
Random Forest depth4,cow,Total number of defects,7,MAE,3,Test,0.691122818748508
Random Forest depth4,cow,Total number of defects,7,MAE,4,Test,0.5847346069362455
Random Forest depth4,cow,Total number of defects,7,MAE,5,Test,0.8160125961206413
Random Forest depth4,cow,Total number of defects,7,MSE,1,Train,0.8788912677914218
Random Forest depth4,cow,Total number of defects,7,MSE,2,Train,0.7575259221455743
Random Forest depth4,cow,Total number of defects,7,MSE,3,Train,0.8492123901630373
Random Forest depth4,cow,Total number of defects,7,MSE,4,Train,0.9361794805824646
Random Forest depth4,cow,Total number of defects,7,MSE,5,Train,0.779236604415851
Random Forest depth4,cow,Total number of defects,7,MSE,1,Test,0.776345650126075
Random Forest depth4,cow,Total number of defects,7,MSE,2,Test,1.2064177332621482
Random Forest depth4,cow,Total number of defects,7,MSE,3,Test,0.8290059544081623
Random Forest depth4,cow,Total number of defects,7,MSE,4,Test,0.47819698847477554
Random Forest depth4,cow,Total number of defects,7,MSE,5,Test,1.1584734061496569
Random Forest depth4,steer,Total number of defects,7,MAE,1,Train,0.31278464296098013
Random Forest depth4,steer,Total number of defects,7,MAE,2,Train,0.3715033614864457
Random Forest depth4,steer,Total number of defects,7,MAE,3,Train,0.3524487957016806
Random Forest depth4,steer,Total number of defects,7,MAE,4,Train,0.3457498315500373
Random Forest depth4,steer,Total number of defects,7,MAE,5,Train,0.31464909017781867
Random Forest depth4,steer,Total number of defects,7,MAE,1,Test,0.3960033210912735
Random Forest depth4,steer,Total number of defects,7,MAE,2,Test,0.3197909270815049
Random Forest depth4,steer,Total number of defects,7,MAE,3,Test,0.36738743733387064
Random Forest depth4,steer,Total number of defects,7,MAE,4,Test,0.3851129146865658
Random Forest depth4,steer,Total number of defects,7,MAE,5,Test,0.4042952623186158
Random Forest depth4,steer,Total number of defects,7,MSE,1,Train,0.2814968467127704
Random Forest depth4,steer,Total number of defects,7,MSE,2,Train,0.3352952331298311
Random Forest depth4,steer,Total number of defects,7,MSE,3,Train,0.3088004372800349
Random Forest depth4,steer,Total number of defects,7,MSE,4,Train,0.2912491594033524
Random Forest depth4,steer,Total number of defects,7,MSE,5,Train,0.29883105365081847
Random Forest depth4,steer,Total number of defects,7,MSE,1,Test,0.4450775014717574
Random Forest depth4,steer,Total number of defects,7,MSE,2,Test,0.2773544914645449
Random Forest depth4,steer,Total number of defects,7,MSE,3,Test,0.34096123710338483
Random Forest depth4,steer,Total number of defects,7,MSE,4,Test,0.555437686772012
Random Forest depth4,steer,Total number of defects,7,MSE,5,Test,0.38657447744073853
Random Forest depth4,heifer,Total number of defects,7,MAE,1,Train,0.565742160709522
Random Forest depth4,heifer,Total number of defects,7,MAE,2,Train,0.48881421743566633
Random Forest depth4,heifer,Total number of defects,7,MAE,3,Train,0.5380674164018463
Random Forest depth4,heifer,Total number of defects,7,MAE,4,Train,0.4336001504229823
Random Forest depth4,heifer,Total number of defects,7,MAE,5,Train,0.520845655702807
Random Forest depth4,heifer,Total number of defects,7,MAE,1,Test,0.39248065972902824
Random Forest depth4,heifer,Total number of defects,7,MAE,2,Test,0.6657699676783401
Random Forest depth4,heifer,Total number of defects,7,MAE,3,Test,0.4533107064616663
Random Forest depth4,heifer,Total number of defects,7,MAE,4,Test,0.7866619162700142
Random Forest depth4,heifer,Total number of defects,7,MAE,5,Test,0.6804836887376654
Random Forest depth4,heifer,Total number of defects,7,MSE,1,Train,0.6639307132148532
Random Forest depth4,heifer,Total number of defects,7,MSE,2,Train,0.5002244896285039
Random Forest depth4,heifer,Total number of defects,7,MSE,3,Train,0.6404784181997806
Random Forest depth4,heifer,Total number of defects,7,MSE,4,Train,0.38738549619282164
Random Forest depth4,heifer,Total number of defects,7,MSE,5,Train,0.5778445915908488
Random Forest depth4,heifer,Total number of defects,7,MSE,1,Test,0.24119975936475477
Random Forest depth4,heifer,Total number of defects,7,MSE,2,Test,0.9763529486116489
Random Forest depth4,heifer,Total number of defects,7,MSE,3,Test,0.3297964344421375
Random Forest depth4,heifer,Total number of defects,7,MSE,4,Test,1.4580482828226244
Random Forest depth4,heifer,Total number of defects,7,MSE,5,Test,0.6940735113177992
Random Forest depth4,cow,live weight,14,MAE,1,Train,45.72538954109993
Random Forest depth4,cow,live weight,14,MAE,2,Train,39.80135803233905
Random Forest depth4,cow,live weight,14,MAE,3,Train,46.071318569452544
Random Forest depth4,cow,live weight,14,MAE,4,Train,42.481752214234334
Random Forest depth4,cow,live weight,14,MAE,5,Train,52.84443822843576
Random Forest depth4,cow,live weight,14,MAE,1,Test,50.677523003865495
Random Forest depth4,cow,live weight,14,MAE,2,Test,69.47427549418435
Random Forest depth4,cow,live weight,14,MAE,3,Test,50.50397036943662
Random Forest depth4,cow,live weight,14,MAE,4,Test,57.980182938232964
Random Forest depth4,cow,live weight,14,MAE,5,Test,15.033266444040628
Random Forest depth4,cow,live weight,14,MSE,1,Train,3493.0382191207514
Random Forest depth4,cow,live weight,14,MSE,2,Train,2696.236247161724
Random Forest depth4,cow,live weight,14,MSE,3,Train,3604.3130302004024
Random Forest depth4,cow,live weight,14,MSE,4,Train,3186.595415009502
Random Forest depth4,cow,live weight,14,MSE,5,Train,4291.266412506882
Random Forest depth4,cow,live weight,14,MSE,1,Test,4073.598629463263
Random Forest depth4,cow,live weight,14,MSE,2,Test,8025.288351226172
Random Forest depth4,cow,live weight,14,MSE,3,Test,3435.8869875130354
Random Forest depth4,cow,live weight,14,MSE,4,Test,5032.323056075756
Random Forest depth4,cow,live weight,14,MSE,5,Test,384.5617461677427
Random Forest depth4,steer,live weight,14,MAE,1,Train,28.788305697182814
Random Forest depth4,steer,live weight,14,MAE,2,Train,26.080380935704916
Random Forest depth4,steer,live weight,14,MAE,3,Train,29.35423313416391
Random Forest depth4,steer,live weight,14,MAE,4,Train,27.540563675917433
Random Forest depth4,steer,live weight,14,MAE,5,Train,28.927213052677722
Random Forest depth4,steer,live weight,14,MAE,1,Test,28.672118361613226
Random Forest depth4,steer,live weight,14,MAE,2,Test,36.84053932201914
Random Forest depth4,steer,live weight,14,MAE,3,Test,28.642146246346627
Random Forest depth4,steer,live weight,14,MAE,4,Test,32.46619873211793
Random Forest depth4,steer,live weight,14,MAE,5,Test,25.94331361274959
Random Forest depth4,steer,live weight,14,MSE,1,Train,2032.8479576709337
Random Forest depth4,steer,live weight,14,MSE,2,Train,1144.3560000687748
Random Forest depth4,steer,live weight,14,MSE,3,Train,1956.1293140291689
Random Forest depth4,steer,live weight,14,MSE,4,Train,1937.8160606803297
Random Forest depth4,steer,live weight,14,MSE,5,Train,2089.5199043689736
Random Forest depth4,steer,live weight,14,MSE,1,Test,1225.688767393811
Random Forest depth4,steer,live weight,14,MSE,2,Test,4971.3848642514895
Random Forest depth4,steer,live weight,14,MSE,3,Test,1670.799005880879
Random Forest depth4,steer,live weight,14,MSE,4,Test,1656.7310182417525
Random Forest depth4,steer,live weight,14,MSE,5,Test,1009.4791713031495
Random Forest depth4,heifer,live weight,14,MAE,1,Train,17.512325937860123
Random Forest depth4,heifer,live weight,14,MAE,2,Train,15.9189275462372
Random Forest depth4,heifer,live weight,14,MAE,3,Train,16.18251430631028
Random Forest depth4,heifer,live weight,14,MAE,4,Train,16.455787408043335
Random Forest depth4,heifer,live weight,14,MAE,5,Train,14.511124271361286
Random Forest depth4,heifer,live weight,14,MAE,1,Test,13.600905935243635
Random Forest depth4,heifer,live weight,14,MAE,2,Test,22.73484908812796
Random Forest depth4,heifer,live weight,14,MAE,3,Test,17.682345891636036
Random Forest depth4,heifer,live weight,14,MAE,4,Test,18.26506127527695
Random Forest depth4,heifer,live weight,14,MAE,5,Test,26.0999925964756
Random Forest depth4,heifer,live weight,14,MSE,1,Train,506.11782994624525
Random Forest depth4,heifer,live weight,14,MSE,2,Train,426.56943049585874
Random Forest depth4,heifer,live weight,14,MSE,3,Train,443.4420620652844
Random Forest depth4,heifer,live weight,14,MSE,4,Train,464.8908703310058
Random Forest depth4,heifer,live weight,14,MSE,5,Train,349.1256992916763
Random Forest depth4,heifer,live weight,14,MSE,1,Test,372.8484239091663
Random Forest depth4,heifer,live weight,14,MSE,2,Test,980.4322262168681
Random Forest depth4,heifer,live weight,14,MSE,3,Test,578.1156002149311
Random Forest depth4,heifer,live weight,14,MSE,4,Test,549.4662368141311
Random Forest depth4,heifer,live weight,14,MSE,5,Test,1193.0085975016177
Random Forest depth4,cow,carcass weight,14,MAE,1,Train,23.042861920131607
Random Forest depth4,cow,carcass weight,14,MAE,2,Train,20.925282577820717
Random Forest depth4,cow,carcass weight,14,MAE,3,Train,24.240439236588962
Random Forest depth4,cow,carcass weight,14,MAE,4,Train,22.074011173651666
Random Forest depth4,cow,carcass weight,14,MAE,5,Train,26.773489678301903
Random Forest depth4,cow,carcass weight,14,MAE,1,Test,28.191248084100742
Random Forest depth4,cow,carcass weight,14,MAE,2,Test,35.22306425241512
Random Forest depth4,cow,carcass weight,14,MAE,3,Test,22.29854903681669
Random Forest depth4,cow,carcass weight,14,MAE,4,Test,29.33550780519649
Random Forest depth4,cow,carcass weight,14,MAE,5,Test,10.45299089576791
Random Forest depth4,cow,carcass weight,14,MSE,1,Train,830.9617689871601
Random Forest depth4,cow,carcass weight,14,MSE,2,Train,750.1507822500698
Random Forest depth4,cow,carcass weight,14,MSE,3,Train,1028.2054843551018
Random Forest depth4,cow,carcass weight,14,MSE,4,Train,911.6962547964376
Random Forest depth4,cow,carcass weight,14,MSE,5,Train,1148.6375899927752
Random Forest depth4,cow,carcass weight,14,MSE,1,Test,1547.221716892746
Random Forest depth4,cow,carcass weight,14,MSE,2,Test,2043.5247721257012
Random Forest depth4,cow,carcass weight,14,MSE,3,Test,691.1175859331229
Random Forest depth4,cow,carcass weight,14,MSE,4,Test,1145.1775395295922
Random Forest depth4,cow,carcass weight,14,MSE,5,Test,155.5541310668754
Random Forest depth4,steer,carcass weight,14,MAE,1,Train,14.553515447456896
Random Forest depth4,steer,carcass weight,14,MAE,2,Train,13.834446851005197
Random Forest depth4,steer,carcass weight,14,MAE,3,Train,14.466949340733589
Random Forest depth4,steer,carcass weight,14,MAE,4,Train,13.567949384471492
Random Forest depth4,steer,carcass weight,14,MAE,5,Train,14.064835489686354
Random Forest depth4,steer,carcass weight,14,MAE,1,Test,13.033965849912432
Random Forest depth4,steer,carcass weight,14,MAE,2,Test,16.293055549980792
Random Forest depth4,steer,carcass weight,14,MAE,3,Test,13.500078729851113
Random Forest depth4,steer,carcass weight,14,MAE,4,Test,17.613108405064473
Random Forest depth4,steer,carcass weight,14,MAE,5,Test,15.94915914778837
Random Forest depth4,steer,carcass weight,14,MSE,1,Train,355.81867778499566
Random Forest depth4,steer,carcass weight,14,MSE,2,Train,326.0570299381274
Random Forest depth4,steer,carcass weight,14,MSE,3,Train,349.3997334348043
Random Forest depth4,steer,carcass weight,14,MSE,4,Train,302.5699863576336
Random Forest depth4,steer,carcass weight,14,MSE,5,Train,337.697319382532
Random Forest depth4,steer,carcass weight,14,MSE,1,Test,288.3137825427215
Random Forest depth4,steer,carcass weight,14,MSE,2,Test,432.1599156048273
Random Forest depth4,steer,carcass weight,14,MSE,3,Test,325.46961806567685
Random Forest depth4,steer,carcass weight,14,MSE,4,Test,544.8397553991006
Random Forest depth4,steer,carcass weight,14,MSE,5,Test,384.9224477796635
Random Forest depth4,heifer,carcass weight,14,MAE,1,Train,10.367461935829926
Random Forest depth4,heifer,carcass weight,14,MAE,2,Train,9.228703356805672
Random Forest depth4,heifer,carcass weight,14,MAE,3,Train,9.012881255190267
Random Forest depth4,heifer,carcass weight,14,MAE,4,Train,9.801445263884077
Random Forest depth4,heifer,carcass weight,14,MAE,5,Train,8.496682435481734
Random Forest depth4,heifer,carcass weight,14,MAE,1,Test,6.8750038806587215
Random Forest depth4,heifer,carcass weight,14,MAE,2,Test,13.74757801387387
Random Forest depth4,heifer,carcass weight,14,MAE,3,Test,12.361933324986884
Random Forest depth4,heifer,carcass weight,14,MAE,4,Test,10.07997654533664
Random Forest depth4,heifer,carcass weight,14,MAE,5,Test,15.234355348820941
Random Forest depth4,heifer,carcass weight,14,MSE,1,Train,178.33329329800904
Random Forest depth4,heifer,carcass weight,14,MSE,2,Train,145.99464722949347
Random Forest depth4,heifer,carcass weight,14,MSE,3,Train,140.3081848140802
Random Forest depth4,heifer,carcass weight,14,MSE,4,Train,158.93207714543803
Random Forest depth4,heifer,carcass weight,14,MSE,5,Train,122.17770048977303
Random Forest depth4,heifer,carcass weight,14,MSE,1,Test,67.47097887069013
Random Forest depth4,heifer,carcass weight,14,MSE,2,Test,355.906592274688
Random Forest depth4,heifer,carcass weight,14,MSE,3,Test,252.06007300447422
Random Forest depth4,heifer,carcass weight,14,MSE,4,Test,169.33375208355054
Random Forest depth4,heifer,carcass weight,14,MSE,5,Test,417.00909580655986
Random Forest depth4,cow,price,14,MAE,1,Train,81.92518459107382
Random Forest depth4,cow,price,14,MAE,2,Train,75.67788445082164
Random Forest depth4,cow,price,14,MAE,3,Train,86.82842150049174
Random Forest depth4,cow,price,14,MAE,4,Train,79.64219671409627
Random Forest depth4,cow,price,14,MAE,5,Train,95.9624489468838
Random Forest depth4,cow,price,14,MAE,1,Test,103.91709801658021
Random Forest depth4,cow,price,14,MAE,2,Test,122.87042383248985
Random Forest depth4,cow,price,14,MAE,3,Test,76.82500611406972
Random Forest depth4,cow,price,14,MAE,4,Test,103.88395086668
Random Forest depth4,cow,price,14,MAE,5,Test,37.373518479263176
Random Forest depth4,cow,price,14,MSE,1,Train,10150.270786506535
Random Forest depth4,cow,price,14,MSE,2,Train,9565.332184592355
Random Forest depth4,cow,price,14,MSE,3,Train,12666.914354995237
Random Forest depth4,cow,price,14,MSE,4,Train,11159.955065722961
Random Forest depth4,cow,price,14,MSE,5,Train,14162.28831605599
Random Forest depth4,cow,price,14,MSE,1,Test,19526.555283481102
Random Forest depth4,cow,price,14,MSE,2,Test,23652.508987283
Random Forest depth4,cow,price,14,MSE,3,Test,8439.000367030474
Random Forest depth4,cow,price,14,MSE,4,Test,14519.75742693101
Random Forest depth4,cow,price,14,MSE,5,Test,1973.7674431116272
Random Forest depth4,steer,price,14,MAE,1,Train,85.88234558439089
Random Forest depth4,steer,price,14,MAE,2,Train,81.6212563427529
Random Forest depth4,steer,price,14,MAE,3,Train,85.38847894796446
Random Forest depth4,steer,price,14,MAE,4,Train,80.09794615996587
Random Forest depth4,steer,price,14,MAE,5,Train,82.97989135783202
Random Forest depth4,steer,price,14,MAE,1,Test,76.83525596434696
Random Forest depth4,steer,price,14,MAE,2,Test,96.18070810576538
Random Forest depth4,steer,price,14,MAE,3,Test,79.8525969151653
Random Forest depth4,steer,price,14,MAE,4,Test,103.94191712547111
Random Forest depth4,steer,price,14,MAE,5,Test,94.24735798706442
Random Forest depth4,steer,price,14,MSE,1,Train,12385.010674113944
Random Forest depth4,steer,price,14,MSE,2,Train,11350.050723707162
Random Forest depth4,steer,price,14,MSE,3,Train,12165.54134746945
Random Forest depth4,steer,price,14,MSE,4,Train,10532.855303854361
Random Forest depth4,steer,price,14,MSE,5,Train,11754.826238872112
Random Forest depth4,steer,price,14,MSE,1,Test,10034.98818319173
Random Forest depth4,steer,price,14,MSE,2,Test,15050.238182189783
Random Forest depth4,steer,price,14,MSE,3,Test,11361.177339875661
Random Forest depth4,steer,price,14,MSE,4,Test,18951.414998951008
Random Forest depth4,steer,price,14,MSE,5,Test,13409.855478637666
Random Forest depth4,heifer,price,14,MAE,1,Train,58.547776845351294
Random Forest depth4,heifer,price,14,MAE,2,Train,52.13647022719552
Random Forest depth4,heifer,price,14,MAE,3,Train,51.0113350791824
Random Forest depth4,heifer,price,14,MAE,4,Train,54.837729362104554
Random Forest depth4,heifer,price,14,MAE,5,Train,48.11609220730256
Random Forest depth4,heifer,price,14,MAE,1,Test,38.633511575447734
Random Forest depth4,heifer,price,14,MAE,2,Test,76.39342661428907
Random Forest depth4,heifer,price,14,MAE,3,Test,69.65501391069913
Random Forest depth4,heifer,price,14,MAE,4,Test,63.09148504277413
Random Forest depth4,heifer,price,14,MAE,5,Test,85.76069911274259
Random Forest depth4,heifer,price,14,MSE,1,Train,5689.178240452246
Random Forest depth4,heifer,price,14,MSE,2,Train,4650.413199188763
Random Forest depth4,heifer,price,14,MSE,3,Train,4527.382129712227
Random Forest depth4,heifer,price,14,MSE,4,Train,4979.6114754572955
Random Forest depth4,heifer,price,14,MSE,5,Train,3907.56978966319
Random Forest depth4,heifer,price,14,MSE,1,Test,2081.7047841409853
Random Forest depth4,heifer,price,14,MSE,2,Test,11233.623916028399
Random Forest depth4,heifer,price,14,MSE,3,Test,7952.937782855704
Random Forest depth4,heifer,price,14,MSE,4,Test,6518.556891451105
Random Forest depth4,heifer,price,14,MSE,5,Test,13197.143427462395
Random Forest depth4,cow,Total number of defects,14,MAE,1,Train,0.7069308659567012
Random Forest depth4,cow,Total number of defects,14,MAE,2,Train,0.6881127737465274
Random Forest depth4,cow,Total number of defects,14,MAE,3,Train,0.7171436233894066
Random Forest depth4,cow,Total number of defects,14,MAE,4,Train,0.7384265837016181
Random Forest depth4,cow,Total number of defects,14,MAE,5,Train,0.6636209256677753
Random Forest depth4,cow,Total number of defects,14,MAE,1,Test,0.7479681365800211
Random Forest depth4,cow,Total number of defects,14,MAE,2,Test,0.8184100961847239
Random Forest depth4,cow,Total number of defects,14,MAE,3,Test,0.691122818748508
Random Forest depth4,cow,Total number of defects,14,MAE,4,Test,0.5847346069362455
Random Forest depth4,cow,Total number of defects,14,MAE,5,Test,0.8160125961206413
Random Forest depth4,cow,Total number of defects,14,MSE,1,Train,0.8788912677914218
Random Forest depth4,cow,Total number of defects,14,MSE,2,Train,0.7575259221455742
Random Forest depth4,cow,Total number of defects,14,MSE,3,Train,0.8492123901630371
Random Forest depth4,cow,Total number of defects,14,MSE,4,Train,0.9361794805824648
Random Forest depth4,cow,Total number of defects,14,MSE,5,Train,0.779236604415851
Random Forest depth4,cow,Total number of defects,14,MSE,1,Test,0.776345650126075
Random Forest depth4,cow,Total number of defects,14,MSE,2,Test,1.2064177332621482
Random Forest depth4,cow,Total number of defects,14,MSE,3,Test,0.8290059544081623
Random Forest depth4,cow,Total number of defects,14,MSE,4,Test,0.47819698847477554
Random Forest depth4,cow,Total number of defects,14,MSE,5,Test,1.1584734061496569
Random Forest depth4,steer,Total number of defects,14,MAE,1,Train,0.31248868049084344
Random Forest depth4,steer,Total number of defects,14,MAE,2,Train,0.37064735177495856
Random Forest depth4,steer,Total number of defects,14,MAE,3,Train,0.35164055195141214
Random Forest depth4,steer,Total number of defects,14,MAE,4,Train,0.3459276597213763
Random Forest depth4,steer,Total number of defects,14,MAE,5,Train,0.31403995091340914
Random Forest depth4,steer,Total number of defects,14,MAE,1,Test,0.39581892519295386
Random Forest depth4,steer,Total number of defects,14,MAE,2,Test,0.31596048717211533
Random Forest depth4,steer,Total number of defects,14,MAE,3,Test,0.3684826023029926
Random Forest depth4,steer,Total number of defects,14,MAE,4,Test,0.3861708258058834
Random Forest depth4,steer,Total number of defects,14,MAE,5,Test,0.40431516711534643
Random Forest depth4,steer,Total number of defects,14,MSE,1,Train,0.28040617109093063
Random Forest depth4,steer,Total number of defects,14,MSE,2,Train,0.3341553167334808
Random Forest depth4,steer,Total number of defects,14,MSE,3,Train,0.30731888077045927
Random Forest depth4,steer,Total number of defects,14,MSE,4,Train,0.29121816990123073
Random Forest depth4,steer,Total number of defects,14,MSE,5,Train,0.2967765572890718
Random Forest depth4,steer,Total number of defects,14,MSE,1,Test,0.43997857206252244
Random Forest depth4,steer,Total number of defects,14,MSE,2,Test,0.2650835420755591
Random Forest depth4,steer,Total number of defects,14,MSE,3,Test,0.3445176377224648
Random Forest depth4,steer,Total number of defects,14,MSE,4,Test,0.5585945143572926
Random Forest depth4,steer,Total number of defects,14,MSE,5,Test,0.38935378760085054
Random Forest depth4,heifer,Total number of defects,14,MAE,1,Train,0.566004032745291
Random Forest depth4,heifer,Total number of defects,14,MAE,2,Train,0.4887245565906721
Random Forest depth4,heifer,Total number of defects,14,MAE,3,Train,0.538299221802758
Random Forest depth4,heifer,Total number of defects,14,MAE,4,Train,0.43362539276523865
Random Forest depth4,heifer,Total number of defects,14,MAE,5,Train,0.5208845759592033
Random Forest depth4,heifer,Total number of defects,14,MAE,1,Test,0.39251424033196286
Random Forest depth4,heifer,Total number of defects,14,MAE,2,Test,0.6657478593896378
Random Forest depth4,heifer,Total number of defects,14,MAE,3,Test,0.45393330466303633
Random Forest depth4,heifer,Total number of defects,14,MAE,4,Test,0.787178331967907
Random Forest depth4,heifer,Total number of defects,14,MAE,5,Test,0.6807816551610735
Random Forest depth4,heifer,Total number of defects,14,MSE,1,Train,0.6638825185913455
Random Forest depth4,heifer,Total number of defects,14,MSE,2,Train,0.5001752183331841
Random Forest depth4,heifer,Total number of defects,14,MSE,3,Train,0.6404382986272906
Random Forest depth4,heifer,Total number of defects,14,MSE,4,Train,0.3875889327535558
Random Forest depth4,heifer,Total number of defects,14,MSE,5,Train,0.5777976179276532
Random Forest depth4,heifer,Total number of defects,14,MSE,1,Test,0.24080557254880094
Random Forest depth4,heifer,Total number of defects,14,MSE,2,Test,0.9754618127746255
Random Forest depth4,heifer,Total number of defects,14,MSE,3,Test,0.3306058014892305
Random Forest depth4,heifer,Total number of defects,14,MSE,4,Test,1.459936061851658
Random Forest depth4,heifer,Total number of defects,14,MSE,5,Test,0.6942846659258061
Random Forest depth4,cow,live weight,90,MAE,1,Train,45.72538954109994
Random Forest depth4,cow,live weight,90,MAE,2,Train,39.80135803233907
Random Forest depth4,cow,live weight,90,MAE,3,Train,46.071318569452544
Random Forest depth4,cow,live weight,90,MAE,4,Train,42.48175221423435
Random Forest depth4,cow,live weight,90,MAE,5,Train,52.84443822843581
Random Forest depth4,cow,live weight,90,MAE,1,Test,50.67752300386555
Random Forest depth4,cow,live weight,90,MAE,2,Test,69.47427549418444
Random Forest depth4,cow,live weight,90,MAE,3,Test,50.50397036943662
Random Forest depth4,cow,live weight,90,MAE,4,Test,57.98018293823303
Random Forest depth4,cow,live weight,90,MAE,5,Test,15.033266444040642
Random Forest depth4,cow,live weight,90,MSE,1,Train,3493.0382191207514
Random Forest depth4,cow,live weight,90,MSE,2,Train,2696.236247161724
Random Forest depth4,cow,live weight,90,MSE,3,Train,3604.3130302004024
Random Forest depth4,cow,live weight,90,MSE,4,Train,3186.595415009502
Random Forest depth4,cow,live weight,90,MSE,5,Train,4291.266412506882
Random Forest depth4,cow,live weight,90,MSE,1,Test,4073.598629463276
Random Forest depth4,cow,live weight,90,MSE,2,Test,8025.288351226186
Random Forest depth4,cow,live weight,90,MSE,3,Test,3435.886987513036
Random Forest depth4,cow,live weight,90,MSE,4,Test,5032.323056075763
Random Forest depth4,cow,live weight,90,MSE,5,Test,384.56174616774365
Random Forest depth4,steer,live weight,90,MAE,1,Train,28.77892819847324
Random Forest depth4,steer,live weight,90,MAE,2,Train,26.08091073650873
Random Forest depth4,steer,live weight,90,MAE,3,Train,29.374862310407146
Random Forest depth4,steer,live weight,90,MAE,4,Train,27.517526720061653
Random Forest depth4,steer,live weight,90,MAE,5,Train,28.911279248848295
Random Forest depth4,steer,live weight,90,MAE,1,Test,28.705694400324106
Random Forest depth4,steer,live weight,90,MAE,2,Test,36.84886220847201
Random Forest depth4,steer,live weight,90,MAE,3,Test,28.606793368885608
Random Forest depth4,steer,live weight,90,MAE,4,Test,32.49477108576685
Random Forest depth4,steer,live weight,90,MAE,5,Test,25.9635164385636
Random Forest depth4,steer,live weight,90,MSE,1,Train,2031.9895523968814
Random Forest depth4,steer,live weight,90,MSE,2,Train,1144.553997574123
Random Forest depth4,steer,live weight,90,MSE,3,Train,1956.2929166311862
Random Forest depth4,steer,live weight,90,MSE,4,Train,1937.7448948302697
Random Forest depth4,steer,live weight,90,MSE,5,Train,2089.3301750970136
Random Forest depth4,steer,live weight,90,MSE,1,Test,1227.531671184829
Random Forest depth4,steer,live weight,90,MSE,2,Test,4975.130479071211
Random Forest depth4,steer,live weight,90,MSE,3,Test,1672.1040914956866
Random Forest depth4,steer,live weight,90,MSE,4,Test,1664.4875865213767
Random Forest depth4,steer,live weight,90,MSE,5,Test,1007.9792894979875
Random Forest depth4,heifer,live weight,90,MAE,1,Train,17.527282787490506
Random Forest depth4,heifer,live weight,90,MAE,2,Train,15.923882843820143
Random Forest depth4,heifer,live weight,90,MAE,3,Train,16.17286660869677
Random Forest depth4,heifer,live weight,90,MAE,4,Train,16.46416825835743
Random Forest depth4,heifer,live weight,90,MAE,5,Train,14.520750783849104
Random Forest depth4,heifer,live weight,90,MAE,1,Test,13.581227091335599
Random Forest depth4,heifer,live weight,90,MAE,2,Test,22.712796183101574
Random Forest depth4,heifer,live weight,90,MAE,3,Test,17.712971615682452
Random Forest depth4,heifer,live weight,90,MAE,4,Test,18.169983622148653
Random Forest depth4,heifer,live weight,90,MAE,5,Test,26.11138955201406
Random Forest depth4,heifer,live weight,90,MSE,1,Train,505.54667995721934
Random Forest depth4,heifer,live weight,90,MSE,2,Train,426.73363575293456
Random Forest depth4,heifer,live weight,90,MSE,3,Train,443.1758574817943
Random Forest depth4,heifer,live weight,90,MSE,4,Train,465.1094497707023
Random Forest depth4,heifer,live weight,90,MSE,5,Train,349.23909443322503
Random Forest depth4,heifer,live weight,90,MSE,1,Test,368.2138769557903
Random Forest depth4,heifer,live weight,90,MSE,2,Test,975.5898891619382
Random Forest depth4,heifer,live weight,90,MSE,3,Test,580.4090551787099
Random Forest depth4,heifer,live weight,90,MSE,4,Test,548.0392871219968
Random Forest depth4,heifer,live weight,90,MSE,5,Test,1193.8628097088906
Random Forest depth4,cow,carcass weight,90,MAE,1,Train,23.042861920131582
Random Forest depth4,cow,carcass weight,90,MAE,2,Train,20.92528257782072
Random Forest depth4,cow,carcass weight,90,MAE,3,Train,24.24043923658895
Random Forest depth4,cow,carcass weight,90,MAE,4,Train,22.074011173651648
Random Forest depth4,cow,carcass weight,90,MAE,5,Train,26.77348967830191
Random Forest depth4,cow,carcass weight,90,MAE,1,Test,28.19124808410075
Random Forest depth4,cow,carcass weight,90,MAE,2,Test,35.22306425241513
Random Forest depth4,cow,carcass weight,90,MAE,3,Test,22.298549036816706
Random Forest depth4,cow,carcass weight,90,MAE,4,Test,29.33550780519651
Random Forest depth4,cow,carcass weight,90,MAE,5,Test,10.452990895767922
Random Forest depth4,cow,carcass weight,90,MSE,1,Train,830.9617689871601
Random Forest depth4,cow,carcass weight,90,MSE,2,Train,750.1507822500699
Random Forest depth4,cow,carcass weight,90,MSE,3,Train,1028.2054843551016
Random Forest depth4,cow,carcass weight,90,MSE,4,Train,911.696254796438
Random Forest depth4,cow,carcass weight,90,MSE,5,Train,1148.6375899927748
Random Forest depth4,cow,carcass weight,90,MSE,1,Test,1547.2217168927486
Random Forest depth4,cow,carcass weight,90,MSE,2,Test,2043.5247721257012
Random Forest depth4,cow,carcass weight,90,MSE,3,Test,691.1175859331239
Random Forest depth4,cow,carcass weight,90,MSE,4,Test,1145.1775395295929
Random Forest depth4,cow,carcass weight,90,MSE,5,Test,155.5541310668758
Random Forest depth4,steer,carcass weight,90,MAE,1,Train,14.510933815450244
Random Forest depth4,steer,carcass weight,90,MAE,2,Train,13.831591961582538
Random Forest depth4,steer,carcass weight,90,MAE,3,Train,14.453892390490067
Random Forest depth4,steer,carcass weight,90,MAE,4,Train,13.494783832510635
Random Forest depth4,steer,carcass weight,90,MAE,5,Train,14.023088141565607
Random Forest depth4,steer,carcass weight,90,MAE,1,Test,12.908094497695537
Random Forest depth4,steer,carcass weight,90,MAE,2,Test,16.25666346201248
Random Forest depth4,steer,carcass weight,90,MAE,3,Test,13.651789292265173
Random Forest depth4,steer,carcass weight,90,MAE,4,Test,17.596279687022005
Random Forest depth4,steer,carcass weight,90,MAE,5,Test,15.737414116308365
Random Forest depth4,steer,carcass weight,90,MSE,1,Train,354.44403306382463
Random Forest depth4,steer,carcass weight,90,MSE,2,Train,324.4987515469788
Random Forest depth4,steer,carcass weight,90,MSE,3,Train,346.72659204026525
Random Forest depth4,steer,carcass weight,90,MSE,4,Train,300.1020445411754
Random Forest depth4,steer,carcass weight,90,MSE,5,Train,335.35588768314284
Random Forest depth4,steer,carcass weight,90,MSE,1,Test,282.088017410017
Random Forest depth4,steer,carcass weight,90,MSE,2,Test,433.5721793392404
Random Forest depth4,steer,carcass weight,90,MSE,3,Test,333.0670718417867
Random Forest depth4,steer,carcass weight,90,MSE,4,Test,539.0848405718094
Random Forest depth4,steer,carcass weight,90,MSE,5,Test,378.9691843329244
Random Forest depth4,heifer,carcass weight,90,MAE,1,Train,10.376285820952774
Random Forest depth4,heifer,carcass weight,90,MAE,2,Train,9.23047070735324
Random Forest depth4,heifer,carcass weight,90,MAE,3,Train,9.009570288814809
Random Forest depth4,heifer,carcass weight,90,MAE,4,Train,9.782239373358749
Random Forest depth4,heifer,carcass weight,90,MAE,5,Train,8.50423214111165
Random Forest depth4,heifer,carcass weight,90,MAE,1,Test,6.891265047376735
Random Forest depth4,heifer,carcass weight,90,MAE,2,Test,13.738856110496194
Random Forest depth4,heifer,carcass weight,90,MAE,3,Test,12.364538050243768
Random Forest depth4,heifer,carcass weight,90,MAE,4,Test,10.066911441350863
Random Forest depth4,heifer,carcass weight,90,MAE,5,Test,15.236545085424751
Random Forest depth4,heifer,carcass weight,90,MSE,1,Train,178.03879125651468
Random Forest depth4,heifer,carcass weight,90,MSE,2,Train,146.0121124711427
Random Forest depth4,heifer,carcass weight,90,MSE,3,Train,140.323829134057
Random Forest depth4,heifer,carcass weight,90,MSE,4,Train,158.46036314550506
Random Forest depth4,heifer,carcass weight,90,MSE,5,Train,122.1644343011346
Random Forest depth4,heifer,carcass weight,90,MSE,1,Test,67.47898979138272
Random Forest depth4,heifer,carcass weight,90,MSE,2,Test,354.76296948742043
Random Forest depth4,heifer,carcass weight,90,MSE,3,Test,251.3558720592172
Random Forest depth4,heifer,carcass weight,90,MSE,4,Test,167.04557577579104
Random Forest depth4,heifer,carcass weight,90,MSE,5,Test,417.2973812117728
Random Forest depth4,cow,price,90,MAE,1,Train,81.92518459107386
Random Forest depth4,cow,price,90,MAE,2,Train,75.67788445082162
Random Forest depth4,cow,price,90,MAE,3,Train,86.82842150049173
Random Forest depth4,cow,price,90,MAE,4,Train,79.64219671409624
Random Forest depth4,cow,price,90,MAE,5,Train,95.96244894688378
Random Forest depth4,cow,price,90,MAE,1,Test,103.91709801658018
Random Forest depth4,cow,price,90,MAE,2,Test,122.87042383248985
Random Forest depth4,cow,price,90,MAE,3,Test,76.82500611406974
Random Forest depth4,cow,price,90,MAE,4,Test,103.88395086667998
Random Forest depth4,cow,price,90,MAE,5,Test,37.37351847926301
Random Forest depth4,cow,price,90,MSE,1,Train,10150.270786506537
Random Forest depth4,cow,price,90,MSE,2,Train,9565.332184592356
Random Forest depth4,cow,price,90,MSE,3,Train,12666.914354995239
Random Forest depth4,cow,price,90,MSE,4,Train,11159.955065722963
Random Forest depth4,cow,price,90,MSE,5,Train,14162.288316055989
Random Forest depth4,cow,price,90,MSE,1,Test,19526.555283481095
Random Forest depth4,cow,price,90,MSE,2,Test,23652.50898728303
Random Forest depth4,cow,price,90,MSE,3,Test,8439.000367030489
Random Forest depth4,cow,price,90,MSE,4,Test,14519.757426931006
Random Forest depth4,cow,price,90,MSE,5,Test,1973.767443111615
Random Forest depth4,steer,price,90,MAE,1,Train,85.69483729469631
Random Forest depth4,steer,price,90,MAE,2,Train,81.63142681418034
Random Forest depth4,steer,price,90,MAE,3,Train,85.3034683806085
Random Forest depth4,steer,price,90,MAE,4,Train,79.67287864904524
Random Forest depth4,steer,price,90,MAE,5,Train,82.73764221406583
Random Forest depth4,steer,price,90,MAE,1,Test,76.20189792312753
Random Forest depth4,steer,price,90,MAE,2,Test,96.01078585687279
Random Forest depth4,steer,price,90,MAE,3,Test,80.65343507476258
Random Forest depth4,steer,price,90,MAE,4,Test,103.87911216041053
Random Forest depth4,steer,price,90,MAE,5,Test,92.99856993665703
Random Forest depth4,steer,price,90,MSE,1,Train,12339.581711798877
Random Forest depth4,steer,price,90,MSE,2,Train,11299.71219810234
Random Forest depth4,steer,price,90,MSE,3,Train,12070.244422876167
Random Forest depth4,steer,price,90,MSE,4,Train,10448.736162122545
Random Forest depth4,steer,price,90,MSE,5,Train,11673.343230273942
Random Forest depth4,steer,price,90,MSE,1,Test,9820.931635908486
Random Forest depth4,steer,price,90,MSE,2,Test,15096.167692364874
Random Forest depth4,steer,price,90,MSE,3,Test,11602.044838526177
Random Forest depth4,steer,price,90,MSE,4,Test,18763.218280489655
Random Forest depth4,steer,price,90,MSE,5,Test,13203.034863179228
Random Forest depth4,heifer,price,90,MAE,1,Train,58.600300809553936
Random Forest depth4,heifer,price,90,MAE,2,Train,52.180253211715645
Random Forest depth4,heifer,price,90,MAE,3,Train,50.98058450031438
Random Forest depth4,heifer,price,90,MAE,4,Train,54.7734699125777
Random Forest depth4,heifer,price,90,MAE,5,Train,48.11244430166308
Random Forest depth4,heifer,price,90,MAE,1,Test,38.79829632921271
Random Forest depth4,heifer,price,90,MAE,2,Test,76.40230911850072
Random Forest depth4,heifer,price,90,MAE,3,Test,69.32747496695116
Random Forest depth4,heifer,price,90,MAE,4,Test,62.31046280784062
Random Forest depth4,heifer,price,90,MAE,5,Test,85.62399239066683
Random Forest depth4,heifer,price,90,MSE,1,Train,5698.841992825877
Random Forest depth4,heifer,price,90,MSE,2,Train,4656.740399026072
Random Forest depth4,heifer,price,90,MSE,3,Train,4534.665107912633
Random Forest depth4,heifer,price,90,MSE,4,Train,4968.835949464392
Random Forest depth4,heifer,price,90,MSE,5,Train,3907.4245017523253
Random Forest depth4,heifer,price,90,MSE,1,Test,2094.461025612193
Random Forest depth4,heifer,price,90,MSE,2,Test,11244.875627712798
Random Forest depth4,heifer,price,90,MSE,3,Test,7890.323096578915
Random Forest depth4,heifer,price,90,MSE,4,Test,6340.0754202208545
Random Forest depth4,heifer,price,90,MSE,5,Test,13142.825156359557
Random Forest depth4,cow,Total number of defects,90,MAE,1,Train,0.7069308659567012
Random Forest depth4,cow,Total number of defects,90,MAE,2,Train,0.6881127737465274
Random Forest depth4,cow,Total number of defects,90,MAE,3,Train,0.7171436233894066
Random Forest depth4,cow,Total number of defects,90,MAE,4,Train,0.738426583701618
Random Forest depth4,cow,Total number of defects,90,MAE,5,Train,0.6636209256677753
Random Forest depth4,cow,Total number of defects,90,MAE,1,Test,0.7479681365800213
Random Forest depth4,cow,Total number of defects,90,MAE,2,Test,0.818410096184724
Random Forest depth4,cow,Total number of defects,90,MAE,3,Test,0.691122818748508
Random Forest depth4,cow,Total number of defects,90,MAE,4,Test,0.5847346069362453
Random Forest depth4,cow,Total number of defects,90,MAE,5,Test,0.8160125961206413
Random Forest depth4,cow,Total number of defects,90,MSE,1,Train,0.8788912677914218
Random Forest depth4,cow,Total number of defects,90,MSE,2,Train,0.7575259221455743
Random Forest depth4,cow,Total number of defects,90,MSE,3,Train,0.8492123901630373
Random Forest depth4,cow,Total number of defects,90,MSE,4,Train,0.9361794805824648
Random Forest depth4,cow,Total number of defects,90,MSE,5,Train,0.779236604415851
Random Forest depth4,cow,Total number of defects,90,MSE,1,Test,0.776345650126075
Random Forest depth4,cow,Total number of defects,90,MSE,2,Test,1.2064177332621482
Random Forest depth4,cow,Total number of defects,90,MSE,3,Test,0.8290059544081623
Random Forest depth4,cow,Total number of defects,90,MSE,4,Test,0.47819698847477554
Random Forest depth4,cow,Total number of defects,90,MSE,5,Test,1.1584734061496569
Random Forest depth4,steer,Total number of defects,90,MAE,1,Train,0.31225584582615984
Random Forest depth4,steer,Total number of defects,90,MAE,2,Train,0.3701553294985104
Random Forest depth4,steer,Total number of defects,90,MAE,3,Train,0.35150555105376047
Random Forest depth4,steer,Total number of defects,90,MAE,4,Train,0.3459984386137841
Random Forest depth4,steer,Total number of defects,90,MAE,5,Train,0.3133638727080331
Random Forest depth4,steer,Total number of defects,90,MAE,1,Test,0.3960420307485884
Random Forest depth4,steer,Total number of defects,90,MAE,2,Test,0.31329221687586734
Random Forest depth4,steer,Total number of defects,90,MAE,3,Test,0.3693713496290826
Random Forest depth4,steer,Total number of defects,90,MAE,4,Test,0.3850563487572502
Random Forest depth4,steer,Total number of defects,90,MAE,5,Test,0.40374149023862255
Random Forest depth4,steer,Total number of defects,90,MSE,1,Train,0.28027159053413414
Random Forest depth4,steer,Total number of defects,90,MSE,2,Train,0.33394033900565806
Random Forest depth4,steer,Total number of defects,90,MSE,3,Train,0.3071550086351922
Random Forest depth4,steer,Total number of defects,90,MSE,4,Train,0.29134141862086654
Random Forest depth4,steer,Total number of defects,90,MSE,5,Train,0.29649691996493005
Random Forest depth4,steer,Total number of defects,90,MSE,1,Test,0.44241163796648075
Random Forest depth4,steer,Total number of defects,90,MSE,2,Test,0.2585275227071309
Random Forest depth4,steer,Total number of defects,90,MSE,3,Test,0.3456520595552823
Random Forest depth4,steer,Total number of defects,90,MSE,4,Test,0.5547269489379132
Random Forest depth4,steer,Total number of defects,90,MSE,5,Test,0.38941600721002406
Random Forest depth4,heifer,Total number of defects,90,MAE,1,Train,0.5657333947960501
Random Forest depth4,heifer,Total number of defects,90,MAE,2,Train,0.48834671713849176
Random Forest depth4,heifer,Total number of defects,90,MAE,3,Train,0.5381951370805907
Random Forest depth4,heifer,Total number of defects,90,MAE,4,Train,0.4339671698786035
Random Forest depth4,heifer,Total number of defects,90,MAE,5,Train,0.5203197450266639
Random Forest depth4,heifer,Total number of defects,90,MAE,1,Test,0.39348697561619184
Random Forest depth4,heifer,Total number of defects,90,MAE,2,Test,0.6663064409026547
Random Forest depth4,heifer,Total number of defects,90,MAE,3,Test,0.4536937484014742
Random Forest depth4,heifer,Total number of defects,90,MAE,4,Test,0.7858451486286621
Random Forest depth4,heifer,Total number of defects,90,MAE,5,Test,0.6808352995496731
Random Forest depth4,heifer,Total number of defects,90,MSE,1,Train,0.6638394238950683
Random Forest depth4,heifer,Total number of defects,90,MSE,2,Train,0.5001162562590091
Random Forest depth4,heifer,Total number of defects,90,MSE,3,Train,0.6405244132826978
Random Forest depth4,heifer,Total number of defects,90,MSE,4,Train,0.38751439455894127
Random Forest depth4,heifer,Total number of defects,90,MSE,5,Train,0.5778908218130147
Random Forest depth4,heifer,Total number of defects,90,MSE,1,Test,0.24203303752560992
Random Forest depth4,heifer,Total number of defects,90,MSE,2,Test,0.9781294926450986
Random Forest depth4,heifer,Total number of defects,90,MSE,3,Test,0.3302913875955671
Random Forest depth4,heifer,Total number of defects,90,MSE,4,Test,1.4588550367051438
Random Forest depth4,heifer,Total number of defects,90,MSE,5,Test,0.6939958490831911
Random Forest depth4,cow,live weight,180,MAE,1,Train,45.72538954109994
Random Forest depth4,cow,live weight,180,MAE,2,Train,39.80135803233905
Random Forest depth4,cow,live weight,180,MAE,3,Train,46.071318569452544
Random Forest depth4,cow,live weight,180,MAE,4,Train,42.48175221423433
Random Forest depth4,cow,live weight,180,MAE,5,Train,52.84443822843578
Random Forest depth4,cow,live weight,180,MAE,1,Test,50.677523003865566
Random Forest depth4,cow,live weight,180,MAE,2,Test,69.47427549418438
Random Forest depth4,cow,live weight,180,MAE,3,Test,50.503970369436686
Random Forest depth4,cow,live weight,180,MAE,4,Test,57.98018293823301
Random Forest depth4,cow,live weight,180,MAE,5,Test,15.033266444040642
Random Forest depth4,cow,live weight,180,MSE,1,Train,3493.0382191207514
Random Forest depth4,cow,live weight,180,MSE,2,Train,2696.236247161724
Random Forest depth4,cow,live weight,180,MSE,3,Train,3604.3130302004015
Random Forest depth4,cow,live weight,180,MSE,4,Train,3186.595415009502
Random Forest depth4,cow,live weight,180,MSE,5,Train,4291.2664125068795
Random Forest depth4,cow,live weight,180,MSE,1,Test,4073.598629463275
Random Forest depth4,cow,live weight,180,MSE,2,Test,8025.288351226174
Random Forest depth4,cow,live weight,180,MSE,3,Test,3435.8869875130426
Random Forest depth4,cow,live weight,180,MSE,4,Test,5032.32305607576
Random Forest depth4,cow,live weight,180,MSE,5,Test,384.56174616774365
Random Forest depth4,steer,live weight,180,MAE,1,Train,28.7733283410599
Random Forest depth4,steer,live weight,180,MAE,2,Train,26.106344158633444
Random Forest depth4,steer,live weight,180,MAE,3,Train,29.349706273588147
Random Forest depth4,steer,live weight,180,MAE,4,Train,27.50793228306571
Random Forest depth4,steer,live weight,180,MAE,5,Train,28.89371994121456
Random Forest depth4,steer,live weight,180,MAE,1,Test,28.677717749210363
Random Forest depth4,steer,live weight,180,MAE,2,Test,36.87135940576288
Random Forest depth4,steer,live weight,180,MAE,3,Test,28.58104700685413
Random Forest depth4,steer,live weight,180,MAE,4,Test,32.45469241102027
Random Forest depth4,steer,live weight,180,MAE,5,Test,25.926774533843123
Random Forest depth4,steer,live weight,180,MSE,1,Train,2031.5645770796202
Random Forest depth4,steer,live weight,180,MSE,2,Train,1145.3684856189373
Random Forest depth4,steer,live weight,180,MSE,3,Train,1955.8747889215313
Random Forest depth4,steer,live weight,180,MSE,4,Train,1937.4491577778542
Random Forest depth4,steer,live weight,180,MSE,5,Train,2088.367238425589
Random Forest depth4,steer,live weight,180,MSE,1,Test,1227.0111879134308
Random Forest depth4,steer,live weight,180,MSE,2,Test,4975.857854931057
Random Forest depth4,steer,live weight,180,MSE,3,Test,1669.8318949839083
Random Forest depth4,steer,live weight,180,MSE,4,Test,1662.1153284880738
Random Forest depth4,steer,live weight,180,MSE,5,Test,1008.5995419100766
Random Forest depth4,heifer,live weight,180,MAE,1,Train,17.517596709525566
Random Forest depth4,heifer,live weight,180,MAE,2,Train,15.920043280159621
Random Forest depth4,heifer,live weight,180,MAE,3,Train,16.180222104736355
Random Forest depth4,heifer,live weight,180,MAE,4,Train,16.459961880806404
Random Forest depth4,heifer,live weight,180,MAE,5,Train,14.51692160017563
Random Forest depth4,heifer,live weight,180,MAE,1,Test,13.596059472287994
Random Forest depth4,heifer,live weight,180,MAE,2,Test,22.709631707175607
Random Forest depth4,heifer,live weight,180,MAE,3,Test,17.71692183562183
Random Forest depth4,heifer,live weight,180,MAE,4,Test,18.177066243618306
Random Forest depth4,heifer,live weight,180,MAE,5,Test,26.142231218680774
Random Forest depth4,heifer,live weight,180,MSE,1,Train,505.77851513883917
Random Forest depth4,heifer,live weight,180,MSE,2,Train,426.5750427590101
Random Forest depth4,heifer,live weight,180,MSE,3,Train,443.2432391629725
Random Forest depth4,heifer,live weight,180,MSE,4,Train,464.8839168296919
Random Forest depth4,heifer,live weight,180,MSE,5,Train,349.11473876386316
Random Forest depth4,heifer,live weight,180,MSE,1,Test,369.7360007470036
Random Forest depth4,heifer,live weight,180,MSE,2,Test,975.1956223844213
Random Forest depth4,heifer,live weight,180,MSE,3,Test,580.7260613256254
Random Forest depth4,heifer,live weight,180,MSE,4,Test,547.5720931768525
Random Forest depth4,heifer,live weight,180,MSE,5,Test,1197.5746302480336
Random Forest depth4,cow,carcass weight,180,MAE,1,Train,23.042861920131607
Random Forest depth4,cow,carcass weight,180,MAE,2,Train,20.925282577820713
Random Forest depth4,cow,carcass weight,180,MAE,3,Train,24.24043923658895
Random Forest depth4,cow,carcass weight,180,MAE,4,Train,22.074011173651662
Random Forest depth4,cow,carcass weight,180,MAE,5,Train,26.773489678301928
Random Forest depth4,cow,carcass weight,180,MAE,1,Test,28.191248084100756
Random Forest depth4,cow,carcass weight,180,MAE,2,Test,35.22306425241513
Random Forest depth4,cow,carcass weight,180,MAE,3,Test,22.298549036816684
Random Forest depth4,cow,carcass weight,180,MAE,4,Test,29.335507805196496
Random Forest depth4,cow,carcass weight,180,MAE,5,Test,10.45299089576791
Random Forest depth4,cow,carcass weight,180,MSE,1,Train,830.9617689871601
Random Forest depth4,cow,carcass weight,180,MSE,2,Train,750.1507822500699
Random Forest depth4,cow,carcass weight,180,MSE,3,Train,1028.2054843551018
Random Forest depth4,cow,carcass weight,180,MSE,4,Train,911.696254796438
Random Forest depth4,cow,carcass weight,180,MSE,5,Train,1148.6375899927748
Random Forest depth4,cow,carcass weight,180,MSE,1,Test,1547.221716892748
Random Forest depth4,cow,carcass weight,180,MSE,2,Test,2043.5247721257017
Random Forest depth4,cow,carcass weight,180,MSE,3,Test,691.1175859331236
Random Forest depth4,cow,carcass weight,180,MSE,4,Test,1145.1775395295924
Random Forest depth4,cow,carcass weight,180,MSE,5,Test,155.55413106687558
Random Forest depth4,steer,carcass weight,180,MAE,1,Train,14.490566945690889
Random Forest depth4,steer,carcass weight,180,MAE,2,Train,13.769852920817094
Random Forest depth4,steer,carcass weight,180,MAE,3,Train,14.478535979089063
Random Forest depth4,steer,carcass weight,180,MAE,4,Train,13.505613978024135
Random Forest depth4,steer,carcass weight,180,MAE,5,Train,13.949453150792356
Random Forest depth4,steer,carcass weight,180,MAE,1,Test,12.939415469994668
Random Forest depth4,steer,carcass weight,180,MAE,2,Test,16.354070469491912
Random Forest depth4,steer,carcass weight,180,MAE,3,Test,13.47746396796248
Random Forest depth4,steer,carcass weight,180,MAE,4,Test,17.59599354591842
Random Forest depth4,steer,carcass weight,180,MAE,5,Test,15.755320595144799
Random Forest depth4,steer,carcass weight,180,MSE,1,Train,352.47177904094775
Random Forest depth4,steer,carcass weight,180,MSE,2,Train,323.20895336352964
Random Forest depth4,steer,carcass weight,180,MSE,3,Train,346.8617287346867
Random Forest depth4,steer,carcass weight,180,MSE,4,Train,300.2536922312237
Random Forest depth4,steer,carcass weight,180,MSE,5,Train,332.1854915037069
Random Forest depth4,steer,carcass weight,180,MSE,1,Test,282.09226545652365
Random Forest depth4,steer,carcass weight,180,MSE,2,Test,433.8098737935029
Random Forest depth4,steer,carcass weight,180,MSE,3,Test,322.0522860563858
Random Forest depth4,steer,carcass weight,180,MSE,4,Test,539.6647198669259
Random Forest depth4,steer,carcass weight,180,MSE,5,Test,378.87829151600556
Random Forest depth4,heifer,carcass weight,180,MAE,1,Train,10.37569411240735
Random Forest depth4,heifer,carcass weight,180,MAE,2,Train,9.227572588182893
Random Forest depth4,heifer,carcass weight,180,MAE,3,Train,9.011743679058355
Random Forest depth4,heifer,carcass weight,180,MAE,4,Train,9.782723733174103
Random Forest depth4,heifer,carcass weight,180,MAE,5,Train,8.502900499255771
Random Forest depth4,heifer,carcass weight,180,MAE,1,Test,6.884062547376738
Random Forest depth4,heifer,carcass weight,180,MAE,2,Test,13.748973227265406
Random Forest depth4,heifer,carcass weight,180,MAE,3,Test,12.332993645000338
Random Forest depth4,heifer,carcass weight,180,MAE,4,Test,10.068494774684174
Random Forest depth4,heifer,carcass weight,180,MAE,5,Test,15.238096011350683
Random Forest depth4,heifer,carcass weight,180,MSE,1,Train,178.00440911401458
Random Forest depth4,heifer,carcass weight,180,MSE,2,Train,145.98968422957515
Random Forest depth4,heifer,carcass weight,180,MSE,3,Train,140.37922037131852
Random Forest depth4,heifer,carcass weight,180,MSE,4,Train,158.35688825817695
Random Forest depth4,heifer,carcass weight,180,MSE,5,Train,122.20786795446188
Random Forest depth4,heifer,carcass weight,180,MSE,1,Test,67.3025620285643
Random Forest depth4,heifer,carcass weight,180,MSE,2,Test,356.43860768847213
Random Forest depth4,heifer,carcass weight,180,MSE,3,Test,251.04313015675436
Random Forest depth4,heifer,carcass weight,180,MSE,4,Test,167.49515205992137
Random Forest depth4,heifer,carcass weight,180,MSE,5,Test,417.4336962844315
Random Forest depth4,cow,price,180,MAE,1,Train,81.92518459107386
Random Forest depth4,cow,price,180,MAE,2,Train,75.67788445082167
Random Forest depth4,cow,price,180,MAE,3,Train,86.82842150049174
Random Forest depth4,cow,price,180,MAE,4,Train,79.64219671409627
Random Forest depth4,cow,price,180,MAE,5,Train,95.96244894688378
Random Forest depth4,cow,price,180,MAE,1,Test,103.91709801658025
Random Forest depth4,cow,price,180,MAE,2,Test,122.87042383248985
Random Forest depth4,cow,price,180,MAE,3,Test,76.82500611406974
Random Forest depth4,cow,price,180,MAE,4,Test,103.88395086667995
Random Forest depth4,cow,price,180,MAE,5,Test,37.37351847926303
Random Forest depth4,cow,price,180,MSE,1,Train,10150.270786506537
Random Forest depth4,cow,price,180,MSE,2,Train,9565.332184592355
Random Forest depth4,cow,price,180,MSE,3,Train,12666.914354995237
Random Forest depth4,cow,price,180,MSE,4,Train,11159.955065722961
Random Forest depth4,cow,price,180,MSE,5,Train,14162.28831605599
Random Forest depth4,cow,price,180,MSE,1,Test,19526.555283481117
Random Forest depth4,cow,price,180,MSE,2,Test,23652.508987283003
Random Forest depth4,cow,price,180,MSE,3,Test,8439.000367030498
Random Forest depth4,cow,price,180,MSE,4,Test,14519.757426931004
Random Forest depth4,cow,price,180,MSE,5,Test,1973.767443111615
Random Forest depth4,steer,price,180,MAE,1,Train,85.53720893129095
Random Forest depth4,steer,price,180,MAE,2,Train,81.21878565402265
Random Forest depth4,steer,price,180,MAE,3,Train,85.46541160149145
Random Forest depth4,steer,price,180,MAE,4,Train,79.72835294007567
Random Forest depth4,steer,price,180,MAE,5,Train,82.29698661563428
Random Forest depth4,steer,price,180,MAE,1,Test,76.38247067882236
Random Forest depth4,steer,price,180,MAE,2,Test,96.59922274488247
Random Forest depth4,steer,price,180,MAE,3,Test,79.58025779565615
Random Forest depth4,steer,price,180,MAE,4,Test,103.85532629111079
Random Forest depth4,steer,price,180,MAE,5,Test,93.13428287493053
Random Forest depth4,steer,price,180,MSE,1,Train,12270.42474369831
Random Forest depth4,steer,price,180,MSE,2,Train,11250.820182970567
Random Forest depth4,steer,price,180,MSE,3,Train,12079.5762521251
Random Forest depth4,steer,price,180,MSE,4,Train,10455.376834352144
Random Forest depth4,steer,price,180,MSE,5,Train,11562.506994576357
Random Forest depth4,steer,price,180,MSE,1,Test,9821.822266294746
Random Forest depth4,steer,price,180,MSE,2,Test,15118.252869252088
Random Forest depth4,steer,price,180,MSE,3,Test,11215.67474568457
Random Forest depth4,steer,price,180,MSE,4,Test,18771.07034835449
Random Forest depth4,steer,price,180,MSE,5,Test,13204.862103808953
Random Forest depth4,heifer,price,180,MAE,1,Train,58.59102778208764
Random Forest depth4,heifer,price,180,MAE,2,Train,52.174591897943564
Random Forest depth4,heifer,price,180,MAE,3,Train,51.01310921524027
Random Forest depth4,heifer,price,180,MAE,4,Train,54.74958724643429
Random Forest depth4,heifer,price,180,MAE,5,Train,48.08690083527785
Random Forest depth4,heifer,price,180,MAE,1,Test,38.83709660507479
Random Forest depth4,heifer,price,180,MAE,2,Test,76.45010305705651
Random Forest depth4,heifer,price,180,MAE,3,Test,69.55265441206613
Random Forest depth4,heifer,price,180,MAE,4,Test,62.50535080628632
Random Forest depth4,heifer,price,180,MAE,5,Test,85.6034578276453
Random Forest depth4,heifer,price,180,MSE,1,Train,5700.414027237584
Random Forest depth4,heifer,price,180,MSE,2,Train,4655.863508871199
Random Forest depth4,heifer,price,180,MSE,3,Train,4535.588436824063
Random Forest depth4,heifer,price,180,MSE,4,Train,4962.554899939042
Random Forest depth4,heifer,price,180,MSE,5,Train,3908.201067320579
Random Forest depth4,heifer,price,180,MSE,1,Test,2100.4760185637087
Random Forest depth4,heifer,price,180,MSE,2,Test,11283.040198337218
Random Forest depth4,heifer,price,180,MSE,3,Test,7927.090636106831
Random Forest depth4,heifer,price,180,MSE,4,Test,6381.648016876064
Random Forest depth4,heifer,price,180,MSE,5,Test,13135.674078771242
Random Forest depth4,cow,Total number of defects,180,MAE,1,Train,0.7069308659567012
Random Forest depth4,cow,Total number of defects,180,MAE,2,Train,0.6881127737465274
Random Forest depth4,cow,Total number of defects,180,MAE,3,Train,0.7171436233894066
Random Forest depth4,cow,Total number of defects,180,MAE,4,Train,0.738426583701618
Random Forest depth4,cow,Total number of defects,180,MAE,5,Train,0.6636209256677752
Random Forest depth4,cow,Total number of defects,180,MAE,1,Test,0.7479681365800213
Random Forest depth4,cow,Total number of defects,180,MAE,2,Test,0.8184100961847239
Random Forest depth4,cow,Total number of defects,180,MAE,3,Test,0.691122818748508
Random Forest depth4,cow,Total number of defects,180,MAE,4,Test,0.5847346069362455
Random Forest depth4,cow,Total number of defects,180,MAE,5,Test,0.8160125961206414
Random Forest depth4,cow,Total number of defects,180,MSE,1,Train,0.8788912677914219
Random Forest depth4,cow,Total number of defects,180,MSE,2,Train,0.7575259221455741
Random Forest depth4,cow,Total number of defects,180,MSE,3,Train,0.8492123901630371
Random Forest depth4,cow,Total number of defects,180,MSE,4,Train,0.9361794805824648
Random Forest depth4,cow,Total number of defects,180,MSE,5,Train,0.779236604415851
Random Forest depth4,cow,Total number of defects,180,MSE,1,Test,0.7763456501260753
Random Forest depth4,cow,Total number of defects,180,MSE,2,Test,1.2064177332621482
Random Forest depth4,cow,Total number of defects,180,MSE,3,Test,0.8290059544081624
Random Forest depth4,cow,Total number of defects,180,MSE,4,Test,0.47819698847477554
Random Forest depth4,cow,Total number of defects,180,MSE,5,Test,1.1584734061496569
Random Forest depth4,steer,Total number of defects,180,MAE,1,Train,0.312467042235369
Random Forest depth4,steer,Total number of defects,180,MAE,2,Train,0.37019988150086436
Random Forest depth4,steer,Total number of defects,180,MAE,3,Train,0.3515405657469717
Random Forest depth4,steer,Total number of defects,180,MAE,4,Train,0.34585711905524164
Random Forest depth4,steer,Total number of defects,180,MAE,5,Train,0.3135128862616884
Random Forest depth4,steer,Total number of defects,180,MAE,1,Test,0.39588176283564763
Random Forest depth4,steer,Total number of defects,180,MAE,2,Test,0.31369307336920743
Random Forest depth4,steer,Total number of defects,180,MAE,3,Test,0.36890190275145146
Random Forest depth4,steer,Total number of defects,180,MAE,4,Test,0.3847618100142688
Random Forest depth4,steer,Total number of defects,180,MAE,5,Test,0.40439022751234305
Random Forest depth4,steer,Total number of defects,180,MSE,1,Train,0.28037028270346975
Random Forest depth4,steer,Total number of defects,180,MSE,2,Train,0.3338914497125846
Random Forest depth4,steer,Total number of defects,180,MSE,3,Train,0.3071718909980043
Random Forest depth4,steer,Total number of defects,180,MSE,4,Train,0.29126326646743383
Random Forest depth4,steer,Total number of defects,180,MSE,5,Train,0.2965473369380153
Random Forest depth4,steer,Total number of defects,180,MSE,1,Test,0.4413818755635267
Random Forest depth4,steer,Total number of defects,180,MSE,2,Test,0.2596797381471441
Random Forest depth4,steer,Total number of defects,180,MSE,3,Test,0.3450210562016593
Random Forest depth4,steer,Total number of defects,180,MSE,4,Test,0.5502230680720682
Random Forest depth4,steer,Total number of defects,180,MSE,5,Test,0.3903459045775408
Random Forest depth4,heifer,Total number of defects,180,MAE,1,Train,0.5655505772578661
Random Forest depth4,heifer,Total number of defects,180,MAE,2,Train,0.4883663070425572
Random Forest depth4,heifer,Total number of defects,180,MAE,3,Train,0.5381518952842194
Random Forest depth4,heifer,Total number of defects,180,MAE,4,Train,0.43325638159908403
Random Forest depth4,heifer,Total number of defects,180,MAE,5,Train,0.5203221910384821
Random Forest depth4,heifer,Total number of defects,180,MAE,1,Test,0.3935722074984514
Random Forest depth4,heifer,Total number of defects,180,MAE,2,Test,0.6655481484189942
Random Forest depth4,heifer,Total number of defects,180,MAE,3,Test,0.45225811587137893
Random Forest depth4,heifer,Total number of defects,180,MAE,4,Test,0.7854724105752613
Random Forest depth4,heifer,Total number of defects,180,MAE,5,Test,0.6805872035515771
Random Forest depth4,heifer,Total number of defects,180,MSE,1,Train,0.6638164530036395
Random Forest depth4,heifer,Total number of defects,180,MSE,2,Train,0.500125204658587
Random Forest depth4,heifer,Total number of defects,180,MSE,3,Train,0.6406963715287936
Random Forest depth4,heifer,Total number of defects,180,MSE,4,Train,0.3874525383126474
Random Forest depth4,heifer,Total number of defects,180,MSE,5,Train,0.5778870967092176
Random Forest depth4,heifer,Total number of defects,180,MSE,1,Test,0.2424782464804168
Random Forest depth4,heifer,Total number of defects,180,MSE,2,Test,0.9763608031074326
Random Forest depth4,heifer,Total number of defects,180,MSE,3,Test,0.32816172356459633
Random Forest depth4,heifer,Total number of defects,180,MSE,4,Test,1.4603381361219265
Random Forest depth4,heifer,Total number of defects,180,MSE,5,Test,0.6937250122226879
Random Forest depth4,cow,live weight,720,MAE,1,Train,45.72538954109993
Random Forest depth4,cow,live weight,720,MAE,2,Train,39.80135803233907
Random Forest depth4,cow,live weight,720,MAE,3,Train,46.07131856945254
Random Forest depth4,cow,live weight,720,MAE,4,Train,42.48175221423435
Random Forest depth4,cow,live weight,720,MAE,5,Train,52.84443822843579
Random Forest depth4,cow,live weight,720,MAE,1,Test,50.67752300386553
Random Forest depth4,cow,live weight,720,MAE,2,Test,69.47427549418443
Random Forest depth4,cow,live weight,720,MAE,3,Test,50.50397036943662
Random Forest depth4,cow,live weight,720,MAE,4,Test,57.98018293823298
Random Forest depth4,cow,live weight,720,MAE,5,Test,15.033266444040642
Random Forest depth4,cow,live weight,720,MSE,1,Train,3493.0382191207514
Random Forest depth4,cow,live weight,720,MSE,2,Train,2696.2362471617244
Random Forest depth4,cow,live weight,720,MSE,3,Train,3604.3130302004024
Random Forest depth4,cow,live weight,720,MSE,4,Train,3186.5954150095026
Random Forest depth4,cow,live weight,720,MSE,5,Train,4291.26641250688
Random Forest depth4,cow,live weight,720,MSE,1,Test,4073.598629463272
Random Forest depth4,cow,live weight,720,MSE,2,Test,8025.288351226176
Random Forest depth4,cow,live weight,720,MSE,3,Test,3435.8869875130354
Random Forest depth4,cow,live weight,720,MSE,4,Test,5032.3230560757565
Random Forest depth4,cow,live weight,720,MSE,5,Test,384.56174616774274
Random Forest depth4,steer,live weight,720,MAE,1,Train,26.645376158678815
Random Forest depth4,steer,live weight,720,MAE,2,Train,28.984787937564
Random Forest depth4,steer,live weight,720,MAE,3,Train,28.754618384279464
Random Forest depth4,steer,live weight,720,MAE,4,Train,27.835287052776273
Random Forest depth4,steer,live weight,720,MAE,5,Train,28.601773616762934
Random Forest depth4,steer,live weight,720,MAE,1,Test,34.62198123979218
Random Forest depth4,steer,live weight,720,MAE,2,Test,27.13304486309675
Random Forest depth4,steer,live weight,720,MAE,3,Test,27.819568701627247
Random Forest depth4,steer,live weight,720,MAE,4,Test,31.32521890669945
Random Forest depth4,steer,live weight,720,MAE,5,Test,29.832569424802386
Random Forest depth4,steer,live weight,720,MSE,1,Train,1088.2440632072467
Random Forest depth4,steer,live weight,720,MSE,2,Train,2098.6352668310196
Random Forest depth4,steer,live weight,720,MSE,3,Train,2085.4892782149777
Random Forest depth4,steer,live weight,720,MSE,4,Train,2022.9459943165598
Random Forest depth4,steer,live weight,720,MSE,5,Train,2049.5704795719175
Random Forest depth4,steer,live weight,720,MSE,1,Test,5281.050543726074
Random Forest depth4,steer,live weight,720,MSE,2,Test,1140.288318088613
Random Forest depth4,steer,live weight,720,MSE,3,Test,1238.4104413105154
Random Forest depth4,steer,live weight,720,MSE,4,Test,1421.2880725555576
Random Forest depth4,steer,live weight,720,MSE,5,Test,1419.9078788581298
Random Forest depth4,heifer,live weight,720,MAE,1,Train,18.17731310876615
Random Forest depth4,heifer,live weight,720,MAE,2,Train,20.956355409000576
Random Forest depth4,heifer,live weight,720,MAE,3,Train,19.897836892360928
Random Forest depth4,heifer,live weight,720,MAE,4,Train,17.33896059929656
Random Forest depth4,heifer,live weight,720,MAE,5,Train,23.07741658324292
Random Forest depth4,heifer,live weight,720,MAE,1,Test,46.76092380952373
Random Forest depth4,heifer,live weight,720,MAE,2,Test,28.294374413780602
Random Forest depth4,heifer,live weight,720,MAE,3,Test,26.58313109217177
Random Forest depth4,heifer,live weight,720,MAE,4,Test,35.224855271464705
Random Forest depth4,heifer,live weight,720,MAE,5,Test,13.161402858946602
Random Forest depth4,heifer,live weight,720,MSE,1,Train,511.61407728870495
Random Forest depth4,heifer,live weight,720,MSE,2,Train,737.813445950318
Random Forest depth4,heifer,live weight,720,MSE,3,Train,657.8407504057636
Random Forest depth4,heifer,live weight,720,MSE,4,Train,532.9851962086325
Random Forest depth4,heifer,live weight,720,MSE,5,Train,792.5558643556817
Random Forest depth4,heifer,live weight,720,MSE,1,Test,3314.604099539989
Random Forest depth4,heifer,live weight,720,MSE,2,Test,916.4058543349356
Random Forest depth4,heifer,live weight,720,MSE,3,Test,844.89043530774
Random Forest depth4,heifer,live weight,720,MSE,4,Test,2058.7058057664094
Random Forest depth4,heifer,live weight,720,MSE,5,Test,300.55040253270255
Random Forest depth4,cow,carcass weight,720,MAE,1,Train,23.0428619201316
Random Forest depth4,cow,carcass weight,720,MAE,2,Train,20.92528257782072
Random Forest depth4,cow,carcass weight,720,MAE,3,Train,24.240439236588955
Random Forest depth4,cow,carcass weight,720,MAE,4,Train,22.074011173651662
Random Forest depth4,cow,carcass weight,720,MAE,5,Train,26.773489678301924
Random Forest depth4,cow,carcass weight,720,MAE,1,Test,28.19124808410077
Random Forest depth4,cow,carcass weight,720,MAE,2,Test,35.22306425241513
Random Forest depth4,cow,carcass weight,720,MAE,3,Test,22.29854903681671
Random Forest depth4,cow,carcass weight,720,MAE,4,Test,29.335507805196485
Random Forest depth4,cow,carcass weight,720,MAE,5,Test,10.452990895767913
Random Forest depth4,cow,carcass weight,720,MSE,1,Train,830.9617689871601
Random Forest depth4,cow,carcass weight,720,MSE,2,Train,750.1507822500699
Random Forest depth4,cow,carcass weight,720,MSE,3,Train,1028.2054843551018
Random Forest depth4,cow,carcass weight,720,MSE,4,Train,911.6962547964376
Random Forest depth4,cow,carcass weight,720,MSE,5,Train,1148.6375899927748
Random Forest depth4,cow,carcass weight,720,MSE,1,Test,1547.2217168927493
Random Forest depth4,cow,carcass weight,720,MSE,2,Test,2043.5247721257033
Random Forest depth4,cow,carcass weight,720,MSE,3,Test,691.1175859331236
Random Forest depth4,cow,carcass weight,720,MSE,4,Test,1145.1775395295917
Random Forest depth4,cow,carcass weight,720,MSE,5,Test,155.5541310668754
Random Forest depth4,steer,carcass weight,720,MAE,1,Train,14.313738400942745
Random Forest depth4,steer,carcass weight,720,MAE,2,Train,14.097906637567744
Random Forest depth4,steer,carcass weight,720,MAE,3,Train,14.237091465205523
Random Forest depth4,steer,carcass weight,720,MAE,4,Train,13.856221432247606
Random Forest depth4,steer,carcass weight,720,MAE,5,Train,13.999937950206728
Random Forest depth4,steer,carcass weight,720,MAE,1,Test,13.781744564506782
Random Forest depth4,steer,carcass weight,720,MAE,2,Test,14.555943858466662
Random Forest depth4,steer,carcass weight,720,MAE,3,Test,14.523429427431799
Random Forest depth4,steer,carcass weight,720,MAE,4,Test,16.029290782838167
Random Forest depth4,steer,carcass weight,720,MAE,5,Test,15.616457899270396
Random Forest depth4,steer,carcass weight,720,MSE,1,Train,332.8919534739061
Random Forest depth4,steer,carcass weight,720,MSE,2,Train,338.28695555473496
Random Forest depth4,steer,carcass weight,720,MSE,3,Train,331.89657199935425
Random Forest depth4,steer,carcass weight,720,MSE,4,Train,324.40328664560707
Random Forest depth4,steer,carcass weight,720,MSE,5,Train,319.53811984679754
Random Forest depth4,steer,carcass weight,720,MSE,1,Test,342.5885383960419
Random Forest depth4,steer,carcass weight,720,MSE,2,Test,330.60030223706
Random Forest depth4,steer,carcass weight,720,MSE,3,Test,365.7020303450728
Random Forest depth4,steer,carcass weight,720,MSE,4,Test,391.3134830623596
Random Forest depth4,steer,carcass weight,720,MSE,5,Test,437.5395739555258
Random Forest depth4,heifer,carcass weight,720,MAE,1,Train,10.345752282873391
Random Forest depth4,heifer,carcass weight,720,MAE,2,Train,11.071832448367608
Random Forest depth4,heifer,carcass weight,720,MAE,3,Train,10.930173859126988
Random Forest depth4,heifer,carcass weight,720,MAE,4,Train,11.132185577876985
Random Forest depth4,heifer,carcass weight,720,MAE,5,Train,12.318087301587294
Random Forest depth4,heifer,carcass weight,720,MAE,1,Test,26.80916928210675
Random Forest depth4,heifer,carcass weight,720,MAE,2,Test,14.358464263167392
Random Forest depth4,heifer,carcass weight,720,MAE,3,Test,13.72919097222222
Random Forest depth4,heifer,carcass weight,720,MAE,4,Test,17.58804491341995
Random Forest depth4,heifer,carcass weight,720,MAE,5,Test,11.58767712842723
Random Forest depth4,heifer,carcass weight,720,MSE,1,Train,150.46808072566694
Random Forest depth4,heifer,carcass weight,720,MSE,2,Train,205.0630234012084
Random Forest depth4,heifer,carcass weight,720,MSE,3,Train,167.02294375694686
Random Forest depth4,heifer,carcass weight,720,MSE,4,Train,177.41815394416986
Random Forest depth4,heifer,carcass weight,720,MSE,5,Train,217.96467750024394
Random Forest depth4,heifer,carcass weight,720,MSE,1,Test,1169.5508278486682
Random Forest depth4,heifer,carcass weight,720,MSE,2,Test,224.43940775040994
Random Forest depth4,heifer,carcass weight,720,MSE,3,Test,281.21728904705526
Random Forest depth4,heifer,carcass weight,720,MSE,4,Test,413.4635435976544
Random Forest depth4,heifer,carcass weight,720,MSE,5,Test,165.8828853735076
Random Forest depth4,cow,price,720,MAE,1,Train,81.92518459107389
Random Forest depth4,cow,price,720,MAE,2,Train,75.67788445082167
Random Forest depth4,cow,price,720,MAE,3,Train,86.82842150049173
Random Forest depth4,cow,price,720,MAE,4,Train,79.64219671409626
Random Forest depth4,cow,price,720,MAE,5,Train,95.96244894688375
Random Forest depth4,cow,price,720,MAE,1,Test,103.91709801658018
Random Forest depth4,cow,price,720,MAE,2,Test,122.87042383248985
Random Forest depth4,cow,price,720,MAE,3,Test,76.8250061140698
Random Forest depth4,cow,price,720,MAE,4,Test,103.8839508666799
Random Forest depth4,cow,price,720,MAE,5,Test,37.373518479263
Random Forest depth4,cow,price,720,MSE,1,Train,10150.270786506537
Random Forest depth4,cow,price,720,MSE,2,Train,9565.332184592356
Random Forest depth4,cow,price,720,MSE,3,Train,12666.914354995239
Random Forest depth4,cow,price,720,MSE,4,Train,11159.955065722965
Random Forest depth4,cow,price,720,MSE,5,Train,14162.288316055989
Random Forest depth4,cow,price,720,MSE,1,Test,19526.555283481077
Random Forest depth4,cow,price,720,MSE,2,Test,23652.50898728303
Random Forest depth4,cow,price,720,MSE,3,Test,8439.00036703052
Random Forest depth4,cow,price,720,MSE,4,Test,14519.757426930993
Random Forest depth4,cow,price,720,MSE,5,Test,1973.767443111615
Random Forest depth4,steer,price,720,MAE,1,Train,84.48805156396475
Random Forest depth4,steer,price,720,MAE,2,Train,83.17803363346205
Random Forest depth4,steer,price,720,MAE,3,Train,84.07705716630358
Random Forest depth4,steer,price,720,MAE,4,Train,81.7459180803642
Random Forest depth4,steer,price,720,MAE,5,Train,82.60309545024245
Random Forest depth4,steer,price,720,MAE,1,Test,81.4141872379763
Random Forest depth4,steer,price,720,MAE,2,Test,85.9897194447204
Random Forest depth4,steer,price,720,MAE,3,Test,85.52231933145805
Random Forest depth4,steer,price,720,MAE,4,Test,94.61389708885623
Random Forest depth4,steer,price,720,MAE,5,Test,92.3134206071705
Random Forest depth4,steer,price,720,MSE,1,Train,11589.082712276766
Random Forest depth4,steer,price,720,MSE,2,Train,11774.520024298417
Random Forest depth4,steer,price,720,MSE,3,Train,11558.741448883211
Random Forest depth4,steer,price,720,MSE,4,Train,11293.551704601177
Random Forest depth4,steer,price,720,MSE,5,Train,11123.321294681968
Random Forest depth4,steer,price,720,MSE,1,Test,11934.087804809924
Random Forest depth4,steer,price,720,MSE,2,Test,11506.109304694977
Random Forest depth4,steer,price,720,MSE,3,Test,12716.682718722825
Random Forest depth4,steer,price,720,MSE,4,Test,13626.426208569985
Random Forest depth4,steer,price,720,MSE,5,Test,15244.010227178438
Random Forest depth4,heifer,price,720,MAE,1,Train,60.9203078361744
Random Forest depth4,heifer,price,720,MAE,2,Train,64.93802126341524
Random Forest depth4,heifer,price,720,MAE,3,Train,64.00743311631936
Random Forest depth4,heifer,price,720,MAE,4,Train,65.283050954861
Random Forest depth4,heifer,price,720,MAE,5,Train,68.95133229166662
Random Forest depth4,heifer,price,720,MAE,1,Test,155.80911638257618
Random Forest depth4,heifer,price,720,MAE,2,Test,84.13934569128651
Random Forest depth4,heifer,price,720,MAE,3,Test,76.9205098958335
Random Forest depth4,heifer,price,720,MAE,4,Test,97.72030255681955
Random Forest depth4,heifer,price,720,MAE,5,Test,102.3253055555561
Random Forest depth4,heifer,price,720,MSE,1,Train,5014.394794078064
Random Forest depth4,heifer,price,720,MSE,2,Train,6785.233233770396
Random Forest depth4,heifer,price,720,MSE,3,Train,5530.960494039861
Random Forest depth4,heifer,price,720,MSE,4,Train,5944.369131499385
Random Forest depth4,heifer,price,720,MSE,5,Train,6833.064531282791
Random Forest depth4,heifer,price,720,MSE,1,Test,40508.21390602911
Random Forest depth4,heifer,price,720,MSE,2,Test,7582.8156487166925
Random Forest depth4,heifer,price,720,MSE,3,Test,8813.816403381414
Random Forest depth4,heifer,price,720,MSE,4,Test,12682.557938767699
Random Forest depth4,heifer,price,720,MSE,5,Test,12896.18121090497
Random Forest depth4,cow,Total number of defects,720,MAE,1,Train,0.7069308659567012
Random Forest depth4,cow,Total number of defects,720,MAE,2,Train,0.6881127737465274
Random Forest depth4,cow,Total number of defects,720,MAE,3,Train,0.7171436233894066
Random Forest depth4,cow,Total number of defects,720,MAE,4,Train,0.738426583701618
Random Forest depth4,cow,Total number of defects,720,MAE,5,Train,0.6636209256677753
Random Forest depth4,cow,Total number of defects,720,MAE,1,Test,0.747968136580021
Random Forest depth4,cow,Total number of defects,720,MAE,2,Test,0.818410096184724
Random Forest depth4,cow,Total number of defects,720,MAE,3,Test,0.691122818748508
Random Forest depth4,cow,Total number of defects,720,MAE,4,Test,0.5847346069362453
Random Forest depth4,cow,Total number of defects,720,MAE,5,Test,0.8160125961206415
Random Forest depth4,cow,Total number of defects,720,MSE,1,Train,0.8788912677914218
Random Forest depth4,cow,Total number of defects,720,MSE,2,Train,0.7575259221455742
Random Forest depth4,cow,Total number of defects,720,MSE,3,Train,0.8492123901630373
Random Forest depth4,cow,Total number of defects,720,MSE,4,Train,0.9361794805824646
Random Forest depth4,cow,Total number of defects,720,MSE,5,Train,0.779236604415851
Random Forest depth4,cow,Total number of defects,720,MSE,1,Test,0.7763456501260749
Random Forest depth4,cow,Total number of defects,720,MSE,2,Test,1.2064177332621482
Random Forest depth4,cow,Total number of defects,720,MSE,3,Test,0.8290059544081623
Random Forest depth4,cow,Total number of defects,720,MSE,4,Test,0.47819698847477554
Random Forest depth4,cow,Total number of defects,720,MSE,5,Test,1.1584734061496573
Random Forest depth4,steer,Total number of defects,720,MAE,1,Train,0.3306953147754181
Random Forest depth4,steer,Total number of defects,720,MAE,2,Train,0.3419710865630811
Random Forest depth4,steer,Total number of defects,720,MAE,3,Train,0.34163839519181854
Random Forest depth4,steer,Total number of defects,720,MAE,4,Train,0.36210307250132867
Random Forest depth4,steer,Total number of defects,720,MAE,5,Train,0.3455508438072827
Random Forest depth4,steer,Total number of defects,720,MAE,1,Test,0.5083512407238463
Random Forest depth4,steer,Total number of defects,720,MAE,2,Test,0.41683058028221104
Random Forest depth4,steer,Total number of defects,720,MAE,3,Test,0.3961454251468523
Random Forest depth4,steer,Total number of defects,720,MAE,4,Test,0.32345505804147373
Random Forest depth4,steer,Total number of defects,720,MAE,5,Test,0.409297670629766
Random Forest depth4,steer,Total number of defects,720,MSE,1,Train,0.2638072215948589
Random Forest depth4,steer,Total number of defects,720,MSE,2,Train,0.31404348420086214
Random Forest depth4,steer,Total number of defects,720,MSE,3,Train,0.30819600293853144
Random Forest depth4,steer,Total number of defects,720,MSE,4,Train,0.34194344706841895
Random Forest depth4,steer,Total number of defects,720,MSE,5,Train,0.2943877858099957
Random Forest depth4,steer,Total number of defects,720,MSE,1,Test,0.9369173304182714
Random Forest depth4,steer,Total number of defects,720,MSE,2,Test,0.42475626900362606
Random Forest depth4,steer,Total number of defects,720,MSE,3,Test,0.49607740647105336
Random Forest depth4,steer,Total number of defects,720,MSE,4,Test,0.25968787587992265
Random Forest depth4,steer,Total number of defects,720,MSE,5,Test,0.49729744597566794
Random Forest depth4,heifer,Total number of defects,720,MAE,1,Train,0.2623239989177489
Random Forest depth4,heifer,Total number of defects,720,MAE,2,Train,0.31566966540404034
Random Forest depth4,heifer,Total number of defects,720,MAE,3,Train,0.36122829861111105
Random Forest depth4,heifer,Total number of defects,720,MAE,4,Train,0.3720386904761905
Random Forest depth4,heifer,Total number of defects,720,MAE,5,Train,0.37117453553391055
Random Forest depth4,heifer,Total number of defects,720,MAE,1,Test,0.7690414862914864
Random Forest depth4,heifer,Total number of defects,720,MAE,2,Test,0.5065632215007216
Random Forest depth4,heifer,Total number of defects,720,MAE,3,Test,0.5590431547619046
Random Forest depth4,heifer,Total number of defects,720,MAE,4,Test,0.4498242694805195
Random Forest depth4,heifer,Total number of defects,720,MAE,5,Test,0.26589299242424247
Random Forest depth4,heifer,Total number of defects,720,MSE,1,Train,0.1278767305732124
Random Forest depth4,heifer,Total number of defects,720,MSE,2,Train,0.253448246774175
Random Forest depth4,heifer,Total number of defects,720,MSE,3,Train,0.24935167512700973
Random Forest depth4,heifer,Total number of defects,720,MSE,4,Train,0.2606525688891539
Random Forest depth4,heifer,Total number of defects,720,MSE,5,Train,0.27050448574380087
Random Forest depth4,heifer,Total number of defects,720,MSE,1,Test,1.0635845300960578
Random Forest depth4,heifer,Total number of defects,720,MSE,2,Test,0.3806365487431065
Random Forest depth4,heifer,Total number of defects,720,MSE,3,Test,0.41608543204660303
Random Forest depth4,heifer,Total number of defects,720,MSE,4,Test,0.2700319125386079
Random Forest depth4,heifer,Total number of defects,720,MSE,5,Test,0.22287962983169768
Random Forest depth6,cow,live weight,3,MAE,1,Train,45.72538954109993
Random Forest depth6,cow,live weight,3,MAE,2,Train,39.80135803233907
Random Forest depth6,cow,live weight,3,MAE,3,Train,46.071318569452544
Random Forest depth6,cow,live weight,3,MAE,4,Train,42.481752214234334
Random Forest depth6,cow,live weight,3,MAE,5,Train,52.84443822843576
Random Forest depth6,cow,live weight,3,MAE,1,Test,50.67752300386553
Random Forest depth6,cow,live weight,3,MAE,2,Test,69.4742754941845
Random Forest depth6,cow,live weight,3,MAE,3,Test,50.50397036943662
Random Forest depth6,cow,live weight,3,MAE,4,Test,57.98018293823298
Random Forest depth6,cow,live weight,3,MAE,5,Test,15.033266444040692
Random Forest depth6,cow,live weight,3,MSE,1,Train,3493.0382191207514
Random Forest depth6,cow,live weight,3,MSE,2,Train,2696.2362471617244
Random Forest depth6,cow,live weight,3,MSE,3,Train,3604.3130302004024
Random Forest depth6,cow,live weight,3,MSE,4,Train,3186.5954150095026
Random Forest depth6,cow,live weight,3,MSE,5,Train,4291.26641250688
Random Forest depth6,cow,live weight,3,MSE,1,Test,4073.5986294632617
Random Forest depth6,cow,live weight,3,MSE,2,Test,8025.288351226186
Random Forest depth6,cow,live weight,3,MSE,3,Test,3435.886987513036
Random Forest depth6,cow,live weight,3,MSE,4,Test,5032.32305607576
Random Forest depth6,cow,live weight,3,MSE,5,Test,384.5617461677453
Random Forest depth6,steer,live weight,3,MAE,1,Train,28.105151761962993
Random Forest depth6,steer,live weight,3,MAE,2,Train,25.46614870165793
Random Forest depth6,steer,live weight,3,MAE,3,Train,28.692017558620226
Random Forest depth6,steer,live weight,3,MAE,4,Train,27.02141489234453
Random Forest depth6,steer,live weight,3,MAE,5,Train,28.196776962844158
Random Forest depth6,steer,live weight,3,MAE,1,Test,28.503146592415238
Random Forest depth6,steer,live weight,3,MAE,2,Test,36.64081440626058
Random Forest depth6,steer,live weight,3,MAE,3,Test,28.505190964155936
Random Forest depth6,steer,live weight,3,MAE,4,Test,32.56239581659213
Random Forest depth6,steer,live weight,3,MAE,5,Test,26.009374274661177
Random Forest depth6,steer,live weight,3,MSE,1,Train,1995.677286418137
Random Forest depth6,steer,live weight,3,MSE,2,Train,1116.2072289054613
Random Forest depth6,steer,live weight,3,MSE,3,Train,1924.8724703228593
Random Forest depth6,steer,live weight,3,MSE,4,Train,1907.9613057691363
Random Forest depth6,steer,live weight,3,MSE,5,Train,2055.0093788965373
Random Forest depth6,steer,live weight,3,MSE,1,Test,1222.1202053031202
Random Forest depth6,steer,live weight,3,MSE,2,Test,4951.116898175953
Random Forest depth6,steer,live weight,3,MSE,3,Test,1687.699740793501
Random Forest depth6,steer,live weight,3,MSE,4,Test,1657.8300065458134
Random Forest depth6,steer,live weight,3,MSE,5,Test,1025.4778043259716
Random Forest depth6,heifer,live weight,3,MAE,1,Train,17.13954425798751
Random Forest depth6,heifer,live weight,3,MAE,2,Train,15.779935054997525
Random Forest depth6,heifer,live weight,3,MAE,3,Train,15.536922792477975
Random Forest depth6,heifer,live weight,3,MAE,4,Train,16.122962271121335
Random Forest depth6,heifer,live weight,3,MAE,5,Train,13.968075986051218
Random Forest depth6,heifer,live weight,3,MAE,1,Test,13.036725122171031
Random Forest depth6,heifer,live weight,3,MAE,2,Test,22.371037674582386
Random Forest depth6,heifer,live weight,3,MAE,3,Test,18.063778903244934
Random Forest depth6,heifer,live weight,3,MAE,4,Test,17.32252230123122
Random Forest depth6,heifer,live weight,3,MAE,5,Test,26.44274272124996
Random Forest depth6,heifer,live weight,3,MSE,1,Train,495.30125097395955
Random Forest depth6,heifer,live weight,3,MSE,2,Train,422.126337941613
Random Forest depth6,heifer,live weight,3,MSE,3,Train,428.59772533840993
Random Forest depth6,heifer,live weight,3,MSE,4,Train,455.3873520213442
Random Forest depth6,heifer,live weight,3,MSE,5,Train,333.66451846208713
Random Forest depth6,heifer,live weight,3,MSE,1,Test,355.4599733615065
Random Forest depth6,heifer,live weight,3,MSE,2,Test,974.8753679649468
Random Forest depth6,heifer,live weight,3,MSE,3,Test,607.2462506262316
Random Forest depth6,heifer,live weight,3,MSE,4,Test,506.6221620790393
Random Forest depth6,heifer,live weight,3,MSE,5,Test,1198.543629293915
Random Forest depth6,cow,carcass weight,3,MAE,1,Train,23.04286192013159
Random Forest depth6,cow,carcass weight,3,MAE,2,Train,20.925282577820724
Random Forest depth6,cow,carcass weight,3,MAE,3,Train,24.24043923658895
Random Forest depth6,cow,carcass weight,3,MAE,4,Train,22.074011173651662
Random Forest depth6,cow,carcass weight,3,MAE,5,Train,26.773489678301907
Random Forest depth6,cow,carcass weight,3,MAE,1,Test,28.191248084100742
Random Forest depth6,cow,carcass weight,3,MAE,2,Test,35.223064252415114
Random Forest depth6,cow,carcass weight,3,MAE,3,Test,22.29854903681671
Random Forest depth6,cow,carcass weight,3,MAE,4,Test,29.33550780519652
Random Forest depth6,cow,carcass weight,3,MAE,5,Test,10.452990895767906
Random Forest depth6,cow,carcass weight,3,MSE,1,Train,830.9617689871601
Random Forest depth6,cow,carcass weight,3,MSE,2,Train,750.1507822500699
Random Forest depth6,cow,carcass weight,3,MSE,3,Train,1028.2054843551018
Random Forest depth6,cow,carcass weight,3,MSE,4,Train,911.696254796438
Random Forest depth6,cow,carcass weight,3,MSE,5,Train,1148.637589992775
Random Forest depth6,cow,carcass weight,3,MSE,1,Test,1547.2217168927475
Random Forest depth6,cow,carcass weight,3,MSE,2,Test,2043.5247721257012
Random Forest depth6,cow,carcass weight,3,MSE,3,Test,691.1175859331239
Random Forest depth6,cow,carcass weight,3,MSE,4,Test,1145.1775395295942
Random Forest depth6,cow,carcass weight,3,MSE,5,Test,155.55413106687536
Random Forest depth6,steer,carcass weight,3,MAE,1,Train,14.238548998136894
Random Forest depth6,steer,carcass weight,3,MAE,2,Train,13.609298296124813
Random Forest depth6,steer,carcass weight,3,MAE,3,Train,14.17913870034591
Random Forest depth6,steer,carcass weight,3,MAE,4,Train,13.24575658408285
Random Forest depth6,steer,carcass weight,3,MAE,5,Train,13.750082906625131
Random Forest depth6,steer,carcass weight,3,MAE,1,Test,13.087069033896302
Random Forest depth6,steer,carcass weight,3,MAE,2,Test,16.10096761686695
Random Forest depth6,steer,carcass weight,3,MAE,3,Test,13.523004188274413
Random Forest depth6,steer,carcass weight,3,MAE,4,Test,17.492447439039957
Random Forest depth6,steer,carcass weight,3,MAE,5,Test,15.857169361514387
Random Forest depth6,steer,carcass weight,3,MSE,1,Train,344.44421520932065
Random Forest depth6,steer,carcass weight,3,MSE,2,Train,316.6604172892196
Random Forest depth6,steer,carcass weight,3,MSE,3,Train,338.5206770032388
Random Forest depth6,steer,carcass weight,3,MSE,4,Train,291.90537678011566
Random Forest depth6,steer,carcass weight,3,MSE,5,Train,325.691052831374
Random Forest depth6,steer,carcass weight,3,MSE,1,Test,285.0022044151257
Random Forest depth6,steer,carcass weight,3,MSE,2,Test,422.6400871241584
Random Forest depth6,steer,carcass weight,3,MSE,3,Test,325.0361609000651
Random Forest depth6,steer,carcass weight,3,MSE,4,Test,531.0010633387055
Random Forest depth6,steer,carcass weight,3,MSE,5,Test,381.94734199227736
Random Forest depth6,heifer,carcass weight,3,MAE,1,Train,10.222329693722878
Random Forest depth6,heifer,carcass weight,3,MAE,2,Train,9.102880959647385
Random Forest depth6,heifer,carcass weight,3,MAE,3,Train,8.724726200022909
Random Forest depth6,heifer,carcass weight,3,MAE,4,Train,9.620526904902405
Random Forest depth6,heifer,carcass weight,3,MAE,5,Train,8.460075528233372
Random Forest depth6,heifer,carcass weight,3,MAE,1,Test,6.604671220985999
Random Forest depth6,heifer,carcass weight,3,MAE,2,Test,13.540824176009416
Random Forest depth6,heifer,carcass weight,3,MAE,3,Test,12.217520360652111
Random Forest depth6,heifer,carcass weight,3,MAE,4,Test,10.007599799493068
Random Forest depth6,heifer,carcass weight,3,MAE,5,Test,15.2928292921995
Random Forest depth6,heifer,carcass weight,3,MSE,1,Train,175.69270719630882
Random Forest depth6,heifer,carcass weight,3,MSE,2,Train,143.61186735162738
Random Forest depth6,heifer,carcass weight,3,MSE,3,Train,136.33360956519826
Random Forest depth6,heifer,carcass weight,3,MSE,4,Train,155.87783001410912
Random Forest depth6,heifer,carcass weight,3,MSE,5,Train,121.97236133416922
Random Forest depth6,heifer,carcass weight,3,MSE,1,Test,62.97186302449771
Random Forest depth6,heifer,carcass weight,3,MSE,2,Test,353.9046536637267
Random Forest depth6,heifer,carcass weight,3,MSE,3,Test,244.55268574581382
Random Forest depth6,heifer,carcass weight,3,MSE,4,Test,168.61082515015963
Random Forest depth6,heifer,carcass weight,3,MSE,5,Test,419.31139589420354
Random Forest depth6,cow,price,3,MAE,1,Train,81.92518459107389
Random Forest depth6,cow,price,3,MAE,2,Train,75.67788445082162
Random Forest depth6,cow,price,3,MAE,3,Train,86.82842150049173
Random Forest depth6,cow,price,3,MAE,4,Train,79.64219671409627
Random Forest depth6,cow,price,3,MAE,5,Train,95.96244894688375
Random Forest depth6,cow,price,3,MAE,1,Test,103.91709801658025
Random Forest depth6,cow,price,3,MAE,2,Test,122.87042383248985
Random Forest depth6,cow,price,3,MAE,3,Test,76.82500611406974
Random Forest depth6,cow,price,3,MAE,4,Test,103.88395086667997
Random Forest depth6,cow,price,3,MAE,5,Test,37.373518479263076
Random Forest depth6,cow,price,3,MSE,1,Train,10150.270786506537
Random Forest depth6,cow,price,3,MSE,2,Train,9565.332184592356
Random Forest depth6,cow,price,3,MSE,3,Train,12666.914354995237
Random Forest depth6,cow,price,3,MSE,4,Train,11159.955065722961
Random Forest depth6,cow,price,3,MSE,5,Train,14162.288316055992
Random Forest depth6,cow,price,3,MSE,1,Test,19526.555283481106
Random Forest depth6,cow,price,3,MSE,2,Test,23652.50898728301
Random Forest depth6,cow,price,3,MSE,3,Test,8439.000367030492
Random Forest depth6,cow,price,3,MSE,4,Test,14519.757426931008
Random Forest depth6,cow,price,3,MSE,5,Test,1973.76744311162
Random Forest depth6,steer,price,3,MAE,1,Train,84.0640580760237
Random Forest depth6,steer,price,3,MAE,2,Train,80.29996588820943
Random Forest depth6,steer,price,3,MAE,3,Train,83.75230421497282
Random Forest depth6,steer,price,3,MAE,4,Train,78.18881010716876
Random Forest depth6,steer,price,3,MAE,5,Train,81.11708374630041
Random Forest depth6,steer,price,3,MAE,1,Test,77.33026043736028
Random Forest depth6,steer,price,3,MAE,2,Test,95.12027658872847
Random Forest depth6,steer,price,3,MAE,3,Test,79.83858289019845
Random Forest depth6,steer,price,3,MAE,4,Test,103.33253847974025
Random Forest depth6,steer,price,3,MAE,5,Test,93.80155973371384
Random Forest depth6,steer,price,3,MSE,1,Train,11990.655452702022
Random Forest depth6,steer,price,3,MSE,2,Train,11023.991212551555
Random Forest depth6,steer,price,3,MSE,3,Train,11785.414449428665
Random Forest depth6,steer,price,3,MSE,4,Train,10160.107870390042
Random Forest depth6,steer,price,3,MSE,5,Train,11337.957617886996
Random Forest depth6,steer,price,3,MSE,1,Test,9957.848766068013
Random Forest depth6,steer,price,3,MSE,2,Test,14716.987397651845
Random Forest depth6,steer,price,3,MSE,3,Test,11326.383197937555
Random Forest depth6,steer,price,3,MSE,4,Test,18477.45568644277
Random Forest depth6,steer,price,3,MSE,5,Test,13299.514589605462
Random Forest depth6,heifer,price,3,MAE,1,Train,57.73210532949223
Random Forest depth6,heifer,price,3,MAE,2,Train,51.4332109945633
Random Forest depth6,heifer,price,3,MAE,3,Train,49.12029879171784
Random Forest depth6,heifer,price,3,MAE,4,Train,53.869251262691606
Random Forest depth6,heifer,price,3,MAE,5,Train,47.805422019472346
Random Forest depth6,heifer,price,3,MAE,1,Test,36.882433118767786
Random Forest depth6,heifer,price,3,MAE,2,Test,76.00824908541142
Random Forest depth6,heifer,price,3,MAE,3,Test,69.1481635939378
Random Forest depth6,heifer,price,3,MAE,4,Test,62.55959409391181
Random Forest depth6,heifer,price,3,MAE,5,Test,85.51989384847168
Random Forest depth6,heifer,price,3,MSE,1,Train,5567.74063407982
Random Forest depth6,heifer,price,3,MSE,2,Train,4557.500417117886
Random Forest depth6,heifer,price,3,MSE,3,Train,4314.601247046953
Random Forest depth6,heifer,price,3,MSE,4,Train,4887.821555233455
Random Forest depth6,heifer,price,3,MSE,5,Train,3893.2548842406018
Random Forest depth6,heifer,price,3,MSE,1,Test,1953.163896533795
Random Forest depth6,heifer,price,3,MSE,2,Test,11254.089355231215
Random Forest depth6,heifer,price,3,MSE,3,Test,7727.7624179579825
Random Forest depth6,heifer,price,3,MSE,4,Test,6508.542177684482
Random Forest depth6,heifer,price,3,MSE,5,Test,13099.080536084575
Random Forest depth6,cow,Total number of defects,3,MAE,1,Train,0.7069308659567012
Random Forest depth6,cow,Total number of defects,3,MAE,2,Train,0.6881127737465274
Random Forest depth6,cow,Total number of defects,3,MAE,3,Train,0.7171436233894066
Random Forest depth6,cow,Total number of defects,3,MAE,4,Train,0.738426583701618
Random Forest depth6,cow,Total number of defects,3,MAE,5,Train,0.6636209256677753
Random Forest depth6,cow,Total number of defects,3,MAE,1,Test,0.7479681365800211
Random Forest depth6,cow,Total number of defects,3,MAE,2,Test,0.818410096184724
Random Forest depth6,cow,Total number of defects,3,MAE,3,Test,0.691122818748508
Random Forest depth6,cow,Total number of defects,3,MAE,4,Test,0.5847346069362453
Random Forest depth6,cow,Total number of defects,3,MAE,5,Test,0.8160125961206413
Random Forest depth6,cow,Total number of defects,3,MSE,1,Train,0.8788912677914218
Random Forest depth6,cow,Total number of defects,3,MSE,2,Train,0.7575259221455743
Random Forest depth6,cow,Total number of defects,3,MSE,3,Train,0.8492123901630371
Random Forest depth6,cow,Total number of defects,3,MSE,4,Train,0.9361794805824646
Random Forest depth6,cow,Total number of defects,3,MSE,5,Train,0.779236604415851
Random Forest depth6,cow,Total number of defects,3,MSE,1,Test,0.776345650126075
Random Forest depth6,cow,Total number of defects,3,MSE,2,Test,1.2064177332621482
Random Forest depth6,cow,Total number of defects,3,MSE,3,Test,0.8290059544081623
Random Forest depth6,cow,Total number of defects,3,MSE,4,Test,0.47819698847477554
Random Forest depth6,cow,Total number of defects,3,MSE,5,Test,1.1584734061496569
Random Forest depth6,steer,Total number of defects,3,MAE,1,Train,0.303157919980117
Random Forest depth6,steer,Total number of defects,3,MAE,2,Train,0.3613808772983911
Random Forest depth6,steer,Total number of defects,3,MAE,3,Train,0.3412902506027416
Random Forest depth6,steer,Total number of defects,3,MAE,4,Train,0.33683523780488134
Random Forest depth6,steer,Total number of defects,3,MAE,5,Train,0.3039331134664799
Random Forest depth6,steer,Total number of defects,3,MAE,1,Test,0.39771342325804726
Random Forest depth6,steer,Total number of defects,3,MAE,2,Test,0.3108008791254802
Random Forest depth6,steer,Total number of defects,3,MAE,3,Test,0.3685398529245094
Random Forest depth6,steer,Total number of defects,3,MAE,4,Test,0.3863134793187576
Random Forest depth6,steer,Total number of defects,3,MAE,5,Test,0.40870842104388916
Random Forest depth6,steer,Total number of defects,3,MSE,1,Train,0.27320668340095905
Random Forest depth6,steer,Total number of defects,3,MSE,2,Train,0.32578236604126204
Random Forest depth6,steer,Total number of defects,3,MSE,3,Train,0.29954987137192735
Random Forest depth6,steer,Total number of defects,3,MSE,4,Train,0.28519435116485176
Random Forest depth6,steer,Total number of defects,3,MSE,5,Train,0.2867283840427766
Random Forest depth6,steer,Total number of defects,3,MSE,1,Test,0.44707177412745736
Random Forest depth6,steer,Total number of defects,3,MSE,2,Test,0.27528099396975325
Random Forest depth6,steer,Total number of defects,3,MSE,3,Test,0.3545538343853711
Random Forest depth6,steer,Total number of defects,3,MSE,4,Test,0.5633134739932733
Random Forest depth6,steer,Total number of defects,3,MSE,5,Test,0.4147422201802199
Random Forest depth6,heifer,Total number of defects,3,MAE,1,Train,0.5632037437097375
Random Forest depth6,heifer,Total number of defects,3,MAE,2,Train,0.4858091815100116
Random Forest depth6,heifer,Total number of defects,3,MAE,3,Train,0.5349955795104921
Random Forest depth6,heifer,Total number of defects,3,MAE,4,Train,0.43159088578745325
Random Forest depth6,heifer,Total number of defects,3,MAE,5,Train,0.5199220428980291
Random Forest depth6,heifer,Total number of defects,3,MAE,1,Test,0.39761588648140445
Random Forest depth6,heifer,Total number of defects,3,MAE,2,Test,0.6643225729822829
Random Forest depth6,heifer,Total number of defects,3,MAE,3,Test,0.460428267102769
Random Forest depth6,heifer,Total number of defects,3,MAE,4,Test,0.7889730918067867
Random Forest depth6,heifer,Total number of defects,3,MAE,5,Test,0.6802829822273274
Random Forest depth6,heifer,Total number of defects,3,MSE,1,Train,0.6626362471204699
Random Forest depth6,heifer,Total number of defects,3,MSE,2,Train,0.49920604258105883
Random Forest depth6,heifer,Total number of defects,3,MSE,3,Train,0.6388917700556574
Random Forest depth6,heifer,Total number of defects,3,MSE,4,Train,0.3864464717797165
Random Forest depth6,heifer,Total number of defects,3,MSE,5,Train,0.5772562799640184
Random Forest depth6,heifer,Total number of defects,3,MSE,1,Test,0.24898221058622755
Random Forest depth6,heifer,Total number of defects,3,MSE,2,Test,0.9763572771689563
Random Forest depth6,heifer,Total number of defects,3,MSE,3,Test,0.3418389293089841
Random Forest depth6,heifer,Total number of defects,3,MSE,4,Test,1.464002328827651
Random Forest depth6,heifer,Total number of defects,3,MSE,5,Test,0.6943473115389165
Random Forest depth6,cow,live weight,7,MAE,1,Train,45.72538954109993
Random Forest depth6,cow,live weight,7,MAE,2,Train,39.80135803233905
Random Forest depth6,cow,live weight,7,MAE,3,Train,46.071318569452544
Random Forest depth6,cow,live weight,7,MAE,4,Train,42.481752214234334
Random Forest depth6,cow,live weight,7,MAE,5,Train,52.84443822843576
Random Forest depth6,cow,live weight,7,MAE,1,Test,50.67752300386551
Random Forest depth6,cow,live weight,7,MAE,2,Test,69.47427549418438
Random Forest depth6,cow,live weight,7,MAE,3,Test,50.50397036943664
Random Forest depth6,cow,live weight,7,MAE,4,Test,57.98018293823298
Random Forest depth6,cow,live weight,7,MAE,5,Test,15.033266444040642
Random Forest depth6,cow,live weight,7,MSE,1,Train,3493.0382191207514
Random Forest depth6,cow,live weight,7,MSE,2,Train,2696.236247161724
Random Forest depth6,cow,live weight,7,MSE,3,Train,3604.3130302004015
Random Forest depth6,cow,live weight,7,MSE,4,Train,3186.5954150095026
Random Forest depth6,cow,live weight,7,MSE,5,Train,4291.26641250688
Random Forest depth6,cow,live weight,7,MSE,1,Test,4073.598629463264
Random Forest depth6,cow,live weight,7,MSE,2,Test,8025.288351226182
Random Forest depth6,cow,live weight,7,MSE,3,Test,3435.886987513039
Random Forest depth6,cow,live weight,7,MSE,4,Test,5032.3230560757565
Random Forest depth6,cow,live weight,7,MSE,5,Test,384.5617461677423
Random Forest depth6,steer,live weight,7,MAE,1,Train,28.10704458861489
Random Forest depth6,steer,live weight,7,MAE,2,Train,25.46146060702164
Random Forest depth6,steer,live weight,7,MAE,3,Train,28.671380578538724
Random Forest depth6,steer,live weight,7,MAE,4,Train,26.996971371377036
Random Forest depth6,steer,live weight,7,MAE,5,Train,28.222791427930698
Random Forest depth6,steer,live weight,7,MAE,1,Test,28.450661595853926
Random Forest depth6,steer,live weight,7,MAE,2,Test,36.68083397560109
Random Forest depth6,steer,live weight,7,MAE,3,Test,28.32233639686356
Random Forest depth6,steer,live weight,7,MAE,4,Test,32.54610424443856
Random Forest depth6,steer,live weight,7,MAE,5,Test,25.970273646891226
Random Forest depth6,steer,live weight,7,MSE,1,Train,1995.596019723701
Random Forest depth6,steer,live weight,7,MSE,2,Train,1116.2365654424857
Random Forest depth6,steer,live weight,7,MSE,3,Train,1924.024604492206
Random Forest depth6,steer,live weight,7,MSE,4,Train,1907.0478153146344
Random Forest depth6,steer,live weight,7,MSE,5,Train,2055.4329308975543
Random Forest depth6,steer,live weight,7,MSE,1,Test,1222.4953959168622
Random Forest depth6,steer,live weight,7,MSE,2,Test,4952.918818167639
Random Forest depth6,steer,live weight,7,MSE,3,Test,1677.905336811428
Random Forest depth6,steer,live weight,7,MSE,4,Test,1651.9149652462393
Random Forest depth6,steer,live weight,7,MSE,5,Test,1022.192893067901
Random Forest depth6,heifer,live weight,7,MAE,1,Train,17.153199199679708
Random Forest depth6,heifer,live weight,7,MAE,2,Train,15.779481017196838
Random Forest depth6,heifer,live weight,7,MAE,3,Train,15.531599324514461
Random Forest depth6,heifer,live weight,7,MAE,4,Train,16.119301086403514
Random Forest depth6,heifer,live weight,7,MAE,5,Train,13.961377196877871
Random Forest depth6,heifer,live weight,7,MAE,1,Test,13.021875047941302
Random Forest depth6,heifer,live weight,7,MAE,2,Test,22.371312650490605
Random Forest depth6,heifer,live weight,7,MAE,3,Test,18.00300902882813
Random Forest depth6,heifer,live weight,7,MAE,4,Test,17.29169331524587
Random Forest depth6,heifer,live weight,7,MAE,5,Test,26.498196391403187
Random Forest depth6,heifer,live weight,7,MSE,1,Train,495.1646521545348
Random Forest depth6,heifer,live weight,7,MSE,2,Train,421.94995992125484
Random Forest depth6,heifer,live weight,7,MSE,3,Train,428.89869527259526
Random Forest depth6,heifer,live weight,7,MSE,4,Train,455.1131575661052
Random Forest depth6,heifer,live weight,7,MSE,5,Train,333.4481551089501
Random Forest depth6,heifer,live weight,7,MSE,1,Test,353.512232385385
Random Forest depth6,heifer,live weight,7,MSE,2,Test,972.197645028625
Random Forest depth6,heifer,live weight,7,MSE,3,Test,606.045378742844
Random Forest depth6,heifer,live weight,7,MSE,4,Test,506.06819108754286
Random Forest depth6,heifer,live weight,7,MSE,5,Test,1205.2527313413411
Random Forest depth6,cow,carcass weight,7,MAE,1,Train,23.0428619201316
Random Forest depth6,cow,carcass weight,7,MAE,2,Train,20.92528257782072
Random Forest depth6,cow,carcass weight,7,MAE,3,Train,24.24043923658895
Random Forest depth6,cow,carcass weight,7,MAE,4,Train,22.07401117365165
Random Forest depth6,cow,carcass weight,7,MAE,5,Train,26.7734896783019
Random Forest depth6,cow,carcass weight,7,MAE,1,Test,28.19124808410074
Random Forest depth6,cow,carcass weight,7,MAE,2,Test,35.22306425241512
Random Forest depth6,cow,carcass weight,7,MAE,3,Test,22.29854903681669
Random Forest depth6,cow,carcass weight,7,MAE,4,Test,29.33550780519649
Random Forest depth6,cow,carcass weight,7,MAE,5,Test,10.452990895767897
Random Forest depth6,cow,carcass weight,7,MSE,1,Train,830.9617689871601
Random Forest depth6,cow,carcass weight,7,MSE,2,Train,750.1507822500699
Random Forest depth6,cow,carcass weight,7,MSE,3,Train,1028.2054843551018
Random Forest depth6,cow,carcass weight,7,MSE,4,Train,911.6962547964378
Random Forest depth6,cow,carcass weight,7,MSE,5,Train,1148.6375899927752
Random Forest depth6,cow,carcass weight,7,MSE,1,Test,1547.2217168927464
Random Forest depth6,cow,carcass weight,7,MSE,2,Test,2043.5247721256997
Random Forest depth6,cow,carcass weight,7,MSE,3,Test,691.1175859331223
Random Forest depth6,cow,carcass weight,7,MSE,4,Test,1145.1775395295927
Random Forest depth6,cow,carcass weight,7,MSE,5,Test,155.55413106687516
Random Forest depth6,steer,carcass weight,7,MAE,1,Train,14.224850655173617
Random Forest depth6,steer,carcass weight,7,MAE,2,Train,13.60167789989879
Random Forest depth6,steer,carcass weight,7,MAE,3,Train,14.188035811645422
Random Forest depth6,steer,carcass weight,7,MAE,4,Train,13.241760564599737
Random Forest depth6,steer,carcass weight,7,MAE,5,Train,13.72937967874883
Random Forest depth6,steer,carcass weight,7,MAE,1,Test,13.083425083695092
Random Forest depth6,steer,carcass weight,7,MAE,2,Test,16.084412805167695
Random Forest depth6,steer,carcass weight,7,MAE,3,Test,13.501907814898146
Random Forest depth6,steer,carcass weight,7,MAE,4,Test,17.482719577306923
Random Forest depth6,steer,carcass weight,7,MAE,5,Test,15.848864683711387
Random Forest depth6,steer,carcass weight,7,MSE,1,Train,344.03754215290144
Random Forest depth6,steer,carcass weight,7,MSE,2,Train,316.5644772949141
Random Forest depth6,steer,carcass weight,7,MSE,3,Train,338.6633378272361
Random Forest depth6,steer,carcass weight,7,MSE,4,Train,291.6093476557999
Random Forest depth6,steer,carcass weight,7,MSE,5,Train,325.50547613845094
Random Forest depth6,steer,carcass weight,7,MSE,1,Test,285.00759993362004
Random Forest depth6,steer,carcass weight,7,MSE,2,Test,421.7640596023289
Random Forest depth6,steer,carcass weight,7,MSE,3,Test,324.6971281093821
Random Forest depth6,steer,carcass weight,7,MSE,4,Test,531.7972385724293
Random Forest depth6,steer,carcass weight,7,MSE,5,Test,382.76288077083046
Random Forest depth6,heifer,carcass weight,7,MAE,1,Train,10.234559949273226
Random Forest depth6,heifer,carcass weight,7,MAE,2,Train,9.100901204709873
Random Forest depth6,heifer,carcass weight,7,MAE,3,Train,8.732924014126985
Random Forest depth6,heifer,carcass weight,7,MAE,4,Train,9.638842444279042
Random Forest depth6,heifer,carcass weight,7,MAE,5,Train,8.446869980759896
Random Forest depth6,heifer,carcass weight,7,MAE,1,Test,6.602174964411205
Random Forest depth6,heifer,carcass weight,7,MAE,2,Test,13.556493855226387
Random Forest depth6,heifer,carcass weight,7,MAE,3,Test,12.211200788787364
Random Forest depth6,heifer,carcass weight,7,MAE,4,Test,9.992713602881741
Random Forest depth6,heifer,carcass weight,7,MAE,5,Test,15.246610150595481
Random Forest depth6,heifer,carcass weight,7,MSE,1,Train,175.79373004953538
Random Forest depth6,heifer,carcass weight,7,MSE,2,Train,143.57413689173725
Random Forest depth6,heifer,carcass weight,7,MSE,3,Train,136.2331289438419
Random Forest depth6,heifer,carcass weight,7,MSE,4,Train,156.25574511821912
Random Forest depth6,heifer,carcass weight,7,MSE,5,Train,121.86059529178503
Random Forest depth6,heifer,carcass weight,7,MSE,1,Test,63.09852321722401
Random Forest depth6,heifer,carcass weight,7,MSE,2,Test,356.51550749931454
Random Forest depth6,heifer,carcass weight,7,MSE,3,Test,244.9903502090956
Random Forest depth6,heifer,carcass weight,7,MSE,4,Test,169.51297068243457
Random Forest depth6,heifer,carcass weight,7,MSE,5,Test,415.9305070678495
Random Forest depth6,cow,price,7,MAE,1,Train,81.92518459107389
Random Forest depth6,cow,price,7,MAE,2,Train,75.67788445082165
Random Forest depth6,cow,price,7,MAE,3,Train,86.82842150049173
Random Forest depth6,cow,price,7,MAE,4,Train,79.64219671409624
Random Forest depth6,cow,price,7,MAE,5,Train,95.96244894688374
Random Forest depth6,cow,price,7,MAE,1,Test,103.9170980165803
Random Forest depth6,cow,price,7,MAE,2,Test,122.87042383248985
Random Forest depth6,cow,price,7,MAE,3,Test,76.82500611406975
Random Forest depth6,cow,price,7,MAE,4,Test,103.88395086667998
Random Forest depth6,cow,price,7,MAE,5,Test,37.37351847926308
Random Forest depth6,cow,price,7,MSE,1,Train,10150.270786506537
Random Forest depth6,cow,price,7,MSE,2,Train,9565.332184592356
Random Forest depth6,cow,price,7,MSE,3,Train,12666.914354995237
Random Forest depth6,cow,price,7,MSE,4,Train,11159.955065722963
Random Forest depth6,cow,price,7,MSE,5,Train,14162.288316055992
Random Forest depth6,cow,price,7,MSE,1,Test,19526.555283481117
Random Forest depth6,cow,price,7,MSE,2,Test,23652.50898728301
Random Forest depth6,cow,price,7,MSE,3,Test,8439.0003670305
Random Forest depth6,cow,price,7,MSE,4,Test,14519.757426931006
Random Forest depth6,cow,price,7,MSE,5,Test,1973.7674431116207
Random Forest depth6,steer,price,7,MAE,1,Train,83.98365789440943
Random Forest depth6,steer,price,7,MAE,2,Train,80.29637681191538
Random Forest depth6,steer,price,7,MAE,3,Train,83.78695898913024
Random Forest depth6,steer,price,7,MAE,4,Train,78.16695671218099
Random Forest depth6,steer,price,7,MAE,5,Train,80.99363748302747
Random Forest depth6,steer,price,7,MAE,1,Test,77.19938162509196
Random Forest depth6,steer,price,7,MAE,2,Test,95.04514564969885
Random Forest depth6,steer,price,7,MAE,3,Test,79.69973769599433
Random Forest depth6,steer,price,7,MAE,4,Test,103.25872092208485
Random Forest depth6,steer,price,7,MAE,5,Test,93.63243814803698
Random Forest depth6,steer,price,7,MSE,1,Train,11977.05528988027
Random Forest depth6,steer,price,7,MSE,2,Train,11021.545741431735
Random Forest depth6,steer,price,7,MSE,3,Train,11790.340142440244
Random Forest depth6,steer,price,7,MSE,4,Train,10150.473418978912
Random Forest depth6,steer,price,7,MSE,5,Train,11330.416564631996
Random Forest depth6,steer,price,7,MSE,1,Test,9926.964398273434
Random Forest depth6,steer,price,7,MSE,2,Test,14691.338981097195
Random Forest depth6,steer,price,7,MSE,3,Test,11316.72881424777
Random Forest depth6,steer,price,7,MSE,4,Test,18496.042461365156
Random Forest depth6,steer,price,7,MSE,5,Test,13331.655090695876
Random Forest depth6,heifer,price,7,MAE,1,Train,57.764526730517424
Random Forest depth6,heifer,price,7,MAE,2,Train,51.43215402382025
Random Forest depth6,heifer,price,7,MAE,3,Train,49.169829168328256
Random Forest depth6,heifer,price,7,MAE,4,Train,53.95813826619394
Random Forest depth6,heifer,price,7,MAE,5,Train,47.845450668226775
Random Forest depth6,heifer,price,7,MAE,1,Test,36.86222955034512
Random Forest depth6,heifer,price,7,MAE,2,Test,76.09566599012729
Random Forest depth6,heifer,price,7,MAE,3,Test,69.4783723050768
Random Forest depth6,heifer,price,7,MAE,4,Test,63.029193545666125
Random Forest depth6,heifer,price,7,MAE,5,Test,85.48055227344416
Random Forest depth6,heifer,price,7,MSE,1,Train,5572.639034529667
Random Forest depth6,heifer,price,7,MSE,2,Train,4557.661090859131
Random Forest depth6,heifer,price,7,MSE,3,Train,4307.1942090019065
Random Forest depth6,heifer,price,7,MSE,4,Train,4899.73928603005
Random Forest depth6,heifer,price,7,MSE,5,Train,3891.2326636803978
Random Forest depth6,heifer,price,7,MSE,1,Test,1955.300999402513
Random Forest depth6,heifer,price,7,MSE,2,Test,11313.988560989435
Random Forest depth6,heifer,price,7,MSE,3,Test,7776.079836089249
Random Forest depth6,heifer,price,7,MSE,4,Test,6623.983365284809
Random Forest depth6,heifer,price,7,MSE,5,Test,13085.85627203306
Random Forest depth6,cow,Total number of defects,7,MAE,1,Train,0.7069308659567013
Random Forest depth6,cow,Total number of defects,7,MAE,2,Train,0.6881127737465274
Random Forest depth6,cow,Total number of defects,7,MAE,3,Train,0.7171436233894066
Random Forest depth6,cow,Total number of defects,7,MAE,4,Train,0.738426583701618
Random Forest depth6,cow,Total number of defects,7,MAE,5,Train,0.6636209256677753
Random Forest depth6,cow,Total number of defects,7,MAE,1,Test,0.7479681365800213
Random Forest depth6,cow,Total number of defects,7,MAE,2,Test,0.8184100961847239
Random Forest depth6,cow,Total number of defects,7,MAE,3,Test,0.691122818748508
Random Forest depth6,cow,Total number of defects,7,MAE,4,Test,0.5847346069362453
Random Forest depth6,cow,Total number of defects,7,MAE,5,Test,0.8160125961206414
Random Forest depth6,cow,Total number of defects,7,MSE,1,Train,0.8788912677914219
Random Forest depth6,cow,Total number of defects,7,MSE,2,Train,0.7575259221455742
Random Forest depth6,cow,Total number of defects,7,MSE,3,Train,0.8492123901630373
Random Forest depth6,cow,Total number of defects,7,MSE,4,Train,0.9361794805824646
Random Forest depth6,cow,Total number of defects,7,MSE,5,Train,0.779236604415851
Random Forest depth6,cow,Total number of defects,7,MSE,1,Test,0.776345650126075
Random Forest depth6,cow,Total number of defects,7,MSE,2,Test,1.2064177332621482
Random Forest depth6,cow,Total number of defects,7,MSE,3,Test,0.8290059544081623
Random Forest depth6,cow,Total number of defects,7,MSE,4,Test,0.47819698847477554
Random Forest depth6,cow,Total number of defects,7,MSE,5,Test,1.1584734061496569
Random Forest depth6,steer,Total number of defects,7,MAE,1,Train,0.30232293221262807
Random Forest depth6,steer,Total number of defects,7,MAE,2,Train,0.36036226630728024
Random Forest depth6,steer,Total number of defects,7,MAE,3,Train,0.34073939759974475
Random Forest depth6,steer,Total number of defects,7,MAE,4,Train,0.33581349133124244
Random Forest depth6,steer,Total number of defects,7,MAE,5,Train,0.3031608480797995
Random Forest depth6,steer,Total number of defects,7,MAE,1,Test,0.3973686265366647
Random Forest depth6,steer,Total number of defects,7,MAE,2,Test,0.31102162954813434
Random Forest depth6,steer,Total number of defects,7,MAE,3,Test,0.36948989690722145
Random Forest depth6,steer,Total number of defects,7,MAE,4,Test,0.38646071846109503
Random Forest depth6,steer,Total number of defects,7,MAE,5,Test,0.40641509245388885
Random Forest depth6,steer,Total number of defects,7,MSE,1,Train,0.27251262379675834
Random Forest depth6,steer,Total number of defects,7,MSE,2,Train,0.32560042111140347
Random Forest depth6,steer,Total number of defects,7,MSE,3,Train,0.299376643929569
Random Forest depth6,steer,Total number of defects,7,MSE,4,Train,0.2850053719070828
Random Forest depth6,steer,Total number of defects,7,MSE,5,Train,0.28649040665648384
Random Forest depth6,steer,Total number of defects,7,MSE,1,Test,0.4487567212374619
Random Forest depth6,steer,Total number of defects,7,MSE,2,Test,0.2797910221912721
Random Forest depth6,steer,Total number of defects,7,MSE,3,Test,0.35574141221677497
Random Forest depth6,steer,Total number of defects,7,MSE,4,Test,0.5668762878175179
Random Forest depth6,steer,Total number of defects,7,MSE,5,Test,0.4117622659997543
Random Forest depth6,heifer,Total number of defects,7,MAE,1,Train,0.5633151504807964
Random Forest depth6,heifer,Total number of defects,7,MAE,2,Train,0.48589689551311965
Random Forest depth6,heifer,Total number of defects,7,MAE,3,Train,0.5348620292534999
Random Forest depth6,heifer,Total number of defects,7,MAE,4,Train,0.431588043013691
Random Forest depth6,heifer,Total number of defects,7,MAE,5,Train,0.5196542260444356
Random Forest depth6,heifer,Total number of defects,7,MAE,1,Test,0.39743328420826435
Random Forest depth6,heifer,Total number of defects,7,MAE,2,Test,0.6650497566942326
Random Forest depth6,heifer,Total number of defects,7,MAE,3,Test,0.46037844213553675
Random Forest depth6,heifer,Total number of defects,7,MAE,4,Test,0.7889144759935994
Random Forest depth6,heifer,Total number of defects,7,MAE,5,Test,0.6805828304439469
Random Forest depth6,heifer,Total number of defects,7,MSE,1,Train,0.6626966493858224
Random Forest depth6,heifer,Total number of defects,7,MSE,2,Train,0.499280214662384
Random Forest depth6,heifer,Total number of defects,7,MSE,3,Train,0.6388474556266248
Random Forest depth6,heifer,Total number of defects,7,MSE,4,Train,0.3864143857352928
Random Forest depth6,heifer,Total number of defects,7,MSE,5,Train,0.5771077649815857
Random Forest depth6,heifer,Total number of defects,7,MSE,1,Test,0.24881515752635225
Random Forest depth6,heifer,Total number of defects,7,MSE,2,Test,0.9775438242784016
Random Forest depth6,heifer,Total number of defects,7,MSE,3,Test,0.3419113694115243
Random Forest depth6,heifer,Total number of defects,7,MSE,4,Test,1.4624504220126522
Random Forest depth6,heifer,Total number of defects,7,MSE,5,Test,0.6949091621553564
Random Forest depth6,cow,live weight,14,MAE,1,Train,45.72538954109997
Random Forest depth6,cow,live weight,14,MAE,2,Train,39.80135803233905
Random Forest depth6,cow,live weight,14,MAE,3,Train,46.071318569452515
Random Forest depth6,cow,live weight,14,MAE,4,Train,42.48175221423435
Random Forest depth6,cow,live weight,14,MAE,5,Train,52.84443822843576
Random Forest depth6,cow,live weight,14,MAE,1,Test,50.677523003865566
Random Forest depth6,cow,live weight,14,MAE,2,Test,69.47427549418438
Random Forest depth6,cow,live weight,14,MAE,3,Test,50.503970369436644
Random Forest depth6,cow,live weight,14,MAE,4,Test,57.980182938233014
Random Forest depth6,cow,live weight,14,MAE,5,Test,15.033266444040692
Random Forest depth6,cow,live weight,14,MSE,1,Train,3493.0382191207514
Random Forest depth6,cow,live weight,14,MSE,2,Train,2696.236247161724
Random Forest depth6,cow,live weight,14,MSE,3,Train,3604.3130302004015
Random Forest depth6,cow,live weight,14,MSE,4,Train,3186.595415009502
Random Forest depth6,cow,live weight,14,MSE,5,Train,4291.266412506882
Random Forest depth6,cow,live weight,14,MSE,1,Test,4073.5986294632726
Random Forest depth6,cow,live weight,14,MSE,2,Test,8025.288351226182
Random Forest depth6,cow,live weight,14,MSE,3,Test,3435.8869875130376
Random Forest depth6,cow,live weight,14,MSE,4,Test,5032.323056075759
Random Forest depth6,cow,live weight,14,MSE,5,Test,384.56174616774484
Random Forest depth6,steer,live weight,14,MAE,1,Train,28.105204912854294
Random Forest depth6,steer,live weight,14,MAE,2,Train,25.453664074792375
Random Forest depth6,steer,live weight,14,MAE,3,Train,28.691036779889483
Random Forest depth6,steer,live weight,14,MAE,4,Train,27.01278966360869
Random Forest depth6,steer,live weight,14,MAE,5,Train,28.22775384210214
Random Forest depth6,steer,live weight,14,MAE,1,Test,28.510524489326
Random Forest depth6,steer,live weight,14,MAE,2,Test,36.64515693146513
Random Forest depth6,steer,live weight,14,MAE,3,Test,28.405998179260383
Random Forest depth6,steer,live weight,14,MAE,4,Test,32.573400410460216
Random Forest depth6,steer,live weight,14,MAE,5,Test,26.005800857938862
Random Forest depth6,steer,live weight,14,MSE,1,Train,1995.808301865854
Random Forest depth6,steer,live weight,14,MSE,2,Train,1116.1639019958932
Random Forest depth6,steer,live weight,14,MSE,3,Train,1924.7583144261416
Random Forest depth6,steer,live weight,14,MSE,4,Train,1907.975017057798
Random Forest depth6,steer,live weight,14,MSE,5,Train,2055.4484478104123
Random Forest depth6,steer,live weight,14,MSE,1,Test,1224.3743509779447
Random Forest depth6,steer,live weight,14,MSE,2,Test,4947.543252080328
Random Forest depth6,steer,live weight,14,MSE,3,Test,1680.8528831397791
Random Forest depth6,steer,live weight,14,MSE,4,Test,1654.6027733478788
Random Forest depth6,steer,live weight,14,MSE,5,Test,1023.0237753430158
Random Forest depth6,heifer,live weight,14,MAE,1,Train,17.145279186960476
Random Forest depth6,heifer,live weight,14,MAE,2,Train,15.781343638252773
Random Forest depth6,heifer,live weight,14,MAE,3,Train,15.534643608392274
Random Forest depth6,heifer,live weight,14,MAE,4,Train,16.1306817567236
Random Forest depth6,heifer,live weight,14,MAE,5,Train,13.960016514108256
Random Forest depth6,heifer,live weight,14,MAE,1,Test,13.051806962227033
Random Forest depth6,heifer,live weight,14,MAE,2,Test,22.382267709214474
Random Forest depth6,heifer,live weight,14,MAE,3,Test,18.001059518405246
Random Forest depth6,heifer,live weight,14,MAE,4,Test,17.225307465692318
Random Forest depth6,heifer,live weight,14,MAE,5,Test,26.498774863625453
Random Forest depth6,heifer,live weight,14,MSE,1,Train,494.98148465632164
Random Forest depth6,heifer,live weight,14,MSE,2,Train,421.92933967924375
Random Forest depth6,heifer,live weight,14,MSE,3,Train,428.9288920845306
Random Forest depth6,heifer,live weight,14,MSE,4,Train,455.4426641918427
Random Forest depth6,heifer,live weight,14,MSE,5,Train,333.35730717767257
Random Forest depth6,heifer,live weight,14,MSE,1,Test,358.8721086655931
Random Forest depth6,heifer,live weight,14,MSE,2,Test,972.7302023940716
Random Forest depth6,heifer,live weight,14,MSE,3,Test,607.166721552071
Random Forest depth6,heifer,live weight,14,MSE,4,Test,505.35458569885105
Random Forest depth6,heifer,live weight,14,MSE,5,Test,1204.892115065757
Random Forest depth6,cow,carcass weight,14,MAE,1,Train,23.042861920131585
Random Forest depth6,cow,carcass weight,14,MAE,2,Train,20.925282577820717
Random Forest depth6,cow,carcass weight,14,MAE,3,Train,24.24043923658895
Random Forest depth6,cow,carcass weight,14,MAE,4,Train,22.074011173651648
Random Forest depth6,cow,carcass weight,14,MAE,5,Train,26.773489678301903
Random Forest depth6,cow,carcass weight,14,MAE,1,Test,28.191248084100742
Random Forest depth6,cow,carcass weight,14,MAE,2,Test,35.223064252415135
Random Forest depth6,cow,carcass weight,14,MAE,3,Test,22.29854903681671
Random Forest depth6,cow,carcass weight,14,MAE,4,Test,29.335507805196485
Random Forest depth6,cow,carcass weight,14,MAE,5,Test,10.452990895767932
Random Forest depth6,cow,carcass weight,14,MSE,1,Train,830.9617689871601
Random Forest depth6,cow,carcass weight,14,MSE,2,Train,750.1507822500698
Random Forest depth6,cow,carcass weight,14,MSE,3,Train,1028.2054843551018
Random Forest depth6,cow,carcass weight,14,MSE,4,Train,911.696254796438
Random Forest depth6,cow,carcass weight,14,MSE,5,Train,1148.6375899927752
Random Forest depth6,cow,carcass weight,14,MSE,1,Test,1547.2217168927489
Random Forest depth6,cow,carcass weight,14,MSE,2,Test,2043.5247721257017
Random Forest depth6,cow,carcass weight,14,MSE,3,Test,691.1175859331239
Random Forest depth6,cow,carcass weight,14,MSE,4,Test,1145.1775395295915
Random Forest depth6,cow,carcass weight,14,MSE,5,Test,155.55413106687567
Random Forest depth6,steer,carcass weight,14,MAE,1,Train,14.218222197327988
Random Forest depth6,steer,carcass weight,14,MAE,2,Train,13.604693357046978
Random Forest depth6,steer,carcass weight,14,MAE,3,Train,14.185455534040784
Random Forest depth6,steer,carcass weight,14,MAE,4,Train,13.242732005962203
Random Forest depth6,steer,carcass weight,14,MAE,5,Train,13.722910466093941
Random Forest depth6,steer,carcass weight,14,MAE,1,Test,13.067816876888715
Random Forest depth6,steer,carcass weight,14,MAE,2,Test,16.078194304664084
Random Forest depth6,steer,carcass weight,14,MAE,3,Test,13.506342596299605
Random Forest depth6,steer,carcass weight,14,MAE,4,Test,17.483158460849243
Random Forest depth6,steer,carcass weight,14,MAE,5,Test,15.852492631587472
Random Forest depth6,steer,carcass weight,14,MSE,1,Train,343.8832764969679
Random Forest depth6,steer,carcass weight,14,MSE,2,Train,316.44275324621816
Random Forest depth6,steer,carcass weight,14,MSE,3,Train,338.5656994369775
Random Forest depth6,steer,carcass weight,14,MSE,4,Train,291.61757436527125
Random Forest depth6,steer,carcass weight,14,MSE,5,Train,325.3633071559483
Random Forest depth6,steer,carcass weight,14,MSE,1,Test,284.2128532468096
Random Forest depth6,steer,carcass weight,14,MSE,2,Test,421.72108428014815
Random Forest depth6,steer,carcass weight,14,MSE,3,Test,324.6672707732087
Random Forest depth6,steer,carcass weight,14,MSE,4,Test,531.6800812229059
Random Forest depth6,steer,carcass weight,14,MSE,5,Test,383.384697214313
Random Forest depth6,heifer,carcass weight,14,MAE,1,Train,10.208263577353648
Random Forest depth6,heifer,carcass weight,14,MAE,2,Train,9.105000190775351
Random Forest depth6,heifer,carcass weight,14,MAE,3,Train,8.735357675893423
Random Forest depth6,heifer,carcass weight,14,MAE,4,Train,9.623226494855794
Random Forest depth6,heifer,carcass weight,14,MAE,5,Train,8.4450885896121
Random Forest depth6,heifer,carcass weight,14,MAE,1,Test,6.637558323371095
Random Forest depth6,heifer,carcass weight,14,MAE,2,Test,13.568687900085047
Random Forest depth6,heifer,carcass weight,14,MAE,3,Test,12.232039699876253
Random Forest depth6,heifer,carcass weight,14,MAE,4,Test,10.00314105823888
Random Forest depth6,heifer,carcass weight,14,MAE,5,Test,15.245315773173404
Random Forest depth6,heifer,carcass weight,14,MSE,1,Train,175.46619813152319
Random Forest depth6,heifer,carcass weight,14,MSE,2,Train,143.58152239736037
Random Forest depth6,heifer,carcass weight,14,MSE,3,Train,136.32067794992648
Random Forest depth6,heifer,carcass weight,14,MSE,4,Train,155.8023160981404
Random Forest depth6,heifer,carcass weight,14,MSE,5,Train,121.74002515078496
Random Forest depth6,heifer,carcass weight,14,MSE,1,Test,64.09287968922939
Random Forest depth6,heifer,carcass weight,14,MSE,2,Test,356.91704718738197
Random Forest depth6,heifer,carcass weight,14,MSE,3,Test,245.37131460663136
Random Forest depth6,heifer,carcass weight,14,MSE,4,Test,168.95143550653424
Random Forest depth6,heifer,carcass weight,14,MSE,5,Test,415.8894528277204
Random Forest depth6,cow,price,14,MAE,1,Train,81.9251845910739
Random Forest depth6,cow,price,14,MAE,2,Train,75.67788445082165
Random Forest depth6,cow,price,14,MAE,3,Train,86.82842150049177
Random Forest depth6,cow,price,14,MAE,4,Train,79.64219671409629
Random Forest depth6,cow,price,14,MAE,5,Train,95.96244894688375
Random Forest depth6,cow,price,14,MAE,1,Test,103.9170980165803
Random Forest depth6,cow,price,14,MAE,2,Test,122.87042383248985
Random Forest depth6,cow,price,14,MAE,3,Test,76.82500611406975
Random Forest depth6,cow,price,14,MAE,4,Test,103.88395086667997
Random Forest depth6,cow,price,14,MAE,5,Test,37.373518479263
Random Forest depth6,cow,price,14,MSE,1,Train,10150.270786506539
Random Forest depth6,cow,price,14,MSE,2,Train,9565.332184592356
Random Forest depth6,cow,price,14,MSE,3,Train,12666.914354995237
Random Forest depth6,cow,price,14,MSE,4,Train,11159.955065722961
Random Forest depth6,cow,price,14,MSE,5,Train,14162.28831605599
Random Forest depth6,cow,price,14,MSE,1,Test,19526.555283481106
Random Forest depth6,cow,price,14,MSE,2,Test,23652.508987283003
Random Forest depth6,cow,price,14,MSE,3,Test,8439.000367030496
Random Forest depth6,cow,price,14,MSE,4,Test,14519.757426931003
Random Forest depth6,cow,price,14,MSE,5,Test,1973.7674431116118
Random Forest depth6,steer,price,14,MAE,1,Train,83.93954905765176
Random Forest depth6,steer,price,14,MAE,2,Train,80.27982188301705
Random Forest depth6,steer,price,14,MAE,3,Train,83.77333643358038
Random Forest depth6,steer,price,14,MAE,4,Train,78.1636942481062
Random Forest depth6,steer,price,14,MAE,5,Train,80.98058542114751
Random Forest depth6,steer,price,14,MAE,1,Test,77.13383013599741
Random Forest depth6,steer,price,14,MAE,2,Test,95.00094769642526
Random Forest depth6,steer,price,14,MAE,3,Test,79.8113102471921
Random Forest depth6,steer,price,14,MAE,4,Test,103.23401104505102
Random Forest depth6,steer,price,14,MAE,5,Test,93.65396768703613
Random Forest depth6,steer,price,14,MSE,1,Train,11970.943505278712
Random Forest depth6,steer,price,14,MSE,2,Train,11016.209532507613
Random Forest depth6,steer,price,14,MSE,3,Train,11787.313301371381
Random Forest depth6,steer,price,14,MSE,4,Train,10149.607213755862
Random Forest depth6,steer,price,14,MSE,5,Train,11326.968077077847
Random Forest depth6,steer,price,14,MSE,1,Test,9907.04732042072
Random Forest depth6,steer,price,14,MSE,2,Test,14680.32751145033
Random Forest depth6,steer,price,14,MSE,3,Test,11323.42789185645
Random Forest depth6,steer,price,14,MSE,4,Test,18495.18546759463
Random Forest depth6,steer,price,14,MSE,5,Test,13328.163081310593
Random Forest depth6,heifer,price,14,MAE,1,Train,57.76044266155829
Random Forest depth6,heifer,price,14,MAE,2,Train,51.42844170775716
Random Forest depth6,heifer,price,14,MAE,3,Train,49.17397231636352
Random Forest depth6,heifer,price,14,MAE,4,Train,53.88955580708995
Random Forest depth6,heifer,price,14,MAE,5,Train,47.83183963896314
Random Forest depth6,heifer,price,14,MAE,1,Test,36.94949300021615
Random Forest depth6,heifer,price,14,MAE,2,Test,76.12528321959196
Random Forest depth6,heifer,price,14,MAE,3,Test,69.02503405548826
Random Forest depth6,heifer,price,14,MAE,4,Test,62.598790767888374
Random Forest depth6,heifer,price,14,MAE,5,Test,85.46040602550347
Random Forest depth6,heifer,price,14,MSE,1,Train,5572.8576412568345
Random Forest depth6,heifer,price,14,MSE,2,Train,4556.516603951814
Random Forest depth6,heifer,price,14,MSE,3,Train,4315.094658435207
Random Forest depth6,heifer,price,14,MSE,4,Train,4889.651448328637
Random Forest depth6,heifer,price,14,MSE,5,Train,3889.523148810062
Random Forest depth6,heifer,price,14,MSE,1,Test,1965.872370418979
Random Forest depth6,heifer,price,14,MSE,2,Test,11336.470489442483
Random Forest depth6,heifer,price,14,MSE,3,Test,7732.1619559247265
Random Forest depth6,heifer,price,14,MSE,4,Test,6514.010745952954
Random Forest depth6,heifer,price,14,MSE,5,Test,13079.664555641533
Random Forest depth6,cow,Total number of defects,14,MAE,1,Train,0.7069308659567012
Random Forest depth6,cow,Total number of defects,14,MAE,2,Train,0.6881127737465274
Random Forest depth6,cow,Total number of defects,14,MAE,3,Train,0.7171436233894066
Random Forest depth6,cow,Total number of defects,14,MAE,4,Train,0.738426583701618
Random Forest depth6,cow,Total number of defects,14,MAE,5,Train,0.6636209256677752
Random Forest depth6,cow,Total number of defects,14,MAE,1,Test,0.747968136580021
Random Forest depth6,cow,Total number of defects,14,MAE,2,Test,0.818410096184724
Random Forest depth6,cow,Total number of defects,14,MAE,3,Test,0.691122818748508
Random Forest depth6,cow,Total number of defects,14,MAE,4,Test,0.5847346069362453
Random Forest depth6,cow,Total number of defects,14,MAE,5,Test,0.8160125961206413
Random Forest depth6,cow,Total number of defects,14,MSE,1,Train,0.8788912677914218
Random Forest depth6,cow,Total number of defects,14,MSE,2,Train,0.7575259221455743
Random Forest depth6,cow,Total number of defects,14,MSE,3,Train,0.8492123901630371
Random Forest depth6,cow,Total number of defects,14,MSE,4,Train,0.9361794805824646
Random Forest depth6,cow,Total number of defects,14,MSE,5,Train,0.779236604415851
Random Forest depth6,cow,Total number of defects,14,MSE,1,Test,0.7763456501260749
Random Forest depth6,cow,Total number of defects,14,MSE,2,Test,1.2064177332621482
Random Forest depth6,cow,Total number of defects,14,MSE,3,Test,0.8290059544081623
Random Forest depth6,cow,Total number of defects,14,MSE,4,Test,0.47819698847477554
Random Forest depth6,cow,Total number of defects,14,MSE,5,Test,1.1584734061496567
Random Forest depth6,steer,Total number of defects,14,MAE,1,Train,0.30245109348982685
Random Forest depth6,steer,Total number of defects,14,MAE,2,Train,0.35999166072820016
Random Forest depth6,steer,Total number of defects,14,MAE,3,Train,0.3405718447350653
Random Forest depth6,steer,Total number of defects,14,MAE,4,Train,0.33554688117415316
Random Forest depth6,steer,Total number of defects,14,MAE,5,Train,0.30344515915348585
Random Forest depth6,steer,Total number of defects,14,MAE,1,Test,0.3975765364467375
Random Forest depth6,steer,Total number of defects,14,MAE,2,Test,0.30794449225629034
Random Forest depth6,steer,Total number of defects,14,MAE,3,Test,0.36951209954526854
Random Forest depth6,steer,Total number of defects,14,MAE,4,Test,0.38597748496743833
Random Forest depth6,steer,Total number of defects,14,MAE,5,Test,0.4071764512797587
Random Forest depth6,steer,Total number of defects,14,MSE,1,Train,0.272703689625552
Random Forest depth6,steer,Total number of defects,14,MSE,2,Train,0.3255232999898236
Random Forest depth6,steer,Total number of defects,14,MSE,3,Train,0.2987444036617851
Random Forest depth6,steer,Total number of defects,14,MSE,4,Train,0.28495456671253
Random Forest depth6,steer,Total number of defects,14,MSE,5,Train,0.28634450083675816
Random Forest depth6,steer,Total number of defects,14,MSE,1,Test,0.4461471662771612
Random Forest depth6,steer,Total number of defects,14,MSE,2,Test,0.2707949462766776
Random Forest depth6,steer,Total number of defects,14,MSE,3,Test,0.35607056466110165
Random Forest depth6,steer,Total number of defects,14,MSE,4,Test,0.5663734249451173
Random Forest depth6,steer,Total number of defects,14,MSE,5,Test,0.4127685899016675
Random Forest depth6,heifer,Total number of defects,14,MAE,1,Train,0.5633114778838492
Random Forest depth6,heifer,Total number of defects,14,MAE,2,Train,0.486008096019914
Random Forest depth6,heifer,Total number of defects,14,MAE,3,Train,0.5349907152475921
Random Forest depth6,heifer,Total number of defects,14,MAE,4,Train,0.4313608124004783
Random Forest depth6,heifer,Total number of defects,14,MAE,5,Train,0.5197000522424096
Random Forest depth6,heifer,Total number of defects,14,MAE,1,Test,0.3967434275304154
Random Forest depth6,heifer,Total number of defects,14,MAE,2,Test,0.6643378698847917
Random Forest depth6,heifer,Total number of defects,14,MAE,3,Test,0.4605910969276059
Random Forest depth6,heifer,Total number of defects,14,MAE,4,Test,0.7889268200806718
Random Forest depth6,heifer,Total number of defects,14,MAE,5,Test,0.6805219423260734
Random Forest depth6,heifer,Total number of defects,14,MSE,1,Train,0.6627137940335784
Random Forest depth6,heifer,Total number of defects,14,MSE,2,Train,0.4993699723702365
Random Forest depth6,heifer,Total number of defects,14,MSE,3,Train,0.6388550934240078
Random Forest depth6,heifer,Total number of defects,14,MSE,4,Train,0.3864418976943926
Random Forest depth6,heifer,Total number of defects,14,MSE,5,Train,0.5771552997937538
Random Forest depth6,heifer,Total number of defects,14,MSE,1,Test,0.24800110915754606
Random Forest depth6,heifer,Total number of defects,14,MSE,2,Test,0.9769764238896225
Random Forest depth6,heifer,Total number of defects,14,MSE,3,Test,0.3421241728738524
Random Forest depth6,heifer,Total number of defects,14,MSE,4,Test,1.4641279445337567
Random Forest depth6,heifer,Total number of defects,14,MSE,5,Test,0.6948162489329676
Random Forest depth6,cow,live weight,90,MAE,1,Train,45.72538954109996
Random Forest depth6,cow,live weight,90,MAE,2,Train,39.80135803233907
Random Forest depth6,cow,live weight,90,MAE,3,Train,46.07131856945254
Random Forest depth6,cow,live weight,90,MAE,4,Train,42.481752214234334
Random Forest depth6,cow,live weight,90,MAE,5,Train,52.84443822843576
Random Forest depth6,cow,live weight,90,MAE,1,Test,50.677523003865545
Random Forest depth6,cow,live weight,90,MAE,2,Test,69.47427549418445
Random Forest depth6,cow,live weight,90,MAE,3,Test,50.503970369436686
Random Forest depth6,cow,live weight,90,MAE,4,Test,57.98018293823301
Random Forest depth6,cow,live weight,90,MAE,5,Test,15.033266444040642
Random Forest depth6,cow,live weight,90,MSE,1,Train,3493.0382191207514
Random Forest depth6,cow,live weight,90,MSE,2,Train,2696.2362471617234
Random Forest depth6,cow,live weight,90,MSE,3,Train,3604.3130302004024
Random Forest depth6,cow,live weight,90,MSE,4,Train,3186.5954150095026
Random Forest depth6,cow,live weight,90,MSE,5,Train,4291.26641250688
Random Forest depth6,cow,live weight,90,MSE,1,Test,4073.5986294632726
Random Forest depth6,cow,live weight,90,MSE,2,Test,8025.288351226178
Random Forest depth6,cow,live weight,90,MSE,3,Test,3435.8869875130426
Random Forest depth6,cow,live weight,90,MSE,4,Test,5032.32305607576
Random Forest depth6,cow,live weight,90,MSE,5,Test,384.56174616774365
Random Forest depth6,steer,live weight,90,MAE,1,Train,28.095864981177872
Random Forest depth6,steer,live weight,90,MAE,2,Train,25.45932363174794
Random Forest depth6,steer,live weight,90,MAE,3,Train,28.667727602284085
Random Forest depth6,steer,live weight,90,MAE,4,Train,27.01015356653527
Random Forest depth6,steer,live weight,90,MAE,5,Train,28.215032455018903
Random Forest depth6,steer,live weight,90,MAE,1,Test,28.509745309718024
Random Forest depth6,steer,live weight,90,MAE,2,Test,36.63993263639384
Random Forest depth6,steer,live weight,90,MAE,3,Test,28.415410747293407
Random Forest depth6,steer,live weight,90,MAE,4,Test,32.583846159320295
Random Forest depth6,steer,live weight,90,MAE,5,Test,25.979093879296325
Random Forest depth6,steer,live weight,90,MSE,1,Train,1995.3210529259782
Random Forest depth6,steer,live weight,90,MSE,2,Train,1115.685613324248
Random Forest depth6,steer,live weight,90,MSE,3,Train,1924.2554929047753
Random Forest depth6,steer,live weight,90,MSE,4,Train,1907.4278236871921
Random Forest depth6,steer,live weight,90,MSE,5,Train,2055.0944339353887
Random Forest depth6,steer,live weight,90,MSE,1,Test,1224.08363288234
Random Forest depth6,steer,live weight,90,MSE,2,Test,4952.472206095737
Random Forest depth6,steer,live weight,90,MSE,3,Test,1684.2962259064338
Random Forest depth6,steer,live weight,90,MSE,4,Test,1656.923244755485
Random Forest depth6,steer,live weight,90,MSE,5,Test,1023.9543907421544
Random Forest depth6,heifer,live weight,90,MAE,1,Train,17.18273457714353
Random Forest depth6,heifer,live weight,90,MAE,2,Train,15.787026648398408
Random Forest depth6,heifer,live weight,90,MAE,3,Train,15.50991058431092
Random Forest depth6,heifer,live weight,90,MAE,4,Train,16.113703755224403
Random Forest depth6,heifer,live weight,90,MAE,5,Train,13.959808070850835
Random Forest depth6,heifer,live weight,90,MAE,1,Test,13.003611411261708
Random Forest depth6,heifer,live weight,90,MAE,2,Test,22.385668884058113
Random Forest depth6,heifer,live weight,90,MAE,3,Test,17.95437597825939
Random Forest depth6,heifer,live weight,90,MAE,4,Test,17.231851907446988
Random Forest depth6,heifer,live weight,90,MAE,5,Test,26.5339100818794
Random Forest depth6,heifer,live weight,90,MSE,1,Train,495.1392025182213
Random Forest depth6,heifer,live weight,90,MSE,2,Train,422.05936851118804
Random Forest depth6,heifer,live weight,90,MSE,3,Train,428.52725471656623
Random Forest depth6,heifer,live weight,90,MSE,4,Train,455.007464281718
Random Forest depth6,heifer,live weight,90,MSE,5,Train,333.2879056779801
Random Forest depth6,heifer,live weight,90,MSE,1,Test,350.10007244874754
Random Forest depth6,heifer,live weight,90,MSE,2,Test,973.1069285859219
Random Forest depth6,heifer,live weight,90,MSE,3,Test,603.0024711530715
Random Forest depth6,heifer,live weight,90,MSE,4,Test,505.6407921121968
Random Forest depth6,heifer,live weight,90,MSE,5,Test,1209.5503216099967
Random Forest depth6,cow,carcass weight,90,MAE,1,Train,23.042861920131585
Random Forest depth6,cow,carcass weight,90,MAE,2,Train,20.92528257782072
Random Forest depth6,cow,carcass weight,90,MAE,3,Train,24.240439236588962
Random Forest depth6,cow,carcass weight,90,MAE,4,Train,22.074011173651677
Random Forest depth6,cow,carcass weight,90,MAE,5,Train,26.7734896783019
Random Forest depth6,cow,carcass weight,90,MAE,1,Test,28.19124808410075
Random Forest depth6,cow,carcass weight,90,MAE,2,Test,35.22306425241512
Random Forest depth6,cow,carcass weight,90,MAE,3,Test,22.298549036816684
Random Forest depth6,cow,carcass weight,90,MAE,4,Test,29.33550780519649
Random Forest depth6,cow,carcass weight,90,MAE,5,Test,10.452990895767929
Random Forest depth6,cow,carcass weight,90,MSE,1,Train,830.9617689871601
Random Forest depth6,cow,carcass weight,90,MSE,2,Train,750.1507822500699
Random Forest depth6,cow,carcass weight,90,MSE,3,Train,1028.2054843551016
Random Forest depth6,cow,carcass weight,90,MSE,4,Train,911.696254796438
Random Forest depth6,cow,carcass weight,90,MSE,5,Train,1148.637589992775
Random Forest depth6,cow,carcass weight,90,MSE,1,Test,1547.221716892747
Random Forest depth6,cow,carcass weight,90,MSE,2,Test,2043.5247721257012
Random Forest depth6,cow,carcass weight,90,MSE,3,Test,691.1175859331229
Random Forest depth6,cow,carcass weight,90,MSE,4,Test,1145.1775395295927
Random Forest depth6,cow,carcass weight,90,MSE,5,Test,155.55413106687587
Random Forest depth6,steer,carcass weight,90,MAE,1,Train,14.191245701866798
Random Forest depth6,steer,carcass weight,90,MAE,2,Train,13.588205375229277
Random Forest depth6,steer,carcass weight,90,MAE,3,Train,14.180976180132824
Random Forest depth6,steer,carcass weight,90,MAE,4,Train,13.220543681563889
Random Forest depth6,steer,carcass weight,90,MAE,5,Train,13.719843390936909
Random Forest depth6,steer,carcass weight,90,MAE,1,Test,12.990702398240796
Random Forest depth6,steer,carcass weight,90,MAE,2,Test,16.04301975192124
Random Forest depth6,steer,carcass weight,90,MAE,3,Test,13.394519434083033
Random Forest depth6,steer,carcass weight,90,MAE,4,Test,17.45734929914773
Random Forest depth6,steer,carcass weight,90,MAE,5,Test,15.890996506238725
Random Forest depth6,steer,carcass weight,90,MSE,1,Train,343.27337557718465
Random Forest depth6,steer,carcass weight,90,MSE,2,Train,315.78012053723137
Random Forest depth6,steer,carcass weight,90,MSE,3,Train,338.2983510911327
Random Forest depth6,steer,carcass weight,90,MSE,4,Train,291.26085013384557
Random Forest depth6,steer,carcass weight,90,MSE,5,Train,324.9891814607986
Random Forest depth6,steer,carcass weight,90,MSE,1,Test,280.99231616335294
Random Forest depth6,steer,carcass weight,90,MSE,2,Test,419.71094224414264
Random Forest depth6,steer,carcass weight,90,MSE,3,Test,322.2338866944412
Random Forest depth6,steer,carcass weight,90,MSE,4,Test,530.8427060952147
Random Forest depth6,steer,carcass weight,90,MSE,5,Test,382.87759296077667
Random Forest depth6,heifer,carcass weight,90,MAE,1,Train,10.218125962102262
Random Forest depth6,heifer,carcass weight,90,MAE,2,Train,9.103281065542047
Random Forest depth6,heifer,carcass weight,90,MAE,3,Train,8.740378175063961
Random Forest depth6,heifer,carcass weight,90,MAE,4,Train,9.631750567561802
Random Forest depth6,heifer,carcass weight,90,MAE,5,Train,8.4507132045343
Random Forest depth6,heifer,carcass weight,90,MAE,1,Test,6.620555824850207
Random Forest depth6,heifer,carcass weight,90,MAE,2,Test,13.55965579080063
Random Forest depth6,heifer,carcass weight,90,MAE,3,Test,12.214560103186189
Random Forest depth6,heifer,carcass weight,90,MAE,4,Test,10.01234030981451
Random Forest depth6,heifer,carcass weight,90,MAE,5,Test,15.25832345088214
Random Forest depth6,heifer,carcass weight,90,MSE,1,Train,175.39901990579807
Random Forest depth6,heifer,carcass weight,90,MSE,2,Train,143.58575883512586
Random Forest depth6,heifer,carcass weight,90,MSE,3,Train,136.38110041882845
Random Forest depth6,heifer,carcass weight,90,MSE,4,Train,155.9567946918557
Random Forest depth6,heifer,carcass weight,90,MSE,5,Train,121.73515387952787
Random Forest depth6,heifer,carcass weight,90,MSE,1,Test,63.503622572188796
Random Forest depth6,heifer,carcass weight,90,MSE,2,Test,356.3838117774518
Random Forest depth6,heifer,carcass weight,90,MSE,3,Test,245.15582215277536
Random Forest depth6,heifer,carcass weight,90,MSE,4,Test,169.07408954275311
Random Forest depth6,heifer,carcass weight,90,MSE,5,Test,416.8642259981528
Random Forest depth6,cow,price,90,MAE,1,Train,81.92518459107386
Random Forest depth6,cow,price,90,MAE,2,Train,75.67788445082162
Random Forest depth6,cow,price,90,MAE,3,Train,86.82842150049173
Random Forest depth6,cow,price,90,MAE,4,Train,79.64219671409626
Random Forest depth6,cow,price,90,MAE,5,Train,95.96244894688375
Random Forest depth6,cow,price,90,MAE,1,Test,103.91709801658025
Random Forest depth6,cow,price,90,MAE,2,Test,122.87042383248985
Random Forest depth6,cow,price,90,MAE,3,Test,76.8250061140698
Random Forest depth6,cow,price,90,MAE,4,Test,103.88395086667997
Random Forest depth6,cow,price,90,MAE,5,Test,37.37351847926311
Random Forest depth6,cow,price,90,MSE,1,Train,10150.270786506537
Random Forest depth6,cow,price,90,MSE,2,Train,9565.332184592356
Random Forest depth6,cow,price,90,MSE,3,Train,12666.914354995239
Random Forest depth6,cow,price,90,MSE,4,Train,11159.955065722967
Random Forest depth6,cow,price,90,MSE,5,Train,14162.288316055989
Random Forest depth6,cow,price,90,MSE,1,Test,19526.555283481113
Random Forest depth6,cow,price,90,MSE,2,Test,23652.508987282996
Random Forest depth6,cow,price,90,MSE,3,Test,8439.0003670305
Random Forest depth6,cow,price,90,MSE,4,Test,14519.757426930993
Random Forest depth6,cow,price,90,MSE,5,Test,1973.767443111621
Random Forest depth6,steer,price,90,MAE,1,Train,83.81954501764177
Random Forest depth6,steer,price,90,MAE,2,Train,80.19882009092781
Random Forest depth6,steer,price,90,MAE,3,Train,83.73682254986102
Random Forest depth6,steer,price,90,MAE,4,Train,78.03910155225017
Random Forest depth6,steer,price,90,MAE,5,Train,80.94115057070954
Random Forest depth6,steer,price,90,MAE,1,Test,76.69722274554128
Random Forest depth6,steer,price,90,MAE,2,Test,94.70365986452805
Random Forest depth6,steer,price,90,MAE,3,Test,79.03158995510393
Random Forest depth6,steer,price,90,MAE,4,Test,103.0985179529082
Random Forest depth6,steer,price,90,MAE,5,Test,93.86429002582184
Random Forest depth6,steer,price,90,MSE,1,Train,11951.67842857976
Random Forest depth6,steer,price,90,MSE,2,Train,10993.330207554582
Random Forest depth6,steer,price,90,MSE,3,Train,11778.040021370365
Random Forest depth6,steer,price,90,MSE,4,Train,10138.03047674602
Random Forest depth6,steer,price,90,MSE,5,Train,11314.388330685242
Random Forest depth6,steer,price,90,MSE,1,Test,9797.836264136251
Random Forest depth6,steer,price,90,MSE,2,Test,14614.928532768345
Random Forest depth6,steer,price,90,MSE,3,Test,11219.516994285714
Random Forest depth6,steer,price,90,MSE,4,Test,18467.57044214524
Random Forest depth6,steer,price,90,MSE,5,Test,13335.617469588644
Random Forest depth6,heifer,price,90,MAE,1,Train,57.698288778182174
Random Forest depth6,heifer,price,90,MAE,2,Train,51.42878853949961
Random Forest depth6,heifer,price,90,MAE,3,Train,49.14639214119322
Random Forest depth6,heifer,price,90,MAE,4,Train,53.878397821203215
Random Forest depth6,heifer,price,90,MAE,5,Train,47.79839508139373
Random Forest depth6,heifer,price,90,MAE,1,Test,37.033434817065526
Random Forest depth6,heifer,price,90,MAE,2,Test,76.21760225852951
Random Forest depth6,heifer,price,90,MAE,3,Test,69.26537506432285
Random Forest depth6,heifer,price,90,MAE,4,Test,62.161311090600755
Random Forest depth6,heifer,price,90,MAE,5,Test,85.42528368961257
Random Forest depth6,heifer,price,90,MSE,1,Train,5568.96877580297
Random Forest depth6,heifer,price,90,MSE,2,Train,4558.231329594719
Random Forest depth6,heifer,price,90,MSE,3,Train,4305.99038584365
Random Forest depth6,heifer,price,90,MSE,4,Train,4885.501895064582
Random Forest depth6,heifer,price,90,MSE,5,Train,3889.8498063605725
Random Forest depth6,heifer,price,90,MSE,1,Test,1980.4247483726099
Random Forest depth6,heifer,price,90,MSE,2,Test,11406.604808991573
Random Forest depth6,heifer,price,90,MSE,3,Test,7751.1595818092865
Random Forest depth6,heifer,price,90,MSE,4,Test,6411.909711083474
Random Forest depth6,heifer,price,90,MSE,5,Test,13062.82354096476
Random Forest depth6,cow,Total number of defects,90,MAE,1,Train,0.7069308659567012
Random Forest depth6,cow,Total number of defects,90,MAE,2,Train,0.6881127737465274
Random Forest depth6,cow,Total number of defects,90,MAE,3,Train,0.7171436233894066
Random Forest depth6,cow,Total number of defects,90,MAE,4,Train,0.738426583701618
Random Forest depth6,cow,Total number of defects,90,MAE,5,Train,0.6636209256677753
Random Forest depth6,cow,Total number of defects,90,MAE,1,Test,0.7479681365800211
Random Forest depth6,cow,Total number of defects,90,MAE,2,Test,0.818410096184724
Random Forest depth6,cow,Total number of defects,90,MAE,3,Test,0.691122818748508
Random Forest depth6,cow,Total number of defects,90,MAE,4,Test,0.5847346069362453
Random Forest depth6,cow,Total number of defects,90,MAE,5,Test,0.8160125961206413
Random Forest depth6,cow,Total number of defects,90,MSE,1,Train,0.8788912677914218
Random Forest depth6,cow,Total number of defects,90,MSE,2,Train,0.7575259221455743
Random Forest depth6,cow,Total number of defects,90,MSE,3,Train,0.8492123901630371
Random Forest depth6,cow,Total number of defects,90,MSE,4,Train,0.9361794805824648
Random Forest depth6,cow,Total number of defects,90,MSE,5,Train,0.779236604415851
Random Forest depth6,cow,Total number of defects,90,MSE,1,Test,0.776345650126075
Random Forest depth6,cow,Total number of defects,90,MSE,2,Test,1.2064177332621482
Random Forest depth6,cow,Total number of defects,90,MSE,3,Test,0.8290059544081623
Random Forest depth6,cow,Total number of defects,90,MSE,4,Test,0.47819698847477554
Random Forest depth6,cow,Total number of defects,90,MSE,5,Test,1.1584734061496569
Random Forest depth6,steer,Total number of defects,90,MAE,1,Train,0.3023559065010375
Random Forest depth6,steer,Total number of defects,90,MAE,2,Train,0.35970340812748325
Random Forest depth6,steer,Total number of defects,90,MAE,3,Train,0.3401559711274802
Random Forest depth6,steer,Total number of defects,90,MAE,4,Train,0.33548097786251124
Random Forest depth6,steer,Total number of defects,90,MAE,5,Train,0.3031439807536269
Random Forest depth6,steer,Total number of defects,90,MAE,1,Test,0.39746555699641034
Random Forest depth6,steer,Total number of defects,90,MAE,2,Test,0.30419937818958
Random Forest depth6,steer,Total number of defects,90,MAE,3,Test,0.37104849096359993
Random Forest depth6,steer,Total number of defects,90,MAE,4,Test,0.3853720758553241
Random Forest depth6,steer,Total number of defects,90,MAE,5,Test,0.40729142633741505
Random Forest depth6,steer,Total number of defects,90,MSE,1,Train,0.27253931978146134
Random Forest depth6,steer,Total number of defects,90,MSE,2,Train,0.3252173115771617
Random Forest depth6,steer,Total number of defects,90,MSE,3,Train,0.2986592118579018
Random Forest depth6,steer,Total number of defects,90,MSE,4,Train,0.28489900734672885
Random Forest depth6,steer,Total number of defects,90,MSE,5,Train,0.28620574317806674
Random Forest depth6,steer,Total number of defects,90,MSE,1,Test,0.4457953270919242
Random Forest depth6,steer,Total number of defects,90,MSE,2,Test,0.2604277206890921
Random Forest depth6,steer,Total number of defects,90,MSE,3,Test,0.35917902075733354
Random Forest depth6,steer,Total number of defects,90,MSE,4,Test,0.5616885500558811
Random Forest depth6,steer,Total number of defects,90,MSE,5,Test,0.4141467813826035
Random Forest depth6,heifer,Total number of defects,90,MAE,1,Train,0.5632630535048457
Random Forest depth6,heifer,Total number of defects,90,MAE,2,Train,0.4859304491536074
Random Forest depth6,heifer,Total number of defects,90,MAE,3,Train,0.5349836380077718
Random Forest depth6,heifer,Total number of defects,90,MAE,4,Train,0.4318626599648278
Random Forest depth6,heifer,Total number of defects,90,MAE,5,Train,0.5198539416767829
Random Forest depth6,heifer,Total number of defects,90,MAE,1,Test,0.39725947855952276
Random Forest depth6,heifer,Total number of defects,90,MAE,2,Test,0.6650827905197123
Random Forest depth6,heifer,Total number of defects,90,MAE,3,Test,0.4610363148700663
Random Forest depth6,heifer,Total number of defects,90,MAE,4,Test,0.7888852787043782
Random Forest depth6,heifer,Total number of defects,90,MAE,5,Test,0.6813320402978361
Random Forest depth6,heifer,Total number of defects,90,MSE,1,Train,0.6626571043261111
Random Forest depth6,heifer,Total number of defects,90,MSE,2,Train,0.49932745775921983
Random Forest depth6,heifer,Total number of defects,90,MSE,3,Train,0.6388140467282305
Random Forest depth6,heifer,Total number of defects,90,MSE,4,Train,0.38644436938234505
Random Forest depth6,heifer,Total number of defects,90,MSE,5,Train,0.5771833122202963
Random Forest depth6,heifer,Total number of defects,90,MSE,1,Test,0.24867400021796943
Random Forest depth6,heifer,Total number of defects,90,MSE,2,Test,0.9783038358085062
Random Forest depth6,heifer,Total number of defects,90,MSE,3,Test,0.34272488366336723
Random Forest depth6,heifer,Total number of defects,90,MSE,4,Test,1.4622115248153937
Random Forest depth6,heifer,Total number of defects,90,MSE,5,Test,0.6956328387639195
Random Forest depth6,cow,live weight,180,MAE,1,Train,45.72538954109997
Random Forest depth6,cow,live weight,180,MAE,2,Train,39.80135803233907
Random Forest depth6,cow,live weight,180,MAE,3,Train,46.07131856945253
Random Forest depth6,cow,live weight,180,MAE,4,Train,42.48175221423433
Random Forest depth6,cow,live weight,180,MAE,5,Train,52.844438228435784
Random Forest depth6,cow,live weight,180,MAE,1,Test,50.67752300386551
Random Forest depth6,cow,live weight,180,MAE,2,Test,69.47427549418443
Random Forest depth6,cow,live weight,180,MAE,3,Test,50.50397036943662
Random Forest depth6,cow,live weight,180,MAE,4,Test,57.980182938232964
Random Forest depth6,cow,live weight,180,MAE,5,Test,15.033266444040667
Random Forest depth6,cow,live weight,180,MSE,1,Train,3493.0382191207514
Random Forest depth6,cow,live weight,180,MSE,2,Train,2696.2362471617244
Random Forest depth6,cow,live weight,180,MSE,3,Train,3604.3130302004024
Random Forest depth6,cow,live weight,180,MSE,4,Train,3186.5954150095026
Random Forest depth6,cow,live weight,180,MSE,5,Train,4291.266412506881
Random Forest depth6,cow,live weight,180,MSE,1,Test,4073.59862946327
Random Forest depth6,cow,live weight,180,MSE,2,Test,8025.288351226176
Random Forest depth6,cow,live weight,180,MSE,3,Test,3435.886987513036
Random Forest depth6,cow,live weight,180,MSE,4,Test,5032.323056075755
Random Forest depth6,cow,live weight,180,MSE,5,Test,384.5617461677442
Random Forest depth6,steer,live weight,180,MAE,1,Train,28.0801121329638
Random Forest depth6,steer,live weight,180,MAE,2,Train,25.44993371823205
Random Forest depth6,steer,live weight,180,MAE,3,Train,28.66863938037955
Random Forest depth6,steer,live weight,180,MAE,4,Train,27.001973971344466
Random Forest depth6,steer,live weight,180,MAE,5,Train,28.20237249924919
Random Forest depth6,steer,live weight,180,MAE,1,Test,28.482216895483987
Random Forest depth6,steer,live weight,180,MAE,2,Test,36.59267219698535
Random Forest depth6,steer,live weight,180,MAE,3,Test,28.41937320646553
Random Forest depth6,steer,live weight,180,MAE,4,Test,32.61559822165878
Random Forest depth6,steer,live weight,180,MAE,5,Test,26.015637857155298
Random Forest depth6,steer,live weight,180,MSE,1,Train,1994.8559349418379
Random Forest depth6,steer,live weight,180,MSE,2,Train,1115.2062933982334
Random Forest depth6,steer,live weight,180,MSE,3,Train,1924.0277360366947
Random Forest depth6,steer,live weight,180,MSE,4,Train,1907.2092098706191
Random Forest depth6,steer,live weight,180,MSE,5,Train,2054.8443207077826
Random Forest depth6,steer,live weight,180,MSE,1,Test,1223.887850541738
Random Forest depth6,steer,live weight,180,MSE,2,Test,4948.794654905196
Random Forest depth6,steer,live weight,180,MSE,3,Test,1683.818427285199
Random Forest depth6,steer,live weight,180,MSE,4,Test,1657.2495715999949
Random Forest depth6,steer,live weight,180,MSE,5,Test,1027.6079363055028
Random Forest depth6,heifer,live weight,180,MAE,1,Train,17.161790476504347
Random Forest depth6,heifer,live weight,180,MAE,2,Train,15.779469210618556
Random Forest depth6,heifer,live weight,180,MAE,3,Train,15.534902611944569
Random Forest depth6,heifer,live weight,180,MAE,4,Train,16.11965309538256
Random Forest depth6,heifer,live weight,180,MAE,5,Train,13.9558007993808
Random Forest depth6,heifer,live weight,180,MAE,1,Test,13.04147452237279
Random Forest depth6,heifer,live weight,180,MAE,2,Test,22.38927288237465
Random Forest depth6,heifer,live weight,180,MAE,3,Test,18.04618304753818
Random Forest depth6,heifer,live weight,180,MAE,4,Test,17.222596066991176
Random Forest depth6,heifer,live weight,180,MAE,5,Test,26.538357998546104
Random Forest depth6,heifer,live weight,180,MSE,1,Train,495.00519959120624
Random Forest depth6,heifer,live weight,180,MSE,2,Train,421.92808514017526
Random Forest depth6,heifer,live weight,180,MSE,3,Train,428.74509317600854
Random Forest depth6,heifer,live weight,180,MSE,4,Train,455.2926482643022
Random Forest depth6,heifer,live weight,180,MSE,5,Train,333.22306843615985
Random Forest depth6,heifer,live weight,180,MSE,1,Test,355.8005169885375
Random Forest depth6,heifer,live weight,180,MSE,2,Test,975.2730202989162
Random Forest depth6,heifer,live weight,180,MSE,3,Test,607.8877373961815
Random Forest depth6,heifer,live weight,180,MSE,4,Test,505.52472995694234
Random Forest depth6,heifer,live weight,180,MSE,5,Test,1209.6074687498513
Random Forest depth6,cow,carcass weight,180,MAE,1,Train,23.042861920131582
Random Forest depth6,cow,carcass weight,180,MAE,2,Train,20.92528257782072
Random Forest depth6,cow,carcass weight,180,MAE,3,Train,24.240439236588944
Random Forest depth6,cow,carcass weight,180,MAE,4,Train,22.074011173651648
Random Forest depth6,cow,carcass weight,180,MAE,5,Train,26.773489678301907
Random Forest depth6,cow,carcass weight,180,MAE,1,Test,28.19124808410075
Random Forest depth6,cow,carcass weight,180,MAE,2,Test,35.22306425241513
Random Forest depth6,cow,carcass weight,180,MAE,3,Test,22.29854903681669
Random Forest depth6,cow,carcass weight,180,MAE,4,Test,29.33550780519651
Random Forest depth6,cow,carcass weight,180,MAE,5,Test,10.45299089576791
Random Forest depth6,cow,carcass weight,180,MSE,1,Train,830.9617689871601
Random Forest depth6,cow,carcass weight,180,MSE,2,Train,750.1507822500699
Random Forest depth6,cow,carcass weight,180,MSE,3,Train,1028.205484355102
Random Forest depth6,cow,carcass weight,180,MSE,4,Train,911.696254796438
Random Forest depth6,cow,carcass weight,180,MSE,5,Train,1148.6375899927752
Random Forest depth6,cow,carcass weight,180,MSE,1,Test,1547.2217168927486
Random Forest depth6,cow,carcass weight,180,MSE,2,Test,2043.5247721257033
Random Forest depth6,cow,carcass weight,180,MSE,3,Test,691.1175859331238
Random Forest depth6,cow,carcass weight,180,MSE,4,Test,1145.1775395295938
Random Forest depth6,cow,carcass weight,180,MSE,5,Test,155.5541310668754
Random Forest depth6,steer,carcass weight,180,MAE,1,Train,14.175188382396147
Random Forest depth6,steer,carcass weight,180,MAE,2,Train,13.583771416756631
Random Forest depth6,steer,carcass weight,180,MAE,3,Train,14.186226121423456
Random Forest depth6,steer,carcass weight,180,MAE,4,Train,13.217803006368923
Random Forest depth6,steer,carcass weight,180,MAE,5,Train,13.71110319293927
Random Forest depth6,steer,carcass weight,180,MAE,1,Test,12.999225103448245
Random Forest depth6,steer,carcass weight,180,MAE,2,Test,16.058776973922875
Random Forest depth6,steer,carcass weight,180,MAE,3,Test,13.416091857773647
Random Forest depth6,steer,carcass weight,180,MAE,4,Test,17.450218758504644
Random Forest depth6,steer,carcass weight,180,MAE,5,Test,15.837466419152856
Random Forest depth6,steer,carcass weight,180,MSE,1,Train,343.12257358882374
Random Forest depth6,steer,carcass weight,180,MSE,2,Train,316.1085511099691
Random Forest depth6,steer,carcass weight,180,MSE,3,Train,338.6258248563209
Random Forest depth6,steer,carcass weight,180,MSE,4,Train,291.20909502215915
Random Forest depth6,steer,carcass weight,180,MSE,5,Train,324.7970755874904
Random Forest depth6,steer,carcass weight,180,MSE,1,Test,281.77789434330873
Random Forest depth6,steer,carcass weight,180,MSE,2,Test,420.5382863407369
Random Forest depth6,steer,carcass weight,180,MSE,3,Test,322.10620095536655
Random Forest depth6,steer,carcass weight,180,MSE,4,Test,530.8670552966912
Random Forest depth6,steer,carcass weight,180,MSE,5,Test,381.4645050942903
Random Forest depth6,heifer,carcass weight,180,MAE,1,Train,10.21204740964098
Random Forest depth6,heifer,carcass weight,180,MAE,2,Train,9.100283980367776
Random Forest depth6,heifer,carcass weight,180,MAE,3,Train,8.737486389781575
Random Forest depth6,heifer,carcass weight,180,MAE,4,Train,9.612677650895135
Random Forest depth6,heifer,carcass weight,180,MAE,5,Train,8.446822363208119
Random Forest depth6,heifer,carcass weight,180,MAE,1,Test,6.624567946062315
Random Forest depth6,heifer,carcass weight,180,MAE,2,Test,13.545124008219178
Random Forest depth6,heifer,carcass weight,180,MAE,3,Test,12.209540787432509
Random Forest depth6,heifer,carcass weight,180,MAE,4,Test,9.992561663981173
Random Forest depth6,heifer,carcass weight,180,MAE,5,Test,15.270497651480277
Random Forest depth6,heifer,carcass weight,180,MSE,1,Train,175.37447968076543
Random Forest depth6,heifer,carcass weight,180,MSE,2,Train,143.56504525410477
Random Forest depth6,heifer,carcass weight,180,MSE,3,Train,136.36495726972205
Random Forest depth6,heifer,carcass weight,180,MSE,4,Train,155.73166622623853
Random Forest depth6,heifer,carcass weight,180,MSE,5,Train,121.71568252887153
Random Forest depth6,heifer,carcass weight,180,MSE,1,Test,63.57560875652578
Random Forest depth6,heifer,carcass weight,180,MSE,2,Test,355.1211711774499
Random Forest depth6,heifer,carcass weight,180,MSE,3,Test,244.97847263159295
Random Forest depth6,heifer,carcass weight,180,MSE,4,Test,167.0332480882985
Random Forest depth6,heifer,carcass weight,180,MSE,5,Test,417.6883822709753
Random Forest depth6,cow,price,180,MAE,1,Train,81.92518459107389
Random Forest depth6,cow,price,180,MAE,2,Train,75.67788445082162
Random Forest depth6,cow,price,180,MAE,3,Train,86.82842150049176
Random Forest depth6,cow,price,180,MAE,4,Train,79.64219671409623
Random Forest depth6,cow,price,180,MAE,5,Train,95.96244894688375
Random Forest depth6,cow,price,180,MAE,1,Test,103.91709801658028
Random Forest depth6,cow,price,180,MAE,2,Test,122.8704238324899
Random Forest depth6,cow,price,180,MAE,3,Test,76.82500611406975
Random Forest depth6,cow,price,180,MAE,4,Test,103.88395086667998
Random Forest depth6,cow,price,180,MAE,5,Test,37.3735184792632
Random Forest depth6,cow,price,180,MSE,1,Train,10150.270786506539
Random Forest depth6,cow,price,180,MSE,2,Train,9565.332184592356
Random Forest depth6,cow,price,180,MSE,3,Train,12666.914354995237
Random Forest depth6,cow,price,180,MSE,4,Train,11159.955065722963
Random Forest depth6,cow,price,180,MSE,5,Train,14162.288316055989
Random Forest depth6,cow,price,180,MSE,1,Test,19526.55528348112
Random Forest depth6,cow,price,180,MSE,2,Test,23652.508987283036
Random Forest depth6,cow,price,180,MSE,3,Test,8439.000367030498
Random Forest depth6,cow,price,180,MSE,4,Test,14519.757426931006
Random Forest depth6,cow,price,180,MSE,5,Test,1973.7674431116275
Random Forest depth6,steer,price,180,MAE,1,Train,83.7189169535009
Random Forest depth6,steer,price,180,MAE,2,Train,80.16911404674752
Random Forest depth6,steer,price,180,MAE,3,Train,83.75517671660444
Random Forest depth6,steer,price,180,MAE,4,Train,78.03070911280318
Random Forest depth6,steer,price,180,MAE,5,Train,80.90375758441444
Random Forest depth6,steer,price,180,MAE,1,Test,76.75429628268458
Random Forest depth6,steer,price,180,MAE,2,Test,94.8454980886012
Random Forest depth6,steer,price,180,MAE,3,Test,79.20961972923081
Random Forest depth6,steer,price,180,MAE,4,Test,103.05296544234315
Random Forest depth6,steer,price,180,MAE,5,Test,93.64941772426259
Random Forest depth6,steer,price,180,MSE,1,Train,11945.304058161782
Random Forest depth6,steer,price,180,MSE,2,Train,11004.71061976434
Random Forest depth6,steer,price,180,MSE,3,Train,11789.689655526005
Random Forest depth6,steer,price,180,MSE,4,Train,10136.63728664503
Random Forest depth6,steer,price,180,MSE,5,Train,11306.906779441311
Random Forest depth6,steer,price,180,MSE,1,Test,9828.59611041764
Random Forest depth6,steer,price,180,MSE,2,Test,14638.204048252308
Random Forest depth6,steer,price,180,MSE,3,Test,11213.893686226953
Random Forest depth6,steer,price,180,MSE,4,Test,18479.321625514338
Random Forest depth6,steer,price,180,MSE,5,Test,13291.000033979582
Random Forest depth6,heifer,price,180,MAE,1,Train,57.71710204006344
Random Forest depth6,heifer,price,180,MAE,2,Train,51.42710617761748
Random Forest depth6,heifer,price,180,MAE,3,Train,49.14518506137246
Random Forest depth6,heifer,price,180,MAE,4,Train,53.858167621046235
Random Forest depth6,heifer,price,180,MAE,5,Train,47.84085741956022
Random Forest depth6,heifer,price,180,MAE,1,Test,37.07401758629625
Random Forest depth6,heifer,price,180,MAE,2,Test,76.06228099442716
Random Forest depth6,heifer,price,180,MAE,3,Test,69.24074809949911
Random Forest depth6,heifer,price,180,MAE,4,Test,61.90305796560073
Random Forest depth6,heifer,price,180,MAE,5,Test,85.55683757630555
Random Forest depth6,heifer,price,180,MSE,1,Train,5565.429175499433
Random Forest depth6,heifer,price,180,MSE,2,Train,4558.002364787394
Random Forest depth6,heifer,price,180,MSE,3,Train,4306.786465639615
Random Forest depth6,heifer,price,180,MSE,4,Train,4884.866149839727
Random Forest depth6,heifer,price,180,MSE,5,Train,3888.3980416600343
Random Forest depth6,heifer,price,180,MSE,1,Test,1987.8998009416655
Random Forest depth6,heifer,price,180,MSE,2,Test,11297.373249830202
Random Forest depth6,heifer,price,180,MSE,3,Test,7746.219853995161
Random Forest depth6,heifer,price,180,MSE,4,Test,6353.9865023236625
Random Forest depth6,heifer,price,180,MSE,5,Test,13113.885648783327
Random Forest depth6,cow,Total number of defects,180,MAE,1,Train,0.7069308659567012
Random Forest depth6,cow,Total number of defects,180,MAE,2,Train,0.6881127737465274
Random Forest depth6,cow,Total number of defects,180,MAE,3,Train,0.7171436233894066
Random Forest depth6,cow,Total number of defects,180,MAE,4,Train,0.738426583701618
Random Forest depth6,cow,Total number of defects,180,MAE,5,Train,0.6636209256677752
Random Forest depth6,cow,Total number of defects,180,MAE,1,Test,0.7479681365800213
Random Forest depth6,cow,Total number of defects,180,MAE,2,Test,0.818410096184724
Random Forest depth6,cow,Total number of defects,180,MAE,3,Test,0.691122818748508
Random Forest depth6,cow,Total number of defects,180,MAE,4,Test,0.5847346069362453
Random Forest depth6,cow,Total number of defects,180,MAE,5,Test,0.8160125961206413
Random Forest depth6,cow,Total number of defects,180,MSE,1,Train,0.8788912677914218
Random Forest depth6,cow,Total number of defects,180,MSE,2,Train,0.7575259221455741
Random Forest depth6,cow,Total number of defects,180,MSE,3,Train,0.8492123901630373
Random Forest depth6,cow,Total number of defects,180,MSE,4,Train,0.9361794805824648
Random Forest depth6,cow,Total number of defects,180,MSE,5,Train,0.779236604415851
Random Forest depth6,cow,Total number of defects,180,MSE,1,Test,0.776345650126075
Random Forest depth6,cow,Total number of defects,180,MSE,2,Test,1.2064177332621482
Random Forest depth6,cow,Total number of defects,180,MSE,3,Test,0.8290059544081623
Random Forest depth6,cow,Total number of defects,180,MSE,4,Test,0.47819698847477543
Random Forest depth6,cow,Total number of defects,180,MSE,5,Test,1.1584734061496567
Random Forest depth6,steer,Total number of defects,180,MAE,1,Train,0.30226824049713885
Random Forest depth6,steer,Total number of defects,180,MAE,2,Train,0.3597309162260775
Random Forest depth6,steer,Total number of defects,180,MAE,3,Train,0.34051052190849723
Random Forest depth6,steer,Total number of defects,180,MAE,4,Train,0.33542019229619563
Random Forest depth6,steer,Total number of defects,180,MAE,5,Train,0.30330779281479453
Random Forest depth6,steer,Total number of defects,180,MAE,1,Test,0.39746373153603076
Random Forest depth6,steer,Total number of defects,180,MAE,2,Test,0.30599846106036455
Random Forest depth6,steer,Total number of defects,180,MAE,3,Test,0.370235228706614
Random Forest depth6,steer,Total number of defects,180,MAE,4,Test,0.3855058632760611
Random Forest depth6,steer,Total number of defects,180,MAE,5,Test,0.406824108791593
Random Forest depth6,steer,Total number of defects,180,MSE,1,Train,0.2727477718293637
Random Forest depth6,steer,Total number of defects,180,MSE,2,Train,0.3253033649378238
Random Forest depth6,steer,Total number of defects,180,MSE,3,Train,0.29877273497485013
Random Forest depth6,steer,Total number of defects,180,MSE,4,Train,0.28489721651238725
Random Forest depth6,steer,Total number of defects,180,MSE,5,Train,0.28632757489312943
Random Forest depth6,steer,Total number of defects,180,MSE,1,Test,0.44363603152933323
Random Forest depth6,steer,Total number of defects,180,MSE,2,Test,0.2654040702126145
Random Forest depth6,steer,Total number of defects,180,MSE,3,Test,0.35660814139637026
Random Forest depth6,steer,Total number of defects,180,MSE,4,Test,0.5624385336634962
Random Forest depth6,steer,Total number of defects,180,MSE,5,Test,0.41332449936299753
Random Forest depth6,heifer,Total number of defects,180,MAE,1,Train,0.5631182903355979
Random Forest depth6,heifer,Total number of defects,180,MAE,2,Train,0.48597094988998446
Random Forest depth6,heifer,Total number of defects,180,MAE,3,Train,0.5349432892193264
Random Forest depth6,heifer,Total number of defects,180,MAE,4,Train,0.43131002839771543
Random Forest depth6,heifer,Total number of defects,180,MAE,5,Train,0.519803950371135
Random Forest depth6,heifer,Total number of defects,180,MAE,1,Test,0.39762281982936387
Random Forest depth6,heifer,Total number of defects,180,MAE,2,Test,0.6651502111546328
Random Forest depth6,heifer,Total number of defects,180,MAE,3,Test,0.460868611964312
Random Forest depth6,heifer,Total number of defects,180,MAE,4,Test,0.7886665287043781
Random Forest depth6,heifer,Total number of defects,180,MAE,5,Test,0.6810613977459439
Random Forest depth6,heifer,Total number of defects,180,MSE,1,Train,0.6626507145242616
Random Forest depth6,heifer,Total number of defects,180,MSE,2,Train,0.4993460397724634
Random Forest depth6,heifer,Total number of defects,180,MSE,3,Train,0.6387825464691521
Random Forest depth6,heifer,Total number of defects,180,MSE,4,Train,0.3863924331509375
Random Forest depth6,heifer,Total number of defects,180,MSE,5,Train,0.577204338623353
Random Forest depth6,heifer,Total number of defects,180,MSE,1,Test,0.24942860130715655
Random Forest depth6,heifer,Total number of defects,180,MSE,2,Test,0.9780270602123871
Random Forest depth6,heifer,Total number of defects,180,MSE,3,Test,0.34217141718350713
Random Forest depth6,heifer,Total number of defects,180,MSE,4,Test,1.4646394982253
Random Forest depth6,heifer,Total number of defects,180,MSE,5,Test,0.6952798929073133
Random Forest depth6,cow,live weight,720,MAE,1,Train,45.72538954109994
Random Forest depth6,cow,live weight,720,MAE,2,Train,39.80135803233905
Random Forest depth6,cow,live weight,720,MAE,3,Train,46.071318569452544
Random Forest depth6,cow,live weight,720,MAE,4,Train,42.481752214234334
Random Forest depth6,cow,live weight,720,MAE,5,Train,52.84443822843578
Random Forest depth6,cow,live weight,720,MAE,1,Test,50.677523003865566
Random Forest depth6,cow,live weight,720,MAE,2,Test,69.47427549418445
Random Forest depth6,cow,live weight,720,MAE,3,Test,50.50397036943667
Random Forest depth6,cow,live weight,720,MAE,4,Test,57.98018293823303
Random Forest depth6,cow,live weight,720,MAE,5,Test,15.033266444040667
Random Forest depth6,cow,live weight,720,MSE,1,Train,3493.0382191207514
Random Forest depth6,cow,live weight,720,MSE,2,Train,2696.236247161724
Random Forest depth6,cow,live weight,720,MSE,3,Train,3604.3130302004024
Random Forest depth6,cow,live weight,720,MSE,4,Train,3186.5954150095026
Random Forest depth6,cow,live weight,720,MSE,5,Train,4291.266412506882
Random Forest depth6,cow,live weight,720,MSE,1,Test,4073.5986294632808
Random Forest depth6,cow,live weight,720,MSE,2,Test,8025.288351226178
Random Forest depth6,cow,live weight,720,MSE,3,Test,3435.886987513045
Random Forest depth6,cow,live weight,720,MSE,4,Test,5032.323056075763
Random Forest depth6,cow,live weight,720,MSE,5,Test,384.5617461677433
Random Forest depth6,steer,live weight,720,MAE,1,Train,26.044176855518845
Random Forest depth6,steer,live weight,720,MAE,2,Train,28.386190845284233
Random Forest depth6,steer,live weight,720,MAE,3,Train,28.43360403818658
Random Forest depth6,steer,live weight,720,MAE,4,Train,27.0645614042816
Random Forest depth6,steer,live weight,720,MAE,5,Train,27.99736041833877
Random Forest depth6,steer,live weight,720,MAE,1,Test,34.93776827864545
Random Forest depth6,steer,live weight,720,MAE,2,Test,26.910957171184773
Random Forest depth6,steer,live weight,720,MAE,3,Test,28.091619345559664
Random Forest depth6,steer,live weight,720,MAE,4,Test,31.857422982552016
Random Forest depth6,steer,live weight,720,MAE,5,Test,29.385537595331535
Random Forest depth6,steer,live weight,720,MSE,1,Train,1054.471067121502
Random Forest depth6,steer,live weight,720,MSE,2,Train,2072.1517150441864
Random Forest depth6,steer,live weight,720,MSE,3,Train,2064.4312938499515
Random Forest depth6,steer,live weight,720,MSE,4,Train,1992.0899451947948
Random Forest depth6,steer,live weight,720,MSE,5,Train,2018.0198612600213
Random Forest depth6,steer,live weight,720,MSE,1,Test,5317.844698092507
Random Forest depth6,steer,live weight,720,MSE,2,Test,1106.415003276298
Random Forest depth6,steer,live weight,720,MSE,3,Test,1273.8582098266197
Random Forest depth6,steer,live weight,720,MSE,4,Test,1484.4579609606665
Random Forest depth6,steer,live weight,720,MSE,5,Test,1393.131765969393
Random Forest depth6,heifer,live weight,720,MAE,1,Train,18.177313108766143
Random Forest depth6,heifer,live weight,720,MAE,2,Train,20.94754010416655
Random Forest depth6,heifer,live weight,720,MAE,3,Train,19.90594366319423
Random Forest depth6,heifer,live weight,720,MAE,4,Train,17.328939071518775
Random Forest depth6,heifer,live weight,720,MAE,5,Train,23.077416583242908
Random Forest depth6,heifer,live weight,720,MAE,1,Test,46.76092380952379
Random Forest depth6,heifer,live weight,720,MAE,2,Test,28.350853986291426
Random Forest depth6,heifer,live weight,720,MAE,3,Test,26.543931051587336
Random Forest depth6,heifer,live weight,720,MAE,4,Test,35.25573974567101
Random Forest depth6,heifer,live weight,720,MAE,5,Test,13.161402858946573
Random Forest depth6,heifer,live weight,720,MSE,1,Train,511.61407728870495
Random Forest depth6,heifer,live weight,720,MSE,2,Train,737.6966226242287
Random Forest depth6,heifer,live weight,720,MSE,3,Train,658.1299687176777
Random Forest depth6,heifer,live weight,720,MSE,4,Train,532.9409932183239
Random Forest depth6,heifer,live weight,720,MSE,5,Train,792.5558643556819
Random Forest depth6,heifer,live weight,720,MSE,1,Test,3314.604099539991
Random Forest depth6,heifer,live weight,720,MSE,2,Test,918.4191075785445
Random Forest depth6,heifer,live weight,720,MSE,3,Test,843.4879035037059
Random Forest depth6,heifer,live weight,720,MSE,4,Test,2060.084182918767
Random Forest depth6,heifer,live weight,720,MSE,5,Test,300.5504025327021
Random Forest depth6,cow,carcass weight,720,MAE,1,Train,23.042861920131614
Random Forest depth6,cow,carcass weight,720,MAE,2,Train,20.925282577820724
Random Forest depth6,cow,carcass weight,720,MAE,3,Train,24.24043923658895
Random Forest depth6,cow,carcass weight,720,MAE,4,Train,22.074011173651648
Random Forest depth6,cow,carcass weight,720,MAE,5,Train,26.77348967830191
Random Forest depth6,cow,carcass weight,720,MAE,1,Test,28.191248084100767
Random Forest depth6,cow,carcass weight,720,MAE,2,Test,35.22306425241512
Random Forest depth6,cow,carcass weight,720,MAE,3,Test,22.29854903681671
Random Forest depth6,cow,carcass weight,720,MAE,4,Test,29.33550780519651
Random Forest depth6,cow,carcass weight,720,MAE,5,Test,10.452990895767904
Random Forest depth6,cow,carcass weight,720,MSE,1,Train,830.9617689871601
Random Forest depth6,cow,carcass weight,720,MSE,2,Train,750.1507822500698
Random Forest depth6,cow,carcass weight,720,MSE,3,Train,1028.205484355102
Random Forest depth6,cow,carcass weight,720,MSE,4,Train,911.6962547964378
Random Forest depth6,cow,carcass weight,720,MSE,5,Train,1148.637589992775
Random Forest depth6,cow,carcass weight,720,MSE,1,Test,1547.2217168927486
Random Forest depth6,cow,carcass weight,720,MSE,2,Test,2043.5247721257012
Random Forest depth6,cow,carcass weight,720,MSE,3,Test,691.117585933124
Random Forest depth6,cow,carcass weight,720,MSE,4,Test,1145.1775395295938
Random Forest depth6,cow,carcass weight,720,MSE,5,Test,155.55413106687536
Random Forest depth6,steer,carcass weight,720,MAE,1,Train,14.078729043620733
Random Forest depth6,steer,carcass weight,720,MAE,2,Train,13.815207375212548
Random Forest depth6,steer,carcass weight,720,MAE,3,Train,14.032277853733605
Random Forest depth6,steer,carcass weight,720,MAE,4,Train,13.641073906665495
Random Forest depth6,steer,carcass weight,720,MAE,5,Train,13.662887339254631
Random Forest depth6,steer,carcass weight,720,MAE,1,Test,14.038749527374089
Random Forest depth6,steer,carcass weight,720,MAE,2,Test,14.916626877139281
Random Forest depth6,steer,carcass weight,720,MAE,3,Test,14.52053353465062
Random Forest depth6,steer,carcass weight,720,MAE,4,Test,15.957491008597229
Random Forest depth6,steer,carcass weight,720,MAE,5,Test,15.49952611533928
Random Forest depth6,steer,carcass weight,720,MSE,1,Train,323.9678305255972
Random Forest depth6,steer,carcass weight,720,MSE,2,Train,328.7284014147873
Random Forest depth6,steer,carcass weight,720,MSE,3,Train,326.4134000668872
Random Forest depth6,steer,carcass weight,720,MSE,4,Train,317.4986901409791
Random Forest depth6,steer,carcass weight,720,MSE,5,Train,311.6376724552366
Random Forest depth6,steer,carcass weight,720,MSE,1,Test,350.5348128709756
Random Forest depth6,steer,carcass weight,720,MSE,2,Test,338.91109230793165
Random Forest depth6,steer,carcass weight,720,MSE,3,Test,364.28669312484584
Random Forest depth6,steer,carcass weight,720,MSE,4,Test,399.65440331368524
Random Forest depth6,steer,carcass weight,720,MSE,5,Test,425.0107084416233
Random Forest depth6,heifer,carcass weight,720,MAE,1,Train,10.345752282873384
Random Forest depth6,heifer,carcass weight,720,MAE,2,Train,11.077796835542932
Random Forest depth6,heifer,carcass weight,720,MAE,3,Train,10.927097408234122
Random Forest depth6,heifer,carcass weight,720,MAE,4,Train,11.124014446924614
Random Forest depth6,heifer,carcass weight,720,MAE,5,Train,12.318087301587322
Random Forest depth6,heifer,carcass weight,720,MAE,1,Test,26.809169282106787
Random Forest depth6,heifer,carcass weight,720,MAE,2,Test,14.383449720418454
Random Forest depth6,heifer,carcass weight,720,MAE,3,Test,13.718475942460323
Random Forest depth6,heifer,carcass weight,720,MAE,4,Test,17.58029788961045
Random Forest depth6,heifer,carcass weight,720,MAE,5,Test,11.587677128427288
Random Forest depth6,heifer,carcass weight,720,MSE,1,Train,150.46808072566694
Random Forest depth6,heifer,carcass weight,720,MSE,2,Train,205.0067445766034
Random Forest depth6,heifer,carcass weight,720,MSE,3,Train,167.01610255275307
Random Forest depth6,heifer,carcass weight,720,MSE,4,Train,177.31674222568083
Random Forest depth6,heifer,carcass weight,720,MSE,5,Train,217.96467750024388
Random Forest depth6,heifer,carcass weight,720,MSE,1,Test,1169.5508278486716
Random Forest depth6,heifer,carcass weight,720,MSE,2,Test,225.20081780650017
Random Forest depth6,heifer,carcass weight,720,MSE,3,Test,281.18459793126954
Random Forest depth6,heifer,carcass weight,720,MSE,4,Test,411.85529900109333
Random Forest depth6,heifer,carcass weight,720,MSE,5,Test,165.8828853735089
Random Forest depth6,cow,price,720,MAE,1,Train,81.92518459107386
Random Forest depth6,cow,price,720,MAE,2,Train,75.67788445082167
Random Forest depth6,cow,price,720,MAE,3,Train,86.82842150049176
Random Forest depth6,cow,price,720,MAE,4,Train,79.64219671409626
Random Forest depth6,cow,price,720,MAE,5,Train,95.96244894688375
Random Forest depth6,cow,price,720,MAE,1,Test,103.91709801658024
Random Forest depth6,cow,price,720,MAE,2,Test,122.8704238324899
Random Forest depth6,cow,price,720,MAE,3,Test,76.82500611406975
Random Forest depth6,cow,price,720,MAE,4,Test,103.88395086667998
Random Forest depth6,cow,price,720,MAE,5,Test,37.37351847926314
Random Forest depth6,cow,price,720,MSE,1,Train,10150.270786506537
Random Forest depth6,cow,price,720,MSE,2,Train,9565.33218459236
Random Forest depth6,cow,price,720,MSE,3,Train,12666.914354995237
Random Forest depth6,cow,price,720,MSE,4,Train,11159.955065722963
Random Forest depth6,cow,price,720,MSE,5,Train,14162.28831605599
Random Forest depth6,cow,price,720,MSE,1,Test,19526.555283481113
Random Forest depth6,cow,price,720,MSE,2,Test,23652.508987283018
Random Forest depth6,cow,price,720,MSE,3,Test,8439.000367030503
Random Forest depth6,cow,price,720,MSE,4,Test,14519.757426931008
Random Forest depth6,cow,price,720,MSE,5,Test,1973.7674431116236
Random Forest depth6,steer,price,720,MAE,1,Train,83.1556610456775
Random Forest depth6,steer,price,720,MAE,2,Train,81.53052260800126
Random Forest depth6,steer,price,720,MAE,3,Train,82.87366617234356
Random Forest depth6,steer,price,720,MAE,4,Train,80.5925187031525
Random Forest depth6,steer,price,720,MAE,5,Train,80.67269812034448
Random Forest depth6,steer,price,720,MAE,1,Test,82.92039966505875
Random Forest depth6,steer,price,720,MAE,2,Test,88.25237597066605
Random Forest depth6,steer,price,720,MAE,3,Test,85.37781831311662
Random Forest depth6,steer,price,720,MAE,4,Test,94.15916188243749
Random Forest depth6,steer,price,720,MAE,5,Test,91.66642833071282
Random Forest depth6,steer,price,720,MSE,1,Train,11280.773035931352
Random Forest depth6,steer,price,720,MSE,2,Train,11445.697167018367
Random Forest depth6,steer,price,720,MSE,3,Train,11363.029272314114
Random Forest depth6,steer,price,720,MSE,4,Train,11055.85085458348
Random Forest depth6,steer,price,720,MSE,5,Train,10849.304846578136
Random Forest depth6,steer,price,720,MSE,1,Test,12214.320900969147
Random Forest depth6,steer,price,720,MSE,2,Test,11805.258445781556
Random Forest depth6,steer,price,720,MSE,3,Test,12625.673034910065
Random Forest depth6,steer,price,720,MSE,4,Test,13910.834198586008
Random Forest depth6,steer,price,720,MSE,5,Test,14805.247092440299
Random Forest depth6,heifer,price,720,MAE,1,Train,60.92030783617439
Random Forest depth6,heifer,price,720,MAE,2,Train,64.88816366792929
Random Forest depth6,heifer,price,720,MAE,3,Train,63.93791918402768
Random Forest depth6,heifer,price,720,MAE,4,Train,65.2710832465277
Random Forest depth6,heifer,price,720,MAE,5,Train,68.95133229166656
Random Forest depth6,heifer,price,720,MAE,1,Test,155.80911638257612
Random Forest depth6,heifer,price,720,MAE,2,Test,84.24784308711997
Random Forest depth6,heifer,price,720,MAE,3,Test,76.80981527777783
Random Forest depth6,heifer,price,720,MAE,4,Test,97.77645047348597
Random Forest depth6,heifer,price,720,MAE,5,Test,102.32530555555684
Random Forest depth6,heifer,price,720,MSE,1,Train,5014.394794078066
Random Forest depth6,heifer,price,720,MSE,2,Train,6784.755634708319
Random Forest depth6,heifer,price,720,MSE,3,Train,5531.2904720402785
Random Forest depth6,heifer,price,720,MSE,4,Train,5943.451187591285
Random Forest depth6,heifer,price,720,MSE,5,Train,6833.0645312827855
Random Forest depth6,heifer,price,720,MSE,1,Test,40508.21390602908
Random Forest depth6,heifer,price,720,MSE,2,Test,7606.918771925682
Random Forest depth6,heifer,price,720,MSE,3,Test,8812.284025505167
Random Forest depth6,heifer,price,720,MSE,4,Test,12692.468815612065
Random Forest depth6,heifer,price,720,MSE,5,Test,12896.181210905117
Random Forest depth6,cow,Total number of defects,720,MAE,1,Train,0.7069308659567012
Random Forest depth6,cow,Total number of defects,720,MAE,2,Train,0.6881127737465275
Random Forest depth6,cow,Total number of defects,720,MAE,3,Train,0.7171436233894066
Random Forest depth6,cow,Total number of defects,720,MAE,4,Train,0.7384265837016181
Random Forest depth6,cow,Total number of defects,720,MAE,5,Train,0.6636209256677752
Random Forest depth6,cow,Total number of defects,720,MAE,1,Test,0.7479681365800211
Random Forest depth6,cow,Total number of defects,720,MAE,2,Test,0.8184100961847239
Random Forest depth6,cow,Total number of defects,720,MAE,3,Test,0.691122818748508
Random Forest depth6,cow,Total number of defects,720,MAE,4,Test,0.5847346069362452
Random Forest depth6,cow,Total number of defects,720,MAE,5,Test,0.8160125961206413
Random Forest depth6,cow,Total number of defects,720,MSE,1,Train,0.8788912677914219
Random Forest depth6,cow,Total number of defects,720,MSE,2,Train,0.7575259221455742
Random Forest depth6,cow,Total number of defects,720,MSE,3,Train,0.8492123901630373
Random Forest depth6,cow,Total number of defects,720,MSE,4,Train,0.9361794805824648
Random Forest depth6,cow,Total number of defects,720,MSE,5,Train,0.779236604415851
Random Forest depth6,cow,Total number of defects,720,MSE,1,Test,0.776345650126075
Random Forest depth6,cow,Total number of defects,720,MSE,2,Test,1.2064177332621482
Random Forest depth6,cow,Total number of defects,720,MSE,3,Test,0.8290059544081623
Random Forest depth6,cow,Total number of defects,720,MSE,4,Test,0.47819698847477543
Random Forest depth6,cow,Total number of defects,720,MSE,5,Test,1.1584734061496569
Random Forest depth6,steer,Total number of defects,720,MAE,1,Train,0.3217680621228603
Random Forest depth6,steer,Total number of defects,720,MAE,2,Train,0.3338527525823789
Random Forest depth6,steer,Total number of defects,720,MAE,3,Train,0.3336624054958643
Random Forest depth6,steer,Total number of defects,720,MAE,4,Train,0.3485351618702683
Random Forest depth6,steer,Total number of defects,720,MAE,5,Train,0.3321682372635614
Random Forest depth6,steer,Total number of defects,720,MAE,1,Test,0.5087468513016049
Random Forest depth6,steer,Total number of defects,720,MAE,2,Test,0.41143738016735215
Random Forest depth6,steer,Total number of defects,720,MAE,3,Test,0.39906224553159575
Random Forest depth6,steer,Total number of defects,720,MAE,4,Test,0.3360159404121146
Random Forest depth6,steer,Total number of defects,720,MAE,5,Test,0.41082480288945045
Random Forest depth6,steer,Total number of defects,720,MSE,1,Train,0.2577470395064602
Random Forest depth6,steer,Total number of defects,720,MSE,2,Train,0.3067669856238002
Random Forest depth6,steer,Total number of defects,720,MSE,3,Train,0.30122792222609013
Random Forest depth6,steer,Total number of defects,720,MSE,4,Train,0.33081832628961527
Random Forest depth6,steer,Total number of defects,720,MSE,5,Train,0.2869235677531627
Random Forest depth6,steer,Total number of defects,720,MSE,1,Test,0.9532100443274045
Random Forest depth6,steer,Total number of defects,720,MSE,2,Test,0.43147772809983476
Random Forest depth6,steer,Total number of defects,720,MSE,3,Test,0.517224935182745
Random Forest depth6,steer,Total number of defects,720,MSE,4,Test,0.2855278144467864
Random Forest depth6,steer,Total number of defects,720,MSE,5,Test,0.5013320606047728
Random Forest depth6,heifer,Total number of defects,720,MAE,1,Train,0.26232399891774894
Random Forest depth6,heifer,Total number of defects,720,MAE,2,Train,0.31566966540404034
Random Forest depth6,heifer,Total number of defects,720,MAE,3,Train,0.3612282986111111
Random Forest depth6,heifer,Total number of defects,720,MAE,4,Train,0.37203869047619054
Random Forest depth6,heifer,Total number of defects,720,MAE,5,Train,0.37117453553391055
Random Forest depth6,heifer,Total number of defects,720,MAE,1,Test,0.7690414862914864
Random Forest depth6,heifer,Total number of defects,720,MAE,2,Test,0.5065632215007215
Random Forest depth6,heifer,Total number of defects,720,MAE,3,Test,0.5590431547619046
Random Forest depth6,heifer,Total number of defects,720,MAE,4,Test,0.44982426948051946
Random Forest depth6,heifer,Total number of defects,720,MAE,5,Test,0.26589299242424247
Random Forest depth6,heifer,Total number of defects,720,MSE,1,Train,0.12787673057321242
Random Forest depth6,heifer,Total number of defects,720,MSE,2,Train,0.253448246774175
Random Forest depth6,heifer,Total number of defects,720,MSE,3,Train,0.2493516751270097
Random Forest depth6,heifer,Total number of defects,720,MSE,4,Train,0.2606525688891539
Random Forest depth6,heifer,Total number of defects,720,MSE,5,Train,0.2705044857438008
Random Forest depth6,heifer,Total number of defects,720,MSE,1,Test,1.0635845300960578
Random Forest depth6,heifer,Total number of defects,720,MSE,2,Test,0.38063654874310643
Random Forest depth6,heifer,Total number of defects,720,MSE,3,Test,0.4160854320466032
Random Forest depth6,heifer,Total number of defects,720,MSE,4,Test,0.27003191253860787
Random Forest depth6,heifer,Total number of defects,720,MSE,5,Test,0.22287962983169768
LightGBM depth4,cow,live weight,3,MAE,1,Train,48.07777777777777
LightGBM depth4,cow,live weight,3,MAE,2,Train,41.25186260215029
LightGBM depth4,cow,live weight,3,MAE,3,Train,45.7414171195187
LightGBM depth4,cow,live weight,3,MAE,4,Train,44.82132948212942
LightGBM depth4,cow,live weight,3,MAE,5,Train,53.665157316443334
LightGBM depth4,cow,live weight,3,MAE,1,Test,45.97333333333334
LightGBM depth4,cow,live weight,3,MAE,2,Test,69.23123152449324
LightGBM depth4,cow,live weight,3,MAE,3,Test,50.97177158848299
LightGBM depth4,cow,live weight,3,MAE,4,Test,57.35195250181822
LightGBM depth4,cow,live weight,3,MAE,5,Test,18.804203984257683
LightGBM depth4,cow,live weight,3,MSE,1,Train,3733.3552469135807
LightGBM depth4,cow,live weight,3,MSE,2,Train,2786.9518042366763
LightGBM depth4,cow,live weight,3,MSE,3,Train,3731.6717750182615
LightGBM depth4,cow,live weight,3,MSE,4,Train,3330.7263696128593
LightGBM depth4,cow,live weight,3,MSE,5,Train,4397.859108838573
LightGBM depth4,cow,live weight,3,MSE,1,Test,3518.3310864197542
LightGBM depth4,cow,live weight,3,MSE,2,Test,7216.743727464807
LightGBM depth4,cow,live weight,3,MSE,3,Test,3390.6340295385367
LightGBM depth4,cow,live weight,3,MSE,4,Test,4937.888000087426
LightGBM depth4,cow,live weight,3,MSE,5,Test,449.63908014803553
LightGBM depth4,steer,live weight,3,MAE,1,Train,28.35543540953584
LightGBM depth4,steer,live weight,3,MAE,2,Train,26.12587853654651
LightGBM depth4,steer,live weight,3,MAE,3,Train,29.290603053027244
LightGBM depth4,steer,live weight,3,MAE,4,Train,27.2293577150726
LightGBM depth4,steer,live weight,3,MAE,5,Train,28.772517120868145
LightGBM depth4,steer,live weight,3,MAE,1,Test,28.15592279603149
LightGBM depth4,steer,live weight,3,MAE,2,Test,37.28212568166531
LightGBM depth4,steer,live weight,3,MAE,3,Test,28.89897263920966
LightGBM depth4,steer,live weight,3,MAE,4,Test,32.518016548383315
LightGBM depth4,steer,live weight,3,MAE,5,Test,26.287719770887783
LightGBM depth4,steer,live weight,3,MSE,1,Train,2026.155566359491
LightGBM depth4,steer,live weight,3,MSE,2,Train,1145.5766411259617
LightGBM depth4,steer,live weight,3,MSE,3,Train,1947.4752951096846
LightGBM depth4,steer,live weight,3,MSE,4,Train,1927.2024014264227
LightGBM depth4,steer,live weight,3,MSE,5,Train,2089.908619078774
LightGBM depth4,steer,live weight,3,MSE,1,Test,1190.5675246957555
LightGBM depth4,steer,live weight,3,MSE,2,Test,5026.818106842863
LightGBM depth4,steer,live weight,3,MSE,3,Test,1698.7662152087423
LightGBM depth4,steer,live weight,3,MSE,4,Test,1656.0834566039148
LightGBM depth4,steer,live weight,3,MSE,5,Test,1013.4916066560926
LightGBM depth4,heifer,live weight,3,MAE,1,Train,18.686002287514857
LightGBM depth4,heifer,live weight,3,MAE,2,Train,16.920793098234405
LightGBM depth4,heifer,live weight,3,MAE,3,Train,17.151652607043165
LightGBM depth4,heifer,live weight,3,MAE,4,Train,17.201935721549887
LightGBM depth4,heifer,live weight,3,MAE,5,Train,15.066418975886398
LightGBM depth4,heifer,live weight,3,MAE,1,Test,12.810778031613504
LightGBM depth4,heifer,live weight,3,MAE,2,Test,22.958865215566217
LightGBM depth4,heifer,live weight,3,MAE,3,Test,17.802109839924437
LightGBM depth4,heifer,live weight,3,MAE,4,Test,18.887306055484483
LightGBM depth4,heifer,live weight,3,MAE,5,Test,25.927228372265763
LightGBM depth4,heifer,live weight,3,MSE,1,Train,598.4426320609417
LightGBM depth4,heifer,live weight,3,MSE,2,Train,482.34164432240556
LightGBM depth4,heifer,live weight,3,MSE,3,Train,525.4463972822447
LightGBM depth4,heifer,live weight,3,MSE,4,Train,536.2007252224831
LightGBM depth4,heifer,live weight,3,MSE,5,Train,420.29495321955665
LightGBM depth4,heifer,live weight,3,MSE,1,Test,258.2869669588718
LightGBM depth4,heifer,live weight,3,MSE,2,Test,1018.0753586599168
LightGBM depth4,heifer,live weight,3,MSE,3,Test,618.6481970877484
LightGBM depth4,heifer,live weight,3,MSE,4,Test,573.6146659702658
LightGBM depth4,heifer,live weight,3,MSE,5,Test,1195.4909166797718
LightGBM depth4,cow,carcass weight,3,MAE,1,Train,26.475308641975314
LightGBM depth4,cow,carcass weight,3,MAE,2,Train,22.566106647187727
LightGBM depth4,cow,carcass weight,3,MAE,3,Train,24.86121256391526
LightGBM depth4,cow,carcass weight,3,MAE,4,Train,24.50693937180424
LightGBM depth4,cow,carcass weight,3,MAE,5,Train,28.382761139517893
LightGBM depth4,cow,carcass weight,3,MAE,1,Test,25.03333333333335
LightGBM depth4,cow,carcass weight,3,MAE,2,Test,37.049549549549546
LightGBM depth4,cow,carcass weight,3,MAE,3,Test,27.545045045045054
LightGBM depth4,cow,carcass weight,3,MAE,4,Test,29.566066066066057
LightGBM depth4,cow,carcass weight,3,MAE,5,Test,12.48198198198198
LightGBM depth4,cow,carcass weight,3,MSE,1,Train,1076.3001543209875
LightGBM depth4,cow,carcass weight,3,MSE,2,Train,924.6322132943754
LightGBM depth4,cow,carcass weight,3,MSE,3,Train,1152.5628195763331
LightGBM depth4,cow,carcass weight,3,MSE,4,Train,1069.5745069393718
LightGBM depth4,cow,carcass weight,3,MSE,5,Train,1334.4970781592401
LightGBM depth4,cow,carcass weight,3,MSE,1,Test,1386.2859567901246
LightGBM depth4,cow,carcass weight,3,MSE,2,Test,1985.0757446635823
LightGBM depth4,cow,carcass weight,3,MSE,3,Test,1037.9529461894333
LightGBM depth4,cow,carcass weight,3,MSE,4,Test,1353.8872047723396
LightGBM depth4,cow,carcass weight,3,MSE,5,Test,244.06673565457348
LightGBM depth4,steer,carcass weight,3,MAE,1,Train,14.408110300110497
LightGBM depth4,steer,carcass weight,3,MAE,2,Train,13.737868931067288
LightGBM depth4,steer,carcass weight,3,MAE,3,Train,14.43125488558595
LightGBM depth4,steer,carcass weight,3,MAE,4,Train,13.391238960933052
LightGBM depth4,steer,carcass weight,3,MAE,5,Train,13.97593697333759
LightGBM depth4,steer,carcass weight,3,MAE,1,Test,13.019500972864579
LightGBM depth4,steer,carcass weight,3,MAE,2,Test,16.260948535274093
LightGBM depth4,steer,carcass weight,3,MAE,3,Test,13.236836415843225
LightGBM depth4,steer,carcass weight,3,MAE,4,Test,17.643188231256516
LightGBM depth4,steer,carcass weight,3,MAE,5,Test,15.820232153108435
LightGBM depth4,steer,carcass weight,3,MSE,1,Train,350.720203730187
LightGBM depth4,steer,carcass weight,3,MSE,2,Train,321.82460379421735
LightGBM depth4,steer,carcass weight,3,MSE,3,Train,347.2349370122358
LightGBM depth4,steer,carcass weight,3,MSE,4,Train,296.42578311501154
LightGBM depth4,steer,carcass weight,3,MSE,5,Train,332.71482006268053
LightGBM depth4,steer,carcass weight,3,MSE,1,Test,286.9464392471704
LightGBM depth4,steer,carcass weight,3,MSE,2,Test,425.0376123446496
LightGBM depth4,steer,carcass weight,3,MSE,3,Test,316.0949824468997
LightGBM depth4,steer,carcass weight,3,MSE,4,Test,543.9242095864843
LightGBM depth4,steer,carcass weight,3,MSE,5,Test,381.339468033848
LightGBM depth4,heifer,carcass weight,3,MAE,1,Train,11.20586468958779
LightGBM depth4,heifer,carcass weight,3,MAE,2,Train,9.791454289600962
LightGBM depth4,heifer,carcass weight,3,MAE,3,Train,9.962914999537631
LightGBM depth4,heifer,carcass weight,3,MAE,4,Train,10.360444061023458
LightGBM depth4,heifer,carcass weight,3,MAE,5,Train,8.857314326914391
LightGBM depth4,heifer,carcass weight,3,MAE,1,Test,6.693139190225398
LightGBM depth4,heifer,carcass weight,3,MAE,2,Test,13.655666841948332
LightGBM depth4,heifer,carcass weight,3,MAE,3,Test,12.102076691708609
LightGBM depth4,heifer,carcass weight,3,MAE,4,Test,10.833708101898756
LightGBM depth4,heifer,carcass weight,3,MAE,5,Test,14.738307314933502
LightGBM depth4,heifer,carcass weight,3,MSE,1,Train,218.04713468664713
LightGBM depth4,heifer,carcass weight,3,MSE,2,Train,167.71355556770942
LightGBM depth4,heifer,carcass weight,3,MSE,3,Train,180.4118944502254
LightGBM depth4,heifer,carcass weight,3,MSE,4,Train,190.51140961448579
LightGBM depth4,heifer,carcass weight,3,MSE,5,Train,148.6286847978564
LightGBM depth4,heifer,carcass weight,3,MSE,1,Test,65.25749072620205
LightGBM depth4,heifer,carcass weight,3,MSE,2,Test,357.1564319808414
LightGBM depth4,heifer,carcass weight,3,MSE,3,Test,251.16544778755346
LightGBM depth4,heifer,carcass weight,3,MSE,4,Test,190.95733248076388
LightGBM depth4,heifer,carcass weight,3,MSE,5,Test,386.74398120273446
LightGBM depth4,cow,price,3,MAE,1,Train,105.9296295542776
LightGBM depth4,cow,price,3,MAE,2,Train,88.29839274682992
LightGBM depth4,cow,price,3,MAE,3,Train,97.50503973838967
LightGBM depth4,cow,price,3,MAE,4,Train,99.87019743825327
LightGBM depth4,cow,price,3,MAE,5,Train,106.9143899052399
LightGBM depth4,cow,price,3,MAE,1,Test,91.59249959309899
LightGBM depth4,cow,price,3,MAE,2,Test,142.1792789493595
LightGBM depth4,cow,price,3,MAE,3,Test,105.53873950855153
LightGBM depth4,cow,price,3,MAE,4,Test,102.57747835726349
LightGBM depth4,cow,price,3,MAE,5,Test,71.02342320347692
LightGBM depth4,cow,price,3,MSE,1,Train,17962.01685763889
LightGBM depth4,cow,price,3,MSE,2,Train,13913.479952520096
LightGBM depth4,cow,price,3,MSE,3,Train,17509.994737034336
LightGBM depth4,cow,price,3,MSE,4,Train,16146.839353542744
LightGBM depth4,cow,price,3,MSE,5,Train,19689.8892074507
LightGBM depth4,cow,price,3,MSE,1,Test,16054.458271383788
LightGBM depth4,cow,price,3,MSE,2,Test,31405.61016650071
LightGBM depth4,cow,price,3,MSE,3,Test,16301.115096123174
LightGBM depth4,cow,price,3,MSE,4,Test,21500.693208213488
LightGBM depth4,cow,price,3,MSE,5,Test,6820.101077557188
LightGBM depth4,steer,price,3,MAE,1,Train,84.99873073736731
LightGBM depth4,steer,price,3,MAE,2,Train,81.01674772374982
LightGBM depth4,steer,price,3,MAE,3,Train,85.19901962213488
LightGBM depth4,steer,price,3,MAE,4,Train,78.95814343726336
LightGBM depth4,steer,price,3,MAE,5,Train,82.45802827498684
LightGBM depth4,steer,price,3,MAE,1,Test,76.8610796034299
LightGBM depth4,steer,price,3,MAE,2,Test,95.92854410627432
LightGBM depth4,steer,price,3,MAE,3,Test,78.30312234482591
LightGBM depth4,steer,price,3,MAE,4,Test,103.88239665385572
LightGBM depth4,steer,price,3,MAE,5,Test,93.26375710262542
LightGBM depth4,steer,price,3,MSE,1,Train,12204.698345886356
LightGBM depth4,steer,price,3,MSE,2,Train,11203.441424077431
LightGBM depth4,steer,price,3,MSE,3,Train,12088.814230824284
LightGBM depth4,steer,price,3,MSE,4,Train,10312.557075415478
LightGBM depth4,steer,price,3,MSE,5,Train,11581.802903173293
LightGBM depth4,steer,price,3,MSE,1,Test,10009.278858583153
LightGBM depth4,steer,price,3,MSE,2,Test,14789.962621624638
LightGBM depth4,steer,price,3,MSE,3,Test,11040.350126539177
LightGBM depth4,steer,price,3,MSE,4,Test,18819.35843416259
LightGBM depth4,steer,price,3,MSE,5,Test,13272.116644751013
LightGBM depth4,heifer,price,3,MAE,1,Train,62.93823616625084
LightGBM depth4,heifer,price,3,MAE,2,Train,55.17273860287159
LightGBM depth4,heifer,price,3,MAE,3,Train,55.898969783660654
LightGBM depth4,heifer,price,3,MAE,4,Train,58.01848676002668
LightGBM depth4,heifer,price,3,MAE,5,Train,49.80610720213763
LightGBM depth4,heifer,price,3,MAE,1,Test,39.78889290601971
LightGBM depth4,heifer,price,3,MAE,2,Test,75.945716293143
LightGBM depth4,heifer,price,3,MAE,3,Test,67.04016675893247
LightGBM depth4,heifer,price,3,MAE,4,Test,66.98069281481753
LightGBM depth4,heifer,price,3,MAE,5,Test,84.33618537793414
LightGBM depth4,heifer,price,3,MSE,1,Train,7006.937743622993
LightGBM depth4,heifer,price,3,MSE,2,Train,5375.969765355817
LightGBM depth4,heifer,price,3,MSE,3,Train,5779.505349189587
LightGBM depth4,heifer,price,3,MSE,4,Train,5974.437756534234
LightGBM depth4,heifer,price,3,MSE,5,Train,4755.212551042734
LightGBM depth4,heifer,price,3,MSE,1,Test,2225.1301427950348
LightGBM depth4,heifer,price,3,MSE,2,Test,11490.414536271435
LightGBM depth4,heifer,price,3,MSE,3,Test,8032.51781230699
LightGBM depth4,heifer,price,3,MSE,4,Test,7165.912045284189
LightGBM depth4,heifer,price,3,MSE,5,Test,12658.808074673152
LightGBM depth4,cow,Total number of defects,3,MAE,1,Train,0.7901234567901234
LightGBM depth4,cow,Total number of defects,3,MAE,2,Train,0.8195763330898467
LightGBM depth4,cow,Total number of defects,3,MAE,3,Train,0.7888970051132214
LightGBM depth4,cow,Total number of defects,3,MAE,4,Train,0.8108108108108109
LightGBM depth4,cow,Total number of defects,3,MAE,5,Train,0.8444119795471147
LightGBM depth4,cow,Total number of defects,3,MAE,1,Test,0.9222222222222222
LightGBM depth4,cow,Total number of defects,3,MAE,2,Test,0.8138138138138138
LightGBM depth4,cow,Total number of defects,3,MAE,3,Test,0.8858858858858859
LightGBM depth4,cow,Total number of defects,3,MAE,4,Test,0.7777777777777778
LightGBM depth4,cow,Total number of defects,3,MAE,5,Test,0.6936936936936937
LightGBM depth4,cow,Total number of defects,3,MSE,1,Train,1.0432098765432098
LightGBM depth4,cow,Total number of defects,3,MSE,2,Train,0.9612856099342585
LightGBM depth4,cow,Total number of defects,3,MSE,3,Train,1.0533235938641345
LightGBM depth4,cow,Total number of defects,3,MSE,4,Train,1.135135135135135
LightGBM depth4,cow,Total number of defects,3,MSE,5,Train,1.101533966398832
LightGBM depth4,cow,Total number of defects,3,MSE,1,Test,1.134567901234568
LightGBM depth4,cow,Total number of defects,3,MSE,2,Test,1.4801558315071826
LightGBM depth4,cow,Total number of defects,3,MSE,3,Test,1.099829559289019
LightGBM depth4,cow,Total number of defects,3,MSE,4,Test,0.7777777777777778
LightGBM depth4,cow,Total number of defects,3,MSE,5,Test,0.8954630305981657
LightGBM depth4,steer,Total number of defects,3,MAE,1,Train,0.3149172038886923
LightGBM depth4,steer,Total number of defects,3,MAE,2,Train,0.3678032312162937
LightGBM depth4,steer,Total number of defects,3,MAE,3,Train,0.35886740597823036
LightGBM depth4,steer,Total number of defects,3,MAE,4,Train,0.3462507595193321
LightGBM depth4,steer,Total number of defects,3,MAE,5,Train,0.3142786737077401
LightGBM depth4,steer,Total number of defects,3,MAE,1,Test,0.403716549501291
LightGBM depth4,steer,Total number of defects,3,MAE,2,Test,0.308272103264305
LightGBM depth4,steer,Total number of defects,3,MAE,3,Test,0.3541605430749271
LightGBM depth4,steer,Total number of defects,3,MAE,4,Test,0.3920605900343771
LightGBM depth4,steer,Total number of defects,3,MAE,5,Test,0.3977634839090719
LightGBM depth4,steer,Total number of defects,3,MSE,1,Train,0.30091212291471153
LightGBM depth4,steer,Total number of defects,3,MSE,2,Train,0.348683609395608
LightGBM depth4,steer,Total number of defects,3,MSE,3,Train,0.3396668254720705
LightGBM depth4,steer,Total number of defects,3,MSE,4,Train,0.30089963235545386
LightGBM depth4,steer,Total number of defects,3,MSE,5,Train,0.3154376637791768
LightGBM depth4,steer,Total number of defects,3,MSE,1,Test,0.4781949910936614
LightGBM depth4,steer,Total number of defects,3,MSE,2,Test,0.26352694510174735
LightGBM depth4,steer,Total number of defects,3,MSE,3,Test,0.3259419076771266
LightGBM depth4,steer,Total number of defects,3,MSE,4,Test,0.5837526900030039
LightGBM depth4,steer,Total number of defects,3,MSE,5,Test,0.37836509337843793
LightGBM depth4,heifer,Total number of defects,3,MAE,1,Train,0.5773802568072132
LightGBM depth4,heifer,Total number of defects,3,MAE,2,Train,0.5009893796085219
LightGBM depth4,heifer,Total number of defects,3,MAE,3,Train,0.5431549197757983
LightGBM depth4,heifer,Total number of defects,3,MAE,4,Train,0.4500467762130562
LightGBM depth4,heifer,Total number of defects,3,MAE,5,Train,0.5251653333678215
LightGBM depth4,heifer,Total number of defects,3,MAE,1,Test,0.38484230249690377
LightGBM depth4,heifer,Total number of defects,3,MAE,2,Test,0.6778094924247563
LightGBM depth4,heifer,Total number of defects,3,MAE,3,Test,0.4351607671249013
LightGBM depth4,heifer,Total number of defects,3,MAE,4,Test,0.774687283199432
LightGBM depth4,heifer,Total number of defects,3,MAE,5,Test,0.6674757058661446
LightGBM depth4,heifer,Total number of defects,3,MSE,1,Train,0.6823358181337138
LightGBM depth4,heifer,Total number of defects,3,MSE,2,Train,0.5037309559743474
LightGBM depth4,heifer,Total number of defects,3,MSE,3,Train,0.6590239378989777
LightGBM depth4,heifer,Total number of defects,3,MSE,4,Train,0.4045435916740769
LightGBM depth4,heifer,Total number of defects,3,MSE,5,Train,0.5887144001717511
LightGBM depth4,heifer,Total number of defects,3,MSE,1,Test,0.23345144137004567
LightGBM depth4,heifer,Total number of defects,3,MSE,2,Test,0.9930861472364261
LightGBM depth4,heifer,Total number of defects,3,MSE,3,Test,0.3002468900375437
LightGBM depth4,heifer,Total number of defects,3,MSE,4,Test,1.458790182132016
LightGBM depth4,heifer,Total number of defects,3,MSE,5,Test,0.6544159846308623
LightGBM depth4,cow,live weight,7,MAE,1,Train,48.07777777777777
LightGBM depth4,cow,live weight,7,MAE,2,Train,41.25186260215029
LightGBM depth4,cow,live weight,7,MAE,3,Train,45.7414171195187
LightGBM depth4,cow,live weight,7,MAE,4,Train,44.82132948212942
LightGBM depth4,cow,live weight,7,MAE,5,Train,53.665157316443334
LightGBM depth4,cow,live weight,7,MAE,1,Test,45.97333333333334
LightGBM depth4,cow,live weight,7,MAE,2,Test,69.23123152449324
LightGBM depth4,cow,live weight,7,MAE,3,Test,50.97177158848299
LightGBM depth4,cow,live weight,7,MAE,4,Test,57.35195250181822
LightGBM depth4,cow,live weight,7,MAE,5,Test,18.804203984257683
LightGBM depth4,cow,live weight,7,MSE,1,Train,3733.3552469135807
LightGBM depth4,cow,live weight,7,MSE,2,Train,2786.9518042366763
LightGBM depth4,cow,live weight,7,MSE,3,Train,3731.6717750182615
LightGBM depth4,cow,live weight,7,MSE,4,Train,3330.7263696128593
LightGBM depth4,cow,live weight,7,MSE,5,Train,4397.859108838573
LightGBM depth4,cow,live weight,7,MSE,1,Test,3518.3310864197542
LightGBM depth4,cow,live weight,7,MSE,2,Test,7216.743727464807
LightGBM depth4,cow,live weight,7,MSE,3,Test,3390.6340295385367
LightGBM depth4,cow,live weight,7,MSE,4,Test,4937.888000087426
LightGBM depth4,cow,live weight,7,MSE,5,Test,449.63908014803553
LightGBM depth4,steer,live weight,7,MAE,1,Train,28.305102156992596
LightGBM depth4,steer,live weight,7,MAE,2,Train,26.117055668889485
LightGBM depth4,steer,live weight,7,MAE,3,Train,29.243951037315927
LightGBM depth4,steer,live weight,7,MAE,4,Train,27.260413348640025
LightGBM depth4,steer,live weight,7,MAE,5,Train,28.773396375718452
LightGBM depth4,steer,live weight,7,MAE,1,Test,28.146714312073517
LightGBM depth4,steer,live weight,7,MAE,2,Test,37.43813694749978
LightGBM depth4,steer,live weight,7,MAE,3,Test,28.91762829460834
LightGBM depth4,steer,live weight,7,MAE,4,Test,32.51449797187945
LightGBM depth4,steer,live weight,7,MAE,5,Test,26.22914544664487
LightGBM depth4,steer,live weight,7,MSE,1,Train,2025.4472168686748
LightGBM depth4,steer,live weight,7,MSE,2,Train,1145.47907746036
LightGBM depth4,steer,live weight,7,MSE,3,Train,1946.2340717305626
LightGBM depth4,steer,live weight,7,MSE,4,Train,1928.477228627619
LightGBM depth4,steer,live weight,7,MSE,5,Train,2089.5113553643773
LightGBM depth4,steer,live weight,7,MSE,1,Test,1191.1334135299626
LightGBM depth4,steer,live weight,7,MSE,2,Test,5038.911862627852
LightGBM depth4,steer,live weight,7,MSE,3,Test,1697.7666948803424
LightGBM depth4,steer,live weight,7,MSE,4,Test,1656.7885383292457
LightGBM depth4,steer,live weight,7,MSE,5,Test,1021.238710030814
LightGBM depth4,heifer,live weight,7,MAE,1,Train,18.698246596803145
LightGBM depth4,heifer,live weight,7,MAE,2,Train,16.919804239608116
LightGBM depth4,heifer,live weight,7,MAE,3,Train,17.201778791044063
LightGBM depth4,heifer,live weight,7,MAE,4,Train,17.20696705257706
LightGBM depth4,heifer,live weight,7,MAE,5,Train,15.015427017512575
LightGBM depth4,heifer,live weight,7,MAE,1,Test,12.82233093119664
LightGBM depth4,heifer,live weight,7,MAE,2,Test,22.989698845769503
LightGBM depth4,heifer,live weight,7,MAE,3,Test,17.60418779645903
LightGBM depth4,heifer,live weight,7,MAE,4,Test,18.98714724846607
LightGBM depth4,heifer,live weight,7,MAE,5,Test,26.48044495940424
LightGBM depth4,heifer,live weight,7,MSE,1,Train,597.554420175098
LightGBM depth4,heifer,live weight,7,MSE,2,Train,482.5212840455553
LightGBM depth4,heifer,live weight,7,MSE,3,Train,530.713035897507
LightGBM depth4,heifer,live weight,7,MSE,4,Train,536.711533140741
LightGBM depth4,heifer,live weight,7,MSE,5,Train,417.44137734369605
LightGBM depth4,heifer,live weight,7,MSE,1,Test,255.95587059254402
LightGBM depth4,heifer,live weight,7,MSE,2,Test,1018.207970420043
LightGBM depth4,heifer,live weight,7,MSE,3,Test,603.744105721206
LightGBM depth4,heifer,live weight,7,MSE,4,Test,573.6089417830113
LightGBM depth4,heifer,live weight,7,MSE,5,Test,1246.6872832182098
LightGBM depth4,cow,carcass weight,7,MAE,1,Train,26.475308641975314
LightGBM depth4,cow,carcass weight,7,MAE,2,Train,22.566106647187727
LightGBM depth4,cow,carcass weight,7,MAE,3,Train,24.86121256391526
LightGBM depth4,cow,carcass weight,7,MAE,4,Train,24.50693937180424
LightGBM depth4,cow,carcass weight,7,MAE,5,Train,28.382761139517893
LightGBM depth4,cow,carcass weight,7,MAE,1,Test,25.03333333333335
LightGBM depth4,cow,carcass weight,7,MAE,2,Test,37.049549549549546
LightGBM depth4,cow,carcass weight,7,MAE,3,Test,27.545045045045054
LightGBM depth4,cow,carcass weight,7,MAE,4,Test,29.566066066066057
LightGBM depth4,cow,carcass weight,7,MAE,5,Test,12.48198198198198
LightGBM depth4,cow,carcass weight,7,MSE,1,Train,1076.3001543209875
LightGBM depth4,cow,carcass weight,7,MSE,2,Train,924.6322132943754
LightGBM depth4,cow,carcass weight,7,MSE,3,Train,1152.5628195763331
LightGBM depth4,cow,carcass weight,7,MSE,4,Train,1069.5745069393718
LightGBM depth4,cow,carcass weight,7,MSE,5,Train,1334.4970781592401
LightGBM depth4,cow,carcass weight,7,MSE,1,Test,1386.2859567901246
LightGBM depth4,cow,carcass weight,7,MSE,2,Test,1985.0757446635823
LightGBM depth4,cow,carcass weight,7,MSE,3,Test,1037.9529461894333
LightGBM depth4,cow,carcass weight,7,MSE,4,Test,1353.8872047723396
LightGBM depth4,cow,carcass weight,7,MSE,5,Test,244.06673565457348
LightGBM depth4,steer,carcass weight,7,MAE,1,Train,14.40677616320216
LightGBM depth4,steer,carcass weight,7,MAE,2,Train,13.747265100851525
LightGBM depth4,steer,carcass weight,7,MAE,3,Train,14.410124498504041
LightGBM depth4,steer,carcass weight,7,MAE,4,Train,13.381936860759312
LightGBM depth4,steer,carcass weight,7,MAE,5,Train,13.99227723825659
LightGBM depth4,steer,carcass weight,7,MAE,1,Test,12.99124008333682
LightGBM depth4,steer,carcass weight,7,MAE,2,Test,16.252056756098913
LightGBM depth4,steer,carcass weight,7,MAE,3,Test,13.256756449250954
LightGBM depth4,steer,carcass weight,7,MAE,4,Test,17.596830879182054
LightGBM depth4,steer,carcass weight,7,MAE,5,Test,15.875561872173392
LightGBM depth4,steer,carcass weight,7,MSE,1,Train,350.57314580668503
LightGBM depth4,steer,carcass weight,7,MSE,2,Train,321.9889291604933
LightGBM depth4,steer,carcass weight,7,MSE,3,Train,347.09492611290784
LightGBM depth4,steer,carcass weight,7,MSE,4,Train,296.3399195981406
LightGBM depth4,steer,carcass weight,7,MSE,5,Train,332.60728248814723
LightGBM depth4,steer,carcass weight,7,MSE,1,Test,284.45386959241404
LightGBM depth4,steer,carcass weight,7,MSE,2,Test,426.53724475917096
LightGBM depth4,steer,carcass weight,7,MSE,3,Test,316.52791024900745
LightGBM depth4,steer,carcass weight,7,MSE,4,Test,541.6148167147338
LightGBM depth4,steer,carcass weight,7,MSE,5,Test,382.88979848394933
LightGBM depth4,heifer,carcass weight,7,MAE,1,Train,11.196374884895354
LightGBM depth4,heifer,carcass weight,7,MAE,2,Train,9.77603569694581
LightGBM depth4,heifer,carcass weight,7,MAE,3,Train,9.951484709268458
LightGBM depth4,heifer,carcass weight,7,MAE,4,Train,10.344816291469776
LightGBM depth4,heifer,carcass weight,7,MAE,5,Train,8.82481873914119
LightGBM depth4,heifer,carcass weight,7,MAE,1,Test,6.713200512576936
LightGBM depth4,heifer,carcass weight,7,MAE,2,Test,13.681625758868188
LightGBM depth4,heifer,carcass weight,7,MAE,3,Test,12.187220857265563
LightGBM depth4,heifer,carcass weight,7,MAE,4,Test,10.777328540054418
LightGBM depth4,heifer,carcass weight,7,MAE,5,Test,14.79270642013853
LightGBM depth4,heifer,carcass weight,7,MSE,1,Train,217.50659142885732
LightGBM depth4,heifer,carcass weight,7,MSE,2,Train,167.79503891557908
LightGBM depth4,heifer,carcass weight,7,MSE,3,Train,178.94452264573724
LightGBM depth4,heifer,carcass weight,7,MSE,4,Train,189.39339952780983
LightGBM depth4,heifer,carcass weight,7,MSE,5,Train,147.32160227956192
LightGBM depth4,heifer,carcass weight,7,MSE,1,Test,65.74646200581971
LightGBM depth4,heifer,carcass weight,7,MSE,2,Test,355.8674089326022
LightGBM depth4,heifer,carcass weight,7,MSE,3,Test,252.12679443592984
LightGBM depth4,heifer,carcass weight,7,MSE,4,Test,189.06374199420668
LightGBM depth4,heifer,carcass weight,7,MSE,5,Test,389.43701392176416
LightGBM depth4,cow,price,7,MAE,1,Train,105.9296295542776
LightGBM depth4,cow,price,7,MAE,2,Train,88.29839274682992
LightGBM depth4,cow,price,7,MAE,3,Train,97.50503973838967
LightGBM depth4,cow,price,7,MAE,4,Train,99.87019743825327
LightGBM depth4,cow,price,7,MAE,5,Train,106.9143899052399
LightGBM depth4,cow,price,7,MAE,1,Test,91.59249959309899
LightGBM depth4,cow,price,7,MAE,2,Test,142.1792789493595
LightGBM depth4,cow,price,7,MAE,3,Test,105.53873950855153
LightGBM depth4,cow,price,7,MAE,4,Test,102.57747835726349
LightGBM depth4,cow,price,7,MAE,5,Test,71.02342320347692
LightGBM depth4,cow,price,7,MSE,1,Train,17962.01685763889
LightGBM depth4,cow,price,7,MSE,2,Train,13913.479952520096
LightGBM depth4,cow,price,7,MSE,3,Train,17509.994737034336
LightGBM depth4,cow,price,7,MSE,4,Train,16146.839353542744
LightGBM depth4,cow,price,7,MSE,5,Train,19689.8892074507
LightGBM depth4,cow,price,7,MSE,1,Test,16054.458271383788
LightGBM depth4,cow,price,7,MSE,2,Test,31405.61016650071
LightGBM depth4,cow,price,7,MSE,3,Test,16301.115096123174
LightGBM depth4,cow,price,7,MSE,4,Test,21500.693208213488
LightGBM depth4,cow,price,7,MSE,5,Test,6820.101077557188
LightGBM depth4,steer,price,7,MAE,1,Train,85.01976136331997
LightGBM depth4,steer,price,7,MAE,2,Train,81.0240752744223
LightGBM depth4,steer,price,7,MAE,3,Train,85.09931837595649
LightGBM depth4,steer,price,7,MAE,4,Train,78.88139837303815
LightGBM depth4,steer,price,7,MAE,5,Train,82.55443584348605
LightGBM depth4,steer,price,7,MAE,1,Test,76.67096786624903
LightGBM depth4,steer,price,7,MAE,2,Test,95.80889579094116
LightGBM depth4,steer,price,7,MAE,3,Test,78.40245312047581
LightGBM depth4,steer,price,7,MAE,4,Test,103.55032574645492
LightGBM depth4,steer,price,7,MAE,5,Test,93.57415896017433
LightGBM depth4,steer,price,7,MSE,1,Train,12211.478904556881
LightGBM depth4,steer,price,7,MSE,2,Train,11201.550172420828
LightGBM depth4,steer,price,7,MSE,3,Train,12102.125642088167
LightGBM depth4,steer,price,7,MSE,4,Train,10297.700257640005
LightGBM depth4,steer,price,7,MSE,5,Train,11578.059522716703
LightGBM depth4,steer,price,7,MSE,1,Test,9904.686995463684
LightGBM depth4,steer,price,7,MSE,2,Test,14795.70559129137
LightGBM depth4,steer,price,7,MSE,3,Test,11034.801591728805
LightGBM depth4,steer,price,7,MSE,4,Test,18816.862447054795
LightGBM depth4,steer,price,7,MSE,5,Test,13325.593581896625
LightGBM depth4,heifer,price,7,MAE,1,Train,62.8318055981738
LightGBM depth4,heifer,price,7,MAE,2,Train,55.15834742913416
LightGBM depth4,heifer,price,7,MAE,3,Train,54.84880741967752
LightGBM depth4,heifer,price,7,MAE,4,Train,57.9309713353429
LightGBM depth4,heifer,price,7,MAE,5,Train,49.68676918230864
LightGBM depth4,heifer,price,7,MAE,1,Test,38.89419238714302
LightGBM depth4,heifer,price,7,MAE,2,Test,75.72432166355696
LightGBM depth4,heifer,price,7,MAE,3,Test,68.84444994106016
LightGBM depth4,heifer,price,7,MAE,4,Test,66.233896498153
LightGBM depth4,heifer,price,7,MAE,5,Test,84.67573326181454
LightGBM depth4,heifer,price,7,MSE,1,Train,6956.382802656344
LightGBM depth4,heifer,price,7,MSE,2,Train,5375.123831426201
LightGBM depth4,heifer,price,7,MSE,3,Train,5608.0142551982335
LightGBM depth4,heifer,price,7,MSE,4,Train,5939.376953470496
LightGBM depth4,heifer,price,7,MSE,5,Train,4702.590013322406
LightGBM depth4,heifer,price,7,MSE,1,Test,2134.52298235448
LightGBM depth4,heifer,price,7,MSE,2,Test,11454.604924417368
LightGBM depth4,heifer,price,7,MSE,3,Test,8114.672978406096
LightGBM depth4,heifer,price,7,MSE,4,Test,7026.112902278936
LightGBM depth4,heifer,price,7,MSE,5,Test,12706.459830932305
LightGBM depth4,cow,Total number of defects,7,MAE,1,Train,0.7901234567901234
LightGBM depth4,cow,Total number of defects,7,MAE,2,Train,0.8195763330898467
LightGBM depth4,cow,Total number of defects,7,MAE,3,Train,0.7888970051132214
LightGBM depth4,cow,Total number of defects,7,MAE,4,Train,0.8108108108108109
LightGBM depth4,cow,Total number of defects,7,MAE,5,Train,0.8444119795471147
LightGBM depth4,cow,Total number of defects,7,MAE,1,Test,0.9222222222222222
LightGBM depth4,cow,Total number of defects,7,MAE,2,Test,0.8138138138138138
LightGBM depth4,cow,Total number of defects,7,MAE,3,Test,0.8858858858858859
LightGBM depth4,cow,Total number of defects,7,MAE,4,Test,0.7777777777777778
LightGBM depth4,cow,Total number of defects,7,MAE,5,Test,0.6936936936936937
LightGBM depth4,cow,Total number of defects,7,MSE,1,Train,1.0432098765432098
LightGBM depth4,cow,Total number of defects,7,MSE,2,Train,0.9612856099342585
LightGBM depth4,cow,Total number of defects,7,MSE,3,Train,1.0533235938641345
LightGBM depth4,cow,Total number of defects,7,MSE,4,Train,1.135135135135135
LightGBM depth4,cow,Total number of defects,7,MSE,5,Train,1.101533966398832
LightGBM depth4,cow,Total number of defects,7,MSE,1,Test,1.134567901234568
LightGBM depth4,cow,Total number of defects,7,MSE,2,Test,1.4801558315071826
LightGBM depth4,cow,Total number of defects,7,MSE,3,Test,1.099829559289019
LightGBM depth4,cow,Total number of defects,7,MSE,4,Test,0.7777777777777778
LightGBM depth4,cow,Total number of defects,7,MSE,5,Test,0.8954630305981657
LightGBM depth4,steer,Total number of defects,7,MAE,1,Train,0.31495357277725405
LightGBM depth4,steer,Total number of defects,7,MAE,2,Train,0.367432385616424
LightGBM depth4,steer,Total number of defects,7,MAE,3,Train,0.35871869217183355
LightGBM depth4,steer,Total number of defects,7,MAE,4,Train,0.3460751369436856
LightGBM depth4,steer,Total number of defects,7,MAE,5,Train,0.3140522058147125
LightGBM depth4,steer,Total number of defects,7,MAE,1,Test,0.40380916139943895
LightGBM depth4,steer,Total number of defects,7,MAE,2,Test,0.3072397720773802
LightGBM depth4,steer,Total number of defects,7,MAE,3,Test,0.35428192156731697
LightGBM depth4,steer,Total number of defects,7,MAE,4,Test,0.3908676091944241
LightGBM depth4,steer,Total number of defects,7,MAE,5,Test,0.4007764655453627
LightGBM depth4,steer,Total number of defects,7,MSE,1,Train,0.300345154012478
LightGBM depth4,steer,Total number of defects,7,MSE,2,Train,0.34885512846243516
LightGBM depth4,steer,Total number of defects,7,MSE,3,Train,0.340275079555222
LightGBM depth4,steer,Total number of defects,7,MSE,4,Train,0.29835288250499403
LightGBM depth4,steer,Total number of defects,7,MSE,5,Train,0.3139819517059217
LightGBM depth4,steer,Total number of defects,7,MSE,1,Test,0.4731168235967741
LightGBM depth4,steer,Total number of defects,7,MSE,2,Test,0.2635092785618162
LightGBM depth4,steer,Total number of defects,7,MSE,3,Test,0.3258895000895561
LightGBM depth4,steer,Total number of defects,7,MSE,4,Test,0.5859610254089194
LightGBM depth4,steer,Total number of defects,7,MSE,5,Test,0.3834529434085728
LightGBM depth4,heifer,Total number of defects,7,MAE,1,Train,0.5753337215043871
LightGBM depth4,heifer,Total number of defects,7,MAE,2,Train,0.4995178630381025
LightGBM depth4,heifer,Total number of defects,7,MAE,3,Train,0.5420522398064092
LightGBM depth4,heifer,Total number of defects,7,MAE,4,Train,0.44798525615299406
LightGBM depth4,heifer,Total number of defects,7,MAE,5,Train,0.518058080399545
LightGBM depth4,heifer,Total number of defects,7,MAE,1,Test,0.38223604057218225
LightGBM depth4,heifer,Total number of defects,7,MAE,2,Test,0.6792970606151486
LightGBM depth4,heifer,Total number of defects,7,MAE,3,Test,0.43555827581290957
LightGBM depth4,heifer,Total number of defects,7,MAE,4,Test,0.7727414039347981
LightGBM depth4,heifer,Total number of defects,7,MAE,5,Test,0.6690564126569974
LightGBM depth4,heifer,Total number of defects,7,MSE,1,Train,0.6816592209176198
LightGBM depth4,heifer,Total number of defects,7,MSE,2,Train,0.5031220821727749
LightGBM depth4,heifer,Total number of defects,7,MSE,3,Train,0.6571009984530684
LightGBM depth4,heifer,Total number of defects,7,MSE,4,Train,0.4043240430123589
LightGBM depth4,heifer,Total number of defects,7,MSE,5,Train,0.5873404947527914
LightGBM depth4,heifer,Total number of defects,7,MSE,1,Test,0.23293544227806032
LightGBM depth4,heifer,Total number of defects,7,MSE,2,Test,1.0003071652906859
LightGBM depth4,heifer,Total number of defects,7,MSE,3,Test,0.3038313754268899
LightGBM depth4,heifer,Total number of defects,7,MSE,4,Test,1.462360169969396
LightGBM depth4,heifer,Total number of defects,7,MSE,5,Test,0.6632203632846517
LightGBM depth4,cow,live weight,14,MAE,1,Train,48.07777777777777
LightGBM depth4,cow,live weight,14,MAE,2,Train,41.25186260215029
LightGBM depth4,cow,live weight,14,MAE,3,Train,45.7414171195187
LightGBM depth4,cow,live weight,14,MAE,4,Train,44.82132948212942
LightGBM depth4,cow,live weight,14,MAE,5,Train,53.665157316443334
LightGBM depth4,cow,live weight,14,MAE,1,Test,45.97333333333334
LightGBM depth4,cow,live weight,14,MAE,2,Test,69.23123152449324
LightGBM depth4,cow,live weight,14,MAE,3,Test,50.97177158848299
LightGBM depth4,cow,live weight,14,MAE,4,Test,57.35195250181822
LightGBM depth4,cow,live weight,14,MAE,5,Test,18.804203984257683
LightGBM depth4,cow,live weight,14,MSE,1,Train,3733.3552469135807
LightGBM depth4,cow,live weight,14,MSE,2,Train,2786.9518042366763
LightGBM depth4,cow,live weight,14,MSE,3,Train,3731.6717750182615
LightGBM depth4,cow,live weight,14,MSE,4,Train,3330.7263696128593
LightGBM depth4,cow,live weight,14,MSE,5,Train,4397.859108838573
LightGBM depth4,cow,live weight,14,MSE,1,Test,3518.3310864197542
LightGBM depth4,cow,live weight,14,MSE,2,Test,7216.743727464807
LightGBM depth4,cow,live weight,14,MSE,3,Test,3390.6340295385367
LightGBM depth4,cow,live weight,14,MSE,4,Test,4937.888000087426
LightGBM depth4,cow,live weight,14,MSE,5,Test,449.63908014803553
LightGBM depth4,steer,live weight,14,MAE,1,Train,28.31813153058628
LightGBM depth4,steer,live weight,14,MAE,2,Train,26.07595571836948
LightGBM depth4,steer,live weight,14,MAE,3,Train,29.259408121574015
LightGBM depth4,steer,live weight,14,MAE,4,Train,27.229214122624757
LightGBM depth4,steer,live weight,14,MAE,5,Train,28.77460200110399
LightGBM depth4,steer,live weight,14,MAE,1,Test,28.16928399674324
LightGBM depth4,steer,live weight,14,MAE,2,Test,37.17159040929822
LightGBM depth4,steer,live weight,14,MAE,3,Test,28.985208776922843
LightGBM depth4,steer,live weight,14,MAE,4,Test,32.444055933099456
LightGBM depth4,steer,live weight,14,MAE,5,Test,26.293729626871723
LightGBM depth4,steer,live weight,14,MSE,1,Train,2025.4088228496778
LightGBM depth4,steer,live weight,14,MSE,2,Train,1144.3194876283274
LightGBM depth4,steer,live weight,14,MSE,3,Train,1946.8728849188806
LightGBM depth4,steer,live weight,14,MSE,4,Train,1928.8144158023165
LightGBM depth4,steer,live weight,14,MSE,5,Train,2089.550060267944
LightGBM depth4,steer,live weight,14,MSE,1,Test,1192.4993606652447
LightGBM depth4,steer,live weight,14,MSE,2,Test,5013.6531822640545
LightGBM depth4,steer,live weight,14,MSE,3,Test,1702.390932081756
LightGBM depth4,steer,live weight,14,MSE,4,Test,1650.695691655991
LightGBM depth4,steer,live weight,14,MSE,5,Test,1029.0458026988279
LightGBM depth4,heifer,live weight,14,MAE,1,Train,18.698246596803145
LightGBM depth4,heifer,live weight,14,MAE,2,Train,16.89977189409897
LightGBM depth4,heifer,live weight,14,MAE,3,Train,17.201778791044063
LightGBM depth4,heifer,live weight,14,MAE,4,Train,17.20696705257706
LightGBM depth4,heifer,live weight,14,MAE,5,Train,15.000183206912961
LightGBM depth4,heifer,live weight,14,MAE,1,Test,12.82233093119664
LightGBM depth4,heifer,live weight,14,MAE,2,Test,22.94423401271416
LightGBM depth4,heifer,live weight,14,MAE,3,Test,17.60418779645903
LightGBM depth4,heifer,live weight,14,MAE,4,Test,18.98714724846607
LightGBM depth4,heifer,live weight,14,MAE,5,Test,26.469058595385928
LightGBM depth4,heifer,live weight,14,MSE,1,Train,597.554420175098
LightGBM depth4,heifer,live weight,14,MSE,2,Train,482.4416708645358
LightGBM depth4,heifer,live weight,14,MSE,3,Train,530.713035897507
LightGBM depth4,heifer,live weight,14,MSE,4,Train,536.711533140741
LightGBM depth4,heifer,live weight,14,MSE,5,Train,417.6374303032207
LightGBM depth4,heifer,live weight,14,MSE,1,Test,255.95587059254402
LightGBM depth4,heifer,live weight,14,MSE,2,Test,1016.3462799564553
LightGBM depth4,heifer,live weight,14,MSE,3,Test,603.744105721206
LightGBM depth4,heifer,live weight,14,MSE,4,Test,573.6089417830113
LightGBM depth4,heifer,live weight,14,MSE,5,Test,1249.1514839558095
LightGBM depth4,cow,carcass weight,14,MAE,1,Train,26.475308641975314
LightGBM depth4,cow,carcass weight,14,MAE,2,Train,22.566106647187727
LightGBM depth4,cow,carcass weight,14,MAE,3,Train,24.86121256391526
LightGBM depth4,cow,carcass weight,14,MAE,4,Train,24.50693937180424
LightGBM depth4,cow,carcass weight,14,MAE,5,Train,28.382761139517893
LightGBM depth4,cow,carcass weight,14,MAE,1,Test,25.03333333333335
LightGBM depth4,cow,carcass weight,14,MAE,2,Test,37.049549549549546
LightGBM depth4,cow,carcass weight,14,MAE,3,Test,27.545045045045054
LightGBM depth4,cow,carcass weight,14,MAE,4,Test,29.566066066066057
LightGBM depth4,cow,carcass weight,14,MAE,5,Test,12.48198198198198
LightGBM depth4,cow,carcass weight,14,MSE,1,Train,1076.3001543209875
LightGBM depth4,cow,carcass weight,14,MSE,2,Train,924.6322132943754
LightGBM depth4,cow,carcass weight,14,MSE,3,Train,1152.5628195763331
LightGBM depth4,cow,carcass weight,14,MSE,4,Train,1069.5745069393718
LightGBM depth4,cow,carcass weight,14,MSE,5,Train,1334.4970781592401
LightGBM depth4,cow,carcass weight,14,MSE,1,Test,1386.2859567901246
LightGBM depth4,cow,carcass weight,14,MSE,2,Test,1985.0757446635823
LightGBM depth4,cow,carcass weight,14,MSE,3,Test,1037.9529461894333
LightGBM depth4,cow,carcass weight,14,MSE,4,Test,1353.8872047723396
LightGBM depth4,cow,carcass weight,14,MSE,5,Test,244.06673565457348
LightGBM depth4,steer,carcass weight,14,MAE,1,Train,14.394267904477573
LightGBM depth4,steer,carcass weight,14,MAE,2,Train,13.742098954844542
LightGBM depth4,steer,carcass weight,14,MAE,3,Train,14.42666324208702
LightGBM depth4,steer,carcass weight,14,MAE,4,Train,13.376671191684215
LightGBM depth4,steer,carcass weight,14,MAE,5,Train,13.911635012595998
LightGBM depth4,steer,carcass weight,14,MAE,1,Test,12.906086343951905
LightGBM depth4,steer,carcass weight,14,MAE,2,Test,16.280581826692515
LightGBM depth4,steer,carcass weight,14,MAE,3,Test,13.250299965484583
LightGBM depth4,steer,carcass weight,14,MAE,4,Test,17.587928623190262
LightGBM depth4,steer,carcass weight,14,MAE,5,Test,15.876662387519056
LightGBM depth4,steer,carcass weight,14,MSE,1,Train,350.5444927203775
LightGBM depth4,steer,carcass weight,14,MSE,2,Train,321.5809026934623
LightGBM depth4,steer,carcass weight,14,MSE,3,Train,347.91778533395075
LightGBM depth4,steer,carcass weight,14,MSE,4,Train,296.2044302284876
LightGBM depth4,steer,carcass weight,14,MSE,5,Train,330.6790056007301
LightGBM depth4,steer,carcass weight,14,MSE,1,Test,280.66639808633624
LightGBM depth4,steer,carcass weight,14,MSE,2,Test,426.3993917397641
LightGBM depth4,steer,carcass weight,14,MSE,3,Test,315.82535026704346
LightGBM depth4,steer,carcass weight,14,MSE,4,Test,540.5766506447842
LightGBM depth4,steer,carcass weight,14,MSE,5,Test,385.1518283026267
LightGBM depth4,heifer,carcass weight,14,MAE,1,Train,11.193226847516183
LightGBM depth4,heifer,carcass weight,14,MAE,2,Train,9.774305178835458
LightGBM depth4,heifer,carcass weight,14,MAE,3,Train,9.933255216560902
LightGBM depth4,heifer,carcass weight,14,MAE,4,Train,10.343793526599148
LightGBM depth4,heifer,carcass weight,14,MAE,5,Train,8.818996169279867
LightGBM depth4,heifer,carcass weight,14,MAE,1,Test,6.720292868125212
LightGBM depth4,heifer,carcass weight,14,MAE,2,Test,13.66943820558247
LightGBM depth4,heifer,carcass weight,14,MAE,3,Test,12.333769078612397
LightGBM depth4,heifer,carcass weight,14,MAE,4,Test,10.782761028054091
LightGBM depth4,heifer,carcass weight,14,MAE,5,Test,14.797586597584107
LightGBM depth4,heifer,carcass weight,14,MSE,1,Train,217.20473677732235
LightGBM depth4,heifer,carcass weight,14,MSE,2,Train,167.72516636677625
LightGBM depth4,heifer,carcass weight,14,MSE,3,Train,178.8160440679532
LightGBM depth4,heifer,carcass weight,14,MSE,4,Train,189.4085062607907
LightGBM depth4,heifer,carcass weight,14,MSE,5,Train,147.39740116318666
LightGBM depth4,heifer,carcass weight,14,MSE,1,Test,65.72170101316678
LightGBM depth4,heifer,carcass weight,14,MSE,2,Test,355.13497489817314
LightGBM depth4,heifer,carcass weight,14,MSE,3,Test,258.7682589039549
LightGBM depth4,heifer,carcass weight,14,MSE,4,Test,189.09982612737767
LightGBM depth4,heifer,carcass weight,14,MSE,5,Test,390.3209314766635
LightGBM depth4,cow,price,14,MAE,1,Train,105.9296295542776
LightGBM depth4,cow,price,14,MAE,2,Train,88.29839274682992
LightGBM depth4,cow,price,14,MAE,3,Train,97.50503973838967
LightGBM depth4,cow,price,14,MAE,4,Train,99.87019743825327
LightGBM depth4,cow,price,14,MAE,5,Train,106.9143899052399
LightGBM depth4,cow,price,14,MAE,1,Test,91.59249959309899
LightGBM depth4,cow,price,14,MAE,2,Test,142.1792789493595
LightGBM depth4,cow,price,14,MAE,3,Test,105.53873950855153
LightGBM depth4,cow,price,14,MAE,4,Test,102.57747835726349
LightGBM depth4,cow,price,14,MAE,5,Test,71.02342320347692
LightGBM depth4,cow,price,14,MSE,1,Train,17962.01685763889
LightGBM depth4,cow,price,14,MSE,2,Train,13913.479952520096
LightGBM depth4,cow,price,14,MSE,3,Train,17509.994737034336
LightGBM depth4,cow,price,14,MSE,4,Train,16146.839353542744
LightGBM depth4,cow,price,14,MSE,5,Train,19689.8892074507
LightGBM depth4,cow,price,14,MSE,1,Test,16054.458271383788
LightGBM depth4,cow,price,14,MSE,2,Test,31405.61016650071
LightGBM depth4,cow,price,14,MSE,3,Test,16301.115096123174
LightGBM depth4,cow,price,14,MSE,4,Test,21500.693208213488
LightGBM depth4,cow,price,14,MSE,5,Test,6820.101077557188
LightGBM depth4,steer,price,14,MAE,1,Train,84.89629977927854
LightGBM depth4,steer,price,14,MAE,2,Train,80.98404165210493
LightGBM depth4,steer,price,14,MAE,3,Train,85.13926450315789
LightGBM depth4,steer,price,14,MAE,4,Train,78.97516821159927
LightGBM depth4,steer,price,14,MAE,5,Train,82.07864674291534
LightGBM depth4,steer,price,14,MAE,1,Test,76.08416084781895
LightGBM depth4,steer,price,14,MAE,2,Test,95.95204711298682
LightGBM depth4,steer,price,14,MAE,3,Test,78.33519786308332
LightGBM depth4,steer,price,14,MAE,4,Test,103.8118723831905
LightGBM depth4,steer,price,14,MAE,5,Test,93.5607087713679
LightGBM depth4,steer,price,14,MSE,1,Train,12205.361563454526
LightGBM depth4,steer,price,14,MSE,2,Train,11187.044604197952
LightGBM depth4,steer,price,14,MSE,3,Train,12115.885667856906
LightGBM depth4,steer,price,14,MSE,4,Train,10316.978936210491
LightGBM depth4,steer,price,14,MSE,5,Train,11510.936202059615
LightGBM depth4,steer,price,14,MSE,1,Test,9765.11221761229
LightGBM depth4,steer,price,14,MSE,2,Test,14807.268979002969
LightGBM depth4,steer,price,14,MSE,3,Test,11042.154059384055
LightGBM depth4,steer,price,14,MSE,4,Test,18847.278437918812
LightGBM depth4,steer,price,14,MSE,5,Test,13403.725561114441
LightGBM depth4,heifer,price,14,MAE,1,Train,62.81622865798773
LightGBM depth4,heifer,price,14,MAE,2,Train,54.913146898566204
LightGBM depth4,heifer,price,14,MAE,3,Train,55.61291555253408
LightGBM depth4,heifer,price,14,MAE,4,Train,57.92524355591204
LightGBM depth4,heifer,price,14,MAE,5,Train,49.68561080353108
LightGBM depth4,heifer,price,14,MAE,1,Test,39.044366801978676
LightGBM depth4,heifer,price,14,MAE,2,Test,75.98106396801602
LightGBM depth4,heifer,price,14,MAE,3,Test,69.91036793996707
LightGBM depth4,heifer,price,14,MAE,4,Test,66.25389549832151
LightGBM depth4,heifer,price,14,MAE,5,Test,84.22906619171034
LightGBM depth4,heifer,price,14,MSE,1,Train,6958.245790044789
LightGBM depth4,heifer,price,14,MSE,2,Train,5344.145895458754
LightGBM depth4,heifer,price,14,MSE,3,Train,5709.315373399169
LightGBM depth4,heifer,price,14,MSE,4,Train,5939.8506994603085
LightGBM depth4,heifer,price,14,MSE,5,Train,4702.37389779654
LightGBM depth4,heifer,price,14,MSE,1,Test,2143.93303083559
LightGBM depth4,heifer,price,14,MSE,2,Test,11440.690981656673
LightGBM depth4,heifer,price,14,MSE,3,Test,8462.6774785959
LightGBM depth4,heifer,price,14,MSE,4,Test,7025.300099722749
LightGBM depth4,heifer,price,14,MSE,5,Test,12584.836437500619
LightGBM depth4,cow,Total number of defects,14,MAE,1,Train,0.7901234567901234
LightGBM depth4,cow,Total number of defects,14,MAE,2,Train,0.8195763330898467
LightGBM depth4,cow,Total number of defects,14,MAE,3,Train,0.7888970051132214
LightGBM depth4,cow,Total number of defects,14,MAE,4,Train,0.8108108108108109
LightGBM depth4,cow,Total number of defects,14,MAE,5,Train,0.8444119795471147
LightGBM depth4,cow,Total number of defects,14,MAE,1,Test,0.9222222222222222
LightGBM depth4,cow,Total number of defects,14,MAE,2,Test,0.8138138138138138
LightGBM depth4,cow,Total number of defects,14,MAE,3,Test,0.8858858858858859
LightGBM depth4,cow,Total number of defects,14,MAE,4,Test,0.7777777777777778
LightGBM depth4,cow,Total number of defects,14,MAE,5,Test,0.6936936936936937
LightGBM depth4,cow,Total number of defects,14,MSE,1,Train,1.0432098765432098
LightGBM depth4,cow,Total number of defects,14,MSE,2,Train,0.9612856099342585
LightGBM depth4,cow,Total number of defects,14,MSE,3,Train,1.0533235938641345
LightGBM depth4,cow,Total number of defects,14,MSE,4,Train,1.135135135135135
LightGBM depth4,cow,Total number of defects,14,MSE,5,Train,1.101533966398832
LightGBM depth4,cow,Total number of defects,14,MSE,1,Test,1.134567901234568
LightGBM depth4,cow,Total number of defects,14,MSE,2,Test,1.4801558315071826
LightGBM depth4,cow,Total number of defects,14,MSE,3,Test,1.099829559289019
LightGBM depth4,cow,Total number of defects,14,MSE,4,Test,0.7777777777777778
LightGBM depth4,cow,Total number of defects,14,MSE,5,Test,0.8954630305981657
LightGBM depth4,steer,Total number of defects,14,MAE,1,Train,0.31483886820004436
LightGBM depth4,steer,Total number of defects,14,MAE,2,Train,0.36727988185684896
LightGBM depth4,steer,Total number of defects,14,MAE,3,Train,0.35901287559998557
LightGBM depth4,steer,Total number of defects,14,MAE,4,Train,0.345600999831003
LightGBM depth4,steer,Total number of defects,14,MAE,5,Train,0.3133506614313504
LightGBM depth4,steer,Total number of defects,14,MAE,1,Test,0.40274067121736856
LightGBM depth4,steer,Total number of defects,14,MAE,2,Test,0.30061166201065537
LightGBM depth4,steer,Total number of defects,14,MAE,3,Test,0.3551925516756663
LightGBM depth4,steer,Total number of defects,14,MAE,4,Test,0.3901071460491628
LightGBM depth4,steer,Total number of defects,14,MAE,5,Test,0.39937651639813027
LightGBM depth4,steer,Total number of defects,14,MSE,1,Train,0.30312321752351623
LightGBM depth4,steer,Total number of defects,14,MSE,2,Train,0.3492232634771576
LightGBM depth4,steer,Total number of defects,14,MSE,3,Train,0.34363010389390175
LightGBM depth4,steer,Total number of defects,14,MSE,4,Train,0.2980617930288236
LightGBM depth4,steer,Total number of defects,14,MSE,5,Train,0.31565262967523994
LightGBM depth4,steer,Total number of defects,14,MSE,1,Test,0.4749572481801287
LightGBM depth4,steer,Total number of defects,14,MSE,2,Test,0.2521509646059223
LightGBM depth4,steer,Total number of defects,14,MSE,3,Test,0.328016338413451
LightGBM depth4,steer,Total number of defects,14,MSE,4,Test,0.5850419998984333
LightGBM depth4,steer,Total number of defects,14,MSE,5,Test,0.3830636784073537
LightGBM depth4,heifer,Total number of defects,14,MAE,1,Train,0.5754878771970937
LightGBM depth4,heifer,Total number of defects,14,MAE,2,Train,0.49932061835047126
LightGBM depth4,heifer,Total number of defects,14,MAE,3,Train,0.5428705209676118
LightGBM depth4,heifer,Total number of defects,14,MAE,4,Train,0.4490213357435503
LightGBM depth4,heifer,Total number of defects,14,MAE,5,Train,0.5170468077693254
LightGBM depth4,heifer,Total number of defects,14,MAE,1,Test,0.382348488816859
LightGBM depth4,heifer,Total number of defects,14,MAE,2,Test,0.6791525369360492
LightGBM depth4,heifer,Total number of defects,14,MAE,3,Test,0.4362906245776205
LightGBM depth4,heifer,Total number of defects,14,MAE,4,Test,0.7739793801393677
LightGBM depth4,heifer,Total number of defects,14,MAE,5,Test,0.6721325745317649
LightGBM depth4,heifer,Total number of defects,14,MSE,1,Train,0.681647977534395
LightGBM depth4,heifer,Total number of defects,14,MSE,2,Train,0.5030893744574129
LightGBM depth4,heifer,Total number of defects,14,MSE,3,Train,0.6539074975837579
LightGBM depth4,heifer,Total number of defects,14,MSE,4,Train,0.40445141667046375
LightGBM depth4,heifer,Total number of defects,14,MSE,5,Train,0.586532608537984
LightGBM depth4,heifer,Total number of defects,14,MSE,1,Test,0.23281417856616643
LightGBM depth4,heifer,Total number of defects,14,MSE,2,Test,1.000385041062804
LightGBM depth4,heifer,Total number of defects,14,MSE,3,Test,0.3051641971230607
LightGBM depth4,heifer,Total number of defects,14,MSE,4,Test,1.4618638006185962
LightGBM depth4,heifer,Total number of defects,14,MSE,5,Test,0.6690726048899589
LightGBM depth4,cow,live weight,90,MAE,1,Train,48.07777777777777
LightGBM depth4,cow,live weight,90,MAE,2,Train,41.25186260215029
LightGBM depth4,cow,live weight,90,MAE,3,Train,45.7414171195187
LightGBM depth4,cow,live weight,90,MAE,4,Train,44.82132948212942
LightGBM depth4,cow,live weight,90,MAE,5,Train,53.665157316443334
LightGBM depth4,cow,live weight,90,MAE,1,Test,45.97333333333334
LightGBM depth4,cow,live weight,90,MAE,2,Test,69.23123152449324
LightGBM depth4,cow,live weight,90,MAE,3,Test,50.97177158848299
LightGBM depth4,cow,live weight,90,MAE,4,Test,57.35195250181822
LightGBM depth4,cow,live weight,90,MAE,5,Test,18.804203984257683
LightGBM depth4,cow,live weight,90,MSE,1,Train,3733.3552469135807
LightGBM depth4,cow,live weight,90,MSE,2,Train,2786.9518042366763
LightGBM depth4,cow,live weight,90,MSE,3,Train,3731.6717750182615
LightGBM depth4,cow,live weight,90,MSE,4,Train,3330.7263696128593
LightGBM depth4,cow,live weight,90,MSE,5,Train,4397.859108838573
LightGBM depth4,cow,live weight,90,MSE,1,Test,3518.3310864197542
LightGBM depth4,cow,live weight,90,MSE,2,Test,7216.743727464807
LightGBM depth4,cow,live weight,90,MSE,3,Test,3390.6340295385367
LightGBM depth4,cow,live weight,90,MSE,4,Test,4937.888000087426
LightGBM depth4,cow,live weight,90,MSE,5,Test,449.63908014803553
LightGBM depth4,steer,live weight,90,MAE,1,Train,28.33454165683416
LightGBM depth4,steer,live weight,90,MAE,2,Train,26.051616186742965
LightGBM depth4,steer,live weight,90,MAE,3,Train,29.21381348636417
LightGBM depth4,steer,live weight,90,MAE,4,Train,27.24096723033037
LightGBM depth4,steer,live weight,90,MAE,5,Train,28.78281192214188
LightGBM depth4,steer,live weight,90,MAE,1,Test,28.141164610448936
LightGBM depth4,steer,live weight,90,MAE,2,Test,37.14253070587713
LightGBM depth4,steer,live weight,90,MAE,3,Test,29.02310407852983
LightGBM depth4,steer,live weight,90,MAE,4,Test,32.76993288701792
LightGBM depth4,steer,live weight,90,MAE,5,Test,26.350502378740376
LightGBM depth4,steer,live weight,90,MSE,1,Train,2025.6995076311443
LightGBM depth4,steer,live weight,90,MSE,2,Train,1143.3928123853016
LightGBM depth4,steer,live weight,90,MSE,3,Train,1945.3827161898018
LightGBM depth4,steer,live weight,90,MSE,4,Train,1928.4649086021861
LightGBM depth4,steer,live weight,90,MSE,5,Train,2089.249438534328
LightGBM depth4,steer,live weight,90,MSE,1,Test,1188.8204674674676
LightGBM depth4,steer,live weight,90,MSE,2,Test,5012.909913316395
LightGBM depth4,steer,live weight,90,MSE,3,Test,1707.3589450669544
LightGBM depth4,steer,live weight,90,MSE,4,Test,1684.995154677
LightGBM depth4,steer,live weight,90,MSE,5,Test,1030.8477570153725
LightGBM depth4,heifer,live weight,90,MAE,1,Train,18.745741324909933
LightGBM depth4,heifer,live weight,90,MAE,2,Train,16.89392974511646
LightGBM depth4,heifer,live weight,90,MAE,3,Train,17.19029434983135
LightGBM depth4,heifer,live weight,90,MAE,4,Train,17.232640418145838
LightGBM depth4,heifer,live weight,90,MAE,5,Train,14.948958633576497
LightGBM depth4,heifer,live weight,90,MAE,1,Test,12.927915653529201
LightGBM depth4,heifer,live weight,90,MAE,2,Test,22.89463661804381
LightGBM depth4,heifer,live weight,90,MAE,3,Test,17.60211831825631
LightGBM depth4,heifer,live weight,90,MAE,4,Test,18.852952762869204
LightGBM depth4,heifer,live weight,90,MAE,5,Test,26.451455715657286
LightGBM depth4,heifer,live weight,90,MSE,1,Train,597.2892425404548
LightGBM depth4,heifer,live weight,90,MSE,2,Train,480.9190718641638
LightGBM depth4,heifer,live weight,90,MSE,3,Train,528.9916122729593
LightGBM depth4,heifer,live weight,90,MSE,4,Train,535.2256775285972
LightGBM depth4,heifer,live weight,90,MSE,5,Train,415.55039133919377
LightGBM depth4,heifer,live weight,90,MSE,1,Test,262.8103131286853
LightGBM depth4,heifer,live weight,90,MSE,2,Test,997.1702472499036
LightGBM depth4,heifer,live weight,90,MSE,3,Test,602.6713792716317
LightGBM depth4,heifer,live weight,90,MSE,4,Test,570.1813699713686
LightGBM depth4,heifer,live weight,90,MSE,5,Test,1263.843372033549
LightGBM depth4,cow,carcass weight,90,MAE,1,Train,26.475308641975314
LightGBM depth4,cow,carcass weight,90,MAE,2,Train,22.566106647187727
LightGBM depth4,cow,carcass weight,90,MAE,3,Train,24.86121256391526
LightGBM depth4,cow,carcass weight,90,MAE,4,Train,24.50693937180424
LightGBM depth4,cow,carcass weight,90,MAE,5,Train,28.382761139517893
LightGBM depth4,cow,carcass weight,90,MAE,1,Test,25.03333333333335
LightGBM depth4,cow,carcass weight,90,MAE,2,Test,37.049549549549546
LightGBM depth4,cow,carcass weight,90,MAE,3,Test,27.545045045045054
LightGBM depth4,cow,carcass weight,90,MAE,4,Test,29.566066066066057
LightGBM depth4,cow,carcass weight,90,MAE,5,Test,12.48198198198198
LightGBM depth4,cow,carcass weight,90,MSE,1,Train,1076.3001543209875
LightGBM depth4,cow,carcass weight,90,MSE,2,Train,924.6322132943754
LightGBM depth4,cow,carcass weight,90,MSE,3,Train,1152.5628195763331
LightGBM depth4,cow,carcass weight,90,MSE,4,Train,1069.5745069393718
LightGBM depth4,cow,carcass weight,90,MSE,5,Train,1334.4970781592401
LightGBM depth4,cow,carcass weight,90,MSE,1,Test,1386.2859567901246
LightGBM depth4,cow,carcass weight,90,MSE,2,Test,1985.0757446635823
LightGBM depth4,cow,carcass weight,90,MSE,3,Test,1037.9529461894333
LightGBM depth4,cow,carcass weight,90,MSE,4,Test,1353.8872047723396
LightGBM depth4,cow,carcass weight,90,MSE,5,Test,244.06673565457348
LightGBM depth4,steer,carcass weight,90,MAE,1,Train,14.380128536061234
LightGBM depth4,steer,carcass weight,90,MAE,2,Train,13.71167367089346
LightGBM depth4,steer,carcass weight,90,MAE,3,Train,14.437412721160973
LightGBM depth4,steer,carcass weight,90,MAE,4,Train,13.32420430691093
LightGBM depth4,steer,carcass weight,90,MAE,5,Train,13.940285773811638
LightGBM depth4,steer,carcass weight,90,MAE,1,Test,12.865315882890936
LightGBM depth4,steer,carcass weight,90,MAE,2,Test,16.254253408724814
LightGBM depth4,steer,carcass weight,90,MAE,3,Test,13.231369293950893
LightGBM depth4,steer,carcass weight,90,MAE,4,Test,17.58051921063473
LightGBM depth4,steer,carcass weight,90,MAE,5,Test,15.855692641610156
LightGBM depth4,steer,carcass weight,90,MSE,1,Train,350.63275359155443
LightGBM depth4,steer,carcass weight,90,MSE,2,Train,321.25373892232875
LightGBM depth4,steer,carcass weight,90,MSE,3,Train,347.8742417390806
LightGBM depth4,steer,carcass weight,90,MSE,4,Train,295.19560213241164
LightGBM depth4,steer,carcass weight,90,MSE,5,Train,331.3046624417771
LightGBM depth4,steer,carcass weight,90,MSE,1,Test,278.0522131076363
LightGBM depth4,steer,carcass weight,90,MSE,2,Test,424.4187788667215
LightGBM depth4,steer,carcass weight,90,MSE,3,Test,314.81718368515703
LightGBM depth4,steer,carcass weight,90,MSE,4,Test,540.2372569143895
LightGBM depth4,steer,carcass weight,90,MSE,5,Test,385.1678318163519
LightGBM depth4,heifer,carcass weight,90,MAE,1,Train,11.181357770170022
LightGBM depth4,heifer,carcass weight,90,MAE,2,Train,9.766712540446765
LightGBM depth4,heifer,carcass weight,90,MAE,3,Train,9.937949400492728
LightGBM depth4,heifer,carcass weight,90,MAE,4,Train,10.345044428652255
LightGBM depth4,heifer,carcass weight,90,MAE,5,Train,8.819581957822514
LightGBM depth4,heifer,carcass weight,90,MAE,1,Test,6.733489567103587
LightGBM depth4,heifer,carcass weight,90,MAE,2,Test,13.566057492441027
LightGBM depth4,heifer,carcass weight,90,MAE,3,Test,12.310789021678275
LightGBM depth4,heifer,carcass weight,90,MAE,4,Test,10.799439609299595
LightGBM depth4,heifer,carcass weight,90,MAE,5,Test,14.782475894216097
LightGBM depth4,heifer,carcass weight,90,MSE,1,Train,216.45021739961138
LightGBM depth4,heifer,carcass weight,90,MSE,2,Train,167.39340835851476
LightGBM depth4,heifer,carcass weight,90,MSE,3,Train,178.87231525892037
LightGBM depth4,heifer,carcass weight,90,MSE,4,Train,189.2610950492974
LightGBM depth4,heifer,carcass weight,90,MSE,5,Train,147.29522504341028
LightGBM depth4,heifer,carcass weight,90,MSE,1,Test,67.74531052686508
LightGBM depth4,heifer,carcass weight,90,MSE,2,Test,340.62794467607205
LightGBM depth4,heifer,carcass weight,90,MSE,3,Test,257.84060748854404
LightGBM depth4,heifer,carcass weight,90,MSE,4,Test,189.36702172063963
LightGBM depth4,heifer,carcass weight,90,MSE,5,Test,388.52531550633586
LightGBM depth4,cow,price,90,MAE,1,Train,105.9296295542776
LightGBM depth4,cow,price,90,MAE,2,Train,88.29839274682992
LightGBM depth4,cow,price,90,MAE,3,Train,97.50503973838967
LightGBM depth4,cow,price,90,MAE,4,Train,99.87019743825327
LightGBM depth4,cow,price,90,MAE,5,Train,106.9143899052399
LightGBM depth4,cow,price,90,MAE,1,Test,91.59249959309899
LightGBM depth4,cow,price,90,MAE,2,Test,142.1792789493595
LightGBM depth4,cow,price,90,MAE,3,Test,105.53873950855153
LightGBM depth4,cow,price,90,MAE,4,Test,102.57747835726349
LightGBM depth4,cow,price,90,MAE,5,Test,71.02342320347692
LightGBM depth4,cow,price,90,MSE,1,Train,17962.01685763889
LightGBM depth4,cow,price,90,MSE,2,Train,13913.479952520096
LightGBM depth4,cow,price,90,MSE,3,Train,17509.994737034336
LightGBM depth4,cow,price,90,MSE,4,Train,16146.839353542744
LightGBM depth4,cow,price,90,MSE,5,Train,19689.8892074507
LightGBM depth4,cow,price,90,MSE,1,Test,16054.458271383788
LightGBM depth4,cow,price,90,MSE,2,Test,31405.61016650071
LightGBM depth4,cow,price,90,MSE,3,Test,16301.115096123174
LightGBM depth4,cow,price,90,MSE,4,Test,21500.693208213488
LightGBM depth4,cow,price,90,MSE,5,Test,6820.101077557188
LightGBM depth4,steer,price,90,MAE,1,Train,84.86988792888681
LightGBM depth4,steer,price,90,MAE,2,Train,80.93604870098291
LightGBM depth4,steer,price,90,MAE,3,Train,85.19990920643383
LightGBM depth4,steer,price,90,MAE,4,Train,78.60160660588933
LightGBM depth4,steer,price,90,MAE,5,Train,82.24768613633609
LightGBM depth4,steer,price,90,MAE,1,Test,75.98898204307208
LightGBM depth4,steer,price,90,MAE,2,Test,95.96280530801242
LightGBM depth4,steer,price,90,MAE,3,Test,78.18795436380441
LightGBM depth4,steer,price,90,MAE,4,Test,103.80945308315393
LightGBM depth4,steer,price,90,MAE,5,Test,93.29341957538652
LightGBM depth4,steer,price,90,MSE,1,Train,12209.017944363206
LightGBM depth4,steer,price,90,MSE,2,Train,11190.713264102176
LightGBM depth4,steer,price,90,MSE,3,Train,12099.969592624599
LightGBM depth4,steer,price,90,MSE,4,Train,10275.890384336128
LightGBM depth4,steer,price,90,MSE,5,Train,11532.71531871414
LightGBM depth4,steer,price,90,MSE,1,Test,9692.788695072031
LightGBM depth4,steer,price,90,MSE,2,Test,14770.731481725665
LightGBM depth4,steer,price,90,MSE,3,Test,10973.369653186439
LightGBM depth4,steer,price,90,MSE,4,Test,18795.534025960755
LightGBM depth4,steer,price,90,MSE,5,Test,13399.89663564389
LightGBM depth4,heifer,price,90,MAE,1,Train,62.820503339186175
LightGBM depth4,heifer,price,90,MAE,2,Train,55.03236666264491
LightGBM depth4,heifer,price,90,MAE,3,Train,55.817042522011185
LightGBM depth4,heifer,price,90,MAE,4,Train,57.93224894401338
LightGBM depth4,heifer,price,90,MAE,5,Train,49.6847132122751
LightGBM depth4,heifer,price,90,MAE,1,Test,39.94897733171811
LightGBM depth4,heifer,price,90,MAE,2,Test,75.26447020976339
LightGBM depth4,heifer,price,90,MAE,3,Test,69.54612494936134
LightGBM depth4,heifer,price,90,MAE,4,Test,66.19303253469543
LightGBM depth4,heifer,price,90,MAE,5,Test,84.08256888115761
LightGBM depth4,heifer,price,90,MSE,1,Train,6921.478958703626
LightGBM depth4,heifer,price,90,MSE,2,Train,5361.50132791454
LightGBM depth4,heifer,price,90,MSE,3,Train,5715.026908852313
LightGBM depth4,heifer,price,90,MSE,4,Train,5935.227891463956
LightGBM depth4,heifer,price,90,MSE,5,Train,4687.079312049284
LightGBM depth4,heifer,price,90,MSE,1,Test,2228.1441147039745
LightGBM depth4,heifer,price,90,MSE,2,Test,10961.975377638983
LightGBM depth4,heifer,price,90,MSE,3,Test,8361.417683542664
LightGBM depth4,heifer,price,90,MSE,4,Test,7004.901670761941
LightGBM depth4,heifer,price,90,MSE,5,Test,12514.070631018994
LightGBM depth4,cow,Total number of defects,90,MAE,1,Train,0.7901234567901234
LightGBM depth4,cow,Total number of defects,90,MAE,2,Train,0.8195763330898467
LightGBM depth4,cow,Total number of defects,90,MAE,3,Train,0.7888970051132214
LightGBM depth4,cow,Total number of defects,90,MAE,4,Train,0.8108108108108109
LightGBM depth4,cow,Total number of defects,90,MAE,5,Train,0.8444119795471147
LightGBM depth4,cow,Total number of defects,90,MAE,1,Test,0.9222222222222222
LightGBM depth4,cow,Total number of defects,90,MAE,2,Test,0.8138138138138138
LightGBM depth4,cow,Total number of defects,90,MAE,3,Test,0.8858858858858859
LightGBM depth4,cow,Total number of defects,90,MAE,4,Test,0.7777777777777778
LightGBM depth4,cow,Total number of defects,90,MAE,5,Test,0.6936936936936937
LightGBM depth4,cow,Total number of defects,90,MSE,1,Train,1.0432098765432098
LightGBM depth4,cow,Total number of defects,90,MSE,2,Train,0.9612856099342585
LightGBM depth4,cow,Total number of defects,90,MSE,3,Train,1.0533235938641345
LightGBM depth4,cow,Total number of defects,90,MSE,4,Train,1.135135135135135
LightGBM depth4,cow,Total number of defects,90,MSE,5,Train,1.101533966398832
LightGBM depth4,cow,Total number of defects,90,MSE,1,Test,1.134567901234568
LightGBM depth4,cow,Total number of defects,90,MSE,2,Test,1.4801558315071826
LightGBM depth4,cow,Total number of defects,90,MSE,3,Test,1.099829559289019
LightGBM depth4,cow,Total number of defects,90,MSE,4,Test,0.7777777777777778
LightGBM depth4,cow,Total number of defects,90,MSE,5,Test,0.8954630305981657
LightGBM depth4,steer,Total number of defects,90,MAE,1,Train,0.31465578130112604
LightGBM depth4,steer,Total number of defects,90,MAE,2,Train,0.3673805012444314
LightGBM depth4,steer,Total number of defects,90,MAE,3,Train,0.3571773357019052
LightGBM depth4,steer,Total number of defects,90,MAE,4,Train,0.34514871814153303
LightGBM depth4,steer,Total number of defects,90,MAE,5,Train,0.31374051560988103
LightGBM depth4,steer,Total number of defects,90,MAE,1,Test,0.40251757230889124
LightGBM depth4,steer,Total number of defects,90,MAE,2,Test,0.29850457718022727
LightGBM depth4,steer,Total number of defects,90,MAE,3,Test,0.3547617254139403
LightGBM depth4,steer,Total number of defects,90,MAE,4,Test,0.3918798606675462
LightGBM depth4,steer,Total number of defects,90,MAE,5,Test,0.4028499594801448
LightGBM depth4,steer,Total number of defects,90,MSE,1,Train,0.3032416124192336
LightGBM depth4,steer,Total number of defects,90,MSE,2,Train,0.3497639203841619
LightGBM depth4,steer,Total number of defects,90,MSE,3,Train,0.34184682741563194
LightGBM depth4,steer,Total number of defects,90,MSE,4,Train,0.29813663595167383
LightGBM depth4,steer,Total number of defects,90,MSE,5,Train,0.3159538578469079
LightGBM depth4,steer,Total number of defects,90,MSE,1,Test,0.47375066352136735
LightGBM depth4,steer,Total number of defects,90,MSE,2,Test,0.24722897289666884
LightGBM depth4,steer,Total number of defects,90,MSE,3,Test,0.32649769445792026
LightGBM depth4,steer,Total number of defects,90,MSE,4,Test,0.5993675738830974
LightGBM depth4,steer,Total number of defects,90,MSE,5,Test,0.38870224031013856
LightGBM depth4,heifer,Total number of defects,90,MAE,1,Train,0.5752015435695778
LightGBM depth4,heifer,Total number of defects,90,MAE,2,Train,0.49926288798143165
LightGBM depth4,heifer,Total number of defects,90,MAE,3,Train,0.5435501754014407
LightGBM depth4,heifer,Total number of defects,90,MAE,4,Train,0.44909585093985094
LightGBM depth4,heifer,Total number of defects,90,MAE,5,Train,0.516522558693211
LightGBM depth4,heifer,Total number of defects,90,MAE,1,Test,0.3818352620755867
LightGBM depth4,heifer,Total number of defects,90,MAE,2,Test,0.6800295088061711
LightGBM depth4,heifer,Total number of defects,90,MAE,3,Test,0.43838795907134936
LightGBM depth4,heifer,Total number of defects,90,MAE,4,Test,0.7736220292095545
LightGBM depth4,heifer,Total number of defects,90,MAE,5,Test,0.6725055057737247
LightGBM depth4,heifer,Total number of defects,90,MSE,1,Train,0.6816608372050535
LightGBM depth4,heifer,Total number of defects,90,MSE,2,Train,0.5029973881719413
LightGBM depth4,heifer,Total number of defects,90,MSE,3,Train,0.6532673902852005
LightGBM depth4,heifer,Total number of defects,90,MSE,4,Train,0.40451410139491933
LightGBM depth4,heifer,Total number of defects,90,MSE,5,Train,0.5863620488258462
LightGBM depth4,heifer,Total number of defects,90,MSE,1,Test,0.23280502862847727
LightGBM depth4,heifer,Total number of defects,90,MSE,2,Test,1.0016528434494811
LightGBM depth4,heifer,Total number of defects,90,MSE,3,Test,0.30780813445722727
LightGBM depth4,heifer,Total number of defects,90,MSE,4,Test,1.4612834568851845
LightGBM depth4,heifer,Total number of defects,90,MSE,5,Test,0.670309114730884
LightGBM depth4,cow,live weight,180,MAE,1,Train,48.07777777777777
LightGBM depth4,cow,live weight,180,MAE,2,Train,41.25186260215029
LightGBM depth4,cow,live weight,180,MAE,3,Train,45.7414171195187
LightGBM depth4,cow,live weight,180,MAE,4,Train,44.82132948212942
LightGBM depth4,cow,live weight,180,MAE,5,Train,53.665157316443334
LightGBM depth4,cow,live weight,180,MAE,1,Test,45.97333333333334
LightGBM depth4,cow,live weight,180,MAE,2,Test,69.23123152449324
LightGBM depth4,cow,live weight,180,MAE,3,Test,50.97177158848299
LightGBM depth4,cow,live weight,180,MAE,4,Test,57.35195250181822
LightGBM depth4,cow,live weight,180,MAE,5,Test,18.804203984257683
LightGBM depth4,cow,live weight,180,MSE,1,Train,3733.3552469135807
LightGBM depth4,cow,live weight,180,MSE,2,Train,2786.9518042366763
LightGBM depth4,cow,live weight,180,MSE,3,Train,3731.6717750182615
LightGBM depth4,cow,live weight,180,MSE,4,Train,3330.7263696128593
LightGBM depth4,cow,live weight,180,MSE,5,Train,4397.859108838573
LightGBM depth4,cow,live weight,180,MSE,1,Test,3518.3310864197542
LightGBM depth4,cow,live weight,180,MSE,2,Test,7216.743727464807
LightGBM depth4,cow,live weight,180,MSE,3,Test,3390.6340295385367
LightGBM depth4,cow,live weight,180,MSE,4,Test,4937.888000087426
LightGBM depth4,cow,live weight,180,MSE,5,Test,449.63908014803553
LightGBM depth4,steer,live weight,180,MAE,1,Train,28.32625439244762
LightGBM depth4,steer,live weight,180,MAE,2,Train,26.05165493366335
LightGBM depth4,steer,live weight,180,MAE,3,Train,29.20627467966985
LightGBM depth4,steer,live weight,180,MAE,4,Train,27.19885929833613
LightGBM depth4,steer,live weight,180,MAE,5,Train,28.778631122778503
LightGBM depth4,steer,live weight,180,MAE,1,Test,28.10773406915981
LightGBM depth4,steer,live weight,180,MAE,2,Test,37.1636739523255
LightGBM depth4,steer,live weight,180,MAE,3,Test,29.000768258622614
LightGBM depth4,steer,live weight,180,MAE,4,Test,32.708944601291506
LightGBM depth4,steer,live weight,180,MAE,5,Test,26.330295283191308
LightGBM depth4,steer,live weight,180,MSE,1,Train,2026.0297022208078
LightGBM depth4,steer,live weight,180,MSE,2,Train,1143.3126437632652
LightGBM depth4,steer,live weight,180,MSE,3,Train,1945.0859036938043
LightGBM depth4,steer,live weight,180,MSE,4,Train,1927.7212525555594
LightGBM depth4,steer,live weight,180,MSE,5,Train,2089.080255892617
LightGBM depth4,steer,live weight,180,MSE,1,Test,1191.615905635354
LightGBM depth4,steer,live weight,180,MSE,2,Test,5016.2063828046485
LightGBM depth4,steer,live weight,180,MSE,3,Test,1705.1012085144005
LightGBM depth4,steer,live weight,180,MSE,4,Test,1683.080035724291
LightGBM depth4,steer,live weight,180,MSE,5,Test,1030.2776736642145
LightGBM depth4,heifer,live weight,180,MAE,1,Train,18.745741324909933
LightGBM depth4,heifer,live weight,180,MAE,2,Train,16.89392974511646
LightGBM depth4,heifer,live weight,180,MAE,3,Train,17.19029434983135
LightGBM depth4,heifer,live weight,180,MAE,4,Train,17.232640418145838
LightGBM depth4,heifer,live weight,180,MAE,5,Train,14.948958633576497
LightGBM depth4,heifer,live weight,180,MAE,1,Test,12.927915653529201
LightGBM depth4,heifer,live weight,180,MAE,2,Test,22.89463661804381
LightGBM depth4,heifer,live weight,180,MAE,3,Test,17.60211831825631
LightGBM depth4,heifer,live weight,180,MAE,4,Test,18.852952762869204
LightGBM depth4,heifer,live weight,180,MAE,5,Test,26.451455715657286
LightGBM depth4,heifer,live weight,180,MSE,1,Train,597.2892425404548
LightGBM depth4,heifer,live weight,180,MSE,2,Train,480.9190718641638
LightGBM depth4,heifer,live weight,180,MSE,3,Train,528.9916122729593
LightGBM depth4,heifer,live weight,180,MSE,4,Train,535.2256775285972
LightGBM depth4,heifer,live weight,180,MSE,5,Train,415.55039133919377
LightGBM depth4,heifer,live weight,180,MSE,1,Test,262.8103131286853
LightGBM depth4,heifer,live weight,180,MSE,2,Test,997.1702472499036
LightGBM depth4,heifer,live weight,180,MSE,3,Test,602.6713792716317
LightGBM depth4,heifer,live weight,180,MSE,4,Test,570.1813699713686
LightGBM depth4,heifer,live weight,180,MSE,5,Test,1263.843372033549
LightGBM depth4,cow,carcass weight,180,MAE,1,Train,26.475308641975314
LightGBM depth4,cow,carcass weight,180,MAE,2,Train,22.566106647187727
LightGBM depth4,cow,carcass weight,180,MAE,3,Train,24.86121256391526
LightGBM depth4,cow,carcass weight,180,MAE,4,Train,24.50693937180424
LightGBM depth4,cow,carcass weight,180,MAE,5,Train,28.382761139517893
LightGBM depth4,cow,carcass weight,180,MAE,1,Test,25.03333333333335
LightGBM depth4,cow,carcass weight,180,MAE,2,Test,37.049549549549546
LightGBM depth4,cow,carcass weight,180,MAE,3,Test,27.545045045045054
LightGBM depth4,cow,carcass weight,180,MAE,4,Test,29.566066066066057
LightGBM depth4,cow,carcass weight,180,MAE,5,Test,12.48198198198198
LightGBM depth4,cow,carcass weight,180,MSE,1,Train,1076.3001543209875
LightGBM depth4,cow,carcass weight,180,MSE,2,Train,924.6322132943754
LightGBM depth4,cow,carcass weight,180,MSE,3,Train,1152.5628195763331
LightGBM depth4,cow,carcass weight,180,MSE,4,Train,1069.5745069393718
LightGBM depth4,cow,carcass weight,180,MSE,5,Train,1334.4970781592401
LightGBM depth4,cow,carcass weight,180,MSE,1,Test,1386.2859567901246
LightGBM depth4,cow,carcass weight,180,MSE,2,Test,1985.0757446635823
LightGBM depth4,cow,carcass weight,180,MSE,3,Test,1037.9529461894333
LightGBM depth4,cow,carcass weight,180,MSE,4,Test,1353.8872047723396
LightGBM depth4,cow,carcass weight,180,MSE,5,Test,244.06673565457348
LightGBM depth4,steer,carcass weight,180,MAE,1,Train,14.400759069166812
LightGBM depth4,steer,carcass weight,180,MAE,2,Train,13.745202868000327
LightGBM depth4,steer,carcass weight,180,MAE,3,Train,14.43663220237296
LightGBM depth4,steer,carcass weight,180,MAE,4,Train,13.345060802061166
LightGBM depth4,steer,carcass weight,180,MAE,5,Train,13.94070878419032
LightGBM depth4,steer,carcass weight,180,MAE,1,Test,12.870628570800445
LightGBM depth4,steer,carcass weight,180,MAE,2,Test,16.258297758457214
LightGBM depth4,steer,carcass weight,180,MAE,3,Test,13.201626217505874
LightGBM depth4,steer,carcass weight,180,MAE,4,Test,17.61158628982008
LightGBM depth4,steer,carcass weight,180,MAE,5,Test,15.89719036233793
LightGBM depth4,steer,carcass weight,180,MSE,1,Train,350.82237299844564
LightGBM depth4,steer,carcass weight,180,MSE,2,Train,322.04999241801465
LightGBM depth4,steer,carcass weight,180,MSE,3,Train,346.99616597336484
LightGBM depth4,steer,carcass weight,180,MSE,4,Train,295.6599788119137
LightGBM depth4,steer,carcass weight,180,MSE,5,Train,331.46997704238646
LightGBM depth4,steer,carcass weight,180,MSE,1,Test,279.19393458839306
LightGBM depth4,steer,carcass weight,180,MSE,2,Test,425.2876781704173
LightGBM depth4,steer,carcass weight,180,MSE,3,Test,314.9975277032256
LightGBM depth4,steer,carcass weight,180,MSE,4,Test,542.620259703703
LightGBM depth4,steer,carcass weight,180,MSE,5,Test,387.03779086846555
LightGBM depth4,heifer,carcass weight,180,MAE,1,Train,11.181357770170022
LightGBM depth4,heifer,carcass weight,180,MAE,2,Train,9.766712540446765
LightGBM depth4,heifer,carcass weight,180,MAE,3,Train,9.937949400492728
LightGBM depth4,heifer,carcass weight,180,MAE,4,Train,10.345044428652255
LightGBM depth4,heifer,carcass weight,180,MAE,5,Train,8.819581957822514
LightGBM depth4,heifer,carcass weight,180,MAE,1,Test,6.733489567103587
LightGBM depth4,heifer,carcass weight,180,MAE,2,Test,13.566057492441027
LightGBM depth4,heifer,carcass weight,180,MAE,3,Test,12.310789021678275
LightGBM depth4,heifer,carcass weight,180,MAE,4,Test,10.799439609299595
LightGBM depth4,heifer,carcass weight,180,MAE,5,Test,14.782475894216097
LightGBM depth4,heifer,carcass weight,180,MSE,1,Train,216.45021739961138
LightGBM depth4,heifer,carcass weight,180,MSE,2,Train,167.39340835851476
LightGBM depth4,heifer,carcass weight,180,MSE,3,Train,178.87231525892037
LightGBM depth4,heifer,carcass weight,180,MSE,4,Train,189.2610950492974
LightGBM depth4,heifer,carcass weight,180,MSE,5,Train,147.29522504341028
LightGBM depth4,heifer,carcass weight,180,MSE,1,Test,67.74531052686508
LightGBM depth4,heifer,carcass weight,180,MSE,2,Test,340.62794467607205
LightGBM depth4,heifer,carcass weight,180,MSE,3,Test,257.84060748854404
LightGBM depth4,heifer,carcass weight,180,MSE,4,Test,189.36702172063963
LightGBM depth4,heifer,carcass weight,180,MSE,5,Test,388.52531550633586
LightGBM depth4,cow,price,180,MAE,1,Train,105.9296295542776
LightGBM depth4,cow,price,180,MAE,2,Train,88.29839274682992
LightGBM depth4,cow,price,180,MAE,3,Train,97.50503973838967
LightGBM depth4,cow,price,180,MAE,4,Train,99.87019743825327
LightGBM depth4,cow,price,180,MAE,5,Train,106.9143899052399
LightGBM depth4,cow,price,180,MAE,1,Test,91.59249959309899
LightGBM depth4,cow,price,180,MAE,2,Test,142.1792789493595
LightGBM depth4,cow,price,180,MAE,3,Test,105.53873950855153
LightGBM depth4,cow,price,180,MAE,4,Test,102.57747835726349
LightGBM depth4,cow,price,180,MAE,5,Test,71.02342320347692
LightGBM depth4,cow,price,180,MSE,1,Train,17962.01685763889
LightGBM depth4,cow,price,180,MSE,2,Train,13913.479952520096
LightGBM depth4,cow,price,180,MSE,3,Train,17509.994737034336
LightGBM depth4,cow,price,180,MSE,4,Train,16146.839353542744
LightGBM depth4,cow,price,180,MSE,5,Train,19689.8892074507
LightGBM depth4,cow,price,180,MSE,1,Test,16054.458271383788
LightGBM depth4,cow,price,180,MSE,2,Test,31405.61016650071
LightGBM depth4,cow,price,180,MSE,3,Test,16301.115096123174
LightGBM depth4,cow,price,180,MSE,4,Test,21500.693208213488
LightGBM depth4,cow,price,180,MSE,5,Test,6820.101077557188
LightGBM depth4,steer,price,180,MAE,1,Train,84.93562401271993
LightGBM depth4,steer,price,180,MAE,2,Train,81.09316277011101
LightGBM depth4,steer,price,180,MAE,3,Train,85.21516136973365
LightGBM depth4,steer,price,180,MAE,4,Train,78.60318332848118
LightGBM depth4,steer,price,180,MAE,5,Train,82.25018182938095
LightGBM depth4,steer,price,180,MAE,1,Test,75.82525664247132
LightGBM depth4,steer,price,180,MAE,2,Test,96.02481122033124
LightGBM depth4,steer,price,180,MAE,3,Test,78.15532728617596
LightGBM depth4,steer,price,180,MAE,4,Test,103.5177013876014
LightGBM depth4,steer,price,180,MAE,5,Test,93.54843503258343
LightGBM depth4,steer,price,180,MSE,1,Train,12206.580141122944
LightGBM depth4,steer,price,180,MSE,2,Train,11208.986524619613
LightGBM depth4,steer,price,180,MSE,3,Train,12090.158406608525
LightGBM depth4,steer,price,180,MSE,4,Train,10267.872496391525
LightGBM depth4,steer,price,180,MSE,5,Train,11538.469915400066
LightGBM depth4,steer,price,180,MSE,1,Test,9702.464019614798
LightGBM depth4,steer,price,180,MSE,2,Test,14808.978060102707
LightGBM depth4,steer,price,180,MSE,3,Test,10985.25331981177
LightGBM depth4,steer,price,180,MSE,4,Test,18666.656093044316
LightGBM depth4,steer,price,180,MSE,5,Test,13465.30086641122
LightGBM depth4,heifer,price,180,MAE,1,Train,62.820503339186175
LightGBM depth4,heifer,price,180,MAE,2,Train,55.03236666264491
LightGBM depth4,heifer,price,180,MAE,3,Train,55.817042522011185
LightGBM depth4,heifer,price,180,MAE,4,Train,57.93224894401338
LightGBM depth4,heifer,price,180,MAE,5,Train,49.6847132122751
LightGBM depth4,heifer,price,180,MAE,1,Test,39.94897733171811
LightGBM depth4,heifer,price,180,MAE,2,Test,75.26447020976339
LightGBM depth4,heifer,price,180,MAE,3,Test,69.54612494936134
LightGBM depth4,heifer,price,180,MAE,4,Test,66.19303253469543
LightGBM depth4,heifer,price,180,MAE,5,Test,84.08256888115761
LightGBM depth4,heifer,price,180,MSE,1,Train,6921.478958703626
LightGBM depth4,heifer,price,180,MSE,2,Train,5361.50132791454
LightGBM depth4,heifer,price,180,MSE,3,Train,5715.026908852313
LightGBM depth4,heifer,price,180,MSE,4,Train,5935.227891463956
LightGBM depth4,heifer,price,180,MSE,5,Train,4687.079312049284
LightGBM depth4,heifer,price,180,MSE,1,Test,2228.1441147039745
LightGBM depth4,heifer,price,180,MSE,2,Test,10961.975377638983
LightGBM depth4,heifer,price,180,MSE,3,Test,8361.417683542664
LightGBM depth4,heifer,price,180,MSE,4,Test,7004.901670761941
LightGBM depth4,heifer,price,180,MSE,5,Test,12514.070631018994
LightGBM depth4,cow,Total number of defects,180,MAE,1,Train,0.7901234567901234
LightGBM depth4,cow,Total number of defects,180,MAE,2,Train,0.8195763330898467
LightGBM depth4,cow,Total number of defects,180,MAE,3,Train,0.7888970051132214
LightGBM depth4,cow,Total number of defects,180,MAE,4,Train,0.8108108108108109
LightGBM depth4,cow,Total number of defects,180,MAE,5,Train,0.8444119795471147
LightGBM depth4,cow,Total number of defects,180,MAE,1,Test,0.9222222222222222
LightGBM depth4,cow,Total number of defects,180,MAE,2,Test,0.8138138138138138
LightGBM depth4,cow,Total number of defects,180,MAE,3,Test,0.8858858858858859
LightGBM depth4,cow,Total number of defects,180,MAE,4,Test,0.7777777777777778
LightGBM depth4,cow,Total number of defects,180,MAE,5,Test,0.6936936936936937
LightGBM depth4,cow,Total number of defects,180,MSE,1,Train,1.0432098765432098
LightGBM depth4,cow,Total number of defects,180,MSE,2,Train,0.9612856099342585
LightGBM depth4,cow,Total number of defects,180,MSE,3,Train,1.0533235938641345
LightGBM depth4,cow,Total number of defects,180,MSE,4,Train,1.135135135135135
LightGBM depth4,cow,Total number of defects,180,MSE,5,Train,1.101533966398832
LightGBM depth4,cow,Total number of defects,180,MSE,1,Test,1.134567901234568
LightGBM depth4,cow,Total number of defects,180,MSE,2,Test,1.4801558315071826
LightGBM depth4,cow,Total number of defects,180,MSE,3,Test,1.099829559289019
LightGBM depth4,cow,Total number of defects,180,MSE,4,Test,0.7777777777777778
LightGBM depth4,cow,Total number of defects,180,MSE,5,Test,0.8954630305981657
LightGBM depth4,steer,Total number of defects,180,MAE,1,Train,0.31461570688130824
LightGBM depth4,steer,Total number of defects,180,MAE,2,Train,0.3672146577110179
LightGBM depth4,steer,Total number of defects,180,MAE,3,Train,0.35725623867953177
LightGBM depth4,steer,Total number of defects,180,MAE,4,Train,0.34496981945638433
LightGBM depth4,steer,Total number of defects,180,MAE,5,Train,0.31362552667831484
LightGBM depth4,steer,Total number of defects,180,MAE,1,Test,0.40245436125154177
LightGBM depth4,steer,Total number of defects,180,MAE,2,Test,0.29812526855116056
LightGBM depth4,steer,Total number of defects,180,MAE,3,Test,0.35512354830514736
LightGBM depth4,steer,Total number of defects,180,MAE,4,Test,0.39161215431232577
LightGBM depth4,steer,Total number of defects,180,MAE,5,Test,0.40278270333649946
LightGBM depth4,steer,Total number of defects,180,MSE,1,Train,0.3032670492907866
LightGBM depth4,steer,Total number of defects,180,MSE,2,Train,0.34975504323251544
LightGBM depth4,steer,Total number of defects,180,MSE,3,Train,0.3423005054697455
LightGBM depth4,steer,Total number of defects,180,MSE,4,Train,0.2979309757282567
LightGBM depth4,steer,Total number of defects,180,MSE,5,Train,0.3159638843134843
LightGBM depth4,steer,Total number of defects,180,MSE,1,Test,0.47288496715345785
LightGBM depth4,steer,Total number of defects,180,MSE,2,Test,0.24705215203121278
LightGBM depth4,steer,Total number of defects,180,MSE,3,Test,0.3270714963843628
LightGBM depth4,steer,Total number of defects,180,MSE,4,Test,0.5979026069227271
LightGBM depth4,steer,Total number of defects,180,MSE,5,Test,0.3886110176915516
LightGBM depth4,heifer,Total number of defects,180,MAE,1,Train,0.5750504421151399
LightGBM depth4,heifer,Total number of defects,180,MAE,2,Train,0.499253813288637
LightGBM depth4,heifer,Total number of defects,180,MAE,3,Train,0.540069898314826
LightGBM depth4,heifer,Total number of defects,180,MAE,4,Train,0.44905879456860687
LightGBM depth4,heifer,Total number of defects,180,MAE,5,Train,0.5182895120948574
LightGBM depth4,heifer,Total number of defects,180,MAE,1,Test,0.38181350072404235
LightGBM depth4,heifer,Total number of defects,180,MAE,2,Test,0.6802843778660371
LightGBM depth4,heifer,Total number of defects,180,MAE,3,Test,0.43835697352430136
LightGBM depth4,heifer,Total number of defects,180,MAE,4,Test,0.7735963406939487
LightGBM depth4,heifer,Total number of defects,180,MAE,5,Test,0.6683508719581662
LightGBM depth4,heifer,Total number of defects,180,MSE,1,Train,0.6817024240389623
LightGBM depth4,heifer,Total number of defects,180,MSE,2,Train,0.5029834301081082
LightGBM depth4,heifer,Total number of defects,180,MSE,3,Train,0.6548423966694713
LightGBM depth4,heifer,Total number of defects,180,MSE,4,Train,0.40458972764219225
LightGBM depth4,heifer,Total number of defects,180,MSE,5,Train,0.5875989768205688
LightGBM depth4,heifer,Total number of defects,180,MSE,1,Test,0.2330612788931863
LightGBM depth4,heifer,Total number of defects,180,MSE,2,Test,1.002288590596195
LightGBM depth4,heifer,Total number of defects,180,MSE,3,Test,0.3126523194050959
LightGBM depth4,heifer,Total number of defects,180,MSE,4,Test,1.4607807173798733
LightGBM depth4,heifer,Total number of defects,180,MSE,5,Test,0.6613571023463505
LightGBM depth4,cow,live weight,720,MAE,1,Train,48.07777777777777
LightGBM depth4,cow,live weight,720,MAE,2,Train,41.25186260215029
LightGBM depth4,cow,live weight,720,MAE,3,Train,45.7414171195187
LightGBM depth4,cow,live weight,720,MAE,4,Train,44.82132948212942
LightGBM depth4,cow,live weight,720,MAE,5,Train,53.665157316443334
LightGBM depth4,cow,live weight,720,MAE,1,Test,45.97333333333334
LightGBM depth4,cow,live weight,720,MAE,2,Test,69.23123152449324
LightGBM depth4,cow,live weight,720,MAE,3,Test,50.97177158848299
LightGBM depth4,cow,live weight,720,MAE,4,Test,57.35195250181822
LightGBM depth4,cow,live weight,720,MAE,5,Test,18.804203984257683
LightGBM depth4,cow,live weight,720,MSE,1,Train,3733.3552469135807
LightGBM depth4,cow,live weight,720,MSE,2,Train,2786.9518042366763
LightGBM depth4,cow,live weight,720,MSE,3,Train,3731.6717750182615
LightGBM depth4,cow,live weight,720,MSE,4,Train,3330.7263696128593
LightGBM depth4,cow,live weight,720,MSE,5,Train,4397.859108838573
LightGBM depth4,cow,live weight,720,MSE,1,Test,3518.3310864197542
LightGBM depth4,cow,live weight,720,MSE,2,Test,7216.743727464807
LightGBM depth4,cow,live weight,720,MSE,3,Test,3390.6340295385367
LightGBM depth4,cow,live weight,720,MSE,4,Test,4937.888000087426
LightGBM depth4,cow,live weight,720,MSE,5,Test,449.63908014803553
LightGBM depth4,steer,live weight,720,MAE,1,Train,27.639457769360806
LightGBM depth4,steer,live weight,720,MAE,2,Train,29.55137288113294
LightGBM depth4,steer,live weight,720,MAE,3,Train,28.495080878918458
LightGBM depth4,steer,live weight,720,MAE,4,Train,28.75798450859645
LightGBM depth4,steer,live weight,720,MAE,5,Train,29.089383466853295
LightGBM depth4,steer,live weight,720,MAE,1,Test,34.895571241386
LightGBM depth4,steer,live weight,720,MAE,2,Test,27.68184626588522
LightGBM depth4,steer,live weight,720,MAE,3,Test,27.82063640232239
LightGBM depth4,steer,live weight,720,MAE,4,Test,31.439340764089955
LightGBM depth4,steer,live weight,720,MAE,5,Test,29.999427910545297
LightGBM depth4,steer,live weight,720,MSE,1,Train,1169.042783425721
LightGBM depth4,steer,live weight,720,MSE,2,Train,2137.0151021131214
LightGBM depth4,steer,live weight,720,MSE,3,Train,2079.7443747913517
LightGBM depth4,steer,live weight,720,MSE,4,Train,2073.127106971599
LightGBM depth4,steer,live weight,720,MSE,5,Train,2081.7904061594245
LightGBM depth4,steer,live weight,720,MSE,1,Test,5160.255681484334
LightGBM depth4,steer,live weight,720,MSE,2,Test,1164.5562054890586
LightGBM depth4,steer,live weight,720,MSE,3,Test,1249.2728429455572
LightGBM depth4,steer,live weight,720,MSE,4,Test,1414.7238735129972
LightGBM depth4,steer,live weight,720,MSE,5,Test,1438.0913359273345
LightGBM depth4,heifer,live weight,720,MAE,1,Train,20.16328082084656
LightGBM depth4,heifer,live weight,720,MAE,2,Train,27.529687833786003
LightGBM depth4,heifer,live weight,720,MAE,3,Train,22.83828139305114
LightGBM depth4,heifer,live weight,720,MAE,4,Train,20.888281297683704
LightGBM depth4,heifer,live weight,720,MAE,5,Train,26.056249999999995
LightGBM depth4,heifer,live weight,720,MAE,1,Test,44.931246566772444
LightGBM depth4,heifer,live weight,720,MAE,2,Test,7.962497329711923
LightGBM depth4,heifer,live weight,720,MAE,3,Test,27.80312557220458
LightGBM depth4,heifer,live weight,720,MAE,4,Test,42.63125038146973
LightGBM depth4,heifer,live weight,720,MAE,5,Test,13.396874237060544
LightGBM depth4,heifer,live weight,720,MSE,1,Train,678.5799609375116
LightGBM depth4,heifer,live weight,720,MSE,2,Train,1298.3060937500063
LightGBM depth4,heifer,live weight,720,MSE,3,Train,1095.0099609375004
LightGBM depth4,heifer,live weight,720,MSE,4,Train,800.8737109374994
LightGBM depth4,heifer,live weight,720,MSE,5,Train,1263.1487109375014
LightGBM depth4,heifer,live weight,720,MSE,1,Test,2989.233793044099
LightGBM depth4,heifer,live weight,720,MSE,2,Test,119.24636372566923
LightGBM depth4,heifer,live weight,720,MSE,3,Test,956.9128827619563
LightGBM depth4,heifer,live weight,720,MSE,4,Test,2459.7803840875627
LightGBM depth4,heifer,live weight,720,MSE,5,Test,249.4653412818932
LightGBM depth4,cow,carcass weight,720,MAE,1,Train,26.475308641975314
LightGBM depth4,cow,carcass weight,720,MAE,2,Train,22.566106647187727
LightGBM depth4,cow,carcass weight,720,MAE,3,Train,24.86121256391526
LightGBM depth4,cow,carcass weight,720,MAE,4,Train,24.50693937180424
LightGBM depth4,cow,carcass weight,720,MAE,5,Train,28.382761139517893
LightGBM depth4,cow,carcass weight,720,MAE,1,Test,25.03333333333335
LightGBM depth4,cow,carcass weight,720,MAE,2,Test,37.049549549549546
LightGBM depth4,cow,carcass weight,720,MAE,3,Test,27.545045045045054
LightGBM depth4,cow,carcass weight,720,MAE,4,Test,29.566066066066057
LightGBM depth4,cow,carcass weight,720,MAE,5,Test,12.48198198198198
LightGBM depth4,cow,carcass weight,720,MSE,1,Train,1076.3001543209875
LightGBM depth4,cow,carcass weight,720,MSE,2,Train,924.6322132943754
LightGBM depth4,cow,carcass weight,720,MSE,3,Train,1152.5628195763331
LightGBM depth4,cow,carcass weight,720,MSE,4,Train,1069.5745069393718
LightGBM depth4,cow,carcass weight,720,MSE,5,Train,1334.4970781592401
LightGBM depth4,cow,carcass weight,720,MSE,1,Test,1386.2859567901246
LightGBM depth4,cow,carcass weight,720,MSE,2,Test,1985.0757446635823
LightGBM depth4,cow,carcass weight,720,MSE,3,Test,1037.9529461894333
LightGBM depth4,cow,carcass weight,720,MSE,4,Test,1353.8872047723396
LightGBM depth4,cow,carcass weight,720,MSE,5,Test,244.06673565457348
LightGBM depth4,steer,carcass weight,720,MAE,1,Train,14.664212364778322
LightGBM depth4,steer,carcass weight,720,MAE,2,Train,14.506516795632216
LightGBM depth4,steer,carcass weight,720,MAE,3,Train,14.151344123527709
LightGBM depth4,steer,carcass weight,720,MAE,4,Train,14.202662278280584
LightGBM depth4,steer,carcass weight,720,MAE,5,Train,14.216036114623288
LightGBM depth4,steer,carcass weight,720,MAE,1,Test,13.788766659430063
LightGBM depth4,steer,carcass weight,720,MAE,2,Test,14.741723656005846
LightGBM depth4,steer,carcass weight,720,MAE,3,Test,14.467095424639206
LightGBM depth4,steer,carcass weight,720,MAE,4,Test,15.971362988780083
LightGBM depth4,steer,carcass weight,720,MAE,5,Test,15.961725912429936
LightGBM depth4,steer,carcass weight,720,MSE,1,Train,351.7379033156321
LightGBM depth4,steer,carcass weight,720,MSE,2,Train,356.9014495593325
LightGBM depth4,steer,carcass weight,720,MSE,3,Train,332.04119393801136
LightGBM depth4,steer,carcass weight,720,MSE,4,Train,342.8834546103823
LightGBM depth4,steer,carcass weight,720,MSE,5,Train,329.8579920464142
LightGBM depth4,steer,carcass weight,720,MSE,1,Test,345.64170930214306
LightGBM depth4,steer,carcass weight,720,MSE,2,Test,334.7860990831936
LightGBM depth4,steer,carcass weight,720,MSE,3,Test,360.7946702967814
LightGBM depth4,steer,carcass weight,720,MSE,4,Test,382.78817669590535
LightGBM depth4,steer,carcass weight,720,MSE,5,Test,451.8355655268216
LightGBM depth4,heifer,carcass weight,720,MAE,1,Train,11.48046875
LightGBM depth4,heifer,carcass weight,720,MAE,2,Train,15.890625
LightGBM depth4,heifer,carcass weight,720,MAE,3,Train,15.20703125
LightGBM depth4,heifer,carcass weight,720,MAE,4,Train,14.15625
LightGBM depth4,heifer,carcass weight,720,MAE,5,Train,17.46875
LightGBM depth4,heifer,carcass weight,720,MAE,1,Test,29.546875
LightGBM depth4,heifer,carcass weight,720,MAE,2,Test,10.8125
LightGBM depth4,heifer,carcass weight,720,MAE,3,Test,15.5
LightGBM depth4,heifer,carcass weight,720,MAE,4,Test,21.84375
LightGBM depth4,heifer,carcass weight,720,MAE,5,Test,5.703125
LightGBM depth4,heifer,carcass weight,720,MSE,1,Train,196.6943359375
LightGBM depth4,heifer,carcass weight,720,MSE,2,Train,443.15234375
LightGBM depth4,heifer,carcass weight,720,MSE,3,Train,384.4130859375
LightGBM depth4,heifer,carcass weight,720,MSE,4,Train,375.0537109375
LightGBM depth4,heifer,carcass weight,720,MSE,5,Train,470.9443359375
LightGBM depth4,heifer,carcass weight,720,MSE,1,Test,1236.3994140625
LightGBM depth4,heifer,carcass weight,720,MSE,2,Test,169.58203125
LightGBM depth4,heifer,carcass weight,720,MSE,3,Test,399.8056640625
LightGBM depth4,heifer,carcass weight,720,MSE,4,Test,514.0244140625
LightGBM depth4,heifer,carcass weight,720,MSE,5,Test,35.9619140625
LightGBM depth4,cow,price,720,MAE,1,Train,105.9296295542776
LightGBM depth4,cow,price,720,MAE,2,Train,88.29839274682992
LightGBM depth4,cow,price,720,MAE,3,Train,97.50503973838967
LightGBM depth4,cow,price,720,MAE,4,Train,99.87019743825327
LightGBM depth4,cow,price,720,MAE,5,Train,106.9143899052399
LightGBM depth4,cow,price,720,MAE,1,Test,91.59249959309899
LightGBM depth4,cow,price,720,MAE,2,Test,142.1792789493595
LightGBM depth4,cow,price,720,MAE,3,Test,105.53873950855153
LightGBM depth4,cow,price,720,MAE,4,Test,102.57747835726349
LightGBM depth4,cow,price,720,MAE,5,Test,71.02342320347692
LightGBM depth4,cow,price,720,MSE,1,Train,17962.01685763889
LightGBM depth4,cow,price,720,MSE,2,Train,13913.479952520096
LightGBM depth4,cow,price,720,MSE,3,Train,17509.994737034336
LightGBM depth4,cow,price,720,MSE,4,Train,16146.839353542744
LightGBM depth4,cow,price,720,MSE,5,Train,19689.8892074507
LightGBM depth4,cow,price,720,MSE,1,Test,16054.458271383788
LightGBM depth4,cow,price,720,MSE,2,Test,31405.61016650071
LightGBM depth4,cow,price,720,MSE,3,Test,16301.115096123174
LightGBM depth4,cow,price,720,MSE,4,Test,21500.693208213488
LightGBM depth4,cow,price,720,MSE,5,Test,6820.101077557188
LightGBM depth4,steer,price,720,MAE,1,Train,86.52985945516629
LightGBM depth4,steer,price,720,MAE,2,Train,85.58844871166815
LightGBM depth4,steer,price,720,MAE,3,Train,83.42225174288531
LightGBM depth4,steer,price,720,MAE,4,Train,83.76513495756093
LightGBM depth4,steer,price,720,MAE,5,Train,83.88202634659947
LightGBM depth4,steer,price,720,MAE,1,Test,81.40305769963786
LightGBM depth4,steer,price,720,MAE,2,Test,87.04056444480071
LightGBM depth4,steer,price,720,MAE,3,Test,84.9439938586173
LightGBM depth4,steer,price,720,MAE,4,Test,94.29145226822676
LightGBM depth4,steer,price,720,MAE,5,Test,94.29116657408967
LightGBM depth4,steer,price,720,MSE,1,Train,12243.905233479918
LightGBM depth4,steer,price,720,MSE,2,Train,12423.739328231153
LightGBM depth4,steer,price,720,MSE,3,Train,11548.470784154613
LightGBM depth4,steer,price,720,MSE,4,Train,11934.494720514142
LightGBM depth4,steer,price,720,MSE,5,Train,11482.232868118328
LightGBM depth4,steer,price,720,MSE,1,Test,12036.414340033254
LightGBM depth4,steer,price,720,MSE,2,Test,11655.871353936705
LightGBM depth4,steer,price,720,MSE,3,Test,12476.626777002377
LightGBM depth4,steer,price,720,MSE,4,Test,13334.95737178195
LightGBM depth4,steer,price,720,MSE,5,Test,15733.437411805542
LightGBM depth4,heifer,price,720,MAE,1,Train,67.484375
LightGBM depth4,heifer,price,720,MAE,2,Train,90.57070198059083
LightGBM depth4,heifer,price,720,MAE,3,Train,89.98827972412111
LightGBM depth4,heifer,price,720,MAE,4,Train,87.434375
LightGBM depth4,heifer,price,720,MAE,5,Train,97.82500000000002
LightGBM depth4,heifer,price,720,MAE,1,Test,171.29218749999995
LightGBM depth4,heifer,price,720,MAE,2,Test,72.20938415527337
LightGBM depth4,heifer,price,720,MAE,3,Test,86.80000000000001
LightGBM depth4,heifer,price,720,MAE,4,Test,110.66562042236336
LightGBM depth4,heifer,price,720,MAE,5,Test,58.712495422363304
LightGBM depth4,heifer,price,720,MSE,1,Train,6628.187412109375
LightGBM depth4,heifer,price,720,MSE,2,Train,14671.330693359454
LightGBM depth4,heifer,price,720,MSE,3,Train,13363.84991210941
LightGBM depth4,heifer,price,720,MSE,4,Train,13388.640849609394
LightGBM depth4,heifer,price,720,MSE,5,Train,14768.81437500002
LightGBM depth4,heifer,price,720,MSE,1,Test,41892.4777441406
LightGBM depth4,heifer,price,720,MSE,2,Test,6865.985160083847
LightGBM depth4,heifer,price,720,MSE,3,Test,11412.884726371803
LightGBM depth4,heifer,price,720,MSE,4,Test,13403.279543466606
LightGBM depth4,heifer,price,720,MSE,5,Test,6122.6413374710355
LightGBM depth4,cow,Total number of defects,720,MAE,1,Train,0.7901234567901234
LightGBM depth4,cow,Total number of defects,720,MAE,2,Train,0.8195763330898467
LightGBM depth4,cow,Total number of defects,720,MAE,3,Train,0.7888970051132214
LightGBM depth4,cow,Total number of defects,720,MAE,4,Train,0.8108108108108109
LightGBM depth4,cow,Total number of defects,720,MAE,5,Train,0.8444119795471147
LightGBM depth4,cow,Total number of defects,720,MAE,1,Test,0.9222222222222222
LightGBM depth4,cow,Total number of defects,720,MAE,2,Test,0.8138138138138138
LightGBM depth4,cow,Total number of defects,720,MAE,3,Test,0.8858858858858859
LightGBM depth4,cow,Total number of defects,720,MAE,4,Test,0.7777777777777778
LightGBM depth4,cow,Total number of defects,720,MAE,5,Test,0.6936936936936937
LightGBM depth4,cow,Total number of defects,720,MSE,1,Train,1.0432098765432098
LightGBM depth4,cow,Total number of defects,720,MSE,2,Train,0.9612856099342585
LightGBM depth4,cow,Total number of defects,720,MSE,3,Train,1.0533235938641345
LightGBM depth4,cow,Total number of defects,720,MSE,4,Train,1.135135135135135
LightGBM depth4,cow,Total number of defects,720,MSE,5,Train,1.101533966398832
LightGBM depth4,cow,Total number of defects,720,MSE,1,Test,1.134567901234568
LightGBM depth4,cow,Total number of defects,720,MSE,2,Test,1.4801558315071826
LightGBM depth4,cow,Total number of defects,720,MSE,3,Test,1.099829559289019
LightGBM depth4,cow,Total number of defects,720,MSE,4,Test,0.7777777777777778
LightGBM depth4,cow,Total number of defects,720,MSE,5,Test,0.8954630305981657
LightGBM depth4,steer,Total number of defects,720,MAE,1,Train,0.34722256947311936
LightGBM depth4,steer,Total number of defects,720,MAE,2,Train,0.3711061010192458
LightGBM depth4,steer,Total number of defects,720,MAE,3,Train,0.3443791962213603
LightGBM depth4,steer,Total number of defects,720,MAE,4,Train,0.39048526196484873
LightGBM depth4,steer,Total number of defects,720,MAE,5,Train,0.3704718839709539
LightGBM depth4,steer,Total number of defects,720,MAE,1,Test,0.48389450558565145
LightGBM depth4,steer,Total number of defects,720,MAE,2,Test,0.42699900045492273
LightGBM depth4,steer,Total number of defects,720,MAE,3,Test,0.3985917683227104
LightGBM depth4,steer,Total number of defects,720,MAE,4,Test,0.296181840038841
LightGBM depth4,steer,Total number of defects,720,MAE,5,Test,0.42045655433082096
LightGBM depth4,steer,Total number of defects,720,MSE,1,Train,0.30054706307793144
LightGBM depth4,steer,Total number of defects,720,MSE,2,Train,0.3739732960203934
LightGBM depth4,steer,Total number of defects,720,MSE,3,Train,0.33421066404828015
LightGBM depth4,steer,Total number of defects,720,MSE,4,Train,0.4016796160673288
LightGBM depth4,steer,Total number of defects,720,MSE,5,Train,0.35065655104782695
LightGBM depth4,steer,Total number of defects,720,MSE,1,Test,0.776875544480201
LightGBM depth4,steer,Total number of defects,720,MSE,2,Test,0.41529956571953314
LightGBM depth4,steer,Total number of defects,720,MSE,3,Test,0.5035703431195986
LightGBM depth4,steer,Total number of defects,720,MSE,4,Test,0.21449453096954924
LightGBM depth4,steer,Total number of defects,720,MSE,5,Test,0.5045781544438904
LightGBM depth4,heifer,Total number of defects,720,MAE,1,Train,0.3046875
LightGBM depth4,heifer,Total number of defects,720,MAE,2,Train,0.40625
LightGBM depth4,heifer,Total number of defects,720,MAE,3,Train,0.515625
LightGBM depth4,heifer,Total number of defects,720,MAE,4,Train,0.515625
LightGBM depth4,heifer,Total number of defects,720,MAE,5,Train,0.46875
LightGBM depth4,heifer,Total number of defects,720,MAE,1,Test,0.75
LightGBM depth4,heifer,Total number of defects,720,MAE,2,Test,0.5
LightGBM depth4,heifer,Total number of defects,720,MAE,3,Test,0.375
LightGBM depth4,heifer,Total number of defects,720,MAE,4,Test,0.375
LightGBM depth4,heifer,Total number of defects,720,MAE,5,Test,0.40625
LightGBM depth4,heifer,Total number of defects,720,MSE,1,Train,0.15234375
LightGBM depth4,heifer,Total number of defects,720,MSE,2,Train,0.3125
LightGBM depth4,heifer,Total number of defects,720,MSE,3,Train,0.359375
LightGBM depth4,heifer,Total number of defects,720,MSE,4,Train,0.359375
LightGBM depth4,heifer,Total number of defects,720,MSE,5,Train,0.33984375
LightGBM depth4,heifer,Total number of defects,720,MSE,1,Test,1.00390625
LightGBM depth4,heifer,Total number of defects,720,MSE,2,Test,0.3125
LightGBM depth4,heifer,Total number of defects,720,MSE,3,Test,0.140625
LightGBM depth4,heifer,Total number of defects,720,MSE,4,Test,0.140625
LightGBM depth4,heifer,Total number of defects,720,MSE,5,Test,0.19140625
LightGBM depth6,cow,live weight,3,MAE,1,Train,48.07777777777777
LightGBM depth6,cow,live weight,3,MAE,2,Train,41.25186260215029
LightGBM depth6,cow,live weight,3,MAE,3,Train,45.7414171195187
LightGBM depth6,cow,live weight,3,MAE,4,Train,44.82132948212942
LightGBM depth6,cow,live weight,3,MAE,5,Train,53.665157316443334
LightGBM depth6,cow,live weight,3,MAE,1,Test,45.97333333333334
LightGBM depth6,cow,live weight,3,MAE,2,Test,69.23123152449324
LightGBM depth6,cow,live weight,3,MAE,3,Test,50.97177158848299
LightGBM depth6,cow,live weight,3,MAE,4,Test,57.35195250181822
LightGBM depth6,cow,live weight,3,MAE,5,Test,18.804203984257683
LightGBM depth6,cow,live weight,3,MSE,1,Train,3733.3552469135807
LightGBM depth6,cow,live weight,3,MSE,2,Train,2786.9518042366763
LightGBM depth6,cow,live weight,3,MSE,3,Train,3731.6717750182615
LightGBM depth6,cow,live weight,3,MSE,4,Train,3330.7263696128593
LightGBM depth6,cow,live weight,3,MSE,5,Train,4397.859108838573
LightGBM depth6,cow,live weight,3,MSE,1,Test,3518.3310864197542
LightGBM depth6,cow,live weight,3,MSE,2,Test,7216.743727464807
LightGBM depth6,cow,live weight,3,MSE,3,Test,3390.6340295385367
LightGBM depth6,cow,live weight,3,MSE,4,Test,4937.888000087426
LightGBM depth6,cow,live weight,3,MSE,5,Test,449.63908014803553
LightGBM depth6,steer,live weight,3,MAE,1,Train,28.279745355029036
LightGBM depth6,steer,live weight,3,MAE,2,Train,26.18560403234077
LightGBM depth6,steer,live weight,3,MAE,3,Train,29.28867618904863
LightGBM depth6,steer,live weight,3,MAE,4,Train,27.15622662604745
LightGBM depth6,steer,live weight,3,MAE,5,Train,28.7609032115789
LightGBM depth6,steer,live weight,3,MAE,1,Test,28.144561302448615
LightGBM depth6,steer,live weight,3,MAE,2,Test,37.41776101520071
LightGBM depth6,steer,live weight,3,MAE,3,Test,28.987816864132263
LightGBM depth6,steer,live weight,3,MAE,4,Test,32.5309660143281
LightGBM depth6,steer,live weight,3,MAE,5,Test,26.193025969123614
LightGBM depth6,steer,live weight,3,MSE,1,Train,2023.659600194886
LightGBM depth6,steer,live weight,3,MSE,2,Train,1146.5471572417691
LightGBM depth6,steer,live weight,3,MSE,3,Train,1947.9280490854394
LightGBM depth6,steer,live weight,3,MSE,4,Train,1925.2591046088417
LightGBM depth6,steer,live weight,3,MSE,5,Train,2089.8828514025763
LightGBM depth6,steer,live weight,3,MSE,1,Test,1190.9314500346472
LightGBM depth6,steer,live weight,3,MSE,2,Test,5037.072821124047
LightGBM depth6,steer,live weight,3,MSE,3,Test,1700.8285013603117
LightGBM depth6,steer,live weight,3,MSE,4,Test,1655.5265878964358
LightGBM depth6,steer,live weight,3,MSE,5,Test,1007.430877399772
LightGBM depth6,heifer,live weight,3,MAE,1,Train,18.686002287514857
LightGBM depth6,heifer,live weight,3,MAE,2,Train,16.920793098234405
LightGBM depth6,heifer,live weight,3,MAE,3,Train,17.151652607043165
LightGBM depth6,heifer,live weight,3,MAE,4,Train,17.201935721549887
LightGBM depth6,heifer,live weight,3,MAE,5,Train,15.066418975886398
LightGBM depth6,heifer,live weight,3,MAE,1,Test,12.810778031613504
LightGBM depth6,heifer,live weight,3,MAE,2,Test,22.958865215566217
LightGBM depth6,heifer,live weight,3,MAE,3,Test,17.802109839924437
LightGBM depth6,heifer,live weight,3,MAE,4,Test,18.887306055484483
LightGBM depth6,heifer,live weight,3,MAE,5,Test,25.927228372265763
LightGBM depth6,heifer,live weight,3,MSE,1,Train,598.4426320609417
LightGBM depth6,heifer,live weight,3,MSE,2,Train,482.34164432240556
LightGBM depth6,heifer,live weight,3,MSE,3,Train,525.4463972822447
LightGBM depth6,heifer,live weight,3,MSE,4,Train,536.2007252224831
LightGBM depth6,heifer,live weight,3,MSE,5,Train,420.29495321955665
LightGBM depth6,heifer,live weight,3,MSE,1,Test,258.2869669588718
LightGBM depth6,heifer,live weight,3,MSE,2,Test,1018.0753586599168
LightGBM depth6,heifer,live weight,3,MSE,3,Test,618.6481970877484
LightGBM depth6,heifer,live weight,3,MSE,4,Test,573.6146659702658
LightGBM depth6,heifer,live weight,3,MSE,5,Test,1195.4909166797718
LightGBM depth6,cow,carcass weight,3,MAE,1,Train,26.475308641975314
LightGBM depth6,cow,carcass weight,3,MAE,2,Train,22.566106647187727
LightGBM depth6,cow,carcass weight,3,MAE,3,Train,24.86121256391526
LightGBM depth6,cow,carcass weight,3,MAE,4,Train,24.50693937180424
LightGBM depth6,cow,carcass weight,3,MAE,5,Train,28.382761139517893
LightGBM depth6,cow,carcass weight,3,MAE,1,Test,25.03333333333335
LightGBM depth6,cow,carcass weight,3,MAE,2,Test,37.049549549549546
LightGBM depth6,cow,carcass weight,3,MAE,3,Test,27.545045045045054
LightGBM depth6,cow,carcass weight,3,MAE,4,Test,29.566066066066057
LightGBM depth6,cow,carcass weight,3,MAE,5,Test,12.48198198198198
LightGBM depth6,cow,carcass weight,3,MSE,1,Train,1076.3001543209875
LightGBM depth6,cow,carcass weight,3,MSE,2,Train,924.6322132943754
LightGBM depth6,cow,carcass weight,3,MSE,3,Train,1152.5628195763331
LightGBM depth6,cow,carcass weight,3,MSE,4,Train,1069.5745069393718
LightGBM depth6,cow,carcass weight,3,MSE,5,Train,1334.4970781592401
LightGBM depth6,cow,carcass weight,3,MSE,1,Test,1386.2859567901246
LightGBM depth6,cow,carcass weight,3,MSE,2,Test,1985.0757446635823
LightGBM depth6,cow,carcass weight,3,MSE,3,Test,1037.9529461894333
LightGBM depth6,cow,carcass weight,3,MSE,4,Test,1353.8872047723396
LightGBM depth6,cow,carcass weight,3,MSE,5,Test,244.06673565457348
LightGBM depth6,steer,carcass weight,3,MAE,1,Train,14.381947480940347
LightGBM depth6,steer,carcass weight,3,MAE,2,Train,13.719224824090434
LightGBM depth6,steer,carcass weight,3,MAE,3,Train,14.449940288213964
LightGBM depth6,steer,carcass weight,3,MAE,4,Train,13.346746752058941
LightGBM depth6,steer,carcass weight,3,MAE,5,Train,13.948085013431337
LightGBM depth6,steer,carcass weight,3,MAE,1,Test,12.982615002597091
LightGBM depth6,steer,carcass weight,3,MAE,2,Test,16.25999052650991
LightGBM depth6,steer,carcass weight,3,MAE,3,Test,13.21753672726426
LightGBM depth6,steer,carcass weight,3,MAE,4,Test,17.60634808444349
LightGBM depth6,steer,carcass weight,3,MAE,5,Test,15.852361280445969
LightGBM depth6,steer,carcass weight,3,MSE,1,Train,350.30478237831295
LightGBM depth6,steer,carcass weight,3,MSE,2,Train,321.1883282426901
LightGBM depth6,steer,carcass weight,3,MSE,3,Train,347.39036232839675
LightGBM depth6,steer,carcass weight,3,MSE,4,Train,295.7030518908805
LightGBM depth6,steer,carcass weight,3,MSE,5,Train,331.4093066697419
LightGBM depth6,steer,carcass weight,3,MSE,1,Test,284.8242694449494
LightGBM depth6,steer,carcass weight,3,MSE,2,Test,424.32496847501085
LightGBM depth6,steer,carcass weight,3,MSE,3,Test,314.6475174796
LightGBM depth6,steer,carcass weight,3,MSE,4,Test,540.6760575185122
LightGBM depth6,steer,carcass weight,3,MSE,5,Test,383.52738746938263
LightGBM depth6,heifer,carcass weight,3,MAE,1,Train,11.20586468958779
LightGBM depth6,heifer,carcass weight,3,MAE,2,Train,9.791454289600962
LightGBM depth6,heifer,carcass weight,3,MAE,3,Train,9.962914999537631
LightGBM depth6,heifer,carcass weight,3,MAE,4,Train,10.360444061023458
LightGBM depth6,heifer,carcass weight,3,MAE,5,Train,8.857314326914391
LightGBM depth6,heifer,carcass weight,3,MAE,1,Test,6.693139190225398
LightGBM depth6,heifer,carcass weight,3,MAE,2,Test,13.655666841948332
LightGBM depth6,heifer,carcass weight,3,MAE,3,Test,12.102076691708609
LightGBM depth6,heifer,carcass weight,3,MAE,4,Test,10.833708101898756
LightGBM depth6,heifer,carcass weight,3,MAE,5,Test,14.738307314933502
LightGBM depth6,heifer,carcass weight,3,MSE,1,Train,218.04713468664713
LightGBM depth6,heifer,carcass weight,3,MSE,2,Train,167.71355556770942
LightGBM depth6,heifer,carcass weight,3,MSE,3,Train,180.4118944502254
LightGBM depth6,heifer,carcass weight,3,MSE,4,Train,190.51140961448579
LightGBM depth6,heifer,carcass weight,3,MSE,5,Train,148.6286847978564
LightGBM depth6,heifer,carcass weight,3,MSE,1,Test,65.25749072620205
LightGBM depth6,heifer,carcass weight,3,MSE,2,Test,357.1564319808414
LightGBM depth6,heifer,carcass weight,3,MSE,3,Test,251.16544778755346
LightGBM depth6,heifer,carcass weight,3,MSE,4,Test,190.95733248076388
LightGBM depth6,heifer,carcass weight,3,MSE,5,Test,386.74398120273446
LightGBM depth6,cow,price,3,MAE,1,Train,105.9296295542776
LightGBM depth6,cow,price,3,MAE,2,Train,88.29839274682992
LightGBM depth6,cow,price,3,MAE,3,Train,97.50503973838967
LightGBM depth6,cow,price,3,MAE,4,Train,99.87019743825327
LightGBM depth6,cow,price,3,MAE,5,Train,106.9143899052399
LightGBM depth6,cow,price,3,MAE,1,Test,91.59249959309899
LightGBM depth6,cow,price,3,MAE,2,Test,142.1792789493595
LightGBM depth6,cow,price,3,MAE,3,Test,105.53873950855153
LightGBM depth6,cow,price,3,MAE,4,Test,102.57747835726349
LightGBM depth6,cow,price,3,MAE,5,Test,71.02342320347692
LightGBM depth6,cow,price,3,MSE,1,Train,17962.01685763889
LightGBM depth6,cow,price,3,MSE,2,Train,13913.479952520096
LightGBM depth6,cow,price,3,MSE,3,Train,17509.994737034336
LightGBM depth6,cow,price,3,MSE,4,Train,16146.839353542744
LightGBM depth6,cow,price,3,MSE,5,Train,19689.8892074507
LightGBM depth6,cow,price,3,MSE,1,Test,16054.458271383788
LightGBM depth6,cow,price,3,MSE,2,Test,31405.61016650071
LightGBM depth6,cow,price,3,MSE,3,Test,16301.115096123174
LightGBM depth6,cow,price,3,MSE,4,Test,21500.693208213488
LightGBM depth6,cow,price,3,MSE,5,Test,6820.101077557188
LightGBM depth6,steer,price,3,MAE,1,Train,84.84654631104624
LightGBM depth6,steer,price,3,MAE,2,Train,80.92720790942029
LightGBM depth6,steer,price,3,MAE,3,Train,85.35657872699025
LightGBM depth6,steer,price,3,MAE,4,Train,78.72886260000332
LightGBM depth6,steer,price,3,MAE,5,Train,82.29370141568512
LightGBM depth6,steer,price,3,MAE,1,Test,76.5506105757781
LightGBM depth6,steer,price,3,MAE,2,Test,95.98118889560165
LightGBM depth6,steer,price,3,MAE,3,Test,78.10349400788508
LightGBM depth6,steer,price,3,MAE,4,Test,103.64774249361065
LightGBM depth6,steer,price,3,MAE,5,Test,93.50782909619524
LightGBM depth6,steer,price,3,MSE,1,Train,12201.74781585076
LightGBM depth6,steer,price,3,MSE,2,Train,11186.075619509593
LightGBM depth6,steer,price,3,MSE,3,Train,12101.044534801882
LightGBM depth6,steer,price,3,MSE,4,Train,10284.956160853557
LightGBM depth6,steer,price,3,MSE,5,Train,11536.357984858501
LightGBM depth6,steer,price,3,MSE,1,Test,9926.375054636028
LightGBM depth6,steer,price,3,MSE,2,Test,14784.251822954686
LightGBM depth6,steer,price,3,MSE,3,Test,10960.823754368002
LightGBM depth6,steer,price,3,MSE,4,Test,18722.691857815033
LightGBM depth6,steer,price,3,MSE,5,Test,13349.943405474816
LightGBM depth6,heifer,price,3,MAE,1,Train,62.93823616625084
LightGBM depth6,heifer,price,3,MAE,2,Train,55.17273860287159
LightGBM depth6,heifer,price,3,MAE,3,Train,55.898969783660654
LightGBM depth6,heifer,price,3,MAE,4,Train,58.01848676002668
LightGBM depth6,heifer,price,3,MAE,5,Train,49.80610720213763
LightGBM depth6,heifer,price,3,MAE,1,Test,39.78889290601971
LightGBM depth6,heifer,price,3,MAE,2,Test,75.945716293143
LightGBM depth6,heifer,price,3,MAE,3,Test,67.04016675893247
LightGBM depth6,heifer,price,3,MAE,4,Test,66.98069281481753
LightGBM depth6,heifer,price,3,MAE,5,Test,84.33618537793414
LightGBM depth6,heifer,price,3,MSE,1,Train,7006.937743622993
LightGBM depth6,heifer,price,3,MSE,2,Train,5375.969765355817
LightGBM depth6,heifer,price,3,MSE,3,Train,5779.505349189587
LightGBM depth6,heifer,price,3,MSE,4,Train,5974.437756534234
LightGBM depth6,heifer,price,3,MSE,5,Train,4755.212551042734
LightGBM depth6,heifer,price,3,MSE,1,Test,2225.1301427950348
LightGBM depth6,heifer,price,3,MSE,2,Test,11490.414536271435
LightGBM depth6,heifer,price,3,MSE,3,Test,8032.51781230699
LightGBM depth6,heifer,price,3,MSE,4,Test,7165.912045284189
LightGBM depth6,heifer,price,3,MSE,5,Test,12658.808074673152
LightGBM depth6,cow,Total number of defects,3,MAE,1,Train,0.7901234567901234
LightGBM depth6,cow,Total number of defects,3,MAE,2,Train,0.8195763330898467
LightGBM depth6,cow,Total number of defects,3,MAE,3,Train,0.7888970051132214
LightGBM depth6,cow,Total number of defects,3,MAE,4,Train,0.8108108108108109
LightGBM depth6,cow,Total number of defects,3,MAE,5,Train,0.8444119795471147
LightGBM depth6,cow,Total number of defects,3,MAE,1,Test,0.9222222222222222
LightGBM depth6,cow,Total number of defects,3,MAE,2,Test,0.8138138138138138
LightGBM depth6,cow,Total number of defects,3,MAE,3,Test,0.8858858858858859
LightGBM depth6,cow,Total number of defects,3,MAE,4,Test,0.7777777777777778
LightGBM depth6,cow,Total number of defects,3,MAE,5,Test,0.6936936936936937
LightGBM depth6,cow,Total number of defects,3,MSE,1,Train,1.0432098765432098
LightGBM depth6,cow,Total number of defects,3,MSE,2,Train,0.9612856099342585
LightGBM depth6,cow,Total number of defects,3,MSE,3,Train,1.0533235938641345
LightGBM depth6,cow,Total number of defects,3,MSE,4,Train,1.135135135135135
LightGBM depth6,cow,Total number of defects,3,MSE,5,Train,1.101533966398832
LightGBM depth6,cow,Total number of defects,3,MSE,1,Test,1.134567901234568
LightGBM depth6,cow,Total number of defects,3,MSE,2,Test,1.4801558315071826
LightGBM depth6,cow,Total number of defects,3,MSE,3,Test,1.099829559289019
LightGBM depth6,cow,Total number of defects,3,MSE,4,Test,0.7777777777777778
LightGBM depth6,cow,Total number of defects,3,MSE,5,Test,0.8954630305981657
LightGBM depth6,steer,Total number of defects,3,MAE,1,Train,0.3146972335873848
LightGBM depth6,steer,Total number of defects,3,MAE,2,Train,0.36766500241395567
LightGBM depth6,steer,Total number of defects,3,MAE,3,Train,0.35695351168051703
LightGBM depth6,steer,Total number of defects,3,MAE,4,Train,0.34500109204370416
LightGBM depth6,steer,Total number of defects,3,MAE,5,Train,0.3140673874316111
LightGBM depth6,steer,Total number of defects,3,MAE,1,Test,0.4046274483417363
LightGBM depth6,steer,Total number of defects,3,MAE,2,Test,0.3081701550587945
LightGBM depth6,steer,Total number of defects,3,MAE,3,Test,0.3524317781775649
LightGBM depth6,steer,Total number of defects,3,MAE,4,Test,0.3922813142139659
LightGBM depth6,steer,Total number of defects,3,MAE,5,Test,0.3980554911585882
LightGBM depth6,steer,Total number of defects,3,MSE,1,Train,0.30058906524264367
LightGBM depth6,steer,Total number of defects,3,MSE,2,Train,0.3487730017308358
LightGBM depth6,steer,Total number of defects,3,MSE,3,Train,0.3388702829896928
LightGBM depth6,steer,Total number of defects,3,MSE,4,Train,0.30083449291344855
LightGBM depth6,steer,Total number of defects,3,MSE,5,Train,0.3152481169660224
LightGBM depth6,steer,Total number of defects,3,MSE,1,Test,0.4747009130591074
LightGBM depth6,steer,Total number of defects,3,MSE,2,Test,0.2641787644593227
LightGBM depth6,steer,Total number of defects,3,MSE,3,Test,0.3255032559557688
LightGBM depth6,steer,Total number of defects,3,MSE,4,Test,0.5859060548725109
LightGBM depth6,steer,Total number of defects,3,MSE,5,Test,0.37861694373296895
LightGBM depth6,heifer,Total number of defects,3,MAE,1,Train,0.5773802568072132
LightGBM depth6,heifer,Total number of defects,3,MAE,2,Train,0.5009893796085219
LightGBM depth6,heifer,Total number of defects,3,MAE,3,Train,0.5431549197757983
LightGBM depth6,heifer,Total number of defects,3,MAE,4,Train,0.4500467762130562
LightGBM depth6,heifer,Total number of defects,3,MAE,5,Train,0.5251653333678215
LightGBM depth6,heifer,Total number of defects,3,MAE,1,Test,0.38484230249690377
LightGBM depth6,heifer,Total number of defects,3,MAE,2,Test,0.6778094924247563
LightGBM depth6,heifer,Total number of defects,3,MAE,3,Test,0.4351607671249013
LightGBM depth6,heifer,Total number of defects,3,MAE,4,Test,0.774687283199432
LightGBM depth6,heifer,Total number of defects,3,MAE,5,Test,0.6674757058661446
LightGBM depth6,heifer,Total number of defects,3,MSE,1,Train,0.6823358181337138
LightGBM depth6,heifer,Total number of defects,3,MSE,2,Train,0.5037309559743474
LightGBM depth6,heifer,Total number of defects,3,MSE,3,Train,0.6590239378989777
LightGBM depth6,heifer,Total number of defects,3,MSE,4,Train,0.4045435916740769
LightGBM depth6,heifer,Total number of defects,3,MSE,5,Train,0.5887144001717511
LightGBM depth6,heifer,Total number of defects,3,MSE,1,Test,0.23345144137004567
LightGBM depth6,heifer,Total number of defects,3,MSE,2,Test,0.9930861472364261
LightGBM depth6,heifer,Total number of defects,3,MSE,3,Test,0.3002468900375437
LightGBM depth6,heifer,Total number of defects,3,MSE,4,Test,1.458790182132016
LightGBM depth6,heifer,Total number of defects,3,MSE,5,Test,0.6544159846308623
LightGBM depth6,cow,live weight,7,MAE,1,Train,48.07777777777777
LightGBM depth6,cow,live weight,7,MAE,2,Train,41.25186260215029
LightGBM depth6,cow,live weight,7,MAE,3,Train,45.7414171195187
LightGBM depth6,cow,live weight,7,MAE,4,Train,44.82132948212942
LightGBM depth6,cow,live weight,7,MAE,5,Train,53.665157316443334
LightGBM depth6,cow,live weight,7,MAE,1,Test,45.97333333333334
LightGBM depth6,cow,live weight,7,MAE,2,Test,69.23123152449324
LightGBM depth6,cow,live weight,7,MAE,3,Test,50.97177158848299
LightGBM depth6,cow,live weight,7,MAE,4,Test,57.35195250181822
LightGBM depth6,cow,live weight,7,MAE,5,Test,18.804203984257683
LightGBM depth6,cow,live weight,7,MSE,1,Train,3733.3552469135807
LightGBM depth6,cow,live weight,7,MSE,2,Train,2786.9518042366763
LightGBM depth6,cow,live weight,7,MSE,3,Train,3731.6717750182615
LightGBM depth6,cow,live weight,7,MSE,4,Train,3330.7263696128593
LightGBM depth6,cow,live weight,7,MSE,5,Train,4397.859108838573
LightGBM depth6,cow,live weight,7,MSE,1,Test,3518.3310864197542
LightGBM depth6,cow,live weight,7,MSE,2,Test,7216.743727464807
LightGBM depth6,cow,live weight,7,MSE,3,Test,3390.6340295385367
LightGBM depth6,cow,live weight,7,MSE,4,Test,4937.888000087426
LightGBM depth6,cow,live weight,7,MSE,5,Test,449.63908014803553
LightGBM depth6,steer,live weight,7,MAE,1,Train,28.262898861020833
LightGBM depth6,steer,live weight,7,MAE,2,Train,26.1417170601805
LightGBM depth6,steer,live weight,7,MAE,3,Train,29.24279893708654
LightGBM depth6,steer,live weight,7,MAE,4,Train,27.196842800629472
LightGBM depth6,steer,live weight,7,MAE,5,Train,28.757857928028805
LightGBM depth6,steer,live weight,7,MAE,1,Test,28.061485562183208
LightGBM depth6,steer,live weight,7,MAE,2,Test,37.46638205723879
LightGBM depth6,steer,live weight,7,MAE,3,Test,28.97998699478134
LightGBM depth6,steer,live weight,7,MAE,4,Test,32.47294685146189
LightGBM depth6,steer,live weight,7,MAE,5,Test,26.146434932438428
LightGBM depth6,steer,live weight,7,MSE,1,Train,2023.6267811109917
LightGBM depth6,steer,live weight,7,MSE,2,Train,1145.8139138568592
LightGBM depth6,steer,live weight,7,MSE,3,Train,1945.2915077865268
LightGBM depth6,steer,live weight,7,MSE,4,Train,1927.0026064055137
LightGBM depth6,steer,live weight,7,MSE,5,Train,2088.655029511495
LightGBM depth6,steer,live weight,7,MSE,1,Test,1188.5575911906012
LightGBM depth6,steer,live weight,7,MSE,2,Test,5043.046036317554
LightGBM depth6,steer,live weight,7,MSE,3,Test,1701.114869041461
LightGBM depth6,steer,live weight,7,MSE,4,Test,1650.8770718964875
LightGBM depth6,steer,live weight,7,MSE,5,Test,1017.825178172544
LightGBM depth6,heifer,live weight,7,MAE,1,Train,18.698246596803145
LightGBM depth6,heifer,live weight,7,MAE,2,Train,16.919804239608116
LightGBM depth6,heifer,live weight,7,MAE,3,Train,17.201778791044063
LightGBM depth6,heifer,live weight,7,MAE,4,Train,17.20696705257706
LightGBM depth6,heifer,live weight,7,MAE,5,Train,15.015427017512575
LightGBM depth6,heifer,live weight,7,MAE,1,Test,12.82233093119664
LightGBM depth6,heifer,live weight,7,MAE,2,Test,22.989698845769503
LightGBM depth6,heifer,live weight,7,MAE,3,Test,17.60418779645903
LightGBM depth6,heifer,live weight,7,MAE,4,Test,18.98714724846607
LightGBM depth6,heifer,live weight,7,MAE,5,Test,26.48044495940424
LightGBM depth6,heifer,live weight,7,MSE,1,Train,597.554420175098
LightGBM depth6,heifer,live weight,7,MSE,2,Train,482.5212840455553
LightGBM depth6,heifer,live weight,7,MSE,3,Train,530.713035897507
LightGBM depth6,heifer,live weight,7,MSE,4,Train,536.711533140741
LightGBM depth6,heifer,live weight,7,MSE,5,Train,417.44137734369605
LightGBM depth6,heifer,live weight,7,MSE,1,Test,255.95587059254402
LightGBM depth6,heifer,live weight,7,MSE,2,Test,1018.207970420043
LightGBM depth6,heifer,live weight,7,MSE,3,Test,603.744105721206
LightGBM depth6,heifer,live weight,7,MSE,4,Test,573.6089417830113
LightGBM depth6,heifer,live weight,7,MSE,5,Test,1246.6872832182098
LightGBM depth6,cow,carcass weight,7,MAE,1,Train,26.475308641975314
LightGBM depth6,cow,carcass weight,7,MAE,2,Train,22.566106647187727
LightGBM depth6,cow,carcass weight,7,MAE,3,Train,24.86121256391526
LightGBM depth6,cow,carcass weight,7,MAE,4,Train,24.50693937180424
LightGBM depth6,cow,carcass weight,7,MAE,5,Train,28.382761139517893
LightGBM depth6,cow,carcass weight,7,MAE,1,Test,25.03333333333335
LightGBM depth6,cow,carcass weight,7,MAE,2,Test,37.049549549549546
LightGBM depth6,cow,carcass weight,7,MAE,3,Test,27.545045045045054
LightGBM depth6,cow,carcass weight,7,MAE,4,Test,29.566066066066057
LightGBM depth6,cow,carcass weight,7,MAE,5,Test,12.48198198198198
LightGBM depth6,cow,carcass weight,7,MSE,1,Train,1076.3001543209875
LightGBM depth6,cow,carcass weight,7,MSE,2,Train,924.6322132943754
LightGBM depth6,cow,carcass weight,7,MSE,3,Train,1152.5628195763331
LightGBM depth6,cow,carcass weight,7,MSE,4,Train,1069.5745069393718
LightGBM depth6,cow,carcass weight,7,MSE,5,Train,1334.4970781592401
LightGBM depth6,cow,carcass weight,7,MSE,1,Test,1386.2859567901246
LightGBM depth6,cow,carcass weight,7,MSE,2,Test,1985.0757446635823
LightGBM depth6,cow,carcass weight,7,MSE,3,Test,1037.9529461894333
LightGBM depth6,cow,carcass weight,7,MSE,4,Test,1353.8872047723396
LightGBM depth6,cow,carcass weight,7,MSE,5,Test,244.06673565457348
LightGBM depth6,steer,carcass weight,7,MAE,1,Train,14.381585299049583
LightGBM depth6,steer,carcass weight,7,MAE,2,Train,13.739285625718622
LightGBM depth6,steer,carcass weight,7,MAE,3,Train,14.41555661817528
LightGBM depth6,steer,carcass weight,7,MAE,4,Train,13.335455159211573
LightGBM depth6,steer,carcass weight,7,MAE,5,Train,13.947536965818003
LightGBM depth6,steer,carcass weight,7,MAE,1,Test,12.965190419655235
LightGBM depth6,steer,carcass weight,7,MAE,2,Test,16.288489667650513
LightGBM depth6,steer,carcass weight,7,MAE,3,Test,13.253645449293298
LightGBM depth6,steer,carcass weight,7,MAE,4,Test,17.5849525154885
LightGBM depth6,steer,carcass weight,7,MAE,5,Test,15.874993304993481
LightGBM depth6,steer,carcass weight,7,MSE,1,Train,350.6026357673569
LightGBM depth6,steer,carcass weight,7,MSE,2,Train,321.64806396779375
LightGBM depth6,steer,carcass weight,7,MSE,3,Train,346.990191580706
LightGBM depth6,steer,carcass weight,7,MSE,4,Train,295.23522984800917
LightGBM depth6,steer,carcass weight,7,MSE,5,Train,331.2703283056158
LightGBM depth6,steer,carcass weight,7,MSE,1,Test,283.48078256542726
LightGBM depth6,steer,carcass weight,7,MSE,2,Test,425.8902601218643
LightGBM depth6,steer,carcass weight,7,MSE,3,Test,316.3825666251228
LightGBM depth6,steer,carcass weight,7,MSE,4,Test,539.4106953007811
LightGBM depth6,steer,carcass weight,7,MSE,5,Test,383.96063007086406
LightGBM depth6,heifer,carcass weight,7,MAE,1,Train,11.196374884895354
LightGBM depth6,heifer,carcass weight,7,MAE,2,Train,9.77603569694581
LightGBM depth6,heifer,carcass weight,7,MAE,3,Train,9.951484709268458
LightGBM depth6,heifer,carcass weight,7,MAE,4,Train,10.344816291469776
LightGBM depth6,heifer,carcass weight,7,MAE,5,Train,8.82481873914119
LightGBM depth6,heifer,carcass weight,7,MAE,1,Test,6.713200512576936
LightGBM depth6,heifer,carcass weight,7,MAE,2,Test,13.681625758868188
LightGBM depth6,heifer,carcass weight,7,MAE,3,Test,12.187220857265563
LightGBM depth6,heifer,carcass weight,7,MAE,4,Test,10.777328540054418
LightGBM depth6,heifer,carcass weight,7,MAE,5,Test,14.79270642013853
LightGBM depth6,heifer,carcass weight,7,MSE,1,Train,217.50659142885732
LightGBM depth6,heifer,carcass weight,7,MSE,2,Train,167.79503891557908
LightGBM depth6,heifer,carcass weight,7,MSE,3,Train,178.94452264573724
LightGBM depth6,heifer,carcass weight,7,MSE,4,Train,189.39339952780983
LightGBM depth6,heifer,carcass weight,7,MSE,5,Train,147.32160227956192
LightGBM depth6,heifer,carcass weight,7,MSE,1,Test,65.74646200581971
LightGBM depth6,heifer,carcass weight,7,MSE,2,Test,355.8674089326022
LightGBM depth6,heifer,carcass weight,7,MSE,3,Test,252.12679443592984
LightGBM depth6,heifer,carcass weight,7,MSE,4,Test,189.06374199420668
LightGBM depth6,heifer,carcass weight,7,MSE,5,Test,389.43701392176416
LightGBM depth6,cow,price,7,MAE,1,Train,105.9296295542776
LightGBM depth6,cow,price,7,MAE,2,Train,88.29839274682992
LightGBM depth6,cow,price,7,MAE,3,Train,97.50503973838967
LightGBM depth6,cow,price,7,MAE,4,Train,99.87019743825327
LightGBM depth6,cow,price,7,MAE,5,Train,106.9143899052399
LightGBM depth6,cow,price,7,MAE,1,Test,91.59249959309899
LightGBM depth6,cow,price,7,MAE,2,Test,142.1792789493595
LightGBM depth6,cow,price,7,MAE,3,Test,105.53873950855153
LightGBM depth6,cow,price,7,MAE,4,Test,102.57747835726349
LightGBM depth6,cow,price,7,MAE,5,Test,71.02342320347692
LightGBM depth6,cow,price,7,MSE,1,Train,17962.01685763889
LightGBM depth6,cow,price,7,MSE,2,Train,13913.479952520096
LightGBM depth6,cow,price,7,MSE,3,Train,17509.994737034336
LightGBM depth6,cow,price,7,MSE,4,Train,16146.839353542744
LightGBM depth6,cow,price,7,MSE,5,Train,19689.8892074507
LightGBM depth6,cow,price,7,MSE,1,Test,16054.458271383788
LightGBM depth6,cow,price,7,MSE,2,Test,31405.61016650071
LightGBM depth6,cow,price,7,MSE,3,Test,16301.115096123174
LightGBM depth6,cow,price,7,MSE,4,Test,21500.693208213488
LightGBM depth6,cow,price,7,MSE,5,Test,6820.101077557188
LightGBM depth6,steer,price,7,MAE,1,Train,84.9064737453943
LightGBM depth6,steer,price,7,MAE,2,Train,81.02127102682519
LightGBM depth6,steer,price,7,MAE,3,Train,85.10728700025194
LightGBM depth6,steer,price,7,MAE,4,Train,78.73747214606108
LightGBM depth6,steer,price,7,MAE,5,Train,82.29046825371826
LightGBM depth6,steer,price,7,MAE,1,Test,76.63701304809045
LightGBM depth6,steer,price,7,MAE,2,Test,96.1836439481824
LightGBM depth6,steer,price,7,MAE,3,Test,78.34809772876591
LightGBM depth6,steer,price,7,MAE,4,Test,103.69345906803916
LightGBM depth6,steer,price,7,MAE,5,Test,93.58206006159638
LightGBM depth6,steer,price,7,MSE,1,Train,12209.648649322993
LightGBM depth6,steer,price,7,MSE,2,Train,11195.268327173033
LightGBM depth6,steer,price,7,MSE,3,Train,12080.348900515348
LightGBM depth6,steer,price,7,MSE,4,Train,10280.123082063048
LightGBM depth6,steer,price,7,MSE,5,Train,11531.520151704435
LightGBM depth6,steer,price,7,MSE,1,Test,9920.945311942834
LightGBM depth6,steer,price,7,MSE,2,Test,14833.832873396563
LightGBM depth6,steer,price,7,MSE,3,Test,11060.26258712903
LightGBM depth6,steer,price,7,MSE,4,Test,18734.091016962142
LightGBM depth6,steer,price,7,MSE,5,Test,13363.213035580737
LightGBM depth6,heifer,price,7,MAE,1,Train,62.8318055981738
LightGBM depth6,heifer,price,7,MAE,2,Train,55.15834742913416
LightGBM depth6,heifer,price,7,MAE,3,Train,54.84880741967752
LightGBM depth6,heifer,price,7,MAE,4,Train,57.9309713353429
LightGBM depth6,heifer,price,7,MAE,5,Train,49.68676918230864
LightGBM depth6,heifer,price,7,MAE,1,Test,38.89419238714302
LightGBM depth6,heifer,price,7,MAE,2,Test,75.72432166355696
LightGBM depth6,heifer,price,7,MAE,3,Test,68.84444994106016
LightGBM depth6,heifer,price,7,MAE,4,Test,66.233896498153
LightGBM depth6,heifer,price,7,MAE,5,Test,84.67573326181454
LightGBM depth6,heifer,price,7,MSE,1,Train,6956.382802656344
LightGBM depth6,heifer,price,7,MSE,2,Train,5375.123831426201
LightGBM depth6,heifer,price,7,MSE,3,Train,5608.0142551982335
LightGBM depth6,heifer,price,7,MSE,4,Train,5939.376953470496
LightGBM depth6,heifer,price,7,MSE,5,Train,4702.590013322406
LightGBM depth6,heifer,price,7,MSE,1,Test,2134.52298235448
LightGBM depth6,heifer,price,7,MSE,2,Test,11454.604924417368
LightGBM depth6,heifer,price,7,MSE,3,Test,8114.672978406096
LightGBM depth6,heifer,price,7,MSE,4,Test,7026.112902278936
LightGBM depth6,heifer,price,7,MSE,5,Test,12706.459830932305
LightGBM depth6,cow,Total number of defects,7,MAE,1,Train,0.7901234567901234
LightGBM depth6,cow,Total number of defects,7,MAE,2,Train,0.8195763330898467
LightGBM depth6,cow,Total number of defects,7,MAE,3,Train,0.7888970051132214
LightGBM depth6,cow,Total number of defects,7,MAE,4,Train,0.8108108108108109
LightGBM depth6,cow,Total number of defects,7,MAE,5,Train,0.8444119795471147
LightGBM depth6,cow,Total number of defects,7,MAE,1,Test,0.9222222222222222
LightGBM depth6,cow,Total number of defects,7,MAE,2,Test,0.8138138138138138
LightGBM depth6,cow,Total number of defects,7,MAE,3,Test,0.8858858858858859
LightGBM depth6,cow,Total number of defects,7,MAE,4,Test,0.7777777777777778
LightGBM depth6,cow,Total number of defects,7,MAE,5,Test,0.6936936936936937
LightGBM depth6,cow,Total number of defects,7,MSE,1,Train,1.0432098765432098
LightGBM depth6,cow,Total number of defects,7,MSE,2,Train,0.9612856099342585
LightGBM depth6,cow,Total number of defects,7,MSE,3,Train,1.0533235938641345
LightGBM depth6,cow,Total number of defects,7,MSE,4,Train,1.135135135135135
LightGBM depth6,cow,Total number of defects,7,MSE,5,Train,1.101533966398832
LightGBM depth6,cow,Total number of defects,7,MSE,1,Test,1.134567901234568
LightGBM depth6,cow,Total number of defects,7,MSE,2,Test,1.4801558315071826
LightGBM depth6,cow,Total number of defects,7,MSE,3,Test,1.099829559289019
LightGBM depth6,cow,Total number of defects,7,MSE,4,Test,0.7777777777777778
LightGBM depth6,cow,Total number of defects,7,MSE,5,Test,0.8954630305981657
LightGBM depth6,steer,Total number of defects,7,MAE,1,Train,0.3143147537155154
LightGBM depth6,steer,Total number of defects,7,MAE,2,Train,0.3672184833871916
LightGBM depth6,steer,Total number of defects,7,MAE,3,Train,0.35769400864739437
LightGBM depth6,steer,Total number of defects,7,MAE,4,Train,0.34523416703921644
LightGBM depth6,steer,Total number of defects,7,MAE,5,Train,0.31361314684919794
LightGBM depth6,steer,Total number of defects,7,MAE,1,Test,0.40460467831393304
LightGBM depth6,steer,Total number of defects,7,MAE,2,Test,0.3065784775009016
LightGBM depth6,steer,Total number of defects,7,MAE,3,Test,0.3544375249979997
LightGBM depth6,steer,Total number of defects,7,MAE,4,Test,0.3920062695046459
LightGBM depth6,steer,Total number of defects,7,MAE,5,Test,0.40106841298225293
LightGBM depth6,steer,Total number of defects,7,MSE,1,Train,0.2998129409677816
LightGBM depth6,steer,Total number of defects,7,MSE,2,Train,0.34867168119910547
LightGBM depth6,steer,Total number of defects,7,MSE,3,Train,0.33962165765416397
LightGBM depth6,steer,Total number of defects,7,MSE,4,Train,0.29783948579412545
LightGBM depth6,steer,Total number of defects,7,MSE,5,Train,0.3138238996729692
LightGBM depth6,steer,Total number of defects,7,MSE,1,Test,0.47476958935598873
LightGBM depth6,steer,Total number of defects,7,MSE,2,Test,0.2628576936288569
LightGBM depth6,steer,Total number of defects,7,MSE,3,Test,0.3265315697968121
LightGBM depth6,steer,Total number of defects,7,MSE,4,Test,0.592027256802391
LightGBM depth6,steer,Total number of defects,7,MSE,5,Test,0.3845854743030308
LightGBM depth6,heifer,Total number of defects,7,MAE,1,Train,0.5753337215043871
LightGBM depth6,heifer,Total number of defects,7,MAE,2,Train,0.4995178630381025
LightGBM depth6,heifer,Total number of defects,7,MAE,3,Train,0.5420522398064092
LightGBM depth6,heifer,Total number of defects,7,MAE,4,Train,0.44798525615299406
LightGBM depth6,heifer,Total number of defects,7,MAE,5,Train,0.518058080399545
LightGBM depth6,heifer,Total number of defects,7,MAE,1,Test,0.38223604057218225
LightGBM depth6,heifer,Total number of defects,7,MAE,2,Test,0.6792970606151486
LightGBM depth6,heifer,Total number of defects,7,MAE,3,Test,0.43555827581290957
LightGBM depth6,heifer,Total number of defects,7,MAE,4,Test,0.7727414039347981
LightGBM depth6,heifer,Total number of defects,7,MAE,5,Test,0.6690564126569974
LightGBM depth6,heifer,Total number of defects,7,MSE,1,Train,0.6816592209176198
LightGBM depth6,heifer,Total number of defects,7,MSE,2,Train,0.5031220821727749
LightGBM depth6,heifer,Total number of defects,7,MSE,3,Train,0.6571009984530684
LightGBM depth6,heifer,Total number of defects,7,MSE,4,Train,0.4043240430123589
LightGBM depth6,heifer,Total number of defects,7,MSE,5,Train,0.5873404947527914
LightGBM depth6,heifer,Total number of defects,7,MSE,1,Test,0.23293544227806032
LightGBM depth6,heifer,Total number of defects,7,MSE,2,Test,1.0003071652906859
LightGBM depth6,heifer,Total number of defects,7,MSE,3,Test,0.3038313754268899
LightGBM depth6,heifer,Total number of defects,7,MSE,4,Test,1.462360169969396
LightGBM depth6,heifer,Total number of defects,7,MSE,5,Test,0.6632203632846517
LightGBM depth6,cow,live weight,14,MAE,1,Train,48.07777777777777
LightGBM depth6,cow,live weight,14,MAE,2,Train,41.25186260215029
LightGBM depth6,cow,live weight,14,MAE,3,Train,45.7414171195187
LightGBM depth6,cow,live weight,14,MAE,4,Train,44.82132948212942
LightGBM depth6,cow,live weight,14,MAE,5,Train,53.665157316443334
LightGBM depth6,cow,live weight,14,MAE,1,Test,45.97333333333334
LightGBM depth6,cow,live weight,14,MAE,2,Test,69.23123152449324
LightGBM depth6,cow,live weight,14,MAE,3,Test,50.97177158848299
LightGBM depth6,cow,live weight,14,MAE,4,Test,57.35195250181822
LightGBM depth6,cow,live weight,14,MAE,5,Test,18.804203984257683
LightGBM depth6,cow,live weight,14,MSE,1,Train,3733.3552469135807
LightGBM depth6,cow,live weight,14,MSE,2,Train,2786.9518042366763
LightGBM depth6,cow,live weight,14,MSE,3,Train,3731.6717750182615
LightGBM depth6,cow,live weight,14,MSE,4,Train,3330.7263696128593
LightGBM depth6,cow,live weight,14,MSE,5,Train,4397.859108838573
LightGBM depth6,cow,live weight,14,MSE,1,Test,3518.3310864197542
LightGBM depth6,cow,live weight,14,MSE,2,Test,7216.743727464807
LightGBM depth6,cow,live weight,14,MSE,3,Test,3390.6340295385367
LightGBM depth6,cow,live weight,14,MSE,4,Test,4937.888000087426
LightGBM depth6,cow,live weight,14,MSE,5,Test,449.63908014803553
LightGBM depth6,steer,live weight,14,MAE,1,Train,28.26603172339026
LightGBM depth6,steer,live weight,14,MAE,2,Train,26.059884064113593
LightGBM depth6,steer,live weight,14,MAE,3,Train,29.258686602941275
LightGBM depth6,steer,live weight,14,MAE,4,Train,27.184834777307426
LightGBM depth6,steer,live weight,14,MAE,5,Train,28.772897455539617
LightGBM depth6,steer,live weight,14,MAE,1,Test,28.08495915406656
LightGBM depth6,steer,live weight,14,MAE,2,Test,37.15225166759742
LightGBM depth6,steer,live weight,14,MAE,3,Test,29.045269627011816
LightGBM depth6,steer,live weight,14,MAE,4,Test,32.465264244781956
LightGBM depth6,steer,live weight,14,MAE,5,Test,26.226039641146624
LightGBM depth6,steer,live weight,14,MSE,1,Train,2023.2587640140252
LightGBM depth6,steer,live weight,14,MSE,2,Train,1143.852731843923
LightGBM depth6,steer,live weight,14,MSE,3,Train,1946.5027905088177
LightGBM depth6,steer,live weight,14,MSE,4,Train,1926.8956483196662
LightGBM depth6,steer,live weight,14,MSE,5,Train,2089.4998318607527
LightGBM depth6,steer,live weight,14,MSE,1,Test,1188.9116205647997
LightGBM depth6,steer,live weight,14,MSE,2,Test,5016.108347693127
LightGBM depth6,steer,live weight,14,MSE,3,Test,1702.4372703950398
LightGBM depth6,steer,live weight,14,MSE,4,Test,1650.830490714438
LightGBM depth6,steer,live weight,14,MSE,5,Test,1025.9162466793227
LightGBM depth6,heifer,live weight,14,MAE,1,Train,18.698246596803145
LightGBM depth6,heifer,live weight,14,MAE,2,Train,16.89977189409897
LightGBM depth6,heifer,live weight,14,MAE,3,Train,17.201778791044063
LightGBM depth6,heifer,live weight,14,MAE,4,Train,17.20696705257706
LightGBM depth6,heifer,live weight,14,MAE,5,Train,15.000183206912961
LightGBM depth6,heifer,live weight,14,MAE,1,Test,12.82233093119664
LightGBM depth6,heifer,live weight,14,MAE,2,Test,22.94423401271416
LightGBM depth6,heifer,live weight,14,MAE,3,Test,17.60418779645903
LightGBM depth6,heifer,live weight,14,MAE,4,Test,18.98714724846607
LightGBM depth6,heifer,live weight,14,MAE,5,Test,26.469058595385928
LightGBM depth6,heifer,live weight,14,MSE,1,Train,597.554420175098
LightGBM depth6,heifer,live weight,14,MSE,2,Train,482.4416708645358
LightGBM depth6,heifer,live weight,14,MSE,3,Train,530.713035897507
LightGBM depth6,heifer,live weight,14,MSE,4,Train,536.711533140741
LightGBM depth6,heifer,live weight,14,MSE,5,Train,417.6374303032207
LightGBM depth6,heifer,live weight,14,MSE,1,Test,255.95587059254402
LightGBM depth6,heifer,live weight,14,MSE,2,Test,1016.3462799564553
LightGBM depth6,heifer,live weight,14,MSE,3,Test,603.744105721206
LightGBM depth6,heifer,live weight,14,MSE,4,Test,573.6089417830113
LightGBM depth6,heifer,live weight,14,MSE,5,Test,1249.1514839558095
LightGBM depth6,cow,carcass weight,14,MAE,1,Train,26.475308641975314
LightGBM depth6,cow,carcass weight,14,MAE,2,Train,22.566106647187727
LightGBM depth6,cow,carcass weight,14,MAE,3,Train,24.86121256391526
LightGBM depth6,cow,carcass weight,14,MAE,4,Train,24.50693937180424
LightGBM depth6,cow,carcass weight,14,MAE,5,Train,28.382761139517893
LightGBM depth6,cow,carcass weight,14,MAE,1,Test,25.03333333333335
LightGBM depth6,cow,carcass weight,14,MAE,2,Test,37.049549549549546
LightGBM depth6,cow,carcass weight,14,MAE,3,Test,27.545045045045054
LightGBM depth6,cow,carcass weight,14,MAE,4,Test,29.566066066066057
LightGBM depth6,cow,carcass weight,14,MAE,5,Test,12.48198198198198
LightGBM depth6,cow,carcass weight,14,MSE,1,Train,1076.3001543209875
LightGBM depth6,cow,carcass weight,14,MSE,2,Train,924.6322132943754
LightGBM depth6,cow,carcass weight,14,MSE,3,Train,1152.5628195763331
LightGBM depth6,cow,carcass weight,14,MSE,4,Train,1069.5745069393718
LightGBM depth6,cow,carcass weight,14,MSE,5,Train,1334.4970781592401
LightGBM depth6,cow,carcass weight,14,MSE,1,Test,1386.2859567901246
LightGBM depth6,cow,carcass weight,14,MSE,2,Test,1985.0757446635823
LightGBM depth6,cow,carcass weight,14,MSE,3,Test,1037.9529461894333
LightGBM depth6,cow,carcass weight,14,MSE,4,Test,1353.8872047723396
LightGBM depth6,cow,carcass weight,14,MSE,5,Test,244.06673565457348
LightGBM depth6,steer,carcass weight,14,MAE,1,Train,14.392205529471934
LightGBM depth6,steer,carcass weight,14,MAE,2,Train,13.71874016401342
LightGBM depth6,steer,carcass weight,14,MAE,3,Train,14.416670815294088
LightGBM depth6,steer,carcass weight,14,MAE,4,Train,13.323322800792592
LightGBM depth6,steer,carcass weight,14,MAE,5,Train,13.916504254596429
LightGBM depth6,steer,carcass weight,14,MAE,1,Test,12.925034115044514
LightGBM depth6,steer,carcass weight,14,MAE,2,Test,16.30979302714745
LightGBM depth6,steer,carcass weight,14,MAE,3,Test,13.161188466720688
LightGBM depth6,steer,carcass weight,14,MAE,4,Test,17.53361443796462
LightGBM depth6,steer,carcass weight,14,MAE,5,Test,15.880632316424975
LightGBM depth6,steer,carcass weight,14,MSE,1,Train,350.60787663966784
LightGBM depth6,steer,carcass weight,14,MSE,2,Train,320.979010087821
LightGBM depth6,steer,carcass weight,14,MSE,3,Train,346.80756434759076
LightGBM depth6,steer,carcass weight,14,MSE,4,Train,295.0761264509019
LightGBM depth6,steer,carcass weight,14,MSE,5,Train,330.39040798046784
LightGBM depth6,steer,carcass weight,14,MSE,1,Test,281.0663351050335
LightGBM depth6,steer,carcass weight,14,MSE,2,Test,426.15296823841544
LightGBM depth6,steer,carcass weight,14,MSE,3,Test,313.8210196587968
LightGBM depth6,steer,carcass weight,14,MSE,4,Test,537.0219416825997
LightGBM depth6,steer,carcass weight,14,MSE,5,Test,384.86670447392726
LightGBM depth6,heifer,carcass weight,14,MAE,1,Train,11.193226847516183
LightGBM depth6,heifer,carcass weight,14,MAE,2,Train,9.774305178835458
LightGBM depth6,heifer,carcass weight,14,MAE,3,Train,9.933255216560902
LightGBM depth6,heifer,carcass weight,14,MAE,4,Train,10.343793526599148
LightGBM depth6,heifer,carcass weight,14,MAE,5,Train,8.818996169279867
LightGBM depth6,heifer,carcass weight,14,MAE,1,Test,6.720292868125212
LightGBM depth6,heifer,carcass weight,14,MAE,2,Test,13.66943820558247
LightGBM depth6,heifer,carcass weight,14,MAE,3,Test,12.333769078612397
LightGBM depth6,heifer,carcass weight,14,MAE,4,Test,10.782761028054091
LightGBM depth6,heifer,carcass weight,14,MAE,5,Test,14.797586597584107
LightGBM depth6,heifer,carcass weight,14,MSE,1,Train,217.20473677732235
LightGBM depth6,heifer,carcass weight,14,MSE,2,Train,167.72516636677625
LightGBM depth6,heifer,carcass weight,14,MSE,3,Train,178.8160440679532
LightGBM depth6,heifer,carcass weight,14,MSE,4,Train,189.4085062607907
LightGBM depth6,heifer,carcass weight,14,MSE,5,Train,147.39740116318666
LightGBM depth6,heifer,carcass weight,14,MSE,1,Test,65.72170101316678
LightGBM depth6,heifer,carcass weight,14,MSE,2,Test,355.13497489817314
LightGBM depth6,heifer,carcass weight,14,MSE,3,Test,258.7682589039549
LightGBM depth6,heifer,carcass weight,14,MSE,4,Test,189.09982612737767
LightGBM depth6,heifer,carcass weight,14,MSE,5,Test,390.3209314766635
LightGBM depth6,cow,price,14,MAE,1,Train,105.9296295542776
LightGBM depth6,cow,price,14,MAE,2,Train,88.29839274682992
LightGBM depth6,cow,price,14,MAE,3,Train,97.50503973838967
LightGBM depth6,cow,price,14,MAE,4,Train,99.87019743825327
LightGBM depth6,cow,price,14,MAE,5,Train,106.9143899052399
LightGBM depth6,cow,price,14,MAE,1,Test,91.59249959309899
LightGBM depth6,cow,price,14,MAE,2,Test,142.1792789493595
LightGBM depth6,cow,price,14,MAE,3,Test,105.53873950855153
LightGBM depth6,cow,price,14,MAE,4,Test,102.57747835726349
LightGBM depth6,cow,price,14,MAE,5,Test,71.02342320347692
LightGBM depth6,cow,price,14,MSE,1,Train,17962.01685763889
LightGBM depth6,cow,price,14,MSE,2,Train,13913.479952520096
LightGBM depth6,cow,price,14,MSE,3,Train,17509.994737034336
LightGBM depth6,cow,price,14,MSE,4,Train,16146.839353542744
LightGBM depth6,cow,price,14,MSE,5,Train,19689.8892074507
LightGBM depth6,cow,price,14,MSE,1,Test,16054.458271383788
LightGBM depth6,cow,price,14,MSE,2,Test,31405.61016650071
LightGBM depth6,cow,price,14,MSE,3,Test,16301.115096123174
LightGBM depth6,cow,price,14,MSE,4,Test,21500.693208213488
LightGBM depth6,cow,price,14,MSE,5,Test,6820.101077557188
LightGBM depth6,steer,price,14,MAE,1,Train,84.87884644972976
LightGBM depth6,steer,price,14,MAE,2,Train,80.95224642576848
LightGBM depth6,steer,price,14,MAE,3,Train,85.1391470883954
LightGBM depth6,steer,price,14,MAE,4,Train,78.65432212229484
LightGBM depth6,steer,price,14,MAE,5,Train,82.10737509716076
LightGBM depth6,steer,price,14,MAE,1,Test,75.97273729663847
LightGBM depth6,steer,price,14,MAE,2,Test,96.22163868960244
LightGBM depth6,steer,price,14,MAE,3,Test,77.83059674767067
LightGBM depth6,steer,price,14,MAE,4,Test,103.59787760259671
LightGBM depth6,steer,price,14,MAE,5,Test,93.47007020111734
LightGBM depth6,steer,price,14,MSE,1,Train,12213.577763619249
LightGBM depth6,steer,price,14,MSE,2,Train,11178.239678321183
LightGBM depth6,steer,price,14,MSE,3,Train,12076.945813387767
LightGBM depth6,steer,price,14,MSE,4,Train,10273.003436700183
LightGBM depth6,steer,price,14,MSE,5,Train,11500.890125893387
LightGBM depth6,steer,price,14,MSE,1,Test,9734.28332159762
LightGBM depth6,steer,price,14,MSE,2,Test,14820.942674512551
LightGBM depth6,steer,price,14,MSE,3,Test,10935.408881322994
LightGBM depth6,steer,price,14,MSE,4,Test,18698.00605057063
LightGBM depth6,steer,price,14,MSE,5,Test,13390.31578534056
LightGBM depth6,heifer,price,14,MAE,1,Train,62.81622865798773
LightGBM depth6,heifer,price,14,MAE,2,Train,54.913146898566204
LightGBM depth6,heifer,price,14,MAE,3,Train,55.61291555253408
LightGBM depth6,heifer,price,14,MAE,4,Train,57.92524355591204
LightGBM depth6,heifer,price,14,MAE,5,Train,49.68561080353108
LightGBM depth6,heifer,price,14,MAE,1,Test,39.044366801978676
LightGBM depth6,heifer,price,14,MAE,2,Test,75.98106396801602
LightGBM depth6,heifer,price,14,MAE,3,Test,69.91036793996707
LightGBM depth6,heifer,price,14,MAE,4,Test,66.25389549832151
LightGBM depth6,heifer,price,14,MAE,5,Test,84.22906619171034
LightGBM depth6,heifer,price,14,MSE,1,Train,6958.245790044789
LightGBM depth6,heifer,price,14,MSE,2,Train,5344.145895458754
LightGBM depth6,heifer,price,14,MSE,3,Train,5709.315373399169
LightGBM depth6,heifer,price,14,MSE,4,Train,5939.8506994603085
LightGBM depth6,heifer,price,14,MSE,5,Train,4702.37389779654
LightGBM depth6,heifer,price,14,MSE,1,Test,2143.93303083559
LightGBM depth6,heifer,price,14,MSE,2,Test,11440.690981656673
LightGBM depth6,heifer,price,14,MSE,3,Test,8462.6774785959
LightGBM depth6,heifer,price,14,MSE,4,Test,7025.300099722749
LightGBM depth6,heifer,price,14,MSE,5,Test,12584.836437500619
LightGBM depth6,cow,Total number of defects,14,MAE,1,Train,0.7901234567901234
LightGBM depth6,cow,Total number of defects,14,MAE,2,Train,0.8195763330898467
LightGBM depth6,cow,Total number of defects,14,MAE,3,Train,0.7888970051132214
LightGBM depth6,cow,Total number of defects,14,MAE,4,Train,0.8108108108108109
LightGBM depth6,cow,Total number of defects,14,MAE,5,Train,0.8444119795471147
LightGBM depth6,cow,Total number of defects,14,MAE,1,Test,0.9222222222222222
LightGBM depth6,cow,Total number of defects,14,MAE,2,Test,0.8138138138138138
LightGBM depth6,cow,Total number of defects,14,MAE,3,Test,0.8858858858858859
LightGBM depth6,cow,Total number of defects,14,MAE,4,Test,0.7777777777777778
LightGBM depth6,cow,Total number of defects,14,MAE,5,Test,0.6936936936936937
LightGBM depth6,cow,Total number of defects,14,MSE,1,Train,1.0432098765432098
LightGBM depth6,cow,Total number of defects,14,MSE,2,Train,0.9612856099342585
LightGBM depth6,cow,Total number of defects,14,MSE,3,Train,1.0533235938641345
LightGBM depth6,cow,Total number of defects,14,MSE,4,Train,1.135135135135135
LightGBM depth6,cow,Total number of defects,14,MSE,5,Train,1.101533966398832
LightGBM depth6,cow,Total number of defects,14,MSE,1,Test,1.134567901234568
LightGBM depth6,cow,Total number of defects,14,MSE,2,Test,1.4801558315071826
LightGBM depth6,cow,Total number of defects,14,MSE,3,Test,1.099829559289019
LightGBM depth6,cow,Total number of defects,14,MSE,4,Test,0.7777777777777778
LightGBM depth6,cow,Total number of defects,14,MSE,5,Test,0.8954630305981657
LightGBM depth6,steer,Total number of defects,14,MAE,1,Train,0.3143328476773924
LightGBM depth6,steer,Total number of defects,14,MAE,2,Train,0.3668124433484593
LightGBM depth6,steer,Total number of defects,14,MAE,3,Train,0.35785979741797397
LightGBM depth6,steer,Total number of defects,14,MAE,4,Train,0.3449076319133786
LightGBM depth6,steer,Total number of defects,14,MAE,5,Train,0.3140758704113994
LightGBM depth6,steer,Total number of defects,14,MAE,1,Test,0.4032933083535546
LightGBM depth6,steer,Total number of defects,14,MAE,2,Test,0.3004803030016563
LightGBM depth6,steer,Total number of defects,14,MAE,3,Test,0.3558647127993282
LightGBM depth6,steer,Total number of defects,14,MAE,4,Test,0.391169034715464
LightGBM depth6,steer,Total number of defects,14,MAE,5,Test,0.40000639198036875
LightGBM depth6,steer,Total number of defects,14,MSE,1,Train,0.3034306720660317
LightGBM depth6,steer,Total number of defects,14,MSE,2,Train,0.34899705865029107
LightGBM depth6,steer,Total number of defects,14,MSE,3,Train,0.3422903557494358
LightGBM depth6,steer,Total number of defects,14,MSE,4,Train,0.2976286012357675
LightGBM depth6,steer,Total number of defects,14,MSE,5,Train,0.3177614628479839
LightGBM depth6,steer,Total number of defects,14,MSE,1,Test,0.47475890265383636
LightGBM depth6,steer,Total number of defects,14,MSE,2,Test,0.25254921529292484
LightGBM depth6,steer,Total number of defects,14,MSE,3,Test,0.3297102645669823
LightGBM depth6,steer,Total number of defects,14,MSE,4,Test,0.588597145151293
LightGBM depth6,steer,Total number of defects,14,MSE,5,Test,0.384516736467613
LightGBM depth6,heifer,Total number of defects,14,MAE,1,Train,0.5754878771970937
LightGBM depth6,heifer,Total number of defects,14,MAE,2,Train,0.49932061835047126
LightGBM depth6,heifer,Total number of defects,14,MAE,3,Train,0.5428705209676118
LightGBM depth6,heifer,Total number of defects,14,MAE,4,Train,0.4490213357435503
LightGBM depth6,heifer,Total number of defects,14,MAE,5,Train,0.5170468077693254
LightGBM depth6,heifer,Total number of defects,14,MAE,1,Test,0.382348488816859
LightGBM depth6,heifer,Total number of defects,14,MAE,2,Test,0.6791525369360492
LightGBM depth6,heifer,Total number of defects,14,MAE,3,Test,0.4362906245776205
LightGBM depth6,heifer,Total number of defects,14,MAE,4,Test,0.7739793801393677
LightGBM depth6,heifer,Total number of defects,14,MAE,5,Test,0.6721325745317649
LightGBM depth6,heifer,Total number of defects,14,MSE,1,Train,0.681647977534395
LightGBM depth6,heifer,Total number of defects,14,MSE,2,Train,0.5030893744574129
LightGBM depth6,heifer,Total number of defects,14,MSE,3,Train,0.6539074975837579
LightGBM depth6,heifer,Total number of defects,14,MSE,4,Train,0.40445141667046375
LightGBM depth6,heifer,Total number of defects,14,MSE,5,Train,0.586532608537984
LightGBM depth6,heifer,Total number of defects,14,MSE,1,Test,0.23281417856616643
LightGBM depth6,heifer,Total number of defects,14,MSE,2,Test,1.000385041062804
LightGBM depth6,heifer,Total number of defects,14,MSE,3,Test,0.3051641971230607
LightGBM depth6,heifer,Total number of defects,14,MSE,4,Test,1.4618638006185962
LightGBM depth6,heifer,Total number of defects,14,MSE,5,Test,0.6690726048899589
LightGBM depth6,cow,live weight,90,MAE,1,Train,48.07777777777777
LightGBM depth6,cow,live weight,90,MAE,2,Train,41.25186260215029
LightGBM depth6,cow,live weight,90,MAE,3,Train,45.7414171195187
LightGBM depth6,cow,live weight,90,MAE,4,Train,44.82132948212942
LightGBM depth6,cow,live weight,90,MAE,5,Train,53.665157316443334
LightGBM depth6,cow,live weight,90,MAE,1,Test,45.97333333333334
LightGBM depth6,cow,live weight,90,MAE,2,Test,69.23123152449324
LightGBM depth6,cow,live weight,90,MAE,3,Test,50.97177158848299
LightGBM depth6,cow,live weight,90,MAE,4,Test,57.35195250181822
LightGBM depth6,cow,live weight,90,MAE,5,Test,18.804203984257683
LightGBM depth6,cow,live weight,90,MSE,1,Train,3733.3552469135807
LightGBM depth6,cow,live weight,90,MSE,2,Train,2786.9518042366763
LightGBM depth6,cow,live weight,90,MSE,3,Train,3731.6717750182615
LightGBM depth6,cow,live weight,90,MSE,4,Train,3330.7263696128593
LightGBM depth6,cow,live weight,90,MSE,5,Train,4397.859108838573
LightGBM depth6,cow,live weight,90,MSE,1,Test,3518.3310864197542
LightGBM depth6,cow,live weight,90,MSE,2,Test,7216.743727464807
LightGBM depth6,cow,live weight,90,MSE,3,Test,3390.6340295385367
LightGBM depth6,cow,live weight,90,MSE,4,Test,4937.888000087426
LightGBM depth6,cow,live weight,90,MSE,5,Test,449.63908014803553
LightGBM depth6,steer,live weight,90,MAE,1,Train,28.283815849814047
LightGBM depth6,steer,live weight,90,MAE,2,Train,26.04174076002667
LightGBM depth6,steer,live weight,90,MAE,3,Train,29.162551902916757
LightGBM depth6,steer,live weight,90,MAE,4,Train,27.190435730589535
LightGBM depth6,steer,live weight,90,MAE,5,Train,28.778311588547037
LightGBM depth6,steer,live weight,90,MAE,1,Test,28.081389034703772
LightGBM depth6,steer,live weight,90,MAE,2,Test,37.14808092809167
LightGBM depth6,steer,live weight,90,MAE,3,Test,28.943803909246245
LightGBM depth6,steer,live weight,90,MAE,4,Test,32.6880460778082
LightGBM depth6,steer,live weight,90,MAE,5,Test,26.34553518121471
LightGBM depth6,steer,live weight,90,MSE,1,Train,2024.2195479654295
LightGBM depth6,steer,live weight,90,MSE,2,Train,1143.520705565697
LightGBM depth6,steer,live weight,90,MSE,3,Train,1942.36167879337
LightGBM depth6,steer,live weight,90,MSE,4,Train,1927.0780846537243
LightGBM depth6,steer,live weight,90,MSE,5,Train,2088.9831237186604
LightGBM depth6,steer,live weight,90,MSE,1,Test,1188.2227067464974
LightGBM depth6,steer,live weight,90,MSE,2,Test,5016.005541164975
LightGBM depth6,steer,live weight,90,MSE,3,Test,1702.5047829397038
LightGBM depth6,steer,live weight,90,MSE,4,Test,1679.4433066839583
LightGBM depth6,steer,live weight,90,MSE,5,Test,1030.9785377566036
LightGBM depth6,heifer,live weight,90,MAE,1,Train,18.745741324909933
LightGBM depth6,heifer,live weight,90,MAE,2,Train,16.89392974511646
LightGBM depth6,heifer,live weight,90,MAE,3,Train,17.19029434983135
LightGBM depth6,heifer,live weight,90,MAE,4,Train,17.232640418145838
LightGBM depth6,heifer,live weight,90,MAE,5,Train,14.948958633576497
LightGBM depth6,heifer,live weight,90,MAE,1,Test,12.927915653529201
LightGBM depth6,heifer,live weight,90,MAE,2,Test,22.89463661804381
LightGBM depth6,heifer,live weight,90,MAE,3,Test,17.60211831825631
LightGBM depth6,heifer,live weight,90,MAE,4,Test,18.852952762869204
LightGBM depth6,heifer,live weight,90,MAE,5,Test,26.451455715657286
LightGBM depth6,heifer,live weight,90,MSE,1,Train,597.2892425404548
LightGBM depth6,heifer,live weight,90,MSE,2,Train,480.9190718641638
LightGBM depth6,heifer,live weight,90,MSE,3,Train,528.9916122729593
LightGBM depth6,heifer,live weight,90,MSE,4,Train,535.2256775285972
LightGBM depth6,heifer,live weight,90,MSE,5,Train,415.55039133919377
LightGBM depth6,heifer,live weight,90,MSE,1,Test,262.8103131286853
LightGBM depth6,heifer,live weight,90,MSE,2,Test,997.1702472499036
LightGBM depth6,heifer,live weight,90,MSE,3,Test,602.6713792716317
LightGBM depth6,heifer,live weight,90,MSE,4,Test,570.1813699713686
LightGBM depth6,heifer,live weight,90,MSE,5,Test,1263.843372033549
LightGBM depth6,cow,carcass weight,90,MAE,1,Train,26.475308641975314
LightGBM depth6,cow,carcass weight,90,MAE,2,Train,22.566106647187727
LightGBM depth6,cow,carcass weight,90,MAE,3,Train,24.86121256391526
LightGBM depth6,cow,carcass weight,90,MAE,4,Train,24.50693937180424
LightGBM depth6,cow,carcass weight,90,MAE,5,Train,28.382761139517893
LightGBM depth6,cow,carcass weight,90,MAE,1,Test,25.03333333333335
LightGBM depth6,cow,carcass weight,90,MAE,2,Test,37.049549549549546
LightGBM depth6,cow,carcass weight,90,MAE,3,Test,27.545045045045054
LightGBM depth6,cow,carcass weight,90,MAE,4,Test,29.566066066066057
LightGBM depth6,cow,carcass weight,90,MAE,5,Test,12.48198198198198
LightGBM depth6,cow,carcass weight,90,MSE,1,Train,1076.3001543209875
LightGBM depth6,cow,carcass weight,90,MSE,2,Train,924.6322132943754
LightGBM depth6,cow,carcass weight,90,MSE,3,Train,1152.5628195763331
LightGBM depth6,cow,carcass weight,90,MSE,4,Train,1069.5745069393718
LightGBM depth6,cow,carcass weight,90,MSE,5,Train,1334.4970781592401
LightGBM depth6,cow,carcass weight,90,MSE,1,Test,1386.2859567901246
LightGBM depth6,cow,carcass weight,90,MSE,2,Test,1985.0757446635823
LightGBM depth6,cow,carcass weight,90,MSE,3,Test,1037.9529461894333
LightGBM depth6,cow,carcass weight,90,MSE,4,Test,1353.8872047723396
LightGBM depth6,cow,carcass weight,90,MSE,5,Test,244.06673565457348
LightGBM depth6,steer,carcass weight,90,MAE,1,Train,14.364836005749277
LightGBM depth6,steer,carcass weight,90,MAE,2,Train,13.713753685131566
LightGBM depth6,steer,carcass weight,90,MAE,3,Train,14.41781435879476
LightGBM depth6,steer,carcass weight,90,MAE,4,Train,13.308160242021842
LightGBM depth6,steer,carcass weight,90,MAE,5,Train,13.900030073900025
LightGBM depth6,steer,carcass weight,90,MAE,1,Test,12.864015535983448
LightGBM depth6,steer,carcass weight,90,MAE,2,Test,16.28522807399256
LightGBM depth6,steer,carcass weight,90,MAE,3,Test,13.175177195627365
LightGBM depth6,steer,carcass weight,90,MAE,4,Test,17.525040788971474
LightGBM depth6,steer,carcass weight,90,MAE,5,Test,15.887646757737075
LightGBM depth6,steer,carcass weight,90,MSE,1,Train,350.12649840126625
LightGBM depth6,steer,carcass weight,90,MSE,2,Train,321.13194401878445
LightGBM depth6,steer,carcass weight,90,MSE,3,Train,346.6720714730535
LightGBM depth6,steer,carcass weight,90,MSE,4,Train,294.90496552585904
LightGBM depth6,steer,carcass weight,90,MSE,5,Train,330.0988568131063
LightGBM depth6,steer,carcass weight,90,MSE,1,Test,278.5449365065111
LightGBM depth6,steer,carcass weight,90,MSE,2,Test,425.5096817863719
LightGBM depth6,steer,carcass weight,90,MSE,3,Test,314.5228296656306
LightGBM depth6,steer,carcass weight,90,MSE,4,Test,536.1423088819756
LightGBM depth6,steer,carcass weight,90,MSE,5,Test,386.7369074475682
LightGBM depth6,heifer,carcass weight,90,MAE,1,Train,11.181357770170022
LightGBM depth6,heifer,carcass weight,90,MAE,2,Train,9.766712540446765
LightGBM depth6,heifer,carcass weight,90,MAE,3,Train,9.937949400492728
LightGBM depth6,heifer,carcass weight,90,MAE,4,Train,10.345044428652255
LightGBM depth6,heifer,carcass weight,90,MAE,5,Train,8.819581957822514
LightGBM depth6,heifer,carcass weight,90,MAE,1,Test,6.733489567103587
LightGBM depth6,heifer,carcass weight,90,MAE,2,Test,13.566057492441027
LightGBM depth6,heifer,carcass weight,90,MAE,3,Test,12.310789021678275
LightGBM depth6,heifer,carcass weight,90,MAE,4,Test,10.799439609299595
LightGBM depth6,heifer,carcass weight,90,MAE,5,Test,14.782475894216097
LightGBM depth6,heifer,carcass weight,90,MSE,1,Train,216.45021739961138
LightGBM depth6,heifer,carcass weight,90,MSE,2,Train,167.39340835851476
LightGBM depth6,heifer,carcass weight,90,MSE,3,Train,178.87231525892037
LightGBM depth6,heifer,carcass weight,90,MSE,4,Train,189.2610950492974
LightGBM depth6,heifer,carcass weight,90,MSE,5,Train,147.29522504341028
LightGBM depth6,heifer,carcass weight,90,MSE,1,Test,67.74531052686508
LightGBM depth6,heifer,carcass weight,90,MSE,2,Test,340.62794467607205
LightGBM depth6,heifer,carcass weight,90,MSE,3,Test,257.84060748854404
LightGBM depth6,heifer,carcass weight,90,MSE,4,Test,189.36702172063963
LightGBM depth6,heifer,carcass weight,90,MSE,5,Test,388.52531550633586
LightGBM depth6,cow,price,90,MAE,1,Train,105.9296295542776
LightGBM depth6,cow,price,90,MAE,2,Train,88.29839274682992
LightGBM depth6,cow,price,90,MAE,3,Train,97.50503973838967
LightGBM depth6,cow,price,90,MAE,4,Train,99.87019743825327
LightGBM depth6,cow,price,90,MAE,5,Train,106.9143899052399
LightGBM depth6,cow,price,90,MAE,1,Test,91.59249959309899
LightGBM depth6,cow,price,90,MAE,2,Test,142.1792789493595
LightGBM depth6,cow,price,90,MAE,3,Test,105.53873950855153
LightGBM depth6,cow,price,90,MAE,4,Test,102.57747835726349
LightGBM depth6,cow,price,90,MAE,5,Test,71.02342320347692
LightGBM depth6,cow,price,90,MSE,1,Train,17962.01685763889
LightGBM depth6,cow,price,90,MSE,2,Train,13913.479952520096
LightGBM depth6,cow,price,90,MSE,3,Train,17509.994737034336
LightGBM depth6,cow,price,90,MSE,4,Train,16146.839353542744
LightGBM depth6,cow,price,90,MSE,5,Train,19689.8892074507
LightGBM depth6,cow,price,90,MSE,1,Test,16054.458271383788
LightGBM depth6,cow,price,90,MSE,2,Test,31405.61016650071
LightGBM depth6,cow,price,90,MSE,3,Test,16301.115096123174
LightGBM depth6,cow,price,90,MSE,4,Test,21500.693208213488
LightGBM depth6,cow,price,90,MSE,5,Test,6820.101077557188
LightGBM depth6,steer,price,90,MAE,1,Train,84.74900028110581
LightGBM depth6,steer,price,90,MAE,2,Train,80.91521933818869
LightGBM depth6,steer,price,90,MAE,3,Train,85.09812087016543
LightGBM depth6,steer,price,90,MAE,4,Train,78.50574186379515
LightGBM depth6,steer,price,90,MAE,5,Train,82.01017737029832
LightGBM depth6,steer,price,90,MAE,1,Test,76.00983863317956
LightGBM depth6,steer,price,90,MAE,2,Test,96.11259140544024
LightGBM depth6,steer,price,90,MAE,3,Test,77.73763906349568
LightGBM depth6,steer,price,90,MAE,4,Test,103.31408334310785
LightGBM depth6,steer,price,90,MAE,5,Test,93.48737424419183
LightGBM depth6,steer,price,90,MSE,1,Train,12178.138319818809
LightGBM depth6,steer,price,90,MSE,2,Train,11181.897638806711
LightGBM depth6,steer,price,90,MSE,3,Train,12067.97794015282
LightGBM depth6,steer,price,90,MSE,4,Train,10259.17522340185
LightGBM depth6,steer,price,90,MSE,5,Train,11490.741225824184
LightGBM depth6,steer,price,90,MSE,1,Test,9721.18613370772
LightGBM depth6,steer,price,90,MSE,2,Test,14814.370866345544
LightGBM depth6,steer,price,90,MSE,3,Test,10946.871625583512
LightGBM depth6,steer,price,90,MSE,4,Test,18589.68565058805
LightGBM depth6,steer,price,90,MSE,5,Test,13454.681869605058
LightGBM depth6,heifer,price,90,MAE,1,Train,62.820503339186175
LightGBM depth6,heifer,price,90,MAE,2,Train,55.03236666264491
LightGBM depth6,heifer,price,90,MAE,3,Train,55.817042522011185
LightGBM depth6,heifer,price,90,MAE,4,Train,57.93224894401338
LightGBM depth6,heifer,price,90,MAE,5,Train,49.6847132122751
LightGBM depth6,heifer,price,90,MAE,1,Test,39.94897733171811
LightGBM depth6,heifer,price,90,MAE,2,Test,75.26447020976339
LightGBM depth6,heifer,price,90,MAE,3,Test,69.54612494936134
LightGBM depth6,heifer,price,90,MAE,4,Test,66.19303253469543
LightGBM depth6,heifer,price,90,MAE,5,Test,84.08256888115761
LightGBM depth6,heifer,price,90,MSE,1,Train,6921.478958703626
LightGBM depth6,heifer,price,90,MSE,2,Train,5361.50132791454
LightGBM depth6,heifer,price,90,MSE,3,Train,5715.026908852313
LightGBM depth6,heifer,price,90,MSE,4,Train,5935.227891463956
LightGBM depth6,heifer,price,90,MSE,5,Train,4687.079312049284
LightGBM depth6,heifer,price,90,MSE,1,Test,2228.1441147039745
LightGBM depth6,heifer,price,90,MSE,2,Test,10961.975377638983
LightGBM depth6,heifer,price,90,MSE,3,Test,8361.417683542664
LightGBM depth6,heifer,price,90,MSE,4,Test,7004.901670761941
LightGBM depth6,heifer,price,90,MSE,5,Test,12514.070631018994
LightGBM depth6,cow,Total number of defects,90,MAE,1,Train,0.7901234567901234
LightGBM depth6,cow,Total number of defects,90,MAE,2,Train,0.8195763330898467
LightGBM depth6,cow,Total number of defects,90,MAE,3,Train,0.7888970051132214
LightGBM depth6,cow,Total number of defects,90,MAE,4,Train,0.8108108108108109
LightGBM depth6,cow,Total number of defects,90,MAE,5,Train,0.8444119795471147
LightGBM depth6,cow,Total number of defects,90,MAE,1,Test,0.9222222222222222
LightGBM depth6,cow,Total number of defects,90,MAE,2,Test,0.8138138138138138
LightGBM depth6,cow,Total number of defects,90,MAE,3,Test,0.8858858858858859
LightGBM depth6,cow,Total number of defects,90,MAE,4,Test,0.7777777777777778
LightGBM depth6,cow,Total number of defects,90,MAE,5,Test,0.6936936936936937
LightGBM depth6,cow,Total number of defects,90,MSE,1,Train,1.0432098765432098
LightGBM depth6,cow,Total number of defects,90,MSE,2,Train,0.9612856099342585
LightGBM depth6,cow,Total number of defects,90,MSE,3,Train,1.0533235938641345
LightGBM depth6,cow,Total number of defects,90,MSE,4,Train,1.135135135135135
LightGBM depth6,cow,Total number of defects,90,MSE,5,Train,1.101533966398832
LightGBM depth6,cow,Total number of defects,90,MSE,1,Test,1.134567901234568
LightGBM depth6,cow,Total number of defects,90,MSE,2,Test,1.4801558315071826
LightGBM depth6,cow,Total number of defects,90,MSE,3,Test,1.099829559289019
LightGBM depth6,cow,Total number of defects,90,MSE,4,Test,0.7777777777777778
LightGBM depth6,cow,Total number of defects,90,MSE,5,Test,0.8954630305981657
LightGBM depth6,steer,Total number of defects,90,MAE,1,Train,0.3142805846913617
LightGBM depth6,steer,Total number of defects,90,MAE,2,Train,0.3669514414013034
LightGBM depth6,steer,Total number of defects,90,MAE,3,Train,0.35718948102615544
LightGBM depth6,steer,Total number of defects,90,MAE,4,Train,0.344447245270539
LightGBM depth6,steer,Total number of defects,90,MAE,5,Train,0.3146686875829363
LightGBM depth6,steer,Total number of defects,90,MAE,1,Test,0.40311687642267185
LightGBM depth6,steer,Total number of defects,90,MAE,2,Test,0.29854424267711854
LightGBM depth6,steer,Total number of defects,90,MAE,3,Test,0.3556329877917313
LightGBM depth6,steer,Total number of defects,90,MAE,4,Test,0.3928571562336899
LightGBM depth6,steer,Total number of defects,90,MAE,5,Test,0.40347096865637766
LightGBM depth6,steer,Total number of defects,90,MSE,1,Train,0.3032683614307426
LightGBM depth6,steer,Total number of defects,90,MSE,2,Train,0.34942356019788706
LightGBM depth6,steer,Total number of defects,90,MSE,3,Train,0.343537135143436
LightGBM depth6,steer,Total number of defects,90,MSE,4,Train,0.2972565470645705
LightGBM depth6,steer,Total number of defects,90,MSE,5,Train,0.318728902506551
LightGBM depth6,steer,Total number of defects,90,MSE,1,Test,0.4744954183778473
LightGBM depth6,steer,Total number of defects,90,MSE,2,Test,0.24781920019097647
LightGBM depth6,steer,Total number of defects,90,MSE,3,Test,0.32775445042259027
LightGBM depth6,steer,Total number of defects,90,MSE,4,Test,0.6038584779322348
LightGBM depth6,steer,Total number of defects,90,MSE,5,Test,0.3888683522363554
LightGBM depth6,heifer,Total number of defects,90,MAE,1,Train,0.5752015435695778
LightGBM depth6,heifer,Total number of defects,90,MAE,2,Train,0.49926288798143165
LightGBM depth6,heifer,Total number of defects,90,MAE,3,Train,0.5435501754014407
LightGBM depth6,heifer,Total number of defects,90,MAE,4,Train,0.44909585093985094
LightGBM depth6,heifer,Total number of defects,90,MAE,5,Train,0.516522558693211
LightGBM depth6,heifer,Total number of defects,90,MAE,1,Test,0.3818352620755867
LightGBM depth6,heifer,Total number of defects,90,MAE,2,Test,0.6800295088061711
LightGBM depth6,heifer,Total number of defects,90,MAE,3,Test,0.43838795907134936
LightGBM depth6,heifer,Total number of defects,90,MAE,4,Test,0.7736220292095545
LightGBM depth6,heifer,Total number of defects,90,MAE,5,Test,0.6725055057737247
LightGBM depth6,heifer,Total number of defects,90,MSE,1,Train,0.6816608372050535
LightGBM depth6,heifer,Total number of defects,90,MSE,2,Train,0.5029973881719413
LightGBM depth6,heifer,Total number of defects,90,MSE,3,Train,0.6532673902852005
LightGBM depth6,heifer,Total number of defects,90,MSE,4,Train,0.40451410139491933
LightGBM depth6,heifer,Total number of defects,90,MSE,5,Train,0.5863620488258462
LightGBM depth6,heifer,Total number of defects,90,MSE,1,Test,0.23280502862847727
LightGBM depth6,heifer,Total number of defects,90,MSE,2,Test,1.0016528434494811
LightGBM depth6,heifer,Total number of defects,90,MSE,3,Test,0.30780813445722727
LightGBM depth6,heifer,Total number of defects,90,MSE,4,Test,1.4612834568851845
LightGBM depth6,heifer,Total number of defects,90,MSE,5,Test,0.670309114730884
LightGBM depth6,cow,live weight,180,MAE,1,Train,48.07777777777777
LightGBM depth6,cow,live weight,180,MAE,2,Train,41.25186260215029
LightGBM depth6,cow,live weight,180,MAE,3,Train,45.7414171195187
LightGBM depth6,cow,live weight,180,MAE,4,Train,44.82132948212942
LightGBM depth6,cow,live weight,180,MAE,5,Train,53.665157316443334
LightGBM depth6,cow,live weight,180,MAE,1,Test,45.97333333333334
LightGBM depth6,cow,live weight,180,MAE,2,Test,69.23123152449324
LightGBM depth6,cow,live weight,180,MAE,3,Test,50.97177158848299
LightGBM depth6,cow,live weight,180,MAE,4,Test,57.35195250181822
LightGBM depth6,cow,live weight,180,MAE,5,Test,18.804203984257683
LightGBM depth6,cow,live weight,180,MSE,1,Train,3733.3552469135807
LightGBM depth6,cow,live weight,180,MSE,2,Train,2786.9518042366763
LightGBM depth6,cow,live weight,180,MSE,3,Train,3731.6717750182615
LightGBM depth6,cow,live weight,180,MSE,4,Train,3330.7263696128593
LightGBM depth6,cow,live weight,180,MSE,5,Train,4397.859108838573
LightGBM depth6,cow,live weight,180,MSE,1,Test,3518.3310864197542
LightGBM depth6,cow,live weight,180,MSE,2,Test,7216.743727464807
LightGBM depth6,cow,live weight,180,MSE,3,Test,3390.6340295385367
LightGBM depth6,cow,live weight,180,MSE,4,Test,4937.888000087426
LightGBM depth6,cow,live weight,180,MSE,5,Test,449.63908014803553
LightGBM depth6,steer,live weight,180,MAE,1,Train,28.299317067650342
LightGBM depth6,steer,live weight,180,MAE,2,Train,26.037299591095636
LightGBM depth6,steer,live weight,180,MAE,3,Train,29.17730708697814
LightGBM depth6,steer,live weight,180,MAE,4,Train,27.19017475615082
LightGBM depth6,steer,live weight,180,MAE,5,Train,28.77694680963583
LightGBM depth6,steer,live weight,180,MAE,1,Test,28.140406280103416
LightGBM depth6,steer,live weight,180,MAE,2,Test,37.11068765489653
LightGBM depth6,steer,live weight,180,MAE,3,Test,28.912403684533196
LightGBM depth6,steer,live weight,180,MAE,4,Test,32.699554933560265
LightGBM depth6,steer,live weight,180,MAE,5,Test,26.37205138642116
LightGBM depth6,steer,live weight,180,MSE,1,Train,2024.1823879923702
LightGBM depth6,steer,live weight,180,MSE,2,Train,1143.194611254254
LightGBM depth6,steer,live weight,180,MSE,3,Train,1943.3444527425736
LightGBM depth6,steer,live weight,180,MSE,4,Train,1927.1009291483977
LightGBM depth6,steer,live weight,180,MSE,5,Train,2088.89790225716
LightGBM depth6,steer,live weight,180,MSE,1,Test,1192.8167529194486
LightGBM depth6,steer,live weight,180,MSE,2,Test,5013.893792257651
LightGBM depth6,steer,live weight,180,MSE,3,Test,1701.530395164834
LightGBM depth6,steer,live weight,180,MSE,4,Test,1684.6633545360219
LightGBM depth6,steer,live weight,180,MSE,5,Test,1032.556841323622
LightGBM depth6,heifer,live weight,180,MAE,1,Train,18.745741324909933
LightGBM depth6,heifer,live weight,180,MAE,2,Train,16.89392974511646
LightGBM depth6,heifer,live weight,180,MAE,3,Train,17.19029434983135
LightGBM depth6,heifer,live weight,180,MAE,4,Train,17.232640418145838
LightGBM depth6,heifer,live weight,180,MAE,5,Train,14.948958633576497
LightGBM depth6,heifer,live weight,180,MAE,1,Test,12.927915653529201
LightGBM depth6,heifer,live weight,180,MAE,2,Test,22.89463661804381
LightGBM depth6,heifer,live weight,180,MAE,3,Test,17.60211831825631
LightGBM depth6,heifer,live weight,180,MAE,4,Test,18.852952762869204
LightGBM depth6,heifer,live weight,180,MAE,5,Test,26.451455715657286
LightGBM depth6,heifer,live weight,180,MSE,1,Train,597.2892425404548
LightGBM depth6,heifer,live weight,180,MSE,2,Train,480.9190718641638
LightGBM depth6,heifer,live weight,180,MSE,3,Train,528.9916122729593
LightGBM depth6,heifer,live weight,180,MSE,4,Train,535.2256775285972
LightGBM depth6,heifer,live weight,180,MSE,5,Train,415.55039133919377
LightGBM depth6,heifer,live weight,180,MSE,1,Test,262.8103131286853
LightGBM depth6,heifer,live weight,180,MSE,2,Test,997.1702472499036
LightGBM depth6,heifer,live weight,180,MSE,3,Test,602.6713792716317
LightGBM depth6,heifer,live weight,180,MSE,4,Test,570.1813699713686
LightGBM depth6,heifer,live weight,180,MSE,5,Test,1263.843372033549
LightGBM depth6,cow,carcass weight,180,MAE,1,Train,26.475308641975314
LightGBM depth6,cow,carcass weight,180,MAE,2,Train,22.566106647187727
LightGBM depth6,cow,carcass weight,180,MAE,3,Train,24.86121256391526
LightGBM depth6,cow,carcass weight,180,MAE,4,Train,24.50693937180424
LightGBM depth6,cow,carcass weight,180,MAE,5,Train,28.382761139517893
LightGBM depth6,cow,carcass weight,180,MAE,1,Test,25.03333333333335
LightGBM depth6,cow,carcass weight,180,MAE,2,Test,37.049549549549546
LightGBM depth6,cow,carcass weight,180,MAE,3,Test,27.545045045045054
LightGBM depth6,cow,carcass weight,180,MAE,4,Test,29.566066066066057
LightGBM depth6,cow,carcass weight,180,MAE,5,Test,12.48198198198198
LightGBM depth6,cow,carcass weight,180,MSE,1,Train,1076.3001543209875
LightGBM depth6,cow,carcass weight,180,MSE,2,Train,924.6322132943754
LightGBM depth6,cow,carcass weight,180,MSE,3,Train,1152.5628195763331
LightGBM depth6,cow,carcass weight,180,MSE,4,Train,1069.5745069393718
LightGBM depth6,cow,carcass weight,180,MSE,5,Train,1334.4970781592401
LightGBM depth6,cow,carcass weight,180,MSE,1,Test,1386.2859567901246
LightGBM depth6,cow,carcass weight,180,MSE,2,Test,1985.0757446635823
LightGBM depth6,cow,carcass weight,180,MSE,3,Test,1037.9529461894333
LightGBM depth6,cow,carcass weight,180,MSE,4,Test,1353.8872047723396
LightGBM depth6,cow,carcass weight,180,MSE,5,Test,244.06673565457348
LightGBM depth6,steer,carcass weight,180,MAE,1,Train,14.367792342986174
LightGBM depth6,steer,carcass weight,180,MAE,2,Train,13.725746518546275
LightGBM depth6,steer,carcass weight,180,MAE,3,Train,14.41313310378299
LightGBM depth6,steer,carcass weight,180,MAE,4,Train,13.309374073872846
LightGBM depth6,steer,carcass weight,180,MAE,5,Train,13.918253972256586
LightGBM depth6,steer,carcass weight,180,MAE,1,Test,12.8656731888154
LightGBM depth6,steer,carcass weight,180,MAE,2,Test,16.27452170202905
LightGBM depth6,steer,carcass weight,180,MAE,3,Test,13.205382596076241
LightGBM depth6,steer,carcass weight,180,MAE,4,Test,17.52703240969076
LightGBM depth6,steer,carcass weight,180,MAE,5,Test,15.902876394551713
LightGBM depth6,steer,carcass weight,180,MSE,1,Train,350.045140728691
LightGBM depth6,steer,carcass weight,180,MSE,2,Train,321.3914715221955
LightGBM depth6,steer,carcass weight,180,MSE,3,Train,346.651958073989
LightGBM depth6,steer,carcass weight,180,MSE,4,Train,294.85722698908097
LightGBM depth6,steer,carcass weight,180,MSE,5,Train,330.66836352483085
LightGBM depth6,steer,carcass weight,180,MSE,1,Test,278.3756060797645
LightGBM depth6,steer,carcass weight,180,MSE,2,Test,426.75366326971005
LightGBM depth6,steer,carcass weight,180,MSE,3,Test,315.59343421573755
LightGBM depth6,steer,carcass weight,180,MSE,4,Test,534.8987338863698
LightGBM depth6,steer,carcass weight,180,MSE,5,Test,387.63959527464294
LightGBM depth6,heifer,carcass weight,180,MAE,1,Train,11.181357770170022
LightGBM depth6,heifer,carcass weight,180,MAE,2,Train,9.766712540446765
LightGBM depth6,heifer,carcass weight,180,MAE,3,Train,9.937949400492728
LightGBM depth6,heifer,carcass weight,180,MAE,4,Train,10.345044428652255
LightGBM depth6,heifer,carcass weight,180,MAE,5,Train,8.819581957822514
LightGBM depth6,heifer,carcass weight,180,MAE,1,Test,6.733489567103587
LightGBM depth6,heifer,carcass weight,180,MAE,2,Test,13.566057492441027
LightGBM depth6,heifer,carcass weight,180,MAE,3,Test,12.310789021678275
LightGBM depth6,heifer,carcass weight,180,MAE,4,Test,10.799439609299595
LightGBM depth6,heifer,carcass weight,180,MAE,5,Test,14.782475894216097
LightGBM depth6,heifer,carcass weight,180,MSE,1,Train,216.45021739961138
LightGBM depth6,heifer,carcass weight,180,MSE,2,Train,167.39340835851476
LightGBM depth6,heifer,carcass weight,180,MSE,3,Train,178.87231525892037
LightGBM depth6,heifer,carcass weight,180,MSE,4,Train,189.2610950492974
LightGBM depth6,heifer,carcass weight,180,MSE,5,Train,147.29522504341028
LightGBM depth6,heifer,carcass weight,180,MSE,1,Test,67.74531052686508
LightGBM depth6,heifer,carcass weight,180,MSE,2,Test,340.62794467607205
LightGBM depth6,heifer,carcass weight,180,MSE,3,Test,257.84060748854404
LightGBM depth6,heifer,carcass weight,180,MSE,4,Test,189.36702172063963
LightGBM depth6,heifer,carcass weight,180,MSE,5,Test,388.52531550633586
LightGBM depth6,cow,price,180,MAE,1,Train,105.9296295542776
LightGBM depth6,cow,price,180,MAE,2,Train,88.29839274682992
LightGBM depth6,cow,price,180,MAE,3,Train,97.50503973838967
LightGBM depth6,cow,price,180,MAE,4,Train,99.87019743825327
LightGBM depth6,cow,price,180,MAE,5,Train,106.9143899052399
LightGBM depth6,cow,price,180,MAE,1,Test,91.59249959309899
LightGBM depth6,cow,price,180,MAE,2,Test,142.1792789493595
LightGBM depth6,cow,price,180,MAE,3,Test,105.53873950855153
LightGBM depth6,cow,price,180,MAE,4,Test,102.57747835726349
LightGBM depth6,cow,price,180,MAE,5,Test,71.02342320347692
LightGBM depth6,cow,price,180,MSE,1,Train,17962.01685763889
LightGBM depth6,cow,price,180,MSE,2,Train,13913.479952520096
LightGBM depth6,cow,price,180,MSE,3,Train,17509.994737034336
LightGBM depth6,cow,price,180,MSE,4,Train,16146.839353542744
LightGBM depth6,cow,price,180,MSE,5,Train,19689.8892074507
LightGBM depth6,cow,price,180,MSE,1,Test,16054.458271383788
LightGBM depth6,cow,price,180,MSE,2,Test,31405.61016650071
LightGBM depth6,cow,price,180,MSE,3,Test,16301.115096123174
LightGBM depth6,cow,price,180,MSE,4,Test,21500.693208213488
LightGBM depth6,cow,price,180,MSE,5,Test,6820.101077557188
LightGBM depth6,steer,price,180,MAE,1,Train,84.79687654179693
LightGBM depth6,steer,price,180,MAE,2,Train,80.97834771004672
LightGBM depth6,steer,price,180,MAE,3,Train,85.12224556546839
LightGBM depth6,steer,price,180,MAE,4,Train,78.5451332382987
LightGBM depth6,steer,price,180,MAE,5,Train,82.11769825727883
LightGBM depth6,steer,price,180,MAE,1,Test,75.99521944015017
LightGBM depth6,steer,price,180,MAE,2,Test,95.97997739453662
LightGBM depth6,steer,price,180,MAE,3,Test,77.94356801478378
LightGBM depth6,steer,price,180,MAE,4,Test,103.38840945507582
LightGBM depth6,steer,price,180,MAE,5,Test,93.6376041051104
LightGBM depth6,steer,price,180,MSE,1,Train,12180.332365504755
LightGBM depth6,steer,price,180,MSE,2,Train,11185.659364633908
LightGBM depth6,steer,price,180,MSE,3,Train,12071.320278170528
LightGBM depth6,steer,price,180,MSE,4,Train,10260.295671100504
LightGBM depth6,steer,price,180,MSE,5,Train,11510.565748239505
LightGBM depth6,steer,price,180,MSE,1,Test,9716.865871005939
LightGBM depth6,steer,price,180,MSE,2,Test,14848.466302106892
LightGBM depth6,steer,price,180,MSE,3,Test,10979.960000210203
LightGBM depth6,steer,price,180,MSE,4,Test,18603.13442654422
LightGBM depth6,steer,price,180,MSE,5,Test,13487.948880449707
LightGBM depth6,heifer,price,180,MAE,1,Train,62.820503339186175
LightGBM depth6,heifer,price,180,MAE,2,Train,55.03236666264491
LightGBM depth6,heifer,price,180,MAE,3,Train,55.817042522011185
LightGBM depth6,heifer,price,180,MAE,4,Train,57.93224894401338
LightGBM depth6,heifer,price,180,MAE,5,Train,49.6847132122751
LightGBM depth6,heifer,price,180,MAE,1,Test,39.94897733171811
LightGBM depth6,heifer,price,180,MAE,2,Test,75.26447020976339
LightGBM depth6,heifer,price,180,MAE,3,Test,69.54612494936134
LightGBM depth6,heifer,price,180,MAE,4,Test,66.19303253469543
LightGBM depth6,heifer,price,180,MAE,5,Test,84.08256888115761
LightGBM depth6,heifer,price,180,MSE,1,Train,6921.478958703626
LightGBM depth6,heifer,price,180,MSE,2,Train,5361.50132791454
LightGBM depth6,heifer,price,180,MSE,3,Train,5715.026908852313
LightGBM depth6,heifer,price,180,MSE,4,Train,5935.227891463956
LightGBM depth6,heifer,price,180,MSE,5,Train,4687.079312049284
LightGBM depth6,heifer,price,180,MSE,1,Test,2228.1441147039745
LightGBM depth6,heifer,price,180,MSE,2,Test,10961.975377638983
LightGBM depth6,heifer,price,180,MSE,3,Test,8361.417683542664
LightGBM depth6,heifer,price,180,MSE,4,Test,7004.901670761941
LightGBM depth6,heifer,price,180,MSE,5,Test,12514.070631018994
LightGBM depth6,cow,Total number of defects,180,MAE,1,Train,0.7901234567901234
LightGBM depth6,cow,Total number of defects,180,MAE,2,Train,0.8195763330898467
LightGBM depth6,cow,Total number of defects,180,MAE,3,Train,0.7888970051132214
LightGBM depth6,cow,Total number of defects,180,MAE,4,Train,0.8108108108108109
LightGBM depth6,cow,Total number of defects,180,MAE,5,Train,0.8444119795471147
LightGBM depth6,cow,Total number of defects,180,MAE,1,Test,0.9222222222222222
LightGBM depth6,cow,Total number of defects,180,MAE,2,Test,0.8138138138138138
LightGBM depth6,cow,Total number of defects,180,MAE,3,Test,0.8858858858858859
LightGBM depth6,cow,Total number of defects,180,MAE,4,Test,0.7777777777777778
LightGBM depth6,cow,Total number of defects,180,MAE,5,Test,0.6936936936936937
LightGBM depth6,cow,Total number of defects,180,MSE,1,Train,1.0432098765432098
LightGBM depth6,cow,Total number of defects,180,MSE,2,Train,0.9612856099342585
LightGBM depth6,cow,Total number of defects,180,MSE,3,Train,1.0533235938641345
LightGBM depth6,cow,Total number of defects,180,MSE,4,Train,1.135135135135135
LightGBM depth6,cow,Total number of defects,180,MSE,5,Train,1.101533966398832
LightGBM depth6,cow,Total number of defects,180,MSE,1,Test,1.134567901234568
LightGBM depth6,cow,Total number of defects,180,MSE,2,Test,1.4801558315071826
LightGBM depth6,cow,Total number of defects,180,MSE,3,Test,1.099829559289019
LightGBM depth6,cow,Total number of defects,180,MSE,4,Test,0.7777777777777778
LightGBM depth6,cow,Total number of defects,180,MSE,5,Test,0.8954630305981657
LightGBM depth6,steer,Total number of defects,180,MAE,1,Train,0.31438018066247964
LightGBM depth6,steer,Total number of defects,180,MAE,2,Train,0.36702168185451894
LightGBM depth6,steer,Total number of defects,180,MAE,3,Train,0.35709536609136894
LightGBM depth6,steer,Total number of defects,180,MAE,4,Train,0.34411778945252447
LightGBM depth6,steer,Total number of defects,180,MAE,5,Train,0.31427699594743624
LightGBM depth6,steer,Total number of defects,180,MAE,1,Test,0.4032715276334917
LightGBM depth6,steer,Total number of defects,180,MAE,2,Test,0.2985437465478518
LightGBM depth6,steer,Total number of defects,180,MAE,3,Test,0.35571642855080765
LightGBM depth6,steer,Total number of defects,180,MAE,4,Test,0.39215354248964573
LightGBM depth6,steer,Total number of defects,180,MAE,5,Test,0.4037904546833066
LightGBM depth6,steer,Total number of defects,180,MSE,1,Train,0.3033736563718897
LightGBM depth6,steer,Total number of defects,180,MSE,2,Train,0.3494464238212151
LightGBM depth6,steer,Total number of defects,180,MSE,3,Train,0.34303765762745986
LightGBM depth6,steer,Total number of defects,180,MSE,4,Train,0.2972806894730269
LightGBM depth6,steer,Total number of defects,180,MSE,5,Train,0.31817305324402123
LightGBM depth6,steer,Total number of defects,180,MSE,1,Test,0.4740492719456929
LightGBM depth6,steer,Total number of defects,180,MSE,2,Test,0.2474863548422248
LightGBM depth6,steer,Total number of defects,180,MSE,3,Test,0.32826507719131215
LightGBM depth6,steer,Total number of defects,180,MSE,4,Test,0.603070836903529
LightGBM depth6,steer,Total number of defects,180,MSE,5,Test,0.3900205949532563
LightGBM depth6,heifer,Total number of defects,180,MAE,1,Train,0.5750504421151399
LightGBM depth6,heifer,Total number of defects,180,MAE,2,Train,0.499253813288637
LightGBM depth6,heifer,Total number of defects,180,MAE,3,Train,0.540069898314826
LightGBM depth6,heifer,Total number of defects,180,MAE,4,Train,0.44905879456860687
LightGBM depth6,heifer,Total number of defects,180,MAE,5,Train,0.5182895120948574
LightGBM depth6,heifer,Total number of defects,180,MAE,1,Test,0.38181350072404235
LightGBM depth6,heifer,Total number of defects,180,MAE,2,Test,0.6802843778660371
LightGBM depth6,heifer,Total number of defects,180,MAE,3,Test,0.43835697352430136
LightGBM depth6,heifer,Total number of defects,180,MAE,4,Test,0.7735963406939487
LightGBM depth6,heifer,Total number of defects,180,MAE,5,Test,0.6683508719581662
LightGBM depth6,heifer,Total number of defects,180,MSE,1,Train,0.6817024240389623
LightGBM depth6,heifer,Total number of defects,180,MSE,2,Train,0.5029834301081082
LightGBM depth6,heifer,Total number of defects,180,MSE,3,Train,0.6548423966694713
LightGBM depth6,heifer,Total number of defects,180,MSE,4,Train,0.40458972764219225
LightGBM depth6,heifer,Total number of defects,180,MSE,5,Train,0.5875989768205688
LightGBM depth6,heifer,Total number of defects,180,MSE,1,Test,0.2330612788931863
LightGBM depth6,heifer,Total number of defects,180,MSE,2,Test,1.002288590596195
LightGBM depth6,heifer,Total number of defects,180,MSE,3,Test,0.3126523194050959
LightGBM depth6,heifer,Total number of defects,180,MSE,4,Test,1.4607807173798733
LightGBM depth6,heifer,Total number of defects,180,MSE,5,Test,0.6613571023463505
LightGBM depth6,cow,live weight,720,MAE,1,Train,48.07777777777777
LightGBM depth6,cow,live weight,720,MAE,2,Train,41.25186260215029
LightGBM depth6,cow,live weight,720,MAE,3,Train,45.7414171195187
LightGBM depth6,cow,live weight,720,MAE,4,Train,44.82132948212942
LightGBM depth6,cow,live weight,720,MAE,5,Train,53.665157316443334
LightGBM depth6,cow,live weight,720,MAE,1,Test,45.97333333333334
LightGBM depth6,cow,live weight,720,MAE,2,Test,69.23123152449324
LightGBM depth6,cow,live weight,720,MAE,3,Test,50.97177158848299
LightGBM depth6,cow,live weight,720,MAE,4,Test,57.35195250181822
LightGBM depth6,cow,live weight,720,MAE,5,Test,18.804203984257683
LightGBM depth6,cow,live weight,720,MSE,1,Train,3733.3552469135807
LightGBM depth6,cow,live weight,720,MSE,2,Train,2786.9518042366763
LightGBM depth6,cow,live weight,720,MSE,3,Train,3731.6717750182615
LightGBM depth6,cow,live weight,720,MSE,4,Train,3330.7263696128593
LightGBM depth6,cow,live weight,720,MSE,5,Train,4397.859108838573
LightGBM depth6,cow,live weight,720,MSE,1,Test,3518.3310864197542
LightGBM depth6,cow,live weight,720,MSE,2,Test,7216.743727464807
LightGBM depth6,cow,live weight,720,MSE,3,Test,3390.6340295385367
LightGBM depth6,cow,live weight,720,MSE,4,Test,4937.888000087426
LightGBM depth6,cow,live weight,720,MSE,5,Test,449.63908014803553
LightGBM depth6,steer,live weight,720,MAE,1,Train,27.640244586780344
LightGBM depth6,steer,live weight,720,MAE,2,Train,29.553523791096392
LightGBM depth6,steer,live weight,720,MAE,3,Train,28.452369913556918
LightGBM depth6,steer,live weight,720,MAE,4,Train,28.760510158044802
LightGBM depth6,steer,live weight,720,MAE,5,Train,29.087523871533026
LightGBM depth6,steer,live weight,720,MAE,1,Test,34.89738889489515
LightGBM depth6,steer,live weight,720,MAE,2,Test,27.690189816779462
LightGBM depth6,steer,live weight,720,MAE,3,Test,27.87444692843772
LightGBM depth6,steer,live weight,720,MAE,4,Test,31.457997215919217
LightGBM depth6,steer,live weight,720,MAE,5,Test,30.001158715618924
LightGBM depth6,steer,live weight,720,MSE,1,Train,1169.038926206634
LightGBM depth6,steer,live weight,720,MSE,2,Train,2137.1898998316747
LightGBM depth6,steer,live weight,720,MSE,3,Train,2078.270091109085
LightGBM depth6,steer,live weight,720,MSE,4,Train,2073.136729454956
LightGBM depth6,steer,live weight,720,MSE,5,Train,2081.8031237982104
LightGBM depth6,steer,live weight,720,MSE,1,Test,5160.210625094923
LightGBM depth6,steer,live weight,720,MSE,2,Test,1165.038382034186
LightGBM depth6,steer,live weight,720,MSE,3,Test,1253.2876030417199
LightGBM depth6,steer,live weight,720,MSE,4,Test,1416.011504484236
LightGBM depth6,steer,live weight,720,MSE,5,Test,1438.5678019280451
LightGBM depth6,heifer,live weight,720,MAE,1,Train,20.16328082084656
LightGBM depth6,heifer,live weight,720,MAE,2,Train,27.529687833786003
LightGBM depth6,heifer,live weight,720,MAE,3,Train,22.83828139305114
LightGBM depth6,heifer,live weight,720,MAE,4,Train,20.888281297683704
LightGBM depth6,heifer,live weight,720,MAE,5,Train,26.056249999999995
LightGBM depth6,heifer,live weight,720,MAE,1,Test,44.931246566772444
LightGBM depth6,heifer,live weight,720,MAE,2,Test,7.962497329711923
LightGBM depth6,heifer,live weight,720,MAE,3,Test,27.80312557220458
LightGBM depth6,heifer,live weight,720,MAE,4,Test,42.63125038146973
LightGBM depth6,heifer,live weight,720,MAE,5,Test,13.396874237060544
LightGBM depth6,heifer,live weight,720,MSE,1,Train,678.5799609375116
LightGBM depth6,heifer,live weight,720,MSE,2,Train,1298.3060937500063
LightGBM depth6,heifer,live weight,720,MSE,3,Train,1095.0099609375004
LightGBM depth6,heifer,live weight,720,MSE,4,Train,800.8737109374994
LightGBM depth6,heifer,live weight,720,MSE,5,Train,1263.1487109375014
LightGBM depth6,heifer,live weight,720,MSE,1,Test,2989.233793044099
LightGBM depth6,heifer,live weight,720,MSE,2,Test,119.24636372566923
LightGBM depth6,heifer,live weight,720,MSE,3,Test,956.9128827619563
LightGBM depth6,heifer,live weight,720,MSE,4,Test,2459.7803840875627
LightGBM depth6,heifer,live weight,720,MSE,5,Test,249.4653412818932
LightGBM depth6,cow,carcass weight,720,MAE,1,Train,26.475308641975314
LightGBM depth6,cow,carcass weight,720,MAE,2,Train,22.566106647187727
LightGBM depth6,cow,carcass weight,720,MAE,3,Train,24.86121256391526
LightGBM depth6,cow,carcass weight,720,MAE,4,Train,24.50693937180424
LightGBM depth6,cow,carcass weight,720,MAE,5,Train,28.382761139517893
LightGBM depth6,cow,carcass weight,720,MAE,1,Test,25.03333333333335
LightGBM depth6,cow,carcass weight,720,MAE,2,Test,37.049549549549546
LightGBM depth6,cow,carcass weight,720,MAE,3,Test,27.545045045045054
LightGBM depth6,cow,carcass weight,720,MAE,4,Test,29.566066066066057
LightGBM depth6,cow,carcass weight,720,MAE,5,Test,12.48198198198198
LightGBM depth6,cow,carcass weight,720,MSE,1,Train,1076.3001543209875
LightGBM depth6,cow,carcass weight,720,MSE,2,Train,924.6322132943754
LightGBM depth6,cow,carcass weight,720,MSE,3,Train,1152.5628195763331
LightGBM depth6,cow,carcass weight,720,MSE,4,Train,1069.5745069393718
LightGBM depth6,cow,carcass weight,720,MSE,5,Train,1334.4970781592401
LightGBM depth6,cow,carcass weight,720,MSE,1,Test,1386.2859567901246
LightGBM depth6,cow,carcass weight,720,MSE,2,Test,1985.0757446635823
LightGBM depth6,cow,carcass weight,720,MSE,3,Test,1037.9529461894333
LightGBM depth6,cow,carcass weight,720,MSE,4,Test,1353.8872047723396
LightGBM depth6,cow,carcass weight,720,MSE,5,Test,244.06673565457348
LightGBM depth6,steer,carcass weight,720,MAE,1,Train,14.664234602829621
LightGBM depth6,steer,carcass weight,720,MAE,2,Train,14.502888717950059
LightGBM depth6,steer,carcass weight,720,MAE,3,Train,14.14193440317128
LightGBM depth6,steer,carcass weight,720,MAE,4,Train,14.201122832775548
LightGBM depth6,steer,carcass weight,720,MAE,5,Train,14.215473044603703
LightGBM depth6,steer,carcass weight,720,MAE,1,Test,13.789658484532222
LightGBM depth6,steer,carcass weight,720,MAE,2,Test,14.737569845079367
LightGBM depth6,steer,carcass weight,720,MAE,3,Test,14.430768205691749
LightGBM depth6,steer,carcass weight,720,MAE,4,Test,15.96593253114309
LightGBM depth6,steer,carcass weight,720,MAE,5,Test,15.963957045026547
LightGBM depth6,steer,carcass weight,720,MSE,1,Train,351.7368074452004
LightGBM depth6,steer,carcass weight,720,MSE,2,Train,357.0118639644874
LightGBM depth6,steer,carcass weight,720,MSE,3,Train,331.793662241566
LightGBM depth6,steer,carcass weight,720,MSE,4,Train,342.90293766362817
LightGBM depth6,steer,carcass weight,720,MSE,5,Train,329.86052981862616
LightGBM depth6,steer,carcass weight,720,MSE,1,Test,345.62955170971566
LightGBM depth6,steer,carcass weight,720,MSE,2,Test,334.6690906886572
LightGBM depth6,steer,carcass weight,720,MSE,3,Test,358.71534698359693
LightGBM depth6,steer,carcass weight,720,MSE,4,Test,382.73784819389437
LightGBM depth6,steer,carcass weight,720,MSE,5,Test,452.37869060282367
LightGBM depth6,heifer,carcass weight,720,MAE,1,Train,11.48046875
LightGBM depth6,heifer,carcass weight,720,MAE,2,Train,15.890625
LightGBM depth6,heifer,carcass weight,720,MAE,3,Train,15.20703125
LightGBM depth6,heifer,carcass weight,720,MAE,4,Train,14.15625
LightGBM depth6,heifer,carcass weight,720,MAE,5,Train,17.46875
LightGBM depth6,heifer,carcass weight,720,MAE,1,Test,29.546875
LightGBM depth6,heifer,carcass weight,720,MAE,2,Test,10.8125
LightGBM depth6,heifer,carcass weight,720,MAE,3,Test,15.5
LightGBM depth6,heifer,carcass weight,720,MAE,4,Test,21.84375
LightGBM depth6,heifer,carcass weight,720,MAE,5,Test,5.703125
LightGBM depth6,heifer,carcass weight,720,MSE,1,Train,196.6943359375
LightGBM depth6,heifer,carcass weight,720,MSE,2,Train,443.15234375
LightGBM depth6,heifer,carcass weight,720,MSE,3,Train,384.4130859375
LightGBM depth6,heifer,carcass weight,720,MSE,4,Train,375.0537109375
LightGBM depth6,heifer,carcass weight,720,MSE,5,Train,470.9443359375
LightGBM depth6,heifer,carcass weight,720,MSE,1,Test,1236.3994140625
LightGBM depth6,heifer,carcass weight,720,MSE,2,Test,169.58203125
LightGBM depth6,heifer,carcass weight,720,MSE,3,Test,399.8056640625
LightGBM depth6,heifer,carcass weight,720,MSE,4,Test,514.0244140625
LightGBM depth6,heifer,carcass weight,720,MSE,5,Test,35.9619140625
LightGBM depth6,cow,price,720,MAE,1,Train,105.9296295542776
LightGBM depth6,cow,price,720,MAE,2,Train,88.29839274682992
LightGBM depth6,cow,price,720,MAE,3,Train,97.50503973838967
LightGBM depth6,cow,price,720,MAE,4,Train,99.87019743825327
LightGBM depth6,cow,price,720,MAE,5,Train,106.9143899052399
LightGBM depth6,cow,price,720,MAE,1,Test,91.59249959309899
LightGBM depth6,cow,price,720,MAE,2,Test,142.1792789493595
LightGBM depth6,cow,price,720,MAE,3,Test,105.53873950855153
LightGBM depth6,cow,price,720,MAE,4,Test,102.57747835726349
LightGBM depth6,cow,price,720,MAE,5,Test,71.02342320347692
LightGBM depth6,cow,price,720,MSE,1,Train,17962.01685763889
LightGBM depth6,cow,price,720,MSE,2,Train,13913.479952520096
LightGBM depth6,cow,price,720,MSE,3,Train,17509.994737034336
LightGBM depth6,cow,price,720,MSE,4,Train,16146.839353542744
LightGBM depth6,cow,price,720,MSE,5,Train,19689.8892074507
LightGBM depth6,cow,price,720,MSE,1,Test,16054.458271383788
LightGBM depth6,cow,price,720,MSE,2,Test,31405.61016650071
LightGBM depth6,cow,price,720,MSE,3,Test,16301.115096123174
LightGBM depth6,cow,price,720,MSE,4,Test,21500.693208213488
LightGBM depth6,cow,price,720,MSE,5,Test,6820.101077557188
LightGBM depth6,steer,price,720,MAE,1,Train,86.52907756755978
LightGBM depth6,steer,price,720,MAE,2,Train,85.56704323302884
LightGBM depth6,steer,price,720,MAE,3,Train,83.44600670800288
LightGBM depth6,steer,price,720,MAE,4,Train,83.75989407400787
LightGBM depth6,steer,price,720,MAE,5,Train,83.8838984402467
LightGBM depth6,steer,price,720,MAE,1,Test,81.40350069439019
LightGBM depth6,steer,price,720,MAE,2,Test,87.00177255803268
LightGBM depth6,steer,price,720,MAE,3,Test,84.91026908956914
LightGBM depth6,steer,price,720,MAE,4,Test,94.24881645287749
LightGBM depth6,steer,price,720,MAE,5,Test,94.29765914540444
LightGBM depth6,steer,price,720,MSE,1,Train,12243.868995329609
LightGBM depth6,steer,price,720,MSE,2,Train,12427.582874128899
LightGBM depth6,steer,price,720,MSE,3,Train,11544.575316013006
LightGBM depth6,steer,price,720,MSE,4,Train,11935.01547939829
LightGBM depth6,steer,price,720,MSE,5,Train,11482.479815717368
LightGBM depth6,steer,price,720,MSE,1,Test,12035.775260324815
LightGBM depth6,steer,price,720,MSE,2,Test,11651.3619365793
LightGBM depth6,steer,price,720,MSE,3,Test,12448.295071742024
LightGBM depth6,steer,price,720,MSE,4,Test,13332.435205337597
LightGBM depth6,steer,price,720,MSE,5,Test,15748.497880233928
LightGBM depth6,heifer,price,720,MAE,1,Train,67.484375
LightGBM depth6,heifer,price,720,MAE,2,Train,90.57070198059083
LightGBM depth6,heifer,price,720,MAE,3,Train,89.98827972412111
LightGBM depth6,heifer,price,720,MAE,4,Train,87.434375
LightGBM depth6,heifer,price,720,MAE,5,Train,97.82500000000002
LightGBM depth6,heifer,price,720,MAE,1,Test,171.29218749999995
LightGBM depth6,heifer,price,720,MAE,2,Test,72.20938415527337
LightGBM depth6,heifer,price,720,MAE,3,Test,86.80000000000001
LightGBM depth6,heifer,price,720,MAE,4,Test,110.66562042236336
LightGBM depth6,heifer,price,720,MAE,5,Test,58.712495422363304
LightGBM depth6,heifer,price,720,MSE,1,Train,6628.187412109375
LightGBM depth6,heifer,price,720,MSE,2,Train,14671.330693359454
LightGBM depth6,heifer,price,720,MSE,3,Train,13363.84991210941
LightGBM depth6,heifer,price,720,MSE,4,Train,13388.640849609394
LightGBM depth6,heifer,price,720,MSE,5,Train,14768.81437500002
LightGBM depth6,heifer,price,720,MSE,1,Test,41892.4777441406
LightGBM depth6,heifer,price,720,MSE,2,Test,6865.985160083847
LightGBM depth6,heifer,price,720,MSE,3,Test,11412.884726371803
LightGBM depth6,heifer,price,720,MSE,4,Test,13403.279543466606
LightGBM depth6,heifer,price,720,MSE,5,Test,6122.6413374710355
LightGBM depth6,cow,Total number of defects,720,MAE,1,Train,0.7901234567901234
LightGBM depth6,cow,Total number of defects,720,MAE,2,Train,0.8195763330898467
LightGBM depth6,cow,Total number of defects,720,MAE,3,Train,0.7888970051132214
LightGBM depth6,cow,Total number of defects,720,MAE,4,Train,0.8108108108108109
LightGBM depth6,cow,Total number of defects,720,MAE,5,Train,0.8444119795471147
LightGBM depth6,cow,Total number of defects,720,MAE,1,Test,0.9222222222222222
LightGBM depth6,cow,Total number of defects,720,MAE,2,Test,0.8138138138138138
LightGBM depth6,cow,Total number of defects,720,MAE,3,Test,0.8858858858858859
LightGBM depth6,cow,Total number of defects,720,MAE,4,Test,0.7777777777777778
LightGBM depth6,cow,Total number of defects,720,MAE,5,Test,0.6936936936936937
LightGBM depth6,cow,Total number of defects,720,MSE,1,Train,1.0432098765432098
LightGBM depth6,cow,Total number of defects,720,MSE,2,Train,0.9612856099342585
LightGBM depth6,cow,Total number of defects,720,MSE,3,Train,1.0533235938641345
LightGBM depth6,cow,Total number of defects,720,MSE,4,Train,1.135135135135135
LightGBM depth6,cow,Total number of defects,720,MSE,5,Train,1.101533966398832
LightGBM depth6,cow,Total number of defects,720,MSE,1,Test,1.134567901234568
LightGBM depth6,cow,Total number of defects,720,MSE,2,Test,1.4801558315071826
LightGBM depth6,cow,Total number of defects,720,MSE,3,Test,1.099829559289019
LightGBM depth6,cow,Total number of defects,720,MSE,4,Test,0.7777777777777778
LightGBM depth6,cow,Total number of defects,720,MSE,5,Test,0.8954630305981657
LightGBM depth6,steer,Total number of defects,720,MAE,1,Train,0.3468547978286741
LightGBM depth6,steer,Total number of defects,720,MAE,2,Train,0.37101081485202914
LightGBM depth6,steer,Total number of defects,720,MAE,3,Train,0.34402169758739154
LightGBM depth6,steer,Total number of defects,720,MAE,4,Train,0.39093922108565515
LightGBM depth6,steer,Total number of defects,720,MAE,5,Train,0.3707317478434111
LightGBM depth6,steer,Total number of defects,720,MAE,1,Test,0.4833049936136601
LightGBM depth6,steer,Total number of defects,720,MAE,2,Test,0.426210642423558
LightGBM depth6,steer,Total number of defects,720,MAE,3,Test,0.3974607253840805
LightGBM depth6,steer,Total number of defects,720,MAE,4,Test,0.29620603550778973
LightGBM depth6,steer,Total number of defects,720,MAE,5,Test,0.42186235608801365
LightGBM depth6,steer,Total number of defects,720,MSE,1,Train,0.3005018450288497
LightGBM depth6,steer,Total number of defects,720,MSE,2,Train,0.37383615173435586
LightGBM depth6,steer,Total number of defects,720,MSE,3,Train,0.3345989656426
LightGBM depth6,steer,Total number of defects,720,MSE,4,Train,0.4017980785961381
LightGBM depth6,steer,Total number of defects,720,MSE,5,Train,0.35088066385517097
LightGBM depth6,steer,Total number of defects,720,MSE,1,Test,0.775658116532059
LightGBM depth6,steer,Total number of defects,720,MSE,2,Test,0.41415003425351166
LightGBM depth6,steer,Total number of defects,720,MSE,3,Test,0.5030771175007005
LightGBM depth6,steer,Total number of defects,720,MSE,4,Test,0.2141913446383258
LightGBM depth6,steer,Total number of defects,720,MSE,5,Test,0.5065492151426881
LightGBM depth6,heifer,Total number of defects,720,MAE,1,Train,0.3046875
LightGBM depth6,heifer,Total number of defects,720,MAE,2,Train,0.40625
LightGBM depth6,heifer,Total number of defects,720,MAE,3,Train,0.515625
LightGBM depth6,heifer,Total number of defects,720,MAE,4,Train,0.515625
LightGBM depth6,heifer,Total number of defects,720,MAE,5,Train,0.46875
LightGBM depth6,heifer,Total number of defects,720,MAE,1,Test,0.75
LightGBM depth6,heifer,Total number of defects,720,MAE,2,Test,0.5
LightGBM depth6,heifer,Total number of defects,720,MAE,3,Test,0.375
LightGBM depth6,heifer,Total number of defects,720,MAE,4,Test,0.375
LightGBM depth6,heifer,Total number of defects,720,MAE,5,Test,0.40625
LightGBM depth6,heifer,Total number of defects,720,MSE,1,Train,0.15234375
LightGBM depth6,heifer,Total number of defects,720,MSE,2,Train,0.3125
LightGBM depth6,heifer,Total number of defects,720,MSE,3,Train,0.359375
LightGBM depth6,heifer,Total number of defects,720,MSE,4,Train,0.359375
LightGBM depth6,heifer,Total number of defects,720,MSE,5,Train,0.33984375
LightGBM depth6,heifer,Total number of defects,720,MSE,1,Test,1.00390625
LightGBM depth6,heifer,Total number of defects,720,MSE,2,Test,0.3125
LightGBM depth6,heifer,Total number of defects,720,MSE,3,Test,0.140625
LightGBM depth6,heifer,Total number of defects,720,MSE,4,Test,0.140625
LightGBM depth6,heifer,Total number of defects,720,MSE,5,Test,0.19140625
Gradient Boosting 100,cow,live weight,3,MAE,1,Train,45.62964509098713
Gradient Boosting 100,cow,live weight,3,MAE,2,Train,39.70366798641785
Gradient Boosting 100,cow,live weight,3,MAE,3,Train,46.15561274420704
Gradient Boosting 100,cow,live weight,3,MAE,4,Train,42.53446792498857
Gradient Boosting 100,cow,live weight,3,MAE,5,Train,53.00295194117578
Gradient Boosting 100,cow,live weight,3,MAE,1,Test,50.61481874796527
Gradient Boosting 100,cow,live weight,3,MAE,2,Test,68.99952306286913
Gradient Boosting 100,cow,live weight,3,MAE,3,Test,50.66348644957651
Gradient Boosting 100,cow,live weight,3,MAE,4,Test,58.394443592105276
Gradient Boosting 100,cow,live weight,3,MAE,5,Test,14.587015653648551
Gradient Boosting 100,cow,live weight,3,MSE,1,Train,3492.2854168367435
Gradient Boosting 100,cow,live weight,3,MSE,2,Train,2694.7634371978247
Gradient Boosting 100,cow,live weight,3,MSE,3,Train,3603.2502891622835
Gradient Boosting 100,cow,live weight,3,MSE,4,Train,3185.7487840166327
Gradient Boosting 100,cow,live weight,3,MSE,5,Train,4289.580122926516
Gradient Boosting 100,cow,live weight,3,MSE,1,Test,4072.428751886172
Gradient Boosting 100,cow,live weight,3,MSE,2,Test,7867.700575913907
Gradient Boosting 100,cow,live weight,3,MSE,3,Test,3452.509990597745
Gradient Boosting 100,cow,live weight,3,MSE,4,Test,5058.1046146199915
Gradient Boosting 100,cow,live weight,3,MSE,5,Test,373.73515216225553
Gradient Boosting 100,steer,live weight,3,MAE,1,Train,27.454948593374535
Gradient Boosting 100,steer,live weight,3,MAE,2,Train,25.077027623820143
Gradient Boosting 100,steer,live weight,3,MAE,3,Train,28.252683623589785
Gradient Boosting 100,steer,live weight,3,MAE,4,Train,26.497551978237162
Gradient Boosting 100,steer,live weight,3,MAE,5,Train,27.6879239352908
Gradient Boosting 100,steer,live weight,3,MAE,1,Test,28.29328279935393
Gradient Boosting 100,steer,live weight,3,MAE,2,Test,36.31421828580033
Gradient Boosting 100,steer,live weight,3,MAE,3,Test,28.41087567108936
Gradient Boosting 100,steer,live weight,3,MAE,4,Test,32.31484686365283
Gradient Boosting 100,steer,live weight,3,MAE,5,Test,26.144079925088498
Gradient Boosting 100,steer,live weight,3,MSE,1,Train,1979.2277376861741
Gradient Boosting 100,steer,live weight,3,MSE,2,Train,1105.6293462431163
Gradient Boosting 100,steer,live weight,3,MSE,3,Train,1911.0591673879906
Gradient Boosting 100,steer,live weight,3,MSE,4,Train,1893.9505701128453
Gradient Boosting 100,steer,live weight,3,MSE,5,Train,2040.1189744577287
Gradient Boosting 100,steer,live weight,3,MSE,1,Test,1210.013932395131
Gradient Boosting 100,steer,live weight,3,MSE,2,Test,4946.469960897376
Gradient Boosting 100,steer,live weight,3,MSE,3,Test,1694.0381960673396
Gradient Boosting 100,steer,live weight,3,MSE,4,Test,1633.4452323698042
Gradient Boosting 100,steer,live weight,3,MSE,5,Test,1076.1187876149215
Gradient Boosting 100,heifer,live weight,3,MAE,1,Train,16.68698712750698
Gradient Boosting 100,heifer,live weight,3,MAE,2,Train,15.467670915547572
Gradient Boosting 100,heifer,live weight,3,MAE,3,Train,14.930359484759887
Gradient Boosting 100,heifer,live weight,3,MAE,4,Train,15.3650235488714
Gradient Boosting 100,heifer,live weight,3,MAE,5,Train,13.298220512270236
Gradient Boosting 100,heifer,live weight,3,MAE,1,Test,12.60497952018575
Gradient Boosting 100,heifer,live weight,3,MAE,2,Test,22.93230387446058
Gradient Boosting 100,heifer,live weight,3,MAE,3,Test,17.604443667542842
Gradient Boosting 100,heifer,live weight,3,MAE,4,Test,17.113327146263305
Gradient Boosting 100,heifer,live weight,3,MAE,5,Test,27.930646853989327
Gradient Boosting 100,heifer,live weight,3,MSE,1,Train,483.10031736478624
Gradient Boosting 100,heifer,live weight,3,MSE,2,Train,417.72669248088084
Gradient Boosting 100,heifer,live weight,3,MSE,3,Train,408.24552207632
Gradient Boosting 100,heifer,live weight,3,MSE,4,Train,434.20015994123696
Gradient Boosting 100,heifer,live weight,3,MSE,5,Train,312.14176456749794
Gradient Boosting 100,heifer,live weight,3,MSE,1,Test,363.0521175662523
Gradient Boosting 100,heifer,live weight,3,MSE,2,Test,1009.2770408625823
Gradient Boosting 100,heifer,live weight,3,MSE,3,Test,579.3323632674237
Gradient Boosting 100,heifer,live weight,3,MSE,4,Test,505.3144440647913
Gradient Boosting 100,heifer,live weight,3,MSE,5,Test,1399.0170657454546
Gradient Boosting 100,cow,carcass weight,3,MAE,1,Train,22.990736354830737
Gradient Boosting 100,cow,carcass weight,3,MAE,2,Train,20.813432958590152
Gradient Boosting 100,cow,carcass weight,3,MAE,3,Train,24.301217316229287
Gradient Boosting 100,cow,carcass weight,3,MAE,4,Train,22.119690090193103
Gradient Boosting 100,cow,carcass weight,3,MAE,5,Train,26.912394326867812
Gradient Boosting 100,cow,carcass weight,3,MAE,1,Test,28.194287289501023
Gradient Boosting 100,cow,carcass weight,3,MAE,2,Test,34.98052672744863
Gradient Boosting 100,cow,carcass weight,3,MAE,3,Test,22.369702685375437
Gradient Boosting 100,cow,carcass weight,3,MAE,4,Test,29.65861020596046
Gradient Boosting 100,cow,carcass weight,3,MAE,5,Test,10.176637074159068
Gradient Boosting 100,cow,carcass weight,3,MSE,1,Train,830.890432271904
Gradient Boosting 100,cow,carcass weight,3,MSE,2,Train,749.5539562535621
Gradient Boosting 100,cow,carcass weight,3,MSE,3,Train,1027.5757932726679
Gradient Boosting 100,cow,carcass weight,3,MSE,4,Train,911.1658050471286
Gradient Boosting 100,cow,carcass weight,3,MSE,5,Train,1147.9266995583264
Gradient Boosting 100,cow,carcass weight,3,MSE,1,Test,1549.2029364107243
Gradient Boosting 100,cow,carcass weight,3,MSE,2,Test,1991.8362871773897
Gradient Boosting 100,cow,carcass weight,3,MSE,3,Test,681.9104041791032
Gradient Boosting 100,cow,carcass weight,3,MSE,4,Test,1160.5880296916903
Gradient Boosting 100,cow,carcass weight,3,MSE,5,Test,150.66577610235507
Gradient Boosting 100,steer,carcass weight,3,MAE,1,Train,14.016918411214514
Gradient Boosting 100,steer,carcass weight,3,MAE,2,Train,13.405068022280847
Gradient Boosting 100,steer,carcass weight,3,MAE,3,Train,14.04058998156962
Gradient Boosting 100,steer,carcass weight,3,MAE,4,Train,13.086020579570958
Gradient Boosting 100,steer,carcass weight,3,MAE,5,Train,13.522060858805077
Gradient Boosting 100,steer,carcass weight,3,MAE,1,Test,13.097121556437706
Gradient Boosting 100,steer,carcass weight,3,MAE,2,Test,16.02608031396868
Gradient Boosting 100,steer,carcass weight,3,MAE,3,Test,13.741049667727243
Gradient Boosting 100,steer,carcass weight,3,MAE,4,Test,17.535279606139806
Gradient Boosting 100,steer,carcass weight,3,MAE,5,Test,16.04385656216789
Gradient Boosting 100,steer,carcass weight,3,MSE,1,Train,340.41213981020223
Gradient Boosting 100,steer,carcass weight,3,MSE,2,Train,312.4826785637481
Gradient Boosting 100,steer,carcass weight,3,MSE,3,Train,336.19222072206037
Gradient Boosting 100,steer,carcass weight,3,MSE,4,Train,289.4966818482071
Gradient Boosting 100,steer,carcass weight,3,MSE,5,Train,321.73989920347344
Gradient Boosting 100,steer,carcass weight,3,MSE,1,Test,283.118673590151
Gradient Boosting 100,steer,carcass weight,3,MSE,2,Test,420.8958377194269
Gradient Boosting 100,steer,carcass weight,3,MSE,3,Test,329.8695516250759
Gradient Boosting 100,steer,carcass weight,3,MSE,4,Test,532.7820210773077
Gradient Boosting 100,steer,carcass weight,3,MSE,5,Test,392.0586106209814
Gradient Boosting 100,heifer,carcass weight,3,MAE,1,Train,9.785859605189701
Gradient Boosting 100,heifer,carcass weight,3,MAE,2,Train,8.98403954469499
Gradient Boosting 100,heifer,carcass weight,3,MAE,3,Train,8.350869939867744
Gradient Boosting 100,heifer,carcass weight,3,MAE,4,Train,9.162866196373527
Gradient Boosting 100,heifer,carcass weight,3,MAE,5,Train,8.152687981886771
Gradient Boosting 100,heifer,carcass weight,3,MAE,1,Test,6.674758346405772
Gradient Boosting 100,heifer,carcass weight,3,MAE,2,Test,13.540442137333148
Gradient Boosting 100,heifer,carcass weight,3,MAE,3,Test,12.014664982053453
Gradient Boosting 100,heifer,carcass weight,3,MAE,4,Test,10.076181653901399
Gradient Boosting 100,heifer,carcass weight,3,MAE,5,Test,14.887565385542727
Gradient Boosting 100,heifer,carcass weight,3,MSE,1,Train,168.91397630034209
Gradient Boosting 100,heifer,carcass weight,3,MSE,2,Train,141.69837651636016
Gradient Boosting 100,heifer,carcass weight,3,MSE,3,Train,128.47906123731767
Gradient Boosting 100,heifer,carcass weight,3,MSE,4,Train,148.0923727223828
Gradient Boosting 100,heifer,carcass weight,3,MSE,5,Train,115.75298607921293
Gradient Boosting 100,heifer,carcass weight,3,MSE,1,Test,72.96341949174736
Gradient Boosting 100,heifer,carcass weight,3,MSE,2,Test,353.25213949835444
Gradient Boosting 100,heifer,carcass weight,3,MSE,3,Test,237.57526013347453
Gradient Boosting 100,heifer,carcass weight,3,MSE,4,Test,169.15274620376215
Gradient Boosting 100,heifer,carcass weight,3,MSE,5,Test,390.72326539245324
Gradient Boosting 100,cow,price,3,MAE,1,Train,81.82743982086778
Gradient Boosting 100,cow,price,3,MAE,2,Train,75.42095176079864
Gradient Boosting 100,cow,price,3,MAE,3,Train,87.02647058035036
Gradient Boosting 100,cow,price,3,MAE,4,Train,79.75941791107124
Gradient Boosting 100,cow,price,3,MAE,5,Train,96.45863805401004
Gradient Boosting 100,cow,price,3,MAE,1,Test,103.9356869273342
Gradient Boosting 100,cow,price,3,MAE,2,Test,122.02589329060973
Gradient Boosting 100,cow,price,3,MAE,3,Test,76.88028129403308
Gradient Boosting 100,cow,price,3,MAE,4,Test,104.94853007460162
Gradient Boosting 100,cow,price,3,MAE,5,Test,36.46173606752934
Gradient Boosting 100,cow,price,3,MSE,1,Train,10149.3313944008
Gradient Boosting 100,cow,price,3,MSE,2,Train,9558.484916409736
Gradient Boosting 100,cow,price,3,MSE,3,Train,12660.074093903444
Gradient Boosting 100,cow,price,3,MSE,4,Train,11153.95202467411
Gradient Boosting 100,cow,price,3,MSE,5,Train,14154.467021718554
Gradient Boosting 100,cow,price,3,MSE,1,Test,19577.12085507383
Gradient Boosting 100,cow,price,3,MSE,2,Test,23072.09453113621
Gradient Boosting 100,cow,price,3,MSE,3,Test,8329.438043664708
Gradient Boosting 100,cow,price,3,MSE,4,Test,14675.110352587828
Gradient Boosting 100,cow,price,3,MSE,5,Test,1923.4026142450884
Gradient Boosting 100,steer,price,3,MAE,1,Train,82.78796790908639
Gradient Boosting 100,steer,price,3,MAE,2,Train,79.03054660571345
Gradient Boosting 100,steer,price,3,MAE,3,Train,83.03442790823087
Gradient Boosting 100,steer,price,3,MAE,4,Train,77.1097929135633
Gradient Boosting 100,steer,price,3,MAE,5,Train,79.78015906694996
Gradient Boosting 100,steer,price,3,MAE,1,Test,77.6724343496706
Gradient Boosting 100,steer,price,3,MAE,2,Test,94.84202134285438
Gradient Boosting 100,steer,price,3,MAE,3,Test,80.46045309629633
Gradient Boosting 100,steer,price,3,MAE,4,Test,103.41141867486176
Gradient Boosting 100,steer,price,3,MAE,5,Test,94.98375371679066
Gradient Boosting 100,steer,price,3,MSE,1,Train,11855.948426539608
Gradient Boosting 100,steer,price,3,MSE,2,Train,10868.999433461497
Gradient Boosting 100,steer,price,3,MSE,3,Train,11712.36647151056
Gradient Boosting 100,steer,price,3,MSE,4,Train,10074.571380753127
Gradient Boosting 100,steer,price,3,MSE,5,Train,11199.765891272915
Gradient Boosting 100,steer,price,3,MSE,1,Test,9933.839649242656
Gradient Boosting 100,steer,price,3,MSE,2,Test,14671.110155541324
Gradient Boosting 100,steer,price,3,MSE,3,Test,11420.598086947371
Gradient Boosting 100,steer,price,3,MSE,4,Test,18597.801482665876
Gradient Boosting 100,steer,price,3,MSE,5,Test,13660.038490848894
Gradient Boosting 100,heifer,price,3,MAE,1,Train,55.33855514154825
Gradient Boosting 100,heifer,price,3,MAE,2,Train,50.840260029943096
Gradient Boosting 100,heifer,price,3,MAE,3,Train,46.965974986359036
Gradient Boosting 100,heifer,price,3,MAE,4,Train,51.312050699691746
Gradient Boosting 100,heifer,price,3,MAE,5,Train,46.17642875851198
Gradient Boosting 100,heifer,price,3,MAE,1,Test,37.38609713833187
Gradient Boosting 100,heifer,price,3,MAE,2,Test,75.80235141630165
Gradient Boosting 100,heifer,price,3,MAE,3,Test,69.22272943709592
Gradient Boosting 100,heifer,price,3,MAE,4,Test,58.94292928432865
Gradient Boosting 100,heifer,price,3,MAE,5,Test,83.35162868556215
Gradient Boosting 100,heifer,price,3,MSE,1,Train,5346.163846893607
Gradient Boosting 100,heifer,price,3,MSE,2,Train,4492.562915130333
Gradient Boosting 100,heifer,price,3,MSE,3,Train,4046.812791217726
Gradient Boosting 100,heifer,price,3,MSE,4,Train,4644.176808573925
Gradient Boosting 100,heifer,price,3,MSE,5,Train,3678.438758235524
Gradient Boosting 100,heifer,price,3,MSE,1,Test,2287.3859398926456
Gradient Boosting 100,heifer,price,3,MSE,2,Test,11049.099157088716
Gradient Boosting 100,heifer,price,3,MSE,3,Test,7632.194957220217
Gradient Boosting 100,heifer,price,3,MSE,4,Test,5774.048128743776
Gradient Boosting 100,heifer,price,3,MSE,5,Test,12244.441260304391
Gradient Boosting 100,cow,Total number of defects,3,MAE,1,Train,0.7094372774061919
Gradient Boosting 100,cow,Total number of defects,3,MAE,2,Train,0.6916403772706358
Gradient Boosting 100,cow,Total number of defects,3,MAE,3,Train,0.7185290143867267
Gradient Boosting 100,cow,Total number of defects,3,MAE,4,Train,0.7396806986094939
Gradient Boosting 100,cow,Total number of defects,3,MAE,5,Train,0.664487094420173
Gradient Boosting 100,cow,Total number of defects,3,MAE,1,Test,0.7420682773313869
Gradient Boosting 100,cow,Total number of defects,3,MAE,2,Test,0.8126000382341824
Gradient Boosting 100,cow,Total number of defects,3,MAE,3,Test,0.6966232251703198
Gradient Boosting 100,cow,Total number of defects,3,MAE,4,Test,0.59034314290955
Gradient Boosting 100,cow,Total number of defects,3,MAE,5,Test,0.8181785116030869
Gradient Boosting 100,cow,Total number of defects,3,MSE,1,Train,0.878527336976855
Gradient Boosting 100,cow,Total number of defects,3,MSE,2,Train,0.7570994909391979
Gradient Boosting 100,cow,Total number of defects,3,MSE,3,Train,0.8488836664192047
Gradient Boosting 100,cow,Total number of defects,3,MSE,4,Train,0.9358401881547052
Gradient Boosting 100,cow,Total number of defects,3,MSE,5,Train,0.7791427793702286
Gradient Boosting 100,cow,Total number of defects,3,MSE,1,Test,0.7613384396384253
Gradient Boosting 100,cow,Total number of defects,3,MSE,2,Test,1.2056544180086837
Gradient Boosting 100,cow,Total number of defects,3,MSE,3,Test,0.8288620229477716
Gradient Boosting 100,cow,Total number of defects,3,MSE,4,Test,0.4806165642304349
Gradient Boosting 100,cow,Total number of defects,3,MSE,5,Test,1.1564553362947787
Gradient Boosting 100,steer,Total number of defects,3,MAE,1,Train,0.2930326128866749
Gradient Boosting 100,steer,Total number of defects,3,MAE,2,Train,0.34756541306582417
Gradient Boosting 100,steer,Total number of defects,3,MAE,3,Train,0.3293599972852531
Gradient Boosting 100,steer,Total number of defects,3,MAE,4,Train,0.3270751672629968
Gradient Boosting 100,steer,Total number of defects,3,MAE,5,Train,0.2902975307809246
Gradient Boosting 100,steer,Total number of defects,3,MAE,1,Test,0.4008446268152515
Gradient Boosting 100,steer,Total number of defects,3,MAE,2,Test,0.32038707067522093
Gradient Boosting 100,steer,Total number of defects,3,MAE,3,Test,0.36008802719344774
Gradient Boosting 100,steer,Total number of defects,3,MAE,4,Test,0.39505944136269083
Gradient Boosting 100,steer,Total number of defects,3,MAE,5,Test,0.4111593507046027
Gradient Boosting 100,steer,Total number of defects,3,MSE,1,Train,0.26324646701501264
Gradient Boosting 100,steer,Total number of defects,3,MSE,2,Train,0.31374322458701076
Gradient Boosting 100,steer,Total number of defects,3,MSE,3,Train,0.28970847841740766
Gradient Boosting 100,steer,Total number of defects,3,MSE,4,Train,0.2807527340413969
Gradient Boosting 100,steer,Total number of defects,3,MSE,5,Train,0.2743836404461789
Gradient Boosting 100,steer,Total number of defects,3,MSE,1,Test,0.42973650359376403
Gradient Boosting 100,steer,Total number of defects,3,MSE,2,Test,0.3350364857392997
Gradient Boosting 100,steer,Total number of defects,3,MSE,3,Test,0.3552999410150706
Gradient Boosting 100,steer,Total number of defects,3,MSE,4,Test,0.6450105500463306
Gradient Boosting 100,steer,Total number of defects,3,MSE,5,Test,0.45300888718298593
Gradient Boosting 100,heifer,Total number of defects,3,MAE,1,Train,0.5555624563473928
Gradient Boosting 100,heifer,Total number of defects,3,MAE,2,Train,0.4837591280252127
Gradient Boosting 100,heifer,Total number of defects,3,MAE,3,Train,0.5305932721526548
Gradient Boosting 100,heifer,Total number of defects,3,MAE,4,Train,0.4259933315064121
Gradient Boosting 100,heifer,Total number of defects,3,MAE,5,Train,0.5132871450942682
Gradient Boosting 100,heifer,Total number of defects,3,MAE,1,Test,0.41176034246889237
Gradient Boosting 100,heifer,Total number of defects,3,MAE,2,Test,0.6705756425324428
Gradient Boosting 100,heifer,Total number of defects,3,MAE,3,Test,0.48019882554885535
Gradient Boosting 100,heifer,Total number of defects,3,MAE,4,Test,0.7912060784657475
Gradient Boosting 100,heifer,Total number of defects,3,MAE,5,Test,0.6798389810898149
Gradient Boosting 100,heifer,Total number of defects,3,MSE,1,Train,0.6591774383247461
Gradient Boosting 100,heifer,Total number of defects,3,MSE,2,Train,0.4976718943172745
Gradient Boosting 100,heifer,Total number of defects,3,MSE,3,Train,0.6364282403516297
Gradient Boosting 100,heifer,Total number of defects,3,MSE,4,Train,0.3842922432687888
Gradient Boosting 100,heifer,Total number of defects,3,MSE,5,Train,0.5751631713335766
Gradient Boosting 100,heifer,Total number of defects,3,MSE,1,Test,0.2674056818589974
Gradient Boosting 100,heifer,Total number of defects,3,MSE,2,Test,0.9794218277533954
Gradient Boosting 100,heifer,Total number of defects,3,MSE,3,Test,0.3715604221874087
Gradient Boosting 100,heifer,Total number of defects,3,MSE,4,Test,1.4930334524003703
Gradient Boosting 100,heifer,Total number of defects,3,MSE,5,Test,0.7116378562695299
Gradient Boosting 100,cow,live weight,7,MAE,1,Train,45.62964509098713
Gradient Boosting 100,cow,live weight,7,MAE,2,Train,39.70366798641785
Gradient Boosting 100,cow,live weight,7,MAE,3,Train,46.15561274420704
Gradient Boosting 100,cow,live weight,7,MAE,4,Train,42.53446792498857
Gradient Boosting 100,cow,live weight,7,MAE,5,Train,53.00295194117578
Gradient Boosting 100,cow,live weight,7,MAE,1,Test,50.61481874796527
Gradient Boosting 100,cow,live weight,7,MAE,2,Test,68.99952306286913
Gradient Boosting 100,cow,live weight,7,MAE,3,Test,50.66348644957651
Gradient Boosting 100,cow,live weight,7,MAE,4,Test,58.394443592105276
Gradient Boosting 100,cow,live weight,7,MAE,5,Test,14.587015653648551
Gradient Boosting 100,cow,live weight,7,MSE,1,Train,3492.2854168367435
Gradient Boosting 100,cow,live weight,7,MSE,2,Train,2694.7634371978247
Gradient Boosting 100,cow,live weight,7,MSE,3,Train,3603.2502891622835
Gradient Boosting 100,cow,live weight,7,MSE,4,Train,3185.7487840166327
Gradient Boosting 100,cow,live weight,7,MSE,5,Train,4289.580122926516
Gradient Boosting 100,cow,live weight,7,MSE,1,Test,4072.428751886172
Gradient Boosting 100,cow,live weight,7,MSE,2,Test,7867.700575913907
Gradient Boosting 100,cow,live weight,7,MSE,3,Test,3452.509990597745
Gradient Boosting 100,cow,live weight,7,MSE,4,Test,5058.1046146199915
Gradient Boosting 100,cow,live weight,7,MSE,5,Test,373.73515216225553
Gradient Boosting 100,steer,live weight,7,MAE,1,Train,27.373051979474027
Gradient Boosting 100,steer,live weight,7,MAE,2,Train,25.030429037136592
Gradient Boosting 100,steer,live weight,7,MAE,3,Train,28.249659708461394
Gradient Boosting 100,steer,live weight,7,MAE,4,Train,26.484282059347798
Gradient Boosting 100,steer,live weight,7,MAE,5,Train,27.71634804699098
Gradient Boosting 100,steer,live weight,7,MAE,1,Test,28.223634321346392
Gradient Boosting 100,steer,live weight,7,MAE,2,Test,36.470675947599375
Gradient Boosting 100,steer,live weight,7,MAE,3,Test,28.121914398350036
Gradient Boosting 100,steer,live weight,7,MAE,4,Test,32.26681652423209
Gradient Boosting 100,steer,live weight,7,MAE,5,Test,26.016954404501565
Gradient Boosting 100,steer,live weight,7,MSE,1,Train,1977.9885264154625
Gradient Boosting 100,steer,live weight,7,MSE,2,Train,1105.2000402680087
Gradient Boosting 100,steer,live weight,7,MSE,3,Train,1910.4249391802666
Gradient Boosting 100,steer,live weight,7,MSE,4,Train,1893.6067280444865
Gradient Boosting 100,steer,live weight,7,MSE,5,Train,2040.7399086537182
Gradient Boosting 100,steer,live weight,7,MSE,1,Test,1208.7578140933026
Gradient Boosting 100,steer,live weight,7,MSE,2,Test,4957.692217231931
Gradient Boosting 100,steer,live weight,7,MSE,3,Test,1687.506261848599
Gradient Boosting 100,steer,live weight,7,MSE,4,Test,1626.8674829437118
Gradient Boosting 100,steer,live weight,7,MSE,5,Test,1071.1335862806206
Gradient Boosting 100,heifer,live weight,7,MAE,1,Train,16.686010542270154
Gradient Boosting 100,heifer,live weight,7,MAE,2,Train,15.46651864954033
Gradient Boosting 100,heifer,live weight,7,MAE,3,Train,14.932204964119439
Gradient Boosting 100,heifer,live weight,7,MAE,4,Train,15.356709062804567
Gradient Boosting 100,heifer,live weight,7,MAE,5,Train,13.297819729086813
Gradient Boosting 100,heifer,live weight,7,MAE,1,Test,12.60396294215342
Gradient Boosting 100,heifer,live weight,7,MAE,2,Test,22.922820900467258
Gradient Boosting 100,heifer,live weight,7,MAE,3,Test,17.595791120311468
Gradient Boosting 100,heifer,live weight,7,MAE,4,Test,17.102612623611336
Gradient Boosting 100,heifer,live weight,7,MAE,5,Test,27.928572002162934
Gradient Boosting 100,heifer,live weight,7,MSE,1,Train,483.0993119911087
Gradient Boosting 100,heifer,live weight,7,MSE,2,Train,417.7262183557512
Gradient Boosting 100,heifer,live weight,7,MSE,3,Train,408.24970692271046
Gradient Boosting 100,heifer,live weight,7,MSE,4,Train,434.1833575181151
Gradient Boosting 100,heifer,live weight,7,MSE,5,Train,312.14166724179034
Gradient Boosting 100,heifer,live weight,7,MSE,1,Test,363.15283409030485
Gradient Boosting 100,heifer,live weight,7,MSE,2,Test,1007.1470760797426
Gradient Boosting 100,heifer,live weight,7,MSE,3,Test,578.0264127812683
Gradient Boosting 100,heifer,live weight,7,MSE,4,Test,505.0026395449345
Gradient Boosting 100,heifer,live weight,7,MSE,5,Test,1398.7775451703467
Gradient Boosting 100,cow,carcass weight,7,MAE,1,Train,22.990736354830737
Gradient Boosting 100,cow,carcass weight,7,MAE,2,Train,20.813432958590152
Gradient Boosting 100,cow,carcass weight,7,MAE,3,Train,24.301217316229287
Gradient Boosting 100,cow,carcass weight,7,MAE,4,Train,22.119690090193103
Gradient Boosting 100,cow,carcass weight,7,MAE,5,Train,26.912394326867812
Gradient Boosting 100,cow,carcass weight,7,MAE,1,Test,28.194287289501023
Gradient Boosting 100,cow,carcass weight,7,MAE,2,Test,34.98052672744863
Gradient Boosting 100,cow,carcass weight,7,MAE,3,Test,22.369702685375437
Gradient Boosting 100,cow,carcass weight,7,MAE,4,Test,29.65861020596046
Gradient Boosting 100,cow,carcass weight,7,MAE,5,Test,10.176637074159068
Gradient Boosting 100,cow,carcass weight,7,MSE,1,Train,830.890432271904
Gradient Boosting 100,cow,carcass weight,7,MSE,2,Train,749.5539562535621
Gradient Boosting 100,cow,carcass weight,7,MSE,3,Train,1027.5757932726679
Gradient Boosting 100,cow,carcass weight,7,MSE,4,Train,911.1658050471286
Gradient Boosting 100,cow,carcass weight,7,MSE,5,Train,1147.9266995583264
Gradient Boosting 100,cow,carcass weight,7,MSE,1,Test,1549.2029364107243
Gradient Boosting 100,cow,carcass weight,7,MSE,2,Test,1991.8362871773897
Gradient Boosting 100,cow,carcass weight,7,MSE,3,Test,681.9104041791032
Gradient Boosting 100,cow,carcass weight,7,MSE,4,Test,1160.5880296916903
Gradient Boosting 100,cow,carcass weight,7,MSE,5,Test,150.66577610235507
Gradient Boosting 100,steer,carcass weight,7,MAE,1,Train,13.972015591187755
Gradient Boosting 100,steer,carcass weight,7,MAE,2,Train,13.399444729587566
Gradient Boosting 100,steer,carcass weight,7,MAE,3,Train,14.016645632760353
Gradient Boosting 100,steer,carcass weight,7,MAE,4,Train,13.087415166919275
Gradient Boosting 100,steer,carcass weight,7,MAE,5,Train,13.516938081308105
Gradient Boosting 100,steer,carcass weight,7,MAE,1,Test,13.149801078158557
Gradient Boosting 100,steer,carcass weight,7,MAE,2,Test,15.998147871755764
Gradient Boosting 100,steer,carcass weight,7,MAE,3,Test,13.692361946609141
Gradient Boosting 100,steer,carcass weight,7,MAE,4,Test,17.597418250642868
Gradient Boosting 100,steer,carcass weight,7,MAE,5,Test,16.004703880109094
Gradient Boosting 100,steer,carcass weight,7,MSE,1,Train,339.9656276747668
Gradient Boosting 100,steer,carcass weight,7,MSE,2,Train,312.4459280077372
Gradient Boosting 100,steer,carcass weight,7,MSE,3,Train,335.90172145848436
Gradient Boosting 100,steer,carcass weight,7,MSE,4,Train,289.56142944786745
Gradient Boosting 100,steer,carcass weight,7,MSE,5,Train,321.68141703675286
Gradient Boosting 100,steer,carcass weight,7,MSE,1,Test,284.83745891531066
Gradient Boosting 100,steer,carcass weight,7,MSE,2,Test,419.8819074188875
Gradient Boosting 100,steer,carcass weight,7,MSE,3,Test,329.62528748660935
Gradient Boosting 100,steer,carcass weight,7,MSE,4,Test,538.5494813716497
Gradient Boosting 100,steer,carcass weight,7,MSE,5,Test,391.4664786274935
Gradient Boosting 100,heifer,carcass weight,7,MAE,1,Train,9.775899236168662
Gradient Boosting 100,heifer,carcass weight,7,MAE,2,Train,8.984083757953666
Gradient Boosting 100,heifer,carcass weight,7,MAE,3,Train,8.35135062285471
Gradient Boosting 100,heifer,carcass weight,7,MAE,4,Train,9.164421710773091
Gradient Boosting 100,heifer,carcass weight,7,MAE,5,Train,8.154288268521398
Gradient Boosting 100,heifer,carcass weight,7,MAE,1,Test,6.686730781525296
Gradient Boosting 100,heifer,carcass weight,7,MAE,2,Test,13.51879304814507
Gradient Boosting 100,heifer,carcass weight,7,MAE,3,Test,12.000725340742903
Gradient Boosting 100,heifer,carcass weight,7,MAE,4,Test,10.061262485576163
Gradient Boosting 100,heifer,carcass weight,7,MAE,5,Test,14.887356824929052
Gradient Boosting 100,heifer,carcass weight,7,MSE,1,Train,168.90885170737644
Gradient Boosting 100,heifer,carcass weight,7,MSE,2,Train,141.6981612486422
Gradient Boosting 100,heifer,carcass weight,7,MSE,3,Train,128.47980758711694
Gradient Boosting 100,heifer,carcass weight,7,MSE,4,Train,148.0926133130132
Gradient Boosting 100,heifer,carcass weight,7,MSE,5,Train,115.75291894166737
Gradient Boosting 100,heifer,carcass weight,7,MSE,1,Test,73.65289131835726
Gradient Boosting 100,heifer,carcass weight,7,MSE,2,Test,350.4025529153218
Gradient Boosting 100,heifer,carcass weight,7,MSE,3,Test,237.48681263536787
Gradient Boosting 100,heifer,carcass weight,7,MSE,4,Test,168.83952839513518
Gradient Boosting 100,heifer,carcass weight,7,MSE,5,Test,390.67909456653496
Gradient Boosting 100,cow,price,7,MAE,1,Train,81.82743982086778
Gradient Boosting 100,cow,price,7,MAE,2,Train,75.42095176079864
Gradient Boosting 100,cow,price,7,MAE,3,Train,87.02647058035036
Gradient Boosting 100,cow,price,7,MAE,4,Train,79.75941791107124
Gradient Boosting 100,cow,price,7,MAE,5,Train,96.45863805401004
Gradient Boosting 100,cow,price,7,MAE,1,Test,103.9356869273342
Gradient Boosting 100,cow,price,7,MAE,2,Test,122.02589329060973
Gradient Boosting 100,cow,price,7,MAE,3,Test,76.88028129403308
Gradient Boosting 100,cow,price,7,MAE,4,Test,104.94853007460162
Gradient Boosting 100,cow,price,7,MAE,5,Test,36.46173606752934
Gradient Boosting 100,cow,price,7,MSE,1,Train,10149.3313944008
Gradient Boosting 100,cow,price,7,MSE,2,Train,9558.484916409736
Gradient Boosting 100,cow,price,7,MSE,3,Train,12660.074093903444
Gradient Boosting 100,cow,price,7,MSE,4,Train,11153.95202467411
Gradient Boosting 100,cow,price,7,MSE,5,Train,14154.467021718554
Gradient Boosting 100,cow,price,7,MSE,1,Test,19577.12085507383
Gradient Boosting 100,cow,price,7,MSE,2,Test,23072.09453113621
Gradient Boosting 100,cow,price,7,MSE,3,Test,8329.438043664708
Gradient Boosting 100,cow,price,7,MSE,4,Test,14675.110352587828
Gradient Boosting 100,cow,price,7,MSE,5,Test,1923.4026142450884
Gradient Boosting 100,steer,price,7,MAE,1,Train,82.58047912751562
Gradient Boosting 100,steer,price,7,MAE,2,Train,79.30863827548445
Gradient Boosting 100,steer,price,7,MAE,3,Train,83.00826187158104
Gradient Boosting 100,steer,price,7,MAE,4,Train,77.12951905586507
Gradient Boosting 100,steer,price,7,MAE,5,Train,79.74993467971782
Gradient Boosting 100,steer,price,7,MAE,1,Test,77.91421887660219
Gradient Boosting 100,steer,price,7,MAE,2,Test,94.7826476418722
Gradient Boosting 100,steer,price,7,MAE,3,Test,80.8921853447487
Gradient Boosting 100,steer,price,7,MAE,4,Test,103.65368626179223
Gradient Boosting 100,steer,price,7,MAE,5,Test,94.75275289264376
Gradient Boosting 100,steer,price,7,MSE,1,Train,11835.019648047546
Gradient Boosting 100,steer,price,7,MSE,2,Train,10889.20760892404
Gradient Boosting 100,steer,price,7,MSE,3,Train,11726.184676943894
Gradient Boosting 100,steer,price,7,MSE,4,Train,10069.935497535536
Gradient Boosting 100,steer,price,7,MSE,5,Train,11197.730127049372
Gradient Boosting 100,steer,price,7,MSE,1,Test,10015.000052068901
Gradient Boosting 100,steer,price,7,MSE,2,Test,14688.052558525444
Gradient Boosting 100,steer,price,7,MSE,3,Test,11444.855090271818
Gradient Boosting 100,steer,price,7,MSE,4,Test,18590.4048483781
Gradient Boosting 100,steer,price,7,MSE,5,Test,13638.464412076268
Gradient Boosting 100,heifer,price,7,MAE,1,Train,55.27208497786904
Gradient Boosting 100,heifer,price,7,MAE,2,Train,50.83469344202392
Gradient Boosting 100,heifer,price,7,MAE,3,Train,46.955838894619994
Gradient Boosting 100,heifer,price,7,MAE,4,Train,51.320761580329346
Gradient Boosting 100,heifer,price,7,MAE,5,Train,46.17234868210696
Gradient Boosting 100,heifer,price,7,MAE,1,Test,37.42661630027939
Gradient Boosting 100,heifer,price,7,MAE,2,Test,75.7938234175543
Gradient Boosting 100,heifer,price,7,MAE,3,Test,69.28031616741178
Gradient Boosting 100,heifer,price,7,MAE,4,Test,58.822404443606416
Gradient Boosting 100,heifer,price,7,MAE,5,Test,83.40201110634415
Gradient Boosting 100,heifer,price,7,MSE,1,Train,5345.985501409335
Gradient Boosting 100,heifer,price,7,MSE,2,Train,4492.574723403307
Gradient Boosting 100,heifer,price,7,MSE,3,Train,4046.703943261207
Gradient Boosting 100,heifer,price,7,MSE,4,Train,4644.184353496094
Gradient Boosting 100,heifer,price,7,MSE,5,Train,3678.4267136117246
Gradient Boosting 100,heifer,price,7,MSE,1,Test,2300.9448078646055
Gradient Boosting 100,heifer,price,7,MSE,2,Test,11053.835650153533
Gradient Boosting 100,heifer,price,7,MSE,3,Test,7641.940436595215
Gradient Boosting 100,heifer,price,7,MSE,4,Test,5757.327465994523
Gradient Boosting 100,heifer,price,7,MSE,5,Test,12262.970953805545
Gradient Boosting 100,cow,Total number of defects,7,MAE,1,Train,0.7094372774061919
Gradient Boosting 100,cow,Total number of defects,7,MAE,2,Train,0.6916403772706358
Gradient Boosting 100,cow,Total number of defects,7,MAE,3,Train,0.7185290143867267
Gradient Boosting 100,cow,Total number of defects,7,MAE,4,Train,0.7396806986094939
Gradient Boosting 100,cow,Total number of defects,7,MAE,5,Train,0.664487094420173
Gradient Boosting 100,cow,Total number of defects,7,MAE,1,Test,0.7420682773313869
Gradient Boosting 100,cow,Total number of defects,7,MAE,2,Test,0.8126000382341824
Gradient Boosting 100,cow,Total number of defects,7,MAE,3,Test,0.6966232251703198
Gradient Boosting 100,cow,Total number of defects,7,MAE,4,Test,0.59034314290955
Gradient Boosting 100,cow,Total number of defects,7,MAE,5,Test,0.8181785116030869
Gradient Boosting 100,cow,Total number of defects,7,MSE,1,Train,0.878527336976855
Gradient Boosting 100,cow,Total number of defects,7,MSE,2,Train,0.7570994909391979
Gradient Boosting 100,cow,Total number of defects,7,MSE,3,Train,0.8488836664192047
Gradient Boosting 100,cow,Total number of defects,7,MSE,4,Train,0.9358401881547052
Gradient Boosting 100,cow,Total number of defects,7,MSE,5,Train,0.7791427793702287
Gradient Boosting 100,cow,Total number of defects,7,MSE,1,Test,0.7613384396384253
Gradient Boosting 100,cow,Total number of defects,7,MSE,2,Test,1.2056544180086837
Gradient Boosting 100,cow,Total number of defects,7,MSE,3,Test,0.8288620229477716
Gradient Boosting 100,cow,Total number of defects,7,MSE,4,Test,0.4806165642304349
Gradient Boosting 100,cow,Total number of defects,7,MSE,5,Test,1.1564553362947785
Gradient Boosting 100,steer,Total number of defects,7,MAE,1,Train,0.29235046647184865
Gradient Boosting 100,steer,Total number of defects,7,MAE,2,Train,0.3459608405575094
Gradient Boosting 100,steer,Total number of defects,7,MAE,3,Train,0.3283859226964337
Gradient Boosting 100,steer,Total number of defects,7,MAE,4,Train,0.3268650803955395
Gradient Boosting 100,steer,Total number of defects,7,MAE,5,Train,0.2903186537224537
Gradient Boosting 100,steer,Total number of defects,7,MAE,1,Test,0.40106146310931856
Gradient Boosting 100,steer,Total number of defects,7,MAE,2,Test,0.3158516153261754
Gradient Boosting 100,steer,Total number of defects,7,MAE,3,Test,0.36665904911973346
Gradient Boosting 100,steer,Total number of defects,7,MAE,4,Test,0.3943881692204197
Gradient Boosting 100,steer,Total number of defects,7,MAE,5,Test,0.4151543740382538
Gradient Boosting 100,steer,Total number of defects,7,MSE,1,Train,0.2631123419210079
Gradient Boosting 100,steer,Total number of defects,7,MSE,2,Train,0.3134433677704
Gradient Boosting 100,steer,Total number of defects,7,MSE,3,Train,0.2895017301253658
Gradient Boosting 100,steer,Total number of defects,7,MSE,4,Train,0.2808081748280456
Gradient Boosting 100,steer,Total number of defects,7,MSE,5,Train,0.2743091395063408
Gradient Boosting 100,steer,Total number of defects,7,MSE,1,Test,0.42975408046562497
Gradient Boosting 100,steer,Total number of defects,7,MSE,2,Test,0.32366097273531486
Gradient Boosting 100,steer,Total number of defects,7,MSE,3,Test,0.36041662252361273
Gradient Boosting 100,steer,Total number of defects,7,MSE,4,Test,0.6472945223393944
Gradient Boosting 100,steer,Total number of defects,7,MSE,5,Test,0.46217227723816207
Gradient Boosting 100,heifer,Total number of defects,7,MAE,1,Train,0.5554599359694765
Gradient Boosting 100,heifer,Total number of defects,7,MAE,2,Train,0.48367680755187636
Gradient Boosting 100,heifer,Total number of defects,7,MAE,3,Train,0.5306368689989756
Gradient Boosting 100,heifer,Total number of defects,7,MAE,4,Train,0.42595771919009845
Gradient Boosting 100,heifer,Total number of defects,7,MAE,5,Train,0.5132624414303403
Gradient Boosting 100,heifer,Total number of defects,7,MAE,1,Test,0.41153055727634424
Gradient Boosting 100,heifer,Total number of defects,7,MAE,2,Test,0.6683434358902847
Gradient Boosting 100,heifer,Total number of defects,7,MAE,3,Test,0.48015335603158515
Gradient Boosting 100,heifer,Total number of defects,7,MAE,4,Test,0.7910876557347827
Gradient Boosting 100,heifer,Total number of defects,7,MAE,5,Test,0.6797523160458893
Gradient Boosting 100,heifer,Total number of defects,7,MSE,1,Train,0.6591762405934752
Gradient Boosting 100,heifer,Total number of defects,7,MSE,2,Train,0.497671359413861
Gradient Boosting 100,heifer,Total number of defects,7,MSE,3,Train,0.6364297730645881
Gradient Boosting 100,heifer,Total number of defects,7,MSE,4,Train,0.384292536366753
Gradient Boosting 100,heifer,Total number of defects,7,MSE,5,Train,0.5751630227062012
Gradient Boosting 100,heifer,Total number of defects,7,MSE,1,Test,0.26741949570038853
Gradient Boosting 100,heifer,Total number of defects,7,MSE,2,Test,0.9783516575173862
Gradient Boosting 100,heifer,Total number of defects,7,MSE,3,Test,0.37159163854629346
Gradient Boosting 100,heifer,Total number of defects,7,MSE,4,Test,1.492949132502414
Gradient Boosting 100,heifer,Total number of defects,7,MSE,5,Test,0.7116285293462448
Gradient Boosting 100,cow,live weight,14,MAE,1,Train,45.62964509098713
Gradient Boosting 100,cow,live weight,14,MAE,2,Train,39.70366798641785
Gradient Boosting 100,cow,live weight,14,MAE,3,Train,46.15561274420704
Gradient Boosting 100,cow,live weight,14,MAE,4,Train,42.53446792498857
Gradient Boosting 100,cow,live weight,14,MAE,5,Train,53.00295194117578
Gradient Boosting 100,cow,live weight,14,MAE,1,Test,50.61481874796527
Gradient Boosting 100,cow,live weight,14,MAE,2,Test,68.99952306286913
Gradient Boosting 100,cow,live weight,14,MAE,3,Test,50.66348644957651
Gradient Boosting 100,cow,live weight,14,MAE,4,Test,58.394443592105276
Gradient Boosting 100,cow,live weight,14,MAE,5,Test,14.587015653648551
Gradient Boosting 100,cow,live weight,14,MSE,1,Train,3492.2854168367435
Gradient Boosting 100,cow,live weight,14,MSE,2,Train,2694.7634371978247
Gradient Boosting 100,cow,live weight,14,MSE,3,Train,3603.2502891622835
Gradient Boosting 100,cow,live weight,14,MSE,4,Train,3185.7487840166327
Gradient Boosting 100,cow,live weight,14,MSE,5,Train,4289.580122926516
Gradient Boosting 100,cow,live weight,14,MSE,1,Test,4072.428751886172
Gradient Boosting 100,cow,live weight,14,MSE,2,Test,7867.700575913907
Gradient Boosting 100,cow,live weight,14,MSE,3,Test,3452.509990597745
Gradient Boosting 100,cow,live weight,14,MSE,4,Test,5058.1046146199915
Gradient Boosting 100,cow,live weight,14,MSE,5,Test,373.73515216225553
Gradient Boosting 100,steer,live weight,14,MAE,1,Train,27.369809351208687
Gradient Boosting 100,steer,live weight,14,MAE,2,Train,25.05897775140096
Gradient Boosting 100,steer,live weight,14,MAE,3,Train,28.25729244130777
Gradient Boosting 100,steer,live weight,14,MAE,4,Train,26.50793330888597
Gradient Boosting 100,steer,live weight,14,MAE,5,Train,27.715620338372542
Gradient Boosting 100,steer,live weight,14,MAE,1,Test,28.16440141680265
Gradient Boosting 100,steer,live weight,14,MAE,2,Test,36.55295929260162
Gradient Boosting 100,steer,live weight,14,MAE,3,Test,28.134277493886646
Gradient Boosting 100,steer,live weight,14,MAE,4,Test,32.433838847346195
Gradient Boosting 100,steer,live weight,14,MAE,5,Test,26.050275289622213
Gradient Boosting 100,steer,live weight,14,MSE,1,Train,1977.310950206116
Gradient Boosting 100,steer,live weight,14,MSE,2,Train,1105.0578325432418
Gradient Boosting 100,steer,live weight,14,MSE,3,Train,1910.5320932319323
Gradient Boosting 100,steer,live weight,14,MSE,4,Train,1894.0186786631498
Gradient Boosting 100,steer,live weight,14,MSE,5,Train,2040.3244880179402
Gradient Boosting 100,steer,live weight,14,MSE,1,Test,1210.158912395557
Gradient Boosting 100,steer,live weight,14,MSE,2,Test,4959.968941186604
Gradient Boosting 100,steer,live weight,14,MSE,3,Test,1687.0943948668169
Gradient Boosting 100,steer,live weight,14,MSE,4,Test,1636.7082869744927
Gradient Boosting 100,steer,live weight,14,MSE,5,Test,1068.0092756329698
Gradient Boosting 100,heifer,live weight,14,MAE,1,Train,16.68537778939501
Gradient Boosting 100,heifer,live weight,14,MAE,2,Train,15.465624469621012
Gradient Boosting 100,heifer,live weight,14,MAE,3,Train,14.935600998311397
Gradient Boosting 100,heifer,live weight,14,MAE,4,Train,15.358628963402913
Gradient Boosting 100,heifer,live weight,14,MAE,5,Train,13.297819729086813
Gradient Boosting 100,heifer,live weight,14,MAE,1,Test,12.602327892708642
Gradient Boosting 100,heifer,live weight,14,MAE,2,Test,22.920240250594524
Gradient Boosting 100,heifer,live weight,14,MAE,3,Test,17.550936200394577
Gradient Boosting 100,heifer,live weight,14,MAE,4,Test,17.10628071581767
Gradient Boosting 100,heifer,live weight,14,MAE,5,Test,27.928572002162934
Gradient Boosting 100,heifer,live weight,14,MSE,1,Train,483.09958168056147
Gradient Boosting 100,heifer,live weight,14,MSE,2,Train,417.7261270412935
Gradient Boosting 100,heifer,live weight,14,MSE,3,Train,408.2778954999368
Gradient Boosting 100,heifer,live weight,14,MSE,4,Train,434.1813950581568
Gradient Boosting 100,heifer,live weight,14,MSE,5,Train,312.14166724179034
Gradient Boosting 100,heifer,live weight,14,MSE,1,Test,363.40754970202414
Gradient Boosting 100,heifer,live weight,14,MSE,2,Test,1006.6940361760346
Gradient Boosting 100,heifer,live weight,14,MSE,3,Test,576.0705992702549
Gradient Boosting 100,heifer,live weight,14,MSE,4,Test,505.07471639496345
Gradient Boosting 100,heifer,live weight,14,MSE,5,Test,1398.7775451703467
Gradient Boosting 100,cow,carcass weight,14,MAE,1,Train,22.990736354830737
Gradient Boosting 100,cow,carcass weight,14,MAE,2,Train,20.813432958590152
Gradient Boosting 100,cow,carcass weight,14,MAE,3,Train,24.301217316229287
Gradient Boosting 100,cow,carcass weight,14,MAE,4,Train,22.119690090193103
Gradient Boosting 100,cow,carcass weight,14,MAE,5,Train,26.912394326867812
Gradient Boosting 100,cow,carcass weight,14,MAE,1,Test,28.194287289501023
Gradient Boosting 100,cow,carcass weight,14,MAE,2,Test,34.98052672744863
Gradient Boosting 100,cow,carcass weight,14,MAE,3,Test,22.369702685375437
Gradient Boosting 100,cow,carcass weight,14,MAE,4,Test,29.65861020596046
Gradient Boosting 100,cow,carcass weight,14,MAE,5,Test,10.176637074159068
Gradient Boosting 100,cow,carcass weight,14,MSE,1,Train,830.890432271904
Gradient Boosting 100,cow,carcass weight,14,MSE,2,Train,749.5539562535621
Gradient Boosting 100,cow,carcass weight,14,MSE,3,Train,1027.5757932726679
Gradient Boosting 100,cow,carcass weight,14,MSE,4,Train,911.1658050471286
Gradient Boosting 100,cow,carcass weight,14,MSE,5,Train,1147.9266995583264
Gradient Boosting 100,cow,carcass weight,14,MSE,1,Test,1549.2029364107243
Gradient Boosting 100,cow,carcass weight,14,MSE,2,Test,1991.8362871773897
Gradient Boosting 100,cow,carcass weight,14,MSE,3,Test,681.9104041791032
Gradient Boosting 100,cow,carcass weight,14,MSE,4,Test,1160.5880296916903
Gradient Boosting 100,cow,carcass weight,14,MSE,5,Test,150.66577610235507
Gradient Boosting 100,steer,carcass weight,14,MAE,1,Train,13.94834804948516
Gradient Boosting 100,steer,carcass weight,14,MAE,2,Train,13.36384580366504
Gradient Boosting 100,steer,carcass weight,14,MAE,3,Train,14.041525299279042
Gradient Boosting 100,steer,carcass weight,14,MAE,4,Train,13.079667388761335
Gradient Boosting 100,steer,carcass weight,14,MAE,5,Train,13.518453026093646
Gradient Boosting 100,steer,carcass weight,14,MAE,1,Test,13.162499994342634
Gradient Boosting 100,steer,carcass weight,14,MAE,2,Test,16.080418507858194
Gradient Boosting 100,steer,carcass weight,14,MAE,3,Test,13.678727033446238
Gradient Boosting 100,steer,carcass weight,14,MAE,4,Test,17.523346652947147
Gradient Boosting 100,steer,carcass weight,14,MAE,5,Test,15.966904550657384
Gradient Boosting 100,steer,carcass weight,14,MSE,1,Train,339.6131122938877
Gradient Boosting 100,steer,carcass weight,14,MSE,2,Train,311.9974647969622
Gradient Boosting 100,steer,carcass weight,14,MSE,3,Train,336.41527238815206
Gradient Boosting 100,steer,carcass weight,14,MSE,4,Train,289.42458924371937
Gradient Boosting 100,steer,carcass weight,14,MSE,5,Train,321.6891972275219
Gradient Boosting 100,steer,carcass weight,14,MSE,1,Test,284.5486908080975
Gradient Boosting 100,steer,carcass weight,14,MSE,2,Test,421.9871661537898
Gradient Boosting 100,steer,carcass weight,14,MSE,3,Test,328.3177192937013
Gradient Boosting 100,steer,carcass weight,14,MSE,4,Test,533.5282370145892
Gradient Boosting 100,steer,carcass weight,14,MSE,5,Test,391.4033760395057
Gradient Boosting 100,heifer,carcass weight,14,MAE,1,Train,9.778409309323141
Gradient Boosting 100,heifer,carcass weight,14,MAE,2,Train,8.9841501316537
Gradient Boosting 100,heifer,carcass weight,14,MAE,3,Train,8.350692583147714
Gradient Boosting 100,heifer,carcass weight,14,MAE,4,Train,9.164591366390612
Gradient Boosting 100,heifer,carcass weight,14,MAE,5,Train,8.153573392177359
Gradient Boosting 100,heifer,carcass weight,14,MAE,1,Test,6.679191071363049
Gradient Boosting 100,heifer,carcass weight,14,MAE,2,Test,13.48379898658327
Gradient Boosting 100,heifer,carcass weight,14,MAE,3,Test,12.000486403189557
Gradient Boosting 100,heifer,carcass weight,14,MAE,4,Test,10.062941684530665
Gradient Boosting 100,heifer,carcass weight,14,MAE,5,Test,14.888822568764548
Gradient Boosting 100,heifer,carcass weight,14,MSE,1,Train,168.91002941994697
Gradient Boosting 100,heifer,carcass weight,14,MSE,2,Train,141.69813891803497
Gradient Boosting 100,heifer,carcass weight,14,MSE,3,Train,128.478742517646
Gradient Boosting 100,heifer,carcass weight,14,MSE,4,Train,148.09141732924573
Gradient Boosting 100,heifer,carcass weight,14,MSE,5,Train,115.75289632061569
Gradient Boosting 100,heifer,carcass weight,14,MSE,1,Test,73.3592044164383
Gradient Boosting 100,heifer,carcass weight,14,MSE,2,Test,345.9905740060936
Gradient Boosting 100,heifer,carcass weight,14,MSE,3,Test,237.49492035058697
Gradient Boosting 100,heifer,carcass weight,14,MSE,4,Test,168.75685600163993
Gradient Boosting 100,heifer,carcass weight,14,MSE,5,Test,390.7628312154888
Gradient Boosting 100,cow,price,14,MAE,1,Train,81.82743982086778
Gradient Boosting 100,cow,price,14,MAE,2,Train,75.42095176079864
Gradient Boosting 100,cow,price,14,MAE,3,Train,87.02647058035036
Gradient Boosting 100,cow,price,14,MAE,4,Train,79.75941791107124
Gradient Boosting 100,cow,price,14,MAE,5,Train,96.45863805401004
Gradient Boosting 100,cow,price,14,MAE,1,Test,103.9356869273342
Gradient Boosting 100,cow,price,14,MAE,2,Test,122.02589329060973
Gradient Boosting 100,cow,price,14,MAE,3,Test,76.88028129403308
Gradient Boosting 100,cow,price,14,MAE,4,Test,104.94853007460162
Gradient Boosting 100,cow,price,14,MAE,5,Test,36.46173606752934
Gradient Boosting 100,cow,price,14,MSE,1,Train,10149.3313944008
Gradient Boosting 100,cow,price,14,MSE,2,Train,9558.484916409736
Gradient Boosting 100,cow,price,14,MSE,3,Train,12660.074093903444
Gradient Boosting 100,cow,price,14,MSE,4,Train,11153.95202467411
Gradient Boosting 100,cow,price,14,MSE,5,Train,14154.467021718554
Gradient Boosting 100,cow,price,14,MSE,1,Test,19577.12085507383
Gradient Boosting 100,cow,price,14,MSE,2,Test,23072.09453113621
Gradient Boosting 100,cow,price,14,MSE,3,Test,8329.438043664708
Gradient Boosting 100,cow,price,14,MSE,4,Test,14675.110352587828
Gradient Boosting 100,cow,price,14,MSE,5,Test,1923.4026142450884
Gradient Boosting 100,steer,price,14,MAE,1,Train,82.5439929868885
Gradient Boosting 100,steer,price,14,MAE,2,Train,79.03035618693589
Gradient Boosting 100,steer,price,14,MAE,3,Train,82.88257267104069
Gradient Boosting 100,steer,price,14,MAE,4,Train,77.20163240352298
Gradient Boosting 100,steer,price,14,MAE,5,Train,79.75887285395252
Gradient Boosting 100,steer,price,14,MAE,1,Test,78.52406218479702
Gradient Boosting 100,steer,price,14,MAE,2,Test,94.29388652369701
Gradient Boosting 100,steer,price,14,MAE,3,Test,80.42529481622107
Gradient Boosting 100,steer,price,14,MAE,4,Test,104.00242742218764
Gradient Boosting 100,steer,price,14,MAE,5,Test,94.52973684887857
Gradient Boosting 100,steer,price,14,MSE,1,Train,11837.26511496828
Gradient Boosting 100,steer,price,14,MSE,2,Train,10868.536077306224
Gradient Boosting 100,steer,price,14,MSE,3,Train,11717.636138260597
Gradient Boosting 100,steer,price,14,MSE,4,Train,10084.758393770058
Gradient Boosting 100,steer,price,14,MSE,5,Train,11198.00095549004
Gradient Boosting 100,steer,price,14,MSE,1,Test,10200.152531704602
Gradient Boosting 100,steer,price,14,MSE,2,Test,14605.80885054074
Gradient Boosting 100,steer,price,14,MSE,3,Test,11343.744426743222
Gradient Boosting 100,steer,price,14,MSE,4,Test,18641.969952293515
Gradient Boosting 100,steer,price,14,MSE,5,Test,13634.870010991912
Gradient Boosting 100,heifer,price,14,MAE,1,Train,55.3167966463059
Gradient Boosting 100,heifer,price,14,MAE,2,Train,50.8345246917175
Gradient Boosting 100,heifer,price,14,MAE,3,Train,46.955838894619994
Gradient Boosting 100,heifer,price,14,MAE,4,Train,51.32171165178745
Gradient Boosting 100,heifer,price,14,MAE,5,Train,46.173356674189556
Gradient Boosting 100,heifer,price,14,MAE,1,Test,37.38685836842822
Gradient Boosting 100,heifer,price,14,MAE,2,Test,75.5917912043601
Gradient Boosting 100,heifer,price,14,MAE,3,Test,69.28031616741178
Gradient Boosting 100,heifer,price,14,MAE,4,Test,58.861716338171846
Gradient Boosting 100,heifer,price,14,MAE,5,Test,83.40136993188786
Gradient Boosting 100,heifer,price,14,MSE,1,Train,5346.165784761035
Gradient Boosting 100,heifer,price,14,MSE,2,Train,4492.574727972013
Gradient Boosting 100,heifer,price,14,MSE,3,Train,4046.703943261207
Gradient Boosting 100,heifer,price,14,MSE,4,Train,4644.146847445147
Gradient Boosting 100,heifer,price,14,MSE,5,Train,3678.425326566061
Gradient Boosting 100,heifer,price,14,MSE,1,Test,2284.0558035785084
Gradient Boosting 100,heifer,price,14,MSE,2,Test,10910.267289616897
Gradient Boosting 100,heifer,price,14,MSE,3,Test,7641.940436595215
Gradient Boosting 100,heifer,price,14,MSE,4,Test,5760.31426810189
Gradient Boosting 100,heifer,price,14,MSE,5,Test,12263.343706844897
Gradient Boosting 100,cow,Total number of defects,14,MAE,1,Train,0.7094372774061919
Gradient Boosting 100,cow,Total number of defects,14,MAE,2,Train,0.6916403772706358
Gradient Boosting 100,cow,Total number of defects,14,MAE,3,Train,0.7185290143867267
Gradient Boosting 100,cow,Total number of defects,14,MAE,4,Train,0.7396806986094939
Gradient Boosting 100,cow,Total number of defects,14,MAE,5,Train,0.664487094420173
Gradient Boosting 100,cow,Total number of defects,14,MAE,1,Test,0.7420682773313869
Gradient Boosting 100,cow,Total number of defects,14,MAE,2,Test,0.8126000382341824
Gradient Boosting 100,cow,Total number of defects,14,MAE,3,Test,0.6966232251703198
Gradient Boosting 100,cow,Total number of defects,14,MAE,4,Test,0.59034314290955
Gradient Boosting 100,cow,Total number of defects,14,MAE,5,Test,0.8181785116030869
Gradient Boosting 100,cow,Total number of defects,14,MSE,1,Train,0.878527336976855
Gradient Boosting 100,cow,Total number of defects,14,MSE,2,Train,0.7570994909391979
Gradient Boosting 100,cow,Total number of defects,14,MSE,3,Train,0.8488836664192047
Gradient Boosting 100,cow,Total number of defects,14,MSE,4,Train,0.9358401881547052
Gradient Boosting 100,cow,Total number of defects,14,MSE,5,Train,0.7791427793702286
Gradient Boosting 100,cow,Total number of defects,14,MSE,1,Test,0.7613384396384253
Gradient Boosting 100,cow,Total number of defects,14,MSE,2,Test,1.2056544180086837
Gradient Boosting 100,cow,Total number of defects,14,MSE,3,Test,0.8288620229477716
Gradient Boosting 100,cow,Total number of defects,14,MSE,4,Test,0.4806165642304349
Gradient Boosting 100,cow,Total number of defects,14,MSE,5,Test,1.1564553362947787
Gradient Boosting 100,steer,Total number of defects,14,MAE,1,Train,0.2936105584458334
Gradient Boosting 100,steer,Total number of defects,14,MAE,2,Train,0.3462500742350838
Gradient Boosting 100,steer,Total number of defects,14,MAE,3,Train,0.3280144045731724
Gradient Boosting 100,steer,Total number of defects,14,MAE,4,Train,0.3262321625484625
Gradient Boosting 100,steer,Total number of defects,14,MAE,5,Train,0.28951346107278636
Gradient Boosting 100,steer,Total number of defects,14,MAE,1,Test,0.39987863541492336
Gradient Boosting 100,steer,Total number of defects,14,MAE,2,Test,0.319261457352327
Gradient Boosting 100,steer,Total number of defects,14,MAE,3,Test,0.36569959045199923
Gradient Boosting 100,steer,Total number of defects,14,MAE,4,Test,0.389287278718013
Gradient Boosting 100,steer,Total number of defects,14,MAE,5,Test,0.4115637525305454
Gradient Boosting 100,steer,Total number of defects,14,MSE,1,Train,0.26342514043949405
Gradient Boosting 100,steer,Total number of defects,14,MSE,2,Train,0.31343333331601164
Gradient Boosting 100,steer,Total number of defects,14,MSE,3,Train,0.2893815116663486
Gradient Boosting 100,steer,Total number of defects,14,MSE,4,Train,0.28060595528115634
Gradient Boosting 100,steer,Total number of defects,14,MSE,5,Train,0.2742876208696847
Gradient Boosting 100,steer,Total number of defects,14,MSE,1,Test,0.42936759134083474
Gradient Boosting 100,steer,Total number of defects,14,MSE,2,Test,0.34611103069981797
Gradient Boosting 100,steer,Total number of defects,14,MSE,3,Test,0.3599325433675414
Gradient Boosting 100,steer,Total number of defects,14,MSE,4,Test,0.6288879385373399
Gradient Boosting 100,steer,Total number of defects,14,MSE,5,Test,0.457280844777997
Gradient Boosting 100,heifer,Total number of defects,14,MAE,1,Train,0.5555732448039167
Gradient Boosting 100,heifer,Total number of defects,14,MAE,2,Train,0.4839329205089592
Gradient Boosting 100,heifer,Total number of defects,14,MAE,3,Train,0.5303788456174536
Gradient Boosting 100,heifer,Total number of defects,14,MAE,4,Train,0.42596621877585245
Gradient Boosting 100,heifer,Total number of defects,14,MAE,5,Train,0.5132683683258061
Gradient Boosting 100,heifer,Total number of defects,14,MAE,1,Test,0.41152767778893234
Gradient Boosting 100,heifer,Total number of defects,14,MAE,2,Test,0.6684135096194549
Gradient Boosting 100,heifer,Total number of defects,14,MAE,3,Test,0.4799832243004822
Gradient Boosting 100,heifer,Total number of defects,14,MAE,4,Test,0.7911276150381269
Gradient Boosting 100,heifer,Total number of defects,14,MAE,5,Test,0.6797104727496599
Gradient Boosting 100,heifer,Total number of defects,14,MSE,1,Train,0.6591770419544747
Gradient Boosting 100,heifer,Total number of defects,14,MSE,2,Train,0.49767582273251115
Gradient Boosting 100,heifer,Total number of defects,14,MSE,3,Train,0.6364283648332109
Gradient Boosting 100,heifer,Total number of defects,14,MSE,4,Train,0.38429277878238793
Gradient Boosting 100,heifer,Total number of defects,14,MSE,5,Train,0.5751629116816173
Gradient Boosting 100,heifer,Total number of defects,14,MSE,1,Test,0.26719782327187336
Gradient Boosting 100,heifer,Total number of defects,14,MSE,2,Test,0.9783131213636446
Gradient Boosting 100,heifer,Total number of defects,14,MSE,3,Test,0.3713811109641472
Gradient Boosting 100,heifer,Total number of defects,14,MSE,4,Test,1.4930580247524115
Gradient Boosting 100,heifer,Total number of defects,14,MSE,5,Test,0.7115818182956793
Gradient Boosting 100,cow,live weight,90,MAE,1,Train,45.62964509098713
Gradient Boosting 100,cow,live weight,90,MAE,2,Train,39.70366798641785
Gradient Boosting 100,cow,live weight,90,MAE,3,Train,46.15561274420704
Gradient Boosting 100,cow,live weight,90,MAE,4,Train,42.53446792498857
Gradient Boosting 100,cow,live weight,90,MAE,5,Train,53.00295194117578
Gradient Boosting 100,cow,live weight,90,MAE,1,Test,50.61481874796527
Gradient Boosting 100,cow,live weight,90,MAE,2,Test,68.99952306286913
Gradient Boosting 100,cow,live weight,90,MAE,3,Test,50.66348644957651
Gradient Boosting 100,cow,live weight,90,MAE,4,Test,58.394443592105276
Gradient Boosting 100,cow,live weight,90,MAE,5,Test,14.587015653648551
Gradient Boosting 100,cow,live weight,90,MSE,1,Train,3492.2854168367435
Gradient Boosting 100,cow,live weight,90,MSE,2,Train,2694.7634371978247
Gradient Boosting 100,cow,live weight,90,MSE,3,Train,3603.2502891622835
Gradient Boosting 100,cow,live weight,90,MSE,4,Train,3185.7487840166327
Gradient Boosting 100,cow,live weight,90,MSE,5,Train,4289.580122926516
Gradient Boosting 100,cow,live weight,90,MSE,1,Test,4072.428751886172
Gradient Boosting 100,cow,live weight,90,MSE,2,Test,7867.700575913907
Gradient Boosting 100,cow,live weight,90,MSE,3,Test,3452.509990597745
Gradient Boosting 100,cow,live weight,90,MSE,4,Test,5058.1046146199915
Gradient Boosting 100,cow,live weight,90,MSE,5,Test,373.73515216225553
Gradient Boosting 100,steer,live weight,90,MAE,1,Train,27.375899273781325
Gradient Boosting 100,steer,live weight,90,MAE,2,Train,25.011704650283267
Gradient Boosting 100,steer,live weight,90,MAE,3,Train,28.233284939993986
Gradient Boosting 100,steer,live weight,90,MAE,4,Train,26.492099910723713
Gradient Boosting 100,steer,live weight,90,MAE,5,Train,27.66173980049673
Gradient Boosting 100,steer,live weight,90,MAE,1,Test,28.160601725053322
Gradient Boosting 100,steer,live weight,90,MAE,2,Test,36.286129398758284
Gradient Boosting 100,steer,live weight,90,MAE,3,Test,28.173328026064766
Gradient Boosting 100,steer,live weight,90,MAE,4,Test,32.42134415760648
Gradient Boosting 100,steer,live weight,90,MAE,5,Test,26.07667847977705
Gradient Boosting 100,steer,live weight,90,MSE,1,Train,1977.574749184146
Gradient Boosting 100,steer,live weight,90,MSE,2,Train,1104.5185510624333
Gradient Boosting 100,steer,live weight,90,MSE,3,Train,1910.3461271232682
Gradient Boosting 100,steer,live weight,90,MSE,4,Train,1893.4894608550203
Gradient Boosting 100,steer,live weight,90,MSE,5,Train,2039.6296282680328
Gradient Boosting 100,steer,live weight,90,MSE,1,Test,1210.551519886706
Gradient Boosting 100,steer,live weight,90,MSE,2,Test,4947.814166039444
Gradient Boosting 100,steer,live weight,90,MSE,3,Test,1682.76352149042
Gradient Boosting 100,steer,live weight,90,MSE,4,Test,1644.036827836964
Gradient Boosting 100,steer,live weight,90,MSE,5,Test,1072.6373341339424
Gradient Boosting 100,heifer,live weight,90,MAE,1,Train,16.686442771617074
Gradient Boosting 100,heifer,live weight,90,MAE,2,Train,15.466033815247517
Gradient Boosting 100,heifer,live weight,90,MAE,3,Train,14.93313680940624
Gradient Boosting 100,heifer,live weight,90,MAE,4,Train,15.355842832732671
Gradient Boosting 100,heifer,live weight,90,MAE,5,Train,13.297819729086813
Gradient Boosting 100,heifer,live weight,90,MAE,1,Test,12.606194129072446
Gradient Boosting 100,heifer,live weight,90,MAE,2,Test,22.94303624417626
Gradient Boosting 100,heifer,live weight,90,MAE,3,Test,17.57713064164574
Gradient Boosting 100,heifer,live weight,90,MAE,4,Test,17.105077321312347
Gradient Boosting 100,heifer,live weight,90,MAE,5,Test,27.928572002162934
Gradient Boosting 100,heifer,live weight,90,MSE,1,Train,483.1002688589703
Gradient Boosting 100,heifer,live weight,90,MSE,2,Train,417.7256623039842
Gradient Boosting 100,heifer,live weight,90,MSE,3,Train,408.25935950675967
Gradient Boosting 100,heifer,live weight,90,MSE,4,Train,434.18081713493467
Gradient Boosting 100,heifer,live weight,90,MSE,5,Train,312.14166724179034
Gradient Boosting 100,heifer,live weight,90,MSE,1,Test,363.04566988537755
Gradient Boosting 100,heifer,live weight,90,MSE,2,Test,1010.793669590819
Gradient Boosting 100,heifer,live weight,90,MSE,3,Test,577.3105430116206
Gradient Boosting 100,heifer,live weight,90,MSE,4,Test,505.10592119484016
Gradient Boosting 100,heifer,live weight,90,MSE,5,Test,1398.7775451703467
Gradient Boosting 100,cow,carcass weight,90,MAE,1,Train,22.990736354830737
Gradient Boosting 100,cow,carcass weight,90,MAE,2,Train,20.813432958590152
Gradient Boosting 100,cow,carcass weight,90,MAE,3,Train,24.301217316229287
Gradient Boosting 100,cow,carcass weight,90,MAE,4,Train,22.119690090193103
Gradient Boosting 100,cow,carcass weight,90,MAE,5,Train,26.912394326867812
Gradient Boosting 100,cow,carcass weight,90,MAE,1,Test,28.194287289501023
Gradient Boosting 100,cow,carcass weight,90,MAE,2,Test,34.98052672744863
Gradient Boosting 100,cow,carcass weight,90,MAE,3,Test,22.369702685375437
Gradient Boosting 100,cow,carcass weight,90,MAE,4,Test,29.65861020596046
Gradient Boosting 100,cow,carcass weight,90,MAE,5,Test,10.176637074159068
Gradient Boosting 100,cow,carcass weight,90,MSE,1,Train,830.890432271904
Gradient Boosting 100,cow,carcass weight,90,MSE,2,Train,749.5539562535621
Gradient Boosting 100,cow,carcass weight,90,MSE,3,Train,1027.5757932726679
Gradient Boosting 100,cow,carcass weight,90,MSE,4,Train,911.1658050471286
Gradient Boosting 100,cow,carcass weight,90,MSE,5,Train,1147.9266995583264
Gradient Boosting 100,cow,carcass weight,90,MSE,1,Test,1549.2029364107243
Gradient Boosting 100,cow,carcass weight,90,MSE,2,Test,1991.8362871773897
Gradient Boosting 100,cow,carcass weight,90,MSE,3,Test,681.9104041791032
Gradient Boosting 100,cow,carcass weight,90,MSE,4,Test,1160.5880296916903
Gradient Boosting 100,cow,carcass weight,90,MSE,5,Test,150.66577610235507
Gradient Boosting 100,steer,carcass weight,90,MAE,1,Train,13.961801741765418
Gradient Boosting 100,steer,carcass weight,90,MAE,2,Train,13.381419254117063
Gradient Boosting 100,steer,carcass weight,90,MAE,3,Train,14.049020152394263
Gradient Boosting 100,steer,carcass weight,90,MAE,4,Train,13.069198085470521
Gradient Boosting 100,steer,carcass weight,90,MAE,5,Train,13.496032742494648
Gradient Boosting 100,steer,carcass weight,90,MAE,1,Test,13.239951265595932
Gradient Boosting 100,steer,carcass weight,90,MAE,2,Test,15.959013726602608
Gradient Boosting 100,steer,carcass weight,90,MAE,3,Test,13.514659600204576
Gradient Boosting 100,steer,carcass weight,90,MAE,4,Test,17.567234710344753
Gradient Boosting 100,steer,carcass weight,90,MAE,5,Test,15.979369194231088
Gradient Boosting 100,steer,carcass weight,90,MSE,1,Train,339.8000237963107
Gradient Boosting 100,steer,carcass weight,90,MSE,2,Train,312.3355548466293
Gradient Boosting 100,steer,carcass weight,90,MSE,3,Train,336.342078628596
Gradient Boosting 100,steer,carcass weight,90,MSE,4,Train,289.18665964077644
Gradient Boosting 100,steer,carcass weight,90,MSE,5,Train,321.54070426496673
Gradient Boosting 100,steer,carcass weight,90,MSE,1,Test,288.70279208993753
Gradient Boosting 100,steer,carcass weight,90,MSE,2,Test,419.29301658616646
Gradient Boosting 100,steer,carcass weight,90,MSE,3,Test,321.3426205004349
Gradient Boosting 100,steer,carcass weight,90,MSE,4,Test,533.4815289433865
Gradient Boosting 100,steer,carcass weight,90,MSE,5,Test,390.6170927317308
Gradient Boosting 100,heifer,carcass weight,90,MAE,1,Train,9.792332526313626
Gradient Boosting 100,heifer,carcass weight,90,MAE,2,Train,8.985990134258136
Gradient Boosting 100,heifer,carcass weight,90,MAE,3,Train,8.350364333372532
Gradient Boosting 100,heifer,carcass weight,90,MAE,4,Train,9.162857732112109
Gradient Boosting 100,heifer,carcass weight,90,MAE,5,Train,8.152744717522287
Gradient Boosting 100,heifer,carcass weight,90,MAE,1,Test,6.668179982153696
Gradient Boosting 100,heifer,carcass weight,90,MAE,2,Test,13.483978424673769
Gradient Boosting 100,heifer,carcass weight,90,MAE,3,Test,12.006425041906335
Gradient Boosting 100,heifer,carcass weight,90,MAE,4,Test,10.06369706376572
Gradient Boosting 100,heifer,carcass weight,90,MAE,5,Test,14.88658001248696
Gradient Boosting 100,heifer,carcass weight,90,MSE,1,Train,168.91840088935442
Gradient Boosting 100,heifer,carcass weight,90,MSE,2,Train,141.69793984366922
Gradient Boosting 100,heifer,carcass weight,90,MSE,3,Train,128.47809903408358
Gradient Boosting 100,heifer,carcass weight,90,MSE,4,Train,148.09054618339138
Gradient Boosting 100,heifer,carcass weight,90,MSE,5,Train,115.75262476950637
Gradient Boosting 100,heifer,carcass weight,90,MSE,1,Test,72.82691228114976
Gradient Boosting 100,heifer,carcass weight,90,MSE,2,Test,345.8230433587893
Gradient Boosting 100,heifer,carcass weight,90,MSE,3,Test,237.52224598572892
Gradient Boosting 100,heifer,carcass weight,90,MSE,4,Test,168.79569601575653
Gradient Boosting 100,heifer,carcass weight,90,MSE,5,Test,390.69789089889997
Gradient Boosting 100,cow,price,90,MAE,1,Train,81.82743982086778
Gradient Boosting 100,cow,price,90,MAE,2,Train,75.42095176079864
Gradient Boosting 100,cow,price,90,MAE,3,Train,87.02647058035036
Gradient Boosting 100,cow,price,90,MAE,4,Train,79.75941791107124
Gradient Boosting 100,cow,price,90,MAE,5,Train,96.45863805401004
Gradient Boosting 100,cow,price,90,MAE,1,Test,103.9356869273342
Gradient Boosting 100,cow,price,90,MAE,2,Test,122.02589329060973
Gradient Boosting 100,cow,price,90,MAE,3,Test,76.88028129403308
Gradient Boosting 100,cow,price,90,MAE,4,Test,104.94853007460162
Gradient Boosting 100,cow,price,90,MAE,5,Test,36.46173606752934
Gradient Boosting 100,cow,price,90,MSE,1,Train,10149.3313944008
Gradient Boosting 100,cow,price,90,MSE,2,Train,9558.484916409736
Gradient Boosting 100,cow,price,90,MSE,3,Train,12660.074093903444
Gradient Boosting 100,cow,price,90,MSE,4,Train,11153.95202467411
Gradient Boosting 100,cow,price,90,MSE,5,Train,14154.467021718554
Gradient Boosting 100,cow,price,90,MSE,1,Test,19577.12085507383
Gradient Boosting 100,cow,price,90,MSE,2,Test,23072.09453113621
Gradient Boosting 100,cow,price,90,MSE,3,Test,8329.438043664708
Gradient Boosting 100,cow,price,90,MSE,4,Test,14675.110352587828
Gradient Boosting 100,cow,price,90,MSE,5,Test,1923.4026142450884
Gradient Boosting 100,steer,price,90,MAE,1,Train,82.46380843825756
Gradient Boosting 100,steer,price,90,MAE,2,Train,79.00495228332517
Gradient Boosting 100,steer,price,90,MAE,3,Train,83.08072493668824
Gradient Boosting 100,steer,price,90,MAE,4,Train,77.05349240437286
Gradient Boosting 100,steer,price,90,MAE,5,Train,79.62659318071843
Gradient Boosting 100,steer,price,90,MAE,1,Test,78.02981704151699
Gradient Boosting 100,steer,price,90,MAE,2,Test,94.62235069311994
Gradient Boosting 100,steer,price,90,MAE,3,Test,79.626832021915
Gradient Boosting 100,steer,price,90,MAE,4,Test,103.6910438824586
Gradient Boosting 100,steer,price,90,MAE,5,Test,94.60327824596345
Gradient Boosting 100,steer,price,90,MSE,1,Train,11832.928299480407
Gradient Boosting 100,steer,price,90,MSE,2,Train,10880.213864479318
Gradient Boosting 100,steer,price,90,MSE,3,Train,11727.998568487525
Gradient Boosting 100,steer,price,90,MSE,4,Train,10062.60763815228
Gradient Boosting 100,steer,price,90,MSE,5,Train,11192.831915463494
Gradient Boosting 100,steer,price,90,MSE,1,Test,10011.807600410353
Gradient Boosting 100,steer,price,90,MSE,2,Test,14650.225642046962
Gradient Boosting 100,steer,price,90,MSE,3,Test,11172.732116666664
Gradient Boosting 100,steer,price,90,MSE,4,Test,18545.965274520706
Gradient Boosting 100,steer,price,90,MSE,5,Test,13609.719627652885
Gradient Boosting 100,heifer,price,90,MAE,1,Train,55.32711144974056
Gradient Boosting 100,heifer,price,90,MAE,2,Train,50.83884735678237
Gradient Boosting 100,heifer,price,90,MAE,3,Train,46.954278719652784
Gradient Boosting 100,heifer,price,90,MAE,4,Train,51.31200329982785
Gradient Boosting 100,heifer,price,90,MAE,5,Train,46.17213899448804
Gradient Boosting 100,heifer,price,90,MAE,1,Test,37.41155058614341
Gradient Boosting 100,heifer,price,90,MAE,2,Test,75.44821159258012
Gradient Boosting 100,heifer,price,90,MAE,3,Test,69.27977571374375
Gradient Boosting 100,heifer,price,90,MAE,4,Test,58.83861290232488
Gradient Boosting 100,heifer,price,90,MAE,5,Test,83.39250980700454
Gradient Boosting 100,heifer,price,90,MSE,1,Train,5346.212480167034
Gradient Boosting 100,heifer,price,90,MSE,2,Train,4492.561978462012
Gradient Boosting 100,heifer,price,90,MSE,3,Train,4046.723439955855
Gradient Boosting 100,heifer,price,90,MSE,4,Train,4644.119528311154
Gradient Boosting 100,heifer,price,90,MSE,5,Train,3678.427562382
Gradient Boosting 100,heifer,price,90,MSE,1,Test,2286.8476438773832
Gradient Boosting 100,heifer,price,90,MSE,2,Test,10805.516498458275
Gradient Boosting 100,heifer,price,90,MSE,3,Test,7640.264954906027
Gradient Boosting 100,heifer,price,90,MSE,4,Test,5756.433215408072
Gradient Boosting 100,heifer,price,90,MSE,5,Test,12260.389236121555
Gradient Boosting 100,cow,Total number of defects,90,MAE,1,Train,0.7094372774061919
Gradient Boosting 100,cow,Total number of defects,90,MAE,2,Train,0.6916403772706358
Gradient Boosting 100,cow,Total number of defects,90,MAE,3,Train,0.7185290143867267
Gradient Boosting 100,cow,Total number of defects,90,MAE,4,Train,0.7396806986094939
Gradient Boosting 100,cow,Total number of defects,90,MAE,5,Train,0.664487094420173
Gradient Boosting 100,cow,Total number of defects,90,MAE,1,Test,0.7420682773313869
Gradient Boosting 100,cow,Total number of defects,90,MAE,2,Test,0.8126000382341824
Gradient Boosting 100,cow,Total number of defects,90,MAE,3,Test,0.6966232251703198
Gradient Boosting 100,cow,Total number of defects,90,MAE,4,Test,0.59034314290955
Gradient Boosting 100,cow,Total number of defects,90,MAE,5,Test,0.8181785116030869
Gradient Boosting 100,cow,Total number of defects,90,MSE,1,Train,0.878527336976855
Gradient Boosting 100,cow,Total number of defects,90,MSE,2,Train,0.7570994909391979
Gradient Boosting 100,cow,Total number of defects,90,MSE,3,Train,0.8488836664192047
Gradient Boosting 100,cow,Total number of defects,90,MSE,4,Train,0.9358401881547052
Gradient Boosting 100,cow,Total number of defects,90,MSE,5,Train,0.7791427793702286
Gradient Boosting 100,cow,Total number of defects,90,MSE,1,Test,0.7613384396384253
Gradient Boosting 100,cow,Total number of defects,90,MSE,2,Test,1.2056544180086837
Gradient Boosting 100,cow,Total number of defects,90,MSE,3,Test,0.8288620229477716
Gradient Boosting 100,cow,Total number of defects,90,MSE,4,Test,0.4806165642304349
Gradient Boosting 100,cow,Total number of defects,90,MSE,5,Test,1.1564553362947787
Gradient Boosting 100,steer,Total number of defects,90,MAE,1,Train,0.2926590673921162
Gradient Boosting 100,steer,Total number of defects,90,MAE,2,Train,0.34607959124041865
Gradient Boosting 100,steer,Total number of defects,90,MAE,3,Train,0.327135669213851
Gradient Boosting 100,steer,Total number of defects,90,MAE,4,Train,0.3254303859789173
Gradient Boosting 100,steer,Total number of defects,90,MAE,5,Train,0.28996308679604743
Gradient Boosting 100,steer,Total number of defects,90,MAE,1,Test,0.40035771784818786
Gradient Boosting 100,steer,Total number of defects,90,MAE,2,Test,0.3188443507094413
Gradient Boosting 100,steer,Total number of defects,90,MAE,3,Test,0.3653814960860897
Gradient Boosting 100,steer,Total number of defects,90,MAE,4,Test,0.38674761667285323
Gradient Boosting 100,steer,Total number of defects,90,MAE,5,Test,0.4114685324173715
Gradient Boosting 100,steer,Total number of defects,90,MSE,1,Train,0.26320950697219797
Gradient Boosting 100,steer,Total number of defects,90,MSE,2,Train,0.31335525350925236
Gradient Boosting 100,steer,Total number of defects,90,MSE,3,Train,0.28919013379886027
Gradient Boosting 100,steer,Total number of defects,90,MSE,4,Train,0.2804048850033765
Gradient Boosting 100,steer,Total number of defects,90,MSE,5,Train,0.2743418712234226
Gradient Boosting 100,steer,Total number of defects,90,MSE,1,Test,0.42926716919497104
Gradient Boosting 100,steer,Total number of defects,90,MSE,2,Test,0.34496359698721585
Gradient Boosting 100,steer,Total number of defects,90,MSE,3,Test,0.3630607353706443
Gradient Boosting 100,steer,Total number of defects,90,MSE,4,Test,0.6238005839655298
Gradient Boosting 100,steer,Total number of defects,90,MSE,5,Test,0.4552069446993536
Gradient Boosting 100,heifer,Total number of defects,90,MAE,1,Train,0.5554710786015666
Gradient Boosting 100,heifer,Total number of defects,90,MAE,2,Train,0.4838825196867296
Gradient Boosting 100,heifer,Total number of defects,90,MAE,3,Train,0.5304085190894612
Gradient Boosting 100,heifer,Total number of defects,90,MAE,4,Train,0.4259052522988614
Gradient Boosting 100,heifer,Total number of defects,90,MAE,5,Train,0.5132420591365945
Gradient Boosting 100,heifer,Total number of defects,90,MAE,1,Test,0.4114533638122749
Gradient Boosting 100,heifer,Total number of defects,90,MAE,2,Test,0.6680462659185643
Gradient Boosting 100,heifer,Total number of defects,90,MAE,3,Test,0.48015138908337085
Gradient Boosting 100,heifer,Total number of defects,90,MAE,4,Test,0.7910952373562679
Gradient Boosting 100,heifer,Total number of defects,90,MAE,5,Test,0.6797343417631253
Gradient Boosting 100,heifer,Total number of defects,90,MSE,1,Train,0.6591768007554081
Gradient Boosting 100,heifer,Total number of defects,90,MSE,2,Train,0.49767675975707865
Gradient Boosting 100,heifer,Total number of defects,90,MSE,3,Train,0.6364262369284228
Gradient Boosting 100,heifer,Total number of defects,90,MSE,4,Train,0.38429201735469015
Gradient Boosting 100,heifer,Total number of defects,90,MSE,5,Train,0.5751627674414227
Gradient Boosting 100,heifer,Total number of defects,90,MSE,1,Test,0.2673586170290998
Gradient Boosting 100,heifer,Total number of defects,90,MSE,2,Test,0.9781481266462616
Gradient Boosting 100,heifer,Total number of defects,90,MSE,3,Test,0.371553851220759
Gradient Boosting 100,heifer,Total number of defects,90,MSE,4,Test,1.492943042438944
Gradient Boosting 100,heifer,Total number of defects,90,MSE,5,Test,0.7118481487351475
Gradient Boosting 100,cow,live weight,180,MAE,1,Train,45.62964509098713
Gradient Boosting 100,cow,live weight,180,MAE,2,Train,39.70366798641785
Gradient Boosting 100,cow,live weight,180,MAE,3,Train,46.15561274420704
Gradient Boosting 100,cow,live weight,180,MAE,4,Train,42.53446792498857
Gradient Boosting 100,cow,live weight,180,MAE,5,Train,53.00295194117578
Gradient Boosting 100,cow,live weight,180,MAE,1,Test,50.61481874796527
Gradient Boosting 100,cow,live weight,180,MAE,2,Test,68.99952306286913
Gradient Boosting 100,cow,live weight,180,MAE,3,Test,50.66348644957651
Gradient Boosting 100,cow,live weight,180,MAE,4,Test,58.394443592105276
Gradient Boosting 100,cow,live weight,180,MAE,5,Test,14.587015653648551
Gradient Boosting 100,cow,live weight,180,MSE,1,Train,3492.2854168367435
Gradient Boosting 100,cow,live weight,180,MSE,2,Train,2694.7634371978247
Gradient Boosting 100,cow,live weight,180,MSE,3,Train,3603.2502891622835
Gradient Boosting 100,cow,live weight,180,MSE,4,Train,3185.7487840166327
Gradient Boosting 100,cow,live weight,180,MSE,5,Train,4289.580122926516
Gradient Boosting 100,cow,live weight,180,MSE,1,Test,4072.428751886172
Gradient Boosting 100,cow,live weight,180,MSE,2,Test,7867.700575913907
Gradient Boosting 100,cow,live weight,180,MSE,3,Test,3452.509990597745
Gradient Boosting 100,cow,live weight,180,MSE,4,Test,5058.1046146199915
Gradient Boosting 100,cow,live weight,180,MSE,5,Test,373.73515216225553
Gradient Boosting 100,steer,live weight,180,MAE,1,Train,27.363638898986775
Gradient Boosting 100,steer,live weight,180,MAE,2,Train,25.01194372446071
Gradient Boosting 100,steer,live weight,180,MAE,3,Train,28.24363840650363
Gradient Boosting 100,steer,live weight,180,MAE,4,Train,26.488618738706986
Gradient Boosting 100,steer,live weight,180,MAE,5,Train,27.66031538843417
Gradient Boosting 100,steer,live weight,180,MAE,1,Test,28.154918816795654
Gradient Boosting 100,steer,live weight,180,MAE,2,Test,36.35561272116237
Gradient Boosting 100,steer,live weight,180,MAE,3,Test,28.224412572459787
Gradient Boosting 100,steer,live weight,180,MAE,4,Test,32.51728584612843
Gradient Boosting 100,steer,live weight,180,MAE,5,Test,26.114517799448826
Gradient Boosting 100,steer,live weight,180,MSE,1,Train,1977.4059268155468
Gradient Boosting 100,steer,live weight,180,MSE,2,Train,1104.4156746457847
Gradient Boosting 100,steer,live weight,180,MSE,3,Train,1910.3897155693473
Gradient Boosting 100,steer,live weight,180,MSE,4,Train,1893.5895195231938
Gradient Boosting 100,steer,live weight,180,MSE,5,Train,2040.0946730837304
Gradient Boosting 100,steer,live weight,180,MSE,1,Test,1209.4502580832846
Gradient Boosting 100,steer,live weight,180,MSE,2,Test,4949.336731680693
Gradient Boosting 100,steer,live weight,180,MSE,3,Test,1683.3392038001657
Gradient Boosting 100,steer,live weight,180,MSE,4,Test,1651.6867840590653
Gradient Boosting 100,steer,live weight,180,MSE,5,Test,1077.3240564867735
Gradient Boosting 100,heifer,live weight,180,MAE,1,Train,16.686314411040996
Gradient Boosting 100,heifer,live weight,180,MAE,2,Train,15.466033815247517
Gradient Boosting 100,heifer,live weight,180,MAE,3,Train,14.93313680940624
Gradient Boosting 100,heifer,live weight,180,MAE,4,Train,15.355842832732671
Gradient Boosting 100,heifer,live weight,180,MAE,5,Train,13.297819729086813
Gradient Boosting 100,heifer,live weight,180,MAE,1,Test,12.606403613007465
Gradient Boosting 100,heifer,live weight,180,MAE,2,Test,22.93161652073063
Gradient Boosting 100,heifer,live weight,180,MAE,3,Test,17.57713064164574
Gradient Boosting 100,heifer,live weight,180,MAE,4,Test,17.105077321312347
Gradient Boosting 100,heifer,live weight,180,MAE,5,Test,27.928572002162934
Gradient Boosting 100,heifer,live weight,180,MSE,1,Train,483.1000387658839
Gradient Boosting 100,heifer,live weight,180,MSE,2,Train,417.7256623039842
Gradient Boosting 100,heifer,live weight,180,MSE,3,Train,408.25935950675967
Gradient Boosting 100,heifer,live weight,180,MSE,4,Train,434.18081713493467
Gradient Boosting 100,heifer,live weight,180,MSE,5,Train,312.14166724179034
Gradient Boosting 100,heifer,live weight,180,MSE,1,Test,363.00476119486586
Gradient Boosting 100,heifer,live weight,180,MSE,2,Test,1008.3673361443381
Gradient Boosting 100,heifer,live weight,180,MSE,3,Test,577.3105430116206
Gradient Boosting 100,heifer,live weight,180,MSE,4,Test,505.10592119484016
Gradient Boosting 100,heifer,live weight,180,MSE,5,Test,1398.7775451703467
Gradient Boosting 100,cow,carcass weight,180,MAE,1,Train,22.990736354830737
Gradient Boosting 100,cow,carcass weight,180,MAE,2,Train,20.813432958590152
Gradient Boosting 100,cow,carcass weight,180,MAE,3,Train,24.301217316229287
Gradient Boosting 100,cow,carcass weight,180,MAE,4,Train,22.119690090193103
Gradient Boosting 100,cow,carcass weight,180,MAE,5,Train,26.912394326867812
Gradient Boosting 100,cow,carcass weight,180,MAE,1,Test,28.194287289501023
Gradient Boosting 100,cow,carcass weight,180,MAE,2,Test,34.98052672744863
Gradient Boosting 100,cow,carcass weight,180,MAE,3,Test,22.369702685375437
Gradient Boosting 100,cow,carcass weight,180,MAE,4,Test,29.65861020596046
Gradient Boosting 100,cow,carcass weight,180,MAE,5,Test,10.176637074159068
Gradient Boosting 100,cow,carcass weight,180,MSE,1,Train,830.890432271904
Gradient Boosting 100,cow,carcass weight,180,MSE,2,Train,749.5539562535621
Gradient Boosting 100,cow,carcass weight,180,MSE,3,Train,1027.5757932726679
Gradient Boosting 100,cow,carcass weight,180,MSE,4,Train,911.1658050471286
Gradient Boosting 100,cow,carcass weight,180,MSE,5,Train,1147.9266995583264
Gradient Boosting 100,cow,carcass weight,180,MSE,1,Test,1549.2029364107243
Gradient Boosting 100,cow,carcass weight,180,MSE,2,Test,1991.8362871773897
Gradient Boosting 100,cow,carcass weight,180,MSE,3,Test,681.9104041791032
Gradient Boosting 100,cow,carcass weight,180,MSE,4,Test,1160.5880296916903
Gradient Boosting 100,cow,carcass weight,180,MSE,5,Test,150.66577610235507
Gradient Boosting 100,steer,carcass weight,180,MAE,1,Train,13.958970504554285
Gradient Boosting 100,steer,carcass weight,180,MAE,2,Train,13.385916343836698
Gradient Boosting 100,steer,carcass weight,180,MAE,3,Train,14.043703750591906
Gradient Boosting 100,steer,carcass weight,180,MAE,4,Train,13.07090637423675
Gradient Boosting 100,steer,carcass weight,180,MAE,5,Train,13.502278098137193
Gradient Boosting 100,steer,carcass weight,180,MAE,1,Test,13.160716268094019
Gradient Boosting 100,steer,carcass weight,180,MAE,2,Test,16.080023411926316
Gradient Boosting 100,steer,carcass weight,180,MAE,3,Test,13.556353155089283
Gradient Boosting 100,steer,carcass weight,180,MAE,4,Test,17.588969933426505
Gradient Boosting 100,steer,carcass weight,180,MAE,5,Test,15.984213745517003
Gradient Boosting 100,steer,carcass weight,180,MSE,1,Train,339.69284888267265
Gradient Boosting 100,steer,carcass weight,180,MSE,2,Train,312.27607504640525
Gradient Boosting 100,steer,carcass weight,180,MSE,3,Train,336.1304926147484
Gradient Boosting 100,steer,carcass weight,180,MSE,4,Train,289.402809909935
Gradient Boosting 100,steer,carcass weight,180,MSE,5,Train,321.5763685331861
Gradient Boosting 100,steer,carcass weight,180,MSE,1,Test,283.64388747883316
Gradient Boosting 100,steer,carcass weight,180,MSE,2,Test,423.8080722535629
Gradient Boosting 100,steer,carcass weight,180,MSE,3,Test,322.25632837554593
Gradient Boosting 100,steer,carcass weight,180,MSE,4,Test,531.8842274051925
Gradient Boosting 100,steer,carcass weight,180,MSE,5,Test,391.01262964235076
Gradient Boosting 100,heifer,carcass weight,180,MAE,1,Train,9.792330518346004
Gradient Boosting 100,heifer,carcass weight,180,MAE,2,Train,8.985990134258136
Gradient Boosting 100,heifer,carcass weight,180,MAE,3,Train,8.35117380990867
Gradient Boosting 100,heifer,carcass weight,180,MAE,4,Train,9.162857732112109
Gradient Boosting 100,heifer,carcass weight,180,MAE,5,Train,8.152744717522287
Gradient Boosting 100,heifer,carcass weight,180,MAE,1,Test,6.668097395437508
Gradient Boosting 100,heifer,carcass weight,180,MAE,2,Test,13.515983599885603
Gradient Boosting 100,heifer,carcass weight,180,MAE,3,Test,12.005394744801636
Gradient Boosting 100,heifer,carcass weight,180,MAE,4,Test,10.06369706376572
Gradient Boosting 100,heifer,carcass weight,180,MAE,5,Test,14.88658001248696
Gradient Boosting 100,heifer,carcass weight,180,MSE,1,Train,168.91840105559166
Gradient Boosting 100,heifer,carcass weight,180,MSE,2,Train,141.69793984366922
Gradient Boosting 100,heifer,carcass weight,180,MSE,3,Train,128.47817187418627
Gradient Boosting 100,heifer,carcass weight,180,MSE,4,Train,148.09054618339138
Gradient Boosting 100,heifer,carcass weight,180,MSE,5,Train,115.75262476950637
Gradient Boosting 100,heifer,carcass weight,180,MSE,1,Test,72.8268082512998
Gradient Boosting 100,heifer,carcass weight,180,MSE,2,Test,349.8498364278821
Gradient Boosting 100,heifer,carcass weight,180,MSE,3,Test,237.44356330632831
Gradient Boosting 100,heifer,carcass weight,180,MSE,4,Test,168.79569601575653
Gradient Boosting 100,heifer,carcass weight,180,MSE,5,Test,390.69789089889997
Gradient Boosting 100,cow,price,180,MAE,1,Train,81.82743982086778
Gradient Boosting 100,cow,price,180,MAE,2,Train,75.42095176079864
Gradient Boosting 100,cow,price,180,MAE,3,Train,87.02647058035036
Gradient Boosting 100,cow,price,180,MAE,4,Train,79.75941791107124
Gradient Boosting 100,cow,price,180,MAE,5,Train,96.45863805401004
Gradient Boosting 100,cow,price,180,MAE,1,Test,103.9356869273342
Gradient Boosting 100,cow,price,180,MAE,2,Test,122.02589329060973
Gradient Boosting 100,cow,price,180,MAE,3,Test,76.88028129403308
Gradient Boosting 100,cow,price,180,MAE,4,Test,104.94853007460162
Gradient Boosting 100,cow,price,180,MAE,5,Test,36.46173606752934
Gradient Boosting 100,cow,price,180,MSE,1,Train,10149.3313944008
Gradient Boosting 100,cow,price,180,MSE,2,Train,9558.484916409736
Gradient Boosting 100,cow,price,180,MSE,3,Train,12660.074093903444
Gradient Boosting 100,cow,price,180,MSE,4,Train,11153.95202467411
Gradient Boosting 100,cow,price,180,MSE,5,Train,14154.467021718554
Gradient Boosting 100,cow,price,180,MSE,1,Test,19577.12085507383
Gradient Boosting 100,cow,price,180,MSE,2,Test,23072.09453113621
Gradient Boosting 100,cow,price,180,MSE,3,Test,8329.438043664708
Gradient Boosting 100,cow,price,180,MSE,4,Test,14675.110352587828
Gradient Boosting 100,cow,price,180,MSE,5,Test,1923.4026142450884
Gradient Boosting 100,steer,price,180,MAE,1,Train,82.51879982433589
Gradient Boosting 100,steer,price,180,MAE,2,Train,79.04523969045552
Gradient Boosting 100,steer,price,180,MAE,3,Train,82.90183001418443
Gradient Boosting 100,steer,price,180,MAE,4,Train,77.15125766569767
Gradient Boosting 100,steer,price,180,MAE,5,Train,79.66344077900943
Gradient Boosting 100,steer,price,180,MAE,1,Test,77.7552850216592
Gradient Boosting 100,steer,price,180,MAE,2,Test,95.2213123825346
Gradient Boosting 100,steer,price,180,MAE,3,Test,80.13726859985965
Gradient Boosting 100,steer,price,180,MAE,4,Test,103.89657095536035
Gradient Boosting 100,steer,price,180,MAE,5,Test,94.63186109855044
Gradient Boosting 100,steer,price,180,MSE,1,Train,11832.91108959556
Gradient Boosting 100,steer,price,180,MSE,2,Train,10876.807746296408
Gradient Boosting 100,steer,price,180,MSE,3,Train,11696.420881562579
Gradient Boosting 100,steer,price,180,MSE,4,Train,10075.851427195441
Gradient Boosting 100,steer,price,180,MSE,5,Train,11194.073388640212
Gradient Boosting 100,steer,price,180,MSE,1,Test,9922.774879646668
Gradient Boosting 100,steer,price,180,MSE,2,Test,14775.776680400595
Gradient Boosting 100,steer,price,180,MSE,3,Test,11260.493812792645
Gradient Boosting 100,steer,price,180,MSE,4,Test,18563.21727178983
Gradient Boosting 100,steer,price,180,MSE,5,Test,13622.190204702565
Gradient Boosting 100,heifer,price,180,MAE,1,Train,55.32711144974056
Gradient Boosting 100,heifer,price,180,MAE,2,Train,50.83884735678237
Gradient Boosting 100,heifer,price,180,MAE,3,Train,46.9528984722055
Gradient Boosting 100,heifer,price,180,MAE,4,Train,51.31200329982785
Gradient Boosting 100,heifer,price,180,MAE,5,Train,46.17213899448804
Gradient Boosting 100,heifer,price,180,MAE,1,Test,37.41155058614341
Gradient Boosting 100,heifer,price,180,MAE,2,Test,75.48423982219187
Gradient Boosting 100,heifer,price,180,MAE,3,Test,69.28620849235132
Gradient Boosting 100,heifer,price,180,MAE,4,Test,58.83861290232488
Gradient Boosting 100,heifer,price,180,MAE,5,Test,83.39250980700454
Gradient Boosting 100,heifer,price,180,MSE,1,Train,5346.212480167034
Gradient Boosting 100,heifer,price,180,MSE,2,Train,4492.561978462012
Gradient Boosting 100,heifer,price,180,MSE,3,Train,4046.70071275476
Gradient Boosting 100,heifer,price,180,MSE,4,Train,4644.119528311154
Gradient Boosting 100,heifer,price,180,MSE,5,Train,3678.427562382
Gradient Boosting 100,heifer,price,180,MSE,1,Test,2286.8476438773832
Gradient Boosting 100,heifer,price,180,MSE,2,Test,10830.667226545767
Gradient Boosting 100,heifer,price,180,MSE,3,Test,7641.363448555957
Gradient Boosting 100,heifer,price,180,MSE,4,Test,5756.433215408072
Gradient Boosting 100,heifer,price,180,MSE,5,Test,12260.389236121555
Gradient Boosting 100,cow,Total number of defects,180,MAE,1,Train,0.7094372774061919
Gradient Boosting 100,cow,Total number of defects,180,MAE,2,Train,0.6916403772706358
Gradient Boosting 100,cow,Total number of defects,180,MAE,3,Train,0.7185290143867267
Gradient Boosting 100,cow,Total number of defects,180,MAE,4,Train,0.7396806986094939
Gradient Boosting 100,cow,Total number of defects,180,MAE,5,Train,0.664487094420173
Gradient Boosting 100,cow,Total number of defects,180,MAE,1,Test,0.7420682773313869
Gradient Boosting 100,cow,Total number of defects,180,MAE,2,Test,0.8126000382341824
Gradient Boosting 100,cow,Total number of defects,180,MAE,3,Test,0.6966232251703198
Gradient Boosting 100,cow,Total number of defects,180,MAE,4,Test,0.59034314290955
Gradient Boosting 100,cow,Total number of defects,180,MAE,5,Test,0.8181785116030869
Gradient Boosting 100,cow,Total number of defects,180,MSE,1,Train,0.878527336976855
Gradient Boosting 100,cow,Total number of defects,180,MSE,2,Train,0.7570994909391979
Gradient Boosting 100,cow,Total number of defects,180,MSE,3,Train,0.8488836664192047
Gradient Boosting 100,cow,Total number of defects,180,MSE,4,Train,0.9358401881547052
Gradient Boosting 100,cow,Total number of defects,180,MSE,5,Train,0.7791427793702287
Gradient Boosting 100,cow,Total number of defects,180,MSE,1,Test,0.7613384396384253
Gradient Boosting 100,cow,Total number of defects,180,MSE,2,Test,1.2056544180086837
Gradient Boosting 100,cow,Total number of defects,180,MSE,3,Test,0.8288620229477716
Gradient Boosting 100,cow,Total number of defects,180,MSE,4,Test,0.4806165642304347
Gradient Boosting 100,cow,Total number of defects,180,MSE,5,Test,1.1564553362947785
Gradient Boosting 100,steer,Total number of defects,180,MAE,1,Train,0.2922544147549942
Gradient Boosting 100,steer,Total number of defects,180,MAE,2,Train,0.34604121609299454
Gradient Boosting 100,steer,Total number of defects,180,MAE,3,Train,0.32726726701939335
Gradient Boosting 100,steer,Total number of defects,180,MAE,4,Train,0.3253902658771149
Gradient Boosting 100,steer,Total number of defects,180,MAE,5,Train,0.28995265212950316
Gradient Boosting 100,steer,Total number of defects,180,MAE,1,Test,0.4004569201226029
Gradient Boosting 100,steer,Total number of defects,180,MAE,2,Test,0.3166788016556425
Gradient Boosting 100,steer,Total number of defects,180,MAE,3,Test,0.36847620617976357
Gradient Boosting 100,steer,Total number of defects,180,MAE,4,Test,0.38685565203142164
Gradient Boosting 100,steer,Total number of defects,180,MAE,5,Test,0.4116110392408885
Gradient Boosting 100,steer,Total number of defects,180,MSE,1,Train,0.26310615788127245
Gradient Boosting 100,steer,Total number of defects,180,MSE,2,Train,0.31334669320450903
Gradient Boosting 100,steer,Total number of defects,180,MSE,3,Train,0.28921993724897627
Gradient Boosting 100,steer,Total number of defects,180,MSE,4,Train,0.28039973118189565
Gradient Boosting 100,steer,Total number of defects,180,MSE,5,Train,0.27434138804706554
Gradient Boosting 100,steer,Total number of defects,180,MSE,1,Test,0.4292688439640551
Gradient Boosting 100,steer,Total number of defects,180,MSE,2,Test,0.33088944841127826
Gradient Boosting 100,steer,Total number of defects,180,MSE,3,Test,0.3693483300131435
Gradient Boosting 100,steer,Total number of defects,180,MSE,4,Test,0.6237019707909158
Gradient Boosting 100,steer,Total number of defects,180,MSE,5,Test,0.45525328739700716
Gradient Boosting 100,heifer,Total number of defects,180,MAE,1,Train,0.5554705141138987
Gradient Boosting 100,heifer,Total number of defects,180,MAE,2,Train,0.4838825196867296
Gradient Boosting 100,heifer,Total number of defects,180,MAE,3,Train,0.5304507860164744
Gradient Boosting 100,heifer,Total number of defects,180,MAE,4,Train,0.42595339897033063
Gradient Boosting 100,heifer,Total number of defects,180,MAE,5,Train,0.5132420591365945
Gradient Boosting 100,heifer,Total number of defects,180,MAE,1,Test,0.41135142429609345
Gradient Boosting 100,heifer,Total number of defects,180,MAE,2,Test,0.6680949692387808
Gradient Boosting 100,heifer,Total number of defects,180,MAE,3,Test,0.48010974137982915
Gradient Boosting 100,heifer,Total number of defects,180,MAE,4,Test,0.7911837468951314
Gradient Boosting 100,heifer,Total number of defects,180,MAE,5,Test,0.6797343417631253
Gradient Boosting 100,heifer,Total number of defects,180,MSE,1,Train,0.6591772105546696
Gradient Boosting 100,heifer,Total number of defects,180,MSE,2,Train,0.4976767597570787
Gradient Boosting 100,heifer,Total number of defects,180,MSE,3,Train,0.6364264806535381
Gradient Boosting 100,heifer,Total number of defects,180,MSE,4,Train,0.38429199745100795
Gradient Boosting 100,heifer,Total number of defects,180,MSE,5,Train,0.5751627674414227
Gradient Boosting 100,heifer,Total number of defects,180,MSE,1,Test,0.267253671993665
Gradient Boosting 100,heifer,Total number of defects,180,MSE,2,Test,0.9781716787908512
Gradient Boosting 100,heifer,Total number of defects,180,MSE,3,Test,0.37146071113138407
Gradient Boosting 100,heifer,Total number of defects,180,MSE,4,Test,1.4929471707581836
Gradient Boosting 100,heifer,Total number of defects,180,MSE,5,Test,0.7118481487351475
Gradient Boosting 100,cow,live weight,720,MAE,1,Train,45.62964509098713
Gradient Boosting 100,cow,live weight,720,MAE,2,Train,39.70366798641785
Gradient Boosting 100,cow,live weight,720,MAE,3,Train,46.15561274420704
Gradient Boosting 100,cow,live weight,720,MAE,4,Train,42.53446792498857
Gradient Boosting 100,cow,live weight,720,MAE,5,Train,53.00295194117578
Gradient Boosting 100,cow,live weight,720,MAE,1,Test,50.61481874796527
Gradient Boosting 100,cow,live weight,720,MAE,2,Test,68.99952306286913
Gradient Boosting 100,cow,live weight,720,MAE,3,Test,50.66348644957651
Gradient Boosting 100,cow,live weight,720,MAE,4,Test,58.394443592105276
Gradient Boosting 100,cow,live weight,720,MAE,5,Test,14.587015653648551
Gradient Boosting 100,cow,live weight,720,MSE,1,Train,3492.2854168367435
Gradient Boosting 100,cow,live weight,720,MSE,2,Train,2694.7634371978247
Gradient Boosting 100,cow,live weight,720,MSE,3,Train,3603.2502891622835
Gradient Boosting 100,cow,live weight,720,MSE,4,Train,3185.7487840166327
Gradient Boosting 100,cow,live weight,720,MSE,5,Train,4289.580122926516
Gradient Boosting 100,cow,live weight,720,MSE,1,Test,4072.428751886172
Gradient Boosting 100,cow,live weight,720,MSE,2,Test,7867.700575913907
Gradient Boosting 100,cow,live weight,720,MSE,3,Test,3452.509990597745
Gradient Boosting 100,cow,live weight,720,MSE,4,Test,5058.1046146199915
Gradient Boosting 100,cow,live weight,720,MSE,5,Test,373.73515216225553
Gradient Boosting 100,steer,live weight,720,MAE,1,Train,25.72078500185895
Gradient Boosting 100,steer,live weight,720,MAE,2,Train,27.948731706923738
Gradient Boosting 100,steer,live weight,720,MAE,3,Train,28.105484005635738
Gradient Boosting 100,steer,live weight,720,MAE,4,Train,26.87348009729317
Gradient Boosting 100,steer,live weight,720,MAE,5,Train,27.63549882399383
Gradient Boosting 100,steer,live weight,720,MAE,1,Test,34.81180978161195
Gradient Boosting 100,steer,live weight,720,MAE,2,Test,26.818866013643344
Gradient Boosting 100,steer,live weight,720,MAE,3,Test,27.661045139990748
Gradient Boosting 100,steer,live weight,720,MAE,4,Test,31.7823325219477
Gradient Boosting 100,steer,live weight,720,MAE,5,Test,29.425124149212504
Gradient Boosting 100,steer,live weight,720,MSE,1,Train,1046.0766421982994
Gradient Boosting 100,steer,live weight,720,MSE,2,Train,2063.2415060103726
Gradient Boosting 100,steer,live weight,720,MSE,3,Train,2055.0142569821396
Gradient Boosting 100,steer,live weight,720,MSE,4,Train,1988.6199488543612
Gradient Boosting 100,steer,live weight,720,MSE,5,Train,2008.2457585195618
Gradient Boosting 100,steer,live weight,720,MSE,1,Test,5322.746519632348
Gradient Boosting 100,steer,live weight,720,MSE,2,Test,1097.6584654522692
Gradient Boosting 100,steer,live weight,720,MSE,3,Test,1250.2397505220647
Gradient Boosting 100,steer,live weight,720,MSE,4,Test,1493.427122135305
Gradient Boosting 100,steer,live weight,720,MSE,5,Test,1393.2199135204364
Gradient Boosting 100,heifer,live weight,720,MAE,1,Train,17.264566511114033
Gradient Boosting 100,heifer,live weight,720,MAE,2,Train,16.096078906634485
Gradient Boosting 100,heifer,live weight,720,MAE,3,Train,16.758480022109286
Gradient Boosting 100,heifer,live weight,720,MAE,4,Train,15.229795610351008
Gradient Boosting 100,heifer,live weight,720,MAE,5,Train,20.100189339243627
Gradient Boosting 100,heifer,live weight,720,MAE,1,Test,44.46478033900196
Gradient Boosting 100,heifer,live weight,720,MAE,2,Test,38.040387514678585
Gradient Boosting 100,heifer,live weight,720,MAE,3,Test,26.88757241752542
Gradient Boosting 100,heifer,live weight,720,MAE,4,Test,34.45447496560162
Gradient Boosting 100,heifer,live weight,720,MAE,5,Test,14.163606141244628
Gradient Boosting 100,heifer,live weight,720,MSE,1,Train,496.54385429509443
Gradient Boosting 100,heifer,live weight,720,MSE,2,Train,573.630313191539
Gradient Boosting 100,heifer,live weight,720,MSE,3,Train,579.546354666935
Gradient Boosting 100,heifer,live weight,720,MSE,4,Train,497.5546838116558
Gradient Boosting 100,heifer,live weight,720,MSE,5,Train,720.5387504940086
Gradient Boosting 100,heifer,live weight,720,MSE,1,Test,2857.090454805374
Gradient Boosting 100,heifer,live weight,720,MSE,2,Test,2040.068644860159
Gradient Boosting 100,heifer,live weight,720,MSE,3,Test,853.5565638785724
Gradient Boosting 100,heifer,live weight,720,MSE,4,Test,1999.1562009250633
Gradient Boosting 100,heifer,live weight,720,MSE,5,Test,339.5512545252495
Gradient Boosting 100,cow,carcass weight,720,MAE,1,Train,22.990736354830737
Gradient Boosting 100,cow,carcass weight,720,MAE,2,Train,20.813432958590152
Gradient Boosting 100,cow,carcass weight,720,MAE,3,Train,24.301217316229287
Gradient Boosting 100,cow,carcass weight,720,MAE,4,Train,22.119690090193103
Gradient Boosting 100,cow,carcass weight,720,MAE,5,Train,26.912394326867812
Gradient Boosting 100,cow,carcass weight,720,MAE,1,Test,28.194287289501023
Gradient Boosting 100,cow,carcass weight,720,MAE,2,Test,34.98052672744863
Gradient Boosting 100,cow,carcass weight,720,MAE,3,Test,22.369702685375437
Gradient Boosting 100,cow,carcass weight,720,MAE,4,Test,29.65861020596046
Gradient Boosting 100,cow,carcass weight,720,MAE,5,Test,10.176637074159068
Gradient Boosting 100,cow,carcass weight,720,MSE,1,Train,830.890432271904
Gradient Boosting 100,cow,carcass weight,720,MSE,2,Train,749.5539562535621
Gradient Boosting 100,cow,carcass weight,720,MSE,3,Train,1027.5757932726679
Gradient Boosting 100,cow,carcass weight,720,MSE,4,Train,911.1658050471286
Gradient Boosting 100,cow,carcass weight,720,MSE,5,Train,1147.9266995583264
Gradient Boosting 100,cow,carcass weight,720,MSE,1,Test,1549.2029364107243
Gradient Boosting 100,cow,carcass weight,720,MSE,2,Test,1991.8362871773897
Gradient Boosting 100,cow,carcass weight,720,MSE,3,Test,681.9104041791032
Gradient Boosting 100,cow,carcass weight,720,MSE,4,Test,1160.5880296916903
Gradient Boosting 100,cow,carcass weight,720,MSE,5,Test,150.66577610235507
Gradient Boosting 100,steer,carcass weight,720,MAE,1,Train,13.91802621117408
Gradient Boosting 100,steer,carcass weight,720,MAE,2,Train,13.697329370677638
Gradient Boosting 100,steer,carcass weight,720,MAE,3,Train,13.890878215785383
Gradient Boosting 100,steer,carcass weight,720,MAE,4,Train,13.5672703731246
Gradient Boosting 100,steer,carcass weight,720,MAE,5,Train,13.4911911516498
Gradient Boosting 100,steer,carcass weight,720,MAE,1,Test,14.174023342172164
Gradient Boosting 100,steer,carcass weight,720,MAE,2,Test,14.961563939860053
Gradient Boosting 100,steer,carcass weight,720,MAE,3,Test,14.464464904761277
Gradient Boosting 100,steer,carcass weight,720,MAE,4,Test,16.122736106802375
Gradient Boosting 100,steer,carcass weight,720,MAE,5,Test,15.599615392267003
Gradient Boosting 100,steer,carcass weight,720,MSE,1,Train,321.1965197298685
Gradient Boosting 100,steer,carcass weight,720,MSE,2,Train,326.64854819735547
Gradient Boosting 100,steer,carcass weight,720,MSE,3,Train,324.0568439595562
Gradient Boosting 100,steer,carcass weight,720,MSE,4,Train,316.62178275115934
Gradient Boosting 100,steer,carcass weight,720,MSE,5,Train,309.0040777333384
Gradient Boosting 100,steer,carcass weight,720,MSE,1,Test,355.09299513118833
Gradient Boosting 100,steer,carcass weight,720,MSE,2,Test,339.75554719555197
Gradient Boosting 100,steer,carcass weight,720,MSE,3,Test,359.2652364158181
Gradient Boosting 100,steer,carcass weight,720,MSE,4,Test,410.207603006691
Gradient Boosting 100,steer,carcass weight,720,MSE,5,Test,425.81238636504224
Gradient Boosting 100,heifer,carcass weight,720,MAE,1,Train,9.572960071035943
Gradient Boosting 100,heifer,carcass weight,720,MAE,2,Train,8.463703606043204
Gradient Boosting 100,heifer,carcass weight,720,MAE,3,Train,8.933235194065166
Gradient Boosting 100,heifer,carcass weight,720,MAE,4,Train,9.06687918647981
Gradient Boosting 100,heifer,carcass weight,720,MAE,5,Train,10.511398232405627
Gradient Boosting 100,heifer,carcass weight,720,MAE,1,Test,28.15619272863581
Gradient Boosting 100,heifer,carcass weight,720,MAE,2,Test,18.74197966451417
Gradient Boosting 100,heifer,carcass weight,720,MAE,3,Test,13.874510179442957
Gradient Boosting 100,heifer,carcass weight,720,MAE,4,Test,15.700430694400012
Gradient Boosting 100,heifer,carcass weight,720,MAE,5,Test,14.736304247498012
Gradient Boosting 100,heifer,carcass weight,720,MSE,1,Train,141.94010420529622
Gradient Boosting 100,heifer,carcass weight,720,MSE,2,Train,160.17838576721118
Gradient Boosting 100,heifer,carcass weight,720,MSE,3,Train,135.32292957495125
Gradient Boosting 100,heifer,carcass weight,720,MSE,4,Train,152.30416695080464
Gradient Boosting 100,heifer,carcass weight,720,MSE,5,Train,188.24970879414067
Gradient Boosting 100,heifer,carcass weight,720,MSE,1,Test,1251.738179582198
Gradient Boosting 100,heifer,carcass weight,720,MSE,2,Test,377.8997219716859
Gradient Boosting 100,heifer,carcass weight,720,MSE,3,Test,284.2329196091904
Gradient Boosting 100,heifer,carcass weight,720,MSE,4,Test,324.9186556739727
Gradient Boosting 100,heifer,carcass weight,720,MSE,5,Test,248.13084919150725
Gradient Boosting 100,cow,price,720,MAE,1,Train,81.82743982086778
Gradient Boosting 100,cow,price,720,MAE,2,Train,75.42095176079864
Gradient Boosting 100,cow,price,720,MAE,3,Train,87.02647058035036
Gradient Boosting 100,cow,price,720,MAE,4,Train,79.75941791107124
Gradient Boosting 100,cow,price,720,MAE,5,Train,96.45863805401004
Gradient Boosting 100,cow,price,720,MAE,1,Test,103.9356869273342
Gradient Boosting 100,cow,price,720,MAE,2,Test,122.02589329060973
Gradient Boosting 100,cow,price,720,MAE,3,Test,76.88028129403308
Gradient Boosting 100,cow,price,720,MAE,4,Test,104.94853007460162
Gradient Boosting 100,cow,price,720,MAE,5,Test,36.46173606752934
Gradient Boosting 100,cow,price,720,MSE,1,Train,10149.3313944008
Gradient Boosting 100,cow,price,720,MSE,2,Train,9558.484916409736
Gradient Boosting 100,cow,price,720,MSE,3,Train,12660.074093903444
Gradient Boosting 100,cow,price,720,MSE,4,Train,11153.95202467411
Gradient Boosting 100,cow,price,720,MSE,5,Train,14154.467021718554
Gradient Boosting 100,cow,price,720,MSE,1,Test,19577.12085507383
Gradient Boosting 100,cow,price,720,MSE,2,Test,23072.09453113621
Gradient Boosting 100,cow,price,720,MSE,3,Test,8329.438043664708
Gradient Boosting 100,cow,price,720,MSE,4,Test,14675.110352587828
Gradient Boosting 100,cow,price,720,MSE,5,Test,1923.4026142450884
Gradient Boosting 100,steer,price,720,MAE,1,Train,82.00517339489897
Gradient Boosting 100,steer,price,720,MAE,2,Train,80.8142432869981
Gradient Boosting 100,steer,price,720,MAE,3,Train,81.9621562313493
Gradient Boosting 100,steer,price,720,MAE,4,Train,79.97396468004216
Gradient Boosting 100,steer,price,720,MAE,5,Train,79.69767223923495
Gradient Boosting 100,steer,price,720,MAE,1,Test,83.99112085480274
Gradient Boosting 100,steer,price,720,MAE,2,Test,88.61648567214057
Gradient Boosting 100,steer,price,720,MAE,3,Test,85.16570933392008
Gradient Boosting 100,steer,price,720,MAE,4,Test,95.09159598371511
Gradient Boosting 100,steer,price,720,MAE,5,Test,92.0656180386659
Gradient Boosting 100,steer,price,720,MSE,1,Train,11165.26478853663
Gradient Boosting 100,steer,price,720,MSE,2,Train,11370.635962749948
Gradient Boosting 100,steer,price,720,MSE,3,Train,11279.429681403379
Gradient Boosting 100,steer,price,720,MSE,4,Train,11014.26535244461
Gradient Boosting 100,steer,price,720,MSE,5,Train,10759.868585244967
Gradient Boosting 100,steer,price,720,MSE,1,Test,12457.082595527278
Gradient Boosting 100,steer,price,720,MSE,2,Test,11838.840545570645
Gradient Boosting 100,steer,price,720,MSE,3,Test,12500.355886034102
Gradient Boosting 100,steer,price,720,MSE,4,Test,14138.824419586717
Gradient Boosting 100,steer,price,720,MSE,5,Test,14789.920760183475
Gradient Boosting 100,heifer,price,720,MAE,1,Train,56.7876469040461
Gradient Boosting 100,heifer,price,720,MAE,2,Train,50.57599844066411
Gradient Boosting 100,heifer,price,720,MAE,3,Train,53.201334067502756
Gradient Boosting 100,heifer,price,720,MAE,4,Train,53.95313323726431
Gradient Boosting 100,heifer,price,720,MAE,5,Train,58.86383010147141
Gradient Boosting 100,heifer,price,720,MAE,1,Test,161.0207233646384
Gradient Boosting 100,heifer,price,720,MAE,2,Test,104.33836055942504
Gradient Boosting 100,heifer,price,720,MAE,3,Test,77.69860811230967
Gradient Boosting 100,heifer,price,720,MAE,4,Test,87.92063887535096
Gradient Boosting 100,heifer,price,720,MAE,5,Test,129.16080378599008
Gradient Boosting 100,heifer,price,720,MSE,1,Train,4747.778439115918
Gradient Boosting 100,heifer,price,720,MSE,2,Train,5319.730949345091
Gradient Boosting 100,heifer,price,720,MSE,3,Train,4540.263503279719
Gradient Boosting 100,heifer,price,720,MSE,4,Train,5072.795444352098
Gradient Boosting 100,heifer,price,720,MSE,5,Train,5903.510867784249
Gradient Boosting 100,heifer,price,720,MSE,1,Test,41562.01056569208
Gradient Boosting 100,heifer,price,720,MSE,2,Test,11713.651594914169
Gradient Boosting 100,heifer,price,720,MSE,3,Test,8913.589662767265
Gradient Boosting 100,heifer,price,720,MSE,4,Test,10189.087436692811
Gradient Boosting 100,heifer,price,720,MSE,5,Test,19693.09808450749
Gradient Boosting 100,cow,Total number of defects,720,MAE,1,Train,0.7094372774061919
Gradient Boosting 100,cow,Total number of defects,720,MAE,2,Train,0.6916403772706358
Gradient Boosting 100,cow,Total number of defects,720,MAE,3,Train,0.7185290143867267
Gradient Boosting 100,cow,Total number of defects,720,MAE,4,Train,0.7396806986094939
Gradient Boosting 100,cow,Total number of defects,720,MAE,5,Train,0.664487094420173
Gradient Boosting 100,cow,Total number of defects,720,MAE,1,Test,0.7420682773313869
Gradient Boosting 100,cow,Total number of defects,720,MAE,2,Test,0.8126000382341824
Gradient Boosting 100,cow,Total number of defects,720,MAE,3,Test,0.6966232251703198
Gradient Boosting 100,cow,Total number of defects,720,MAE,4,Test,0.59034314290955
Gradient Boosting 100,cow,Total number of defects,720,MAE,5,Test,0.8181785116030869
Gradient Boosting 100,cow,Total number of defects,720,MSE,1,Train,0.878527336976855
Gradient Boosting 100,cow,Total number of defects,720,MSE,2,Train,0.7570994909391979
Gradient Boosting 100,cow,Total number of defects,720,MSE,3,Train,0.8488836664192047
Gradient Boosting 100,cow,Total number of defects,720,MSE,4,Train,0.9358401881547052
Gradient Boosting 100,cow,Total number of defects,720,MSE,5,Train,0.7791427793702286
Gradient Boosting 100,cow,Total number of defects,720,MSE,1,Test,0.7613384396384253
Gradient Boosting 100,cow,Total number of defects,720,MSE,2,Test,1.2056544180086837
Gradient Boosting 100,cow,Total number of defects,720,MSE,3,Test,0.8288620229477716
Gradient Boosting 100,cow,Total number of defects,720,MSE,4,Test,0.4806165642304349
Gradient Boosting 100,cow,Total number of defects,720,MSE,5,Test,1.1564553362947787
Gradient Boosting 100,steer,Total number of defects,720,MAE,1,Train,0.3093759250539453
Gradient Boosting 100,steer,Total number of defects,720,MAE,2,Train,0.3239890374029417
Gradient Boosting 100,steer,Total number of defects,720,MAE,3,Train,0.3283235765220919
Gradient Boosting 100,steer,Total number of defects,720,MAE,4,Train,0.33520564361222
Gradient Boosting 100,steer,Total number of defects,720,MAE,5,Train,0.31852496921031254
Gradient Boosting 100,steer,Total number of defects,720,MAE,1,Test,0.5134077023468194
Gradient Boosting 100,steer,Total number of defects,720,MAE,2,Test,0.44008211334357733
Gradient Boosting 100,steer,Total number of defects,720,MAE,3,Test,0.40058293310571097
Gradient Boosting 100,steer,Total number of defects,720,MAE,4,Test,0.33802197021809927
Gradient Boosting 100,steer,Total number of defects,720,MAE,5,Test,0.42091359362968056
Gradient Boosting 100,steer,Total number of defects,720,MSE,1,Train,0.2494187751931668
Gradient Boosting 100,steer,Total number of defects,720,MSE,2,Train,0.29929999141224506
Gradient Boosting 100,steer,Total number of defects,720,MSE,3,Train,0.2909469605784908
Gradient Boosting 100,steer,Total number of defects,720,MSE,4,Train,0.3205477018098506
Gradient Boosting 100,steer,Total number of defects,720,MSE,5,Train,0.2768799071802352
Gradient Boosting 100,steer,Total number of defects,720,MSE,1,Test,1.0336997072714524
Gradient Boosting 100,steer,Total number of defects,720,MSE,2,Test,0.5258899876667157
Gradient Boosting 100,steer,Total number of defects,720,MSE,3,Test,0.5313827373352046
Gradient Boosting 100,steer,Total number of defects,720,MSE,4,Test,0.3012450832343268
Gradient Boosting 100,steer,Total number of defects,720,MSE,5,Test,0.5382354267471923
Gradient Boosting 100,heifer,Total number of defects,720,MAE,1,Train,0.25000145257650164
Gradient Boosting 100,heifer,Total number of defects,720,MAE,2,Train,0.2916697101602892
Gradient Boosting 100,heifer,Total number of defects,720,MAE,3,Train,0.33333835024756536
Gradient Boosting 100,heifer,Total number of defects,720,MAE,4,Train,0.30833896225941704
Gradient Boosting 100,heifer,Total number of defects,720,MAE,5,Train,0.3303608187650246
Gradient Boosting 100,heifer,Total number of defects,720,MAE,1,Test,0.7328440672243971
Gradient Boosting 100,heifer,Total number of defects,720,MAE,2,Test,0.46298216031725437
Gradient Boosting 100,heifer,Total number of defects,720,MAE,3,Test,0.5624950197377085
Gradient Boosting 100,heifer,Total number of defects,720,MAE,4,Test,0.5499949828468769
Gradient Boosting 100,heifer,Total number of defects,720,MAE,5,Test,0.2836114983002252
Gradient Boosting 100,heifer,Total number of defects,720,MSE,1,Train,0.12500000001929124
Gradient Boosting 100,heifer,Total number of defects,720,MSE,2,Train,0.25000000004409423
Gradient Boosting 100,heifer,Total number of defects,720,MSE,3,Train,0.24479166675582884
Gradient Boosting 100,heifer,Total number of defects,720,MSE,4,Train,0.2416666667531585
Gradient Boosting 100,heifer,Total number of defects,720,MSE,5,Train,0.26339285719679384
Gradient Boosting 100,heifer,Total number of defects,720,MSE,1,Test,1.0314054317794072
Gradient Boosting 100,heifer,Total number of defects,720,MSE,2,Test,0.369688823551723
Gradient Boosting 100,heifer,Total number of defects,720,MSE,3,Test,0.4218637945090563
Gradient Boosting 100,heifer,Total number of defects,720,MSE,4,Test,0.4299873760817134
Gradient Boosting 100,heifer,Total number of defects,720,MSE,5,Test,0.19633627356208017
