model_name,animal_type,target,measure (MAE/MSE),Cross-validation,evaluated_on (Train/Test),Error
Dummy Regressor,cow,live weight,MAE,1,Train,40.670759625390225
Dummy Regressor,cow,live weight,MAE,2,Train,42.45015608740895
Dummy Regressor,cow,live weight,MAE,3,Train,47.06472424557751
Dummy Regressor,cow,live weight,MAE,4,Train,48.73423517169614
Dummy Regressor,cow,live weight,MAE,5,Train,46.3767578125
Dummy Regressor,cow,live weight,MAE,1,Test,61.68749999999998
Dummy Regressor,cow,live weight,MAE,2,Test,56.6375
Dummy Regressor,cow,live weight,MAE,3,Test,36.93750000000001
Dummy Regressor,cow,live weight,MAE,4,Test,33.74596774193547
Dummy Regressor,cow,live weight,MAE,5,Test,38.57455357142856
Dummy Regressor,cow,live weight,MSE,1,Train,3062.540998959418
Dummy Regressor,cow,live weight,MSE,2,Train,2911.5831841831423
Dummy Regressor,cow,live weight,MSE,3,Train,3979.3119667013534
Dummy Regressor,cow,live weight,MSE,4,Train,4090.277211238293
Dummy Regressor,cow,live weight,MSE,5,Train,3873.241708984375
Dummy Regressor,cow,live weight,MSE,1,Test,5659.8236381373545
Dummy Regressor,cow,live weight,MSE,2,Test,6248.637823881376
Dummy Regressor,cow,live weight,MSE,3,Test,2105.998396201875
Dummy Regressor,cow,live weight,MSE,4,Test,1729.8837565036422
Dummy Regressor,cow,live weight,MSE,5,Test,2326.7404785156236
Dummy Regressor,steer,live weight,MAE,1,Train,33.545494589677304
Dummy Regressor,steer,live weight,MAE,2,Train,30.630411120686908
Dummy Regressor,steer,live weight,MAE,3,Train,32.23820262376711
Dummy Regressor,steer,live weight,MAE,4,Train,32.640650664550684
Dummy Regressor,steer,live weight,MAE,5,Train,32.565375123983344
Dummy Regressor,steer,live weight,MAE,1,Test,27.602564590871587
Dummy Regressor,steer,live weight,MAE,2,Test,38.225909350599885
Dummy Regressor,steer,live weight,MAE,3,Test,32.723890687488094
Dummy Regressor,steer,live weight,MAE,4,Test,31.428393085787448
Dummy Regressor,steer,live weight,MAE,5,Test,31.628021766965443
Dummy Regressor,steer,live weight,MSE,1,Train,2667.9162249034443
Dummy Regressor,steer,live weight,MSE,2,Train,1624.087772112101
Dummy Regressor,steer,live weight,MSE,3,Train,2507.3610128794408
Dummy Regressor,steer,live weight,MSE,4,Train,2586.5020630827216
Dummy Regressor,steer,live weight,MSE,5,Train,2551.9506388414998
Dummy Regressor,steer,live weight,MSE,1,Test,1276.393922370091
Dummy Regressor,steer,live weight,MSE,2,Test,5437.954969905291
Dummy Regressor,steer,live weight,MSE,3,Test,1914.7919900406375
Dummy Regressor,steer,live weight,MSE,4,Test,1590.5350271861644
Dummy Regressor,steer,live weight,MSE,5,Test,1729.1179802366057
Dummy Regressor,heifer,live weight,MAE,1,Train,24.682909680908597
Dummy Regressor,heifer,live weight,MAE,2,Train,24.9704705246079
Dummy Regressor,heifer,live weight,MAE,3,Train,22.662087614926985
Dummy Regressor,heifer,live weight,MAE,4,Train,23.712696525300565
Dummy Regressor,heifer,live weight,MAE,5,Train,20.873114017703788
Dummy Regressor,heifer,live weight,MAE,1,Test,18.913530655391167
Dummy Regressor,heifer,live weight,MAE,2,Test,17.44630021141648
Dummy Regressor,heifer,live weight,MAE,3,Test,26.783932346723052
Dummy Regressor,heifer,live weight,MAE,4,Test,22.322714833059663
Dummy Regressor,heifer,live weight,MAE,5,Test,34.12227695675971
Dummy Regressor,heifer,live weight,MSE,1,Train,1100.232276906436
Dummy Regressor,heifer,live weight,MSE,2,Train,1093.2555976203355
Dummy Regressor,heifer,live weight,MSE,3,Train,945.3940521903733
Dummy Regressor,heifer,live weight,MSE,4,Train,1046.4974501255117
Dummy Regressor,heifer,live weight,MSE,5,Train,706.9748262650285
Dummy Regressor,heifer,live weight,MSE,1,Test,542.0284630512823
Dummy Regressor,heifer,live weight,MSE,2,Test,541.2851423373813
Dummy Regressor,heifer,live weight,MSE,3,Test,1134.5543304734747
Dummy Regressor,heifer,live weight,MSE,4,Test,709.6861623539627
Dummy Regressor,heifer,live weight,MSE,5,Test,2117.13318687126
Dummy Regressor,cow,carcass weight,MAE,1,Train,20.81269510926118
Dummy Regressor,cow,carcass weight,MAE,2,Train,20.80020811654527
Dummy Regressor,cow,carcass weight,MAE,3,Train,26.70551508844953
Dummy Regressor,cow,carcass weight,MAE,4,Train,24.99271592091571
Dummy Regressor,cow,carcass weight,MAE,5,Train,24.984375
Dummy Regressor,cow,carcass weight,MAE,1,Test,34.875
Dummy Regressor,cow,carcass weight,MAE,2,Test,34.8125
Dummy Regressor,cow,carcass weight,MAE,3,Test,12.655241935483872
Dummy Regressor,cow,carcass weight,MAE,4,Test,18.800403225806463
Dummy Regressor,cow,carcass weight,MAE,5,Test,18.082589285714285
Dummy Regressor,cow,carcass weight,MSE,1,Train,875.172216441207
Dummy Regressor,cow,carcass weight,MSE,2,Train,742.5915712799167
Dummy Regressor,cow,carcass weight,MSE,3,Train,1237.7091571279916
Dummy Regressor,cow,carcass weight,MSE,4,Train,1173.7070759625392
Dummy Regressor,cow,carcass weight,MSE,5,Train,1149.050537109375
Dummy Regressor,cow,carcass weight,MSE,1,Test,1671.3096383975026
Dummy Regressor,cow,carcass weight,MSE,2,Test,2189.88322710718
Dummy Regressor,cow,carcass weight,MSE,3,Test,287.1688670655568
Dummy Regressor,cow,carcass weight,MSE,4,Test,534.5822385535905
Dummy Regressor,cow,carcass weight,MSE,5,Test,539.1179896763393
Dummy Regressor,steer,carcass weight,MAE,1,Train,18.345710045006225
Dummy Regressor,steer,carcass weight,MAE,2,Train,17.7189744326343
Dummy Regressor,steer,carcass weight,MAE,3,Train,18.02872737719046
Dummy Regressor,steer,carcass weight,MAE,4,Train,17.736092045229118
Dummy Regressor,steer,carcass weight,MAE,5,Train,17.341463995239035
Dummy Regressor,steer,carcass weight,MAE,1,Test,15.885688440297086
Dummy Regressor,steer,carcass weight,MAE,2,Test,18.32436678727861
Dummy Regressor,steer,carcass weight,MAE,3,Test,17.06803466006475
Dummy Regressor,steer,carcass weight,MAE,4,Test,18.183674775928296
Dummy Regressor,steer,carcass weight,MAE,5,Test,19.895502560819455
Dummy Regressor,steer,carcass weight,MSE,1,Train,529.1036040888633
Dummy Regressor,steer,carcass weight,MSE,2,Train,499.7061847649143
Dummy Regressor,steer,carcass weight,MSE,3,Train,514.7640225509911
Dummy Regressor,steer,carcass weight,MSE,4,Train,504.189712358659
Dummy Regressor,steer,carcass weight,MSE,5,Train,470.2461932156319
Dummy Regressor,steer,carcass weight,MSE,1,Test,403.1470069058677
Dummy Regressor,steer,carcass weight,MSE,2,Test,519.5700562685398
Dummy Regressor,steer,carcass weight,MSE,3,Test,459.69129548366897
Dummy Regressor,steer,carcass weight,MSE,4,Test,503.446587257218
Dummy Regressor,steer,carcass weight,MSE,5,Test,639.0342885385294
Dummy Regressor,heifer,carcass weight,MAE,1,Train,13.709302325581396
Dummy Regressor,heifer,carcass weight,MAE,2,Train,14.99188750676041
Dummy Regressor,heifer,carcass weight,MAE,3,Train,13.098161168199026
Dummy Regressor,heifer,carcass weight,MAE,4,Train,13.863258026159334
Dummy Regressor,heifer,carcass weight,MAE,5,Train,12.45131457259876
Dummy Regressor,heifer,carcass weight,MAE,1,Test,13.0
Dummy Regressor,heifer,carcass weight,MAE,2,Test,8.46828752642706
Dummy Regressor,heifer,carcass weight,MAE,3,Test,16.577167019027478
Dummy Regressor,heifer,carcass weight,MAE,4,Test,12.763546798029557
Dummy Regressor,heifer,carcass weight,MAE,5,Test,18.177887246852762
Dummy Regressor,heifer,carcass weight,MSE,1,Train,351.40552325581393
Dummy Regressor,heifer,carcass weight,MSE,2,Train,382.2699094104921
Dummy Regressor,heifer,carcass weight,MSE,3,Train,320.4172525689562
Dummy Regressor,heifer,carcass weight,MSE,4,Train,356.80446558330027
Dummy Regressor,heifer,carcass weight,MSE,5,Train,241.8209142555159
Dummy Regressor,heifer,carcass weight,MSE,1,Test,263.1761363636364
Dummy Regressor,heifer,carcass weight,MSE,2,Test,135.62676077978267
Dummy Regressor,heifer,carcass weight,MSE,3,Test,388.54416392152984
Dummy Regressor,heifer,carcass weight,MSE,4,Test,228.7431534643188
Dummy Regressor,heifer,carcass weight,MSE,5,Test,712.7748711850973
Dummy Regressor,cow,price,MAE,1,Train,77.26389177939646
Dummy Regressor,cow,price,MAE,2,Train,77.43152965660771
Dummy Regressor,cow,price,MAE,3,Train,100.4715920915713
Dummy Regressor,cow,price,MAE,4,Train,97.27242455775234
Dummy Regressor,cow,price,MAE,5,Train,90.16875000000002
Dummy Regressor,cow,price,MAE,1,Test,134.91713709677424
Dummy Regressor,cow,price,MAE,2,Test,133.3306451612903
Dummy Regressor,cow,price,MAE,3,Test,47.38729838709665
Dummy Regressor,cow,price,MAE,4,Test,59.81129032258072
Dummy Regressor,cow,price,MAE,5,Test,82.91785714285713
Dummy Regressor,cow,price,MSE,1,Train,11964.1343132154
Dummy Regressor,cow,price,MSE,2,Train,11462.642232049951
Dummy Regressor,cow,price,MSE,3,Train,17952.54560353798
Dummy Regressor,cow,price,MSE,4,Train,17006.577658688868
Dummy Regressor,cow,price,MSE,5,Train,15601.944375000003
Dummy Regressor,cow,price,MSE,1,Test,26063.868801703968
Dummy Regressor,cow,price,MSE,2,Test,27935.719300208115
Dummy Regressor,cow,price,MSE,3,Test,3234.7681968652323
Dummy Regressor,cow,price,MSE,4,Test,6711.903127601465
Dummy Regressor,cow,price,MSE,5,Test,11417.791339285714
Dummy Regressor,steer,price,MAE,1,Train,108.14948929107219
Dummy Regressor,steer,price,MAE,2,Train,104.44979890835968
Dummy Regressor,steer,price,MAE,3,Train,106.27880398352968
Dummy Regressor,steer,price,MAE,4,Train,104.55373536996629
Dummy Regressor,steer,price,MAE,5,Train,102.31463757191037
Dummy Regressor,steer,price,MAE,1,Test,93.71101694915252
Dummy Regressor,steer,price,MAE,2,Test,108.12249095410401
Dummy Regressor,steer,price,MAE,3,Test,100.70431346410207
Dummy Regressor,steer,price,MAE,4,Test,107.28954865556979
Dummy Regressor,steer,price,MAE,5,Test,117.0363060179258
Dummy Regressor,steer,price,MSE,1,Train,18397.359886447066
Dummy Regressor,steer,price,MSE,2,Train,17373.76819153181
Dummy Regressor,steer,price,MSE,3,Train,17897.784815825602
Dummy Regressor,steer,price,MSE,4,Train,17529.235940686376
Dummy Regressor,steer,price,MSE,5,Train,16369.269985836147
Dummy Regressor,steer,price,MSE,1,Test,14031.908232641363
Dummy Regressor,steer,price,MSE,2,Test,18085.92621032816
Dummy Regressor,steer,price,MSE,3,Test,16002.276795772197
Dummy Regressor,steer,price,MSE,4,Test,17528.003303231682
Dummy Regressor,steer,price,MSE,5,Test,22161.23955321637
Dummy Regressor,heifer,price,MAE,1,Train,75.58135478637101
Dummy Regressor,heifer,price,MAE,2,Train,83.04218496484587
Dummy Regressor,heifer,price,MAE,3,Train,72.36576527852898
Dummy Regressor,heifer,price,MAE,4,Train,77.6342449464923
Dummy Regressor,heifer,price,MAE,5,Train,68.67768529528338
Dummy Regressor,heifer,price,MAE,1,Test,73.39159619450315
Dummy Regressor,heifer,price,MAE,2,Test,46.83081395348838
Dummy Regressor,heifer,price,MAE,3,Test,92.43773784355186
Dummy Regressor,heifer,price,MAE,4,Test,68.36532567049811
Dummy Regressor,heifer,price,MAE,5,Test,101.89827586206896
Dummy Regressor,heifer,price,MSE,1,Train,10830.882567942133
Dummy Regressor,heifer,price,MSE,2,Train,11844.554498715524
Dummy Regressor,heifer,price,MSE,3,Train,9930.138809153594
Dummy Regressor,heifer,price,MSE,4,Train,11189.3880406923
Dummy Regressor,heifer,price,MSE,5,Train,7396.882395957194
Dummy Regressor,heifer,price,MSE,1,Test,8414.721435757645
Dummy Regressor,heifer,price,MSE,2,Test,4190.109547267569
Dummy Regressor,heifer,price,MSE,3,Test,11997.47967657582
Dummy Regressor,heifer,price,MSE,4,Test,6593.114727506941
Dummy Regressor,heifer,price,MSE,5,Test,22517.834644272672
Dummy Regressor,cow,Total number of defects,MAE,1,Train,0.7991675338189385
Dummy Regressor,cow,Total number of defects,MAE,2,Train,0.8199791883454733
Dummy Regressor,cow,Total number of defects,MAE,3,Train,0.8387096774193549
Dummy Regressor,cow,Total number of defects,MAE,4,Train,0.7554630593132153
Dummy Regressor,cow,Total number of defects,MAE,5,Train,0.892578125
Dummy Regressor,cow,Total number of defects,MAE,1,Test,1.0806451612903225
Dummy Regressor,cow,Total number of defects,MAE,2,Test,0.7580645161290323
Dummy Regressor,cow,Total number of defects,MAE,3,Test,0.625
Dummy Regressor,cow,Total number of defects,MAE,4,Test,1.0080645161290323
Dummy Regressor,cow,Total number of defects,MAE,5,Test,0.6830357142857143
Dummy Regressor,cow,Total number of defects,MSE,1,Train,1.0385015608740893
Dummy Regressor,cow,Total number of defects,MSE,2,Train,1.1279916753381891
Dummy Regressor,cow,Total number of defects,MSE,3,Train,1.1612903225806452
Dummy Regressor,cow,Total number of defects,MSE,4,Train,0.9344432882414151
Dummy Regressor,cow,Total number of defects,MSE,5,Train,1.1943359375
Dummy Regressor,cow,Total number of defects,MSE,1,Test,1.3566597294484912
Dummy Regressor,cow,Total number of defects,MSE,2,Test,0.9849115504682623
Dummy Regressor,cow,Total number of defects,MSE,3,Test,0.875
Dummy Regressor,cow,Total number of defects,MSE,4,Test,1.7349115504682624
Dummy Regressor,cow,Total number of defects,MSE,5,Test,0.6851283482142857
Dummy Regressor,steer,Total number of defects,MAE,1,Train,0.5233330141402535
Dummy Regressor,steer,Total number of defects,MAE,2,Train,0.5667432730058413
Dummy Regressor,steer,Total number of defects,MAE,3,Train,0.5489801781097385
Dummy Regressor,steer,Total number of defects,MAE,4,Train,0.4993294981154533
Dummy Regressor,steer,Total number of defects,MAE,5,Train,0.518722475699266
Dummy Regressor,steer,Total number of defects,MAE,1,Test,0.5554180156160732
Dummy Regressor,steer,Total number of defects,MAE,2,Test,0.4737827715355805
Dummy Regressor,steer,Total number of defects,MAE,3,Test,0.49133498381260715
Dummy Regressor,steer,Total number of defects,MAE,4,Test,0.5964468629961588
Dummy Regressor,steer,Total number of defects,MAE,5,Test,0.5488156209987197
Dummy Regressor,steer,Total number of defects,MSE,1,Train,0.5809074659261387
Dummy Regressor,steer,Total number of defects,MSE,2,Train,0.6865284560630724
Dummy Regressor,steer,Total number of defects,MSE,3,Train,0.6812218711098343
Dummy Regressor,steer,Total number of defects,MSE,4,Train,0.5334973219599285
Dummy Regressor,steer,Total number of defects,MSE,5,Train,0.6331759571513589
Dummy Regressor,steer,Total number of defects,MSE,1,Test,0.792386509824512
Dummy Regressor,steer,Total number of defects,MSE,2,Test,0.37679281607556775
Dummy Regressor,steer,Total number of defects,MSE,3,Test,0.39387493584757044
Dummy Regressor,steer,Total number of defects,MSE,4,Test,0.9889418585778436
Dummy Regressor,steer,Total number of defects,MSE,5,Test,0.5847177688409587
Dummy Regressor,heifer,Total number of defects,MAE,1,Train,0.6879394267171444
Dummy Regressor,heifer,Total number of defects,MAE,2,Train,0.6319632233639805
Dummy Regressor,heifer,Total number of defects,MAE,3,Train,0.6663061114115736
Dummy Regressor,heifer,Total number of defects,MAE,4,Train,0.6658739595719381
Dummy Regressor,heifer,Total number of defects,MAE,5,Train,0.713436385255648
Dummy Regressor,heifer,Total number of defects,MAE,1,Test,0.6627906976744184
Dummy Regressor,heifer,Total number of defects,MAE,2,Test,0.7706131078224103
Dummy Regressor,heifer,Total number of defects,MAE,3,Test,0.6839323467230444
Dummy Regressor,heifer,Total number of defects,MAE,4,Test,0.6945812807881774
Dummy Regressor,heifer,Total number of defects,MAE,5,Test,0.5796387520525451
Dummy Regressor,heifer,Total number of defects,MSE,1,Train,0.8047593293672253
Dummy Regressor,heifer,Total number of defects,MSE,2,Train,0.7145754461871284
Dummy Regressor,heifer,Total number of defects,MSE,3,Train,0.7382368848025959
Dummy Regressor,heifer,Total number of defects,MSE,4,Train,0.6405073325406263
Dummy Regressor,heifer,Total number of defects,MSE,5,Train,0.8421191702999069
Dummy Regressor,heifer,Total number of defects,MSE,1,Test,0.5366783027680809
Dummy Regressor,heifer,Total number of defects,MSE,2,Test,0.8974752937705888
Dummy Regressor,heifer,Total number of defects,MSE,3,Test,0.7934755887703427
Dummy Regressor,heifer,Total number of defects,MSE,4,Test,1.2002151633542832
Dummy Regressor,heifer,Total number of defects,MSE,5,Test,0.375724288922862
ElasticNetCV,cow,live weight,MAE,1,Train,40.670759625390225
ElasticNetCV,cow,live weight,MAE,2,Train,42.45015608740895
ElasticNetCV,cow,live weight,MAE,3,Train,47.06472424557751
ElasticNetCV,cow,live weight,MAE,4,Train,48.73423517169614
ElasticNetCV,cow,live weight,MAE,5,Train,46.3767578125
ElasticNetCV,cow,live weight,MAE,1,Test,61.68749999999998
ElasticNetCV,cow,live weight,MAE,2,Test,56.6375
ElasticNetCV,cow,live weight,MAE,3,Test,36.93750000000001
ElasticNetCV,cow,live weight,MAE,4,Test,33.74596774193547
ElasticNetCV,cow,live weight,MAE,5,Test,38.57455357142856
ElasticNetCV,cow,live weight,MSE,1,Train,3062.540998959418
ElasticNetCV,cow,live weight,MSE,2,Train,2911.5831841831423
ElasticNetCV,cow,live weight,MSE,3,Train,3979.3119667013534
ElasticNetCV,cow,live weight,MSE,4,Train,4090.277211238293
ElasticNetCV,cow,live weight,MSE,5,Train,3873.241708984375
ElasticNetCV,cow,live weight,MSE,1,Test,5659.8236381373545
ElasticNetCV,cow,live weight,MSE,2,Test,6248.637823881376
ElasticNetCV,cow,live weight,MSE,3,Test,2105.998396201875
ElasticNetCV,cow,live weight,MSE,4,Test,1729.8837565036422
ElasticNetCV,cow,live weight,MSE,5,Test,2326.7404785156236
ElasticNetCV,steer,live weight,MAE,1,Train,29.595080090661522
ElasticNetCV,steer,live weight,MAE,2,Train,26.979473819813105
ElasticNetCV,steer,live weight,MAE,3,Train,28.45873007319978
ElasticNetCV,steer,live weight,MAE,4,Train,29.10646123646638
ElasticNetCV,steer,live weight,MAE,5,Train,29.551415362971234
ElasticNetCV,steer,live weight,MAE,1,Test,26.96091894127913
ElasticNetCV,steer,live weight,MAE,2,Test,35.44836241745196
ElasticNetCV,steer,live weight,MAE,3,Test,31.696253223532214
ElasticNetCV,steer,live weight,MAE,4,Test,28.58459560652467
ElasticNetCV,steer,live weight,MAE,5,Test,27.11100839695845
ElasticNetCV,steer,live weight,MSE,1,Train,2212.7141683198165
ElasticNetCV,steer,live weight,MSE,2,Train,1223.167994402674
ElasticNetCV,steer,live weight,MSE,3,Train,1987.3267700956549
ElasticNetCV,steer,live weight,MSE,4,Train,2165.5715304954792
ElasticNetCV,steer,live weight,MSE,5,Train,2124.194505979928
ElasticNetCV,steer,live weight,MSE,1,Test,1117.0274057179367
ElasticNetCV,steer,live weight,MSE,2,Test,4896.008346018621
ElasticNetCV,steer,live weight,MSE,3,Test,1783.6728546789182
ElasticNetCV,steer,live weight,MSE,4,Test,1266.9310082130053
ElasticNetCV,steer,live weight,MSE,5,Test,1347.0916237908311
ElasticNetCV,heifer,live weight,MAE,1,Train,20.56659715151279
ElasticNetCV,heifer,live weight,MAE,2,Train,20.727481203127528
ElasticNetCV,heifer,live weight,MAE,3,Train,20.751880999664632
ElasticNetCV,heifer,live weight,MAE,4,Train,20.52637115291287
ElasticNetCV,heifer,live weight,MAE,5,Train,18.243063653739803
ElasticNetCV,heifer,live weight,MAE,1,Test,15.849008765526635
ElasticNetCV,heifer,live weight,MAE,2,Test,18.68127435485856
ElasticNetCV,heifer,live weight,MAE,3,Test,21.623423050303735
ElasticNetCV,heifer,live weight,MAE,4,Test,17.24253025022264
ElasticNetCV,heifer,live weight,MAE,5,Test,31.842202522923042
ElasticNetCV,heifer,live weight,MSE,1,Train,815.9677432415126
ElasticNetCV,heifer,live weight,MSE,2,Train,817.7555029013207
ElasticNetCV,heifer,live weight,MSE,3,Train,795.4521907256621
ElasticNetCV,heifer,live weight,MSE,4,Train,807.9528370445967
ElasticNetCV,heifer,live weight,MSE,5,Train,536.4854179011807
ElasticNetCV,heifer,live weight,MSE,1,Test,428.70479426288415
ElasticNetCV,heifer,live weight,MSE,2,Test,554.7658898413256
ElasticNetCV,heifer,live weight,MSE,3,Test,783.5259768382093
ElasticNetCV,heifer,live weight,MSE,4,Test,424.4512929382748
ElasticNetCV,heifer,live weight,MSE,5,Test,1898.0001452552567
ElasticNetCV,cow,carcass weight,MAE,1,Train,20.81269510926118
ElasticNetCV,cow,carcass weight,MAE,2,Train,20.80020811654527
ElasticNetCV,cow,carcass weight,MAE,3,Train,26.70551508844953
ElasticNetCV,cow,carcass weight,MAE,4,Train,24.99271592091571
ElasticNetCV,cow,carcass weight,MAE,5,Train,24.984375
ElasticNetCV,cow,carcass weight,MAE,1,Test,34.875
ElasticNetCV,cow,carcass weight,MAE,2,Test,34.8125
ElasticNetCV,cow,carcass weight,MAE,3,Test,12.655241935483872
ElasticNetCV,cow,carcass weight,MAE,4,Test,18.800403225806463
ElasticNetCV,cow,carcass weight,MAE,5,Test,18.082589285714285
ElasticNetCV,cow,carcass weight,MSE,1,Train,875.172216441207
ElasticNetCV,cow,carcass weight,MSE,2,Train,742.5915712799167
ElasticNetCV,cow,carcass weight,MSE,3,Train,1237.7091571279916
ElasticNetCV,cow,carcass weight,MSE,4,Train,1173.7070759625392
ElasticNetCV,cow,carcass weight,MSE,5,Train,1149.050537109375
ElasticNetCV,cow,carcass weight,MSE,1,Test,1671.3096383975026
ElasticNetCV,cow,carcass weight,MSE,2,Test,2189.88322710718
ElasticNetCV,cow,carcass weight,MSE,3,Test,287.1688670655568
ElasticNetCV,cow,carcass weight,MSE,4,Test,534.5822385535905
ElasticNetCV,cow,carcass weight,MSE,5,Test,539.1179896763393
ElasticNetCV,steer,carcass weight,MAE,1,Train,15.162471945265006
ElasticNetCV,steer,carcass weight,MAE,2,Train,17.7189744326343
ElasticNetCV,steer,carcass weight,MAE,3,Train,14.494799149998613
ElasticNetCV,steer,carcass weight,MAE,4,Train,17.736092045229118
ElasticNetCV,steer,carcass weight,MAE,5,Train,17.341463995239035
ElasticNetCV,steer,carcass weight,MAE,1,Test,14.233368293871314
ElasticNetCV,steer,carcass weight,MAE,2,Test,18.32436678727861
ElasticNetCV,steer,carcass weight,MAE,3,Test,14.159609805836373
ElasticNetCV,steer,carcass weight,MAE,4,Test,18.183674775928296
ElasticNetCV,steer,carcass weight,MAE,5,Test,19.895502560819455
ElasticNetCV,steer,carcass weight,MSE,1,Train,379.2388713925517
ElasticNetCV,steer,carcass weight,MSE,2,Train,499.7061847649143
ElasticNetCV,steer,carcass weight,MSE,3,Train,361.1335949608112
ElasticNetCV,steer,carcass weight,MSE,4,Train,504.189712358659
ElasticNetCV,steer,carcass weight,MSE,5,Train,470.2461932156319
ElasticNetCV,steer,carcass weight,MSE,1,Test,352.0366339990932
ElasticNetCV,steer,carcass weight,MSE,2,Test,519.5700562685398
ElasticNetCV,steer,carcass weight,MSE,3,Test,322.05492130805845
ElasticNetCV,steer,carcass weight,MSE,4,Test,503.446587257218
ElasticNetCV,steer,carcass weight,MSE,5,Test,639.0342885385294
ElasticNetCV,heifer,carcass weight,MAE,1,Train,11.178871293120679
ElasticNetCV,heifer,carcass weight,MAE,2,Train,11.261706822424815
ElasticNetCV,heifer,carcass weight,MAE,3,Train,11.52997567358108
ElasticNetCV,heifer,carcass weight,MAE,4,Train,11.718465237322366
ElasticNetCV,heifer,carcass weight,MAE,5,Train,9.915211492946169
ElasticNetCV,heifer,carcass weight,MAE,1,Test,10.324939720099406
ElasticNetCV,heifer,carcass weight,MAE,2,Test,10.962588451624997
ElasticNetCV,heifer,carcass weight,MAE,3,Test,12.217540183100361
ElasticNetCV,heifer,carcass weight,MAE,4,Test,10.086694815570386
ElasticNetCV,heifer,carcass weight,MAE,5,Test,17.578552206752267
ElasticNetCV,heifer,carcass weight,MSE,1,Train,253.20658292842964
ElasticNetCV,heifer,carcass weight,MSE,2,Train,248.86658782442655
ElasticNetCV,heifer,carcass weight,MSE,3,Train,249.19186451606123
ElasticNetCV,heifer,carcass weight,MSE,4,Train,266.6908236319242
ElasticNetCV,heifer,carcass weight,MSE,5,Train,170.01500986516385
ElasticNetCV,heifer,carcass weight,MSE,1,Test,204.38581313660532
ElasticNetCV,heifer,carcass weight,MSE,2,Test,207.36847831627986
ElasticNetCV,heifer,carcass weight,MSE,3,Test,281.72500390564187
ElasticNetCV,heifer,carcass weight,MSE,4,Test,159.6666571933557
ElasticNetCV,heifer,carcass weight,MSE,5,Test,614.7003470255721
ElasticNetCV,cow,price,MAE,1,Train,71.44135599067397
ElasticNetCV,cow,price,MAE,2,Train,75.7592238666697
ElasticNetCV,cow,price,MAE,3,Train,89.63623239605482
ElasticNetCV,cow,price,MAE,4,Train,86.7388322687038
ElasticNetCV,cow,price,MAE,5,Train,86.10088780886386
ElasticNetCV,cow,price,MAE,1,Test,126.68327669960985
ElasticNetCV,cow,price,MAE,2,Test,114.19140387228259
ElasticNetCV,cow,price,MAE,3,Test,74.51360521454237
ElasticNetCV,cow,price,MAE,4,Test,66.6697745465002
ElasticNetCV,cow,price,MAE,5,Test,66.45848058570029
ElasticNetCV,cow,price,MSE,1,Train,10418.893164742509
ElasticNetCV,cow,price,MSE,2,Train,8957.582289424301
ElasticNetCV,cow,price,MSE,3,Train,13708.403981610803
ElasticNetCV,cow,price,MSE,4,Train,13651.137795422212
ElasticNetCV,cow,price,MSE,5,Train,13808.197793160705
ElasticNetCV,cow,price,MSE,1,Test,22264.614514586247
ElasticNetCV,cow,price,MSE,2,Test,24052.922749506735
ElasticNetCV,cow,price,MSE,3,Test,6671.496676419297
ElasticNetCV,cow,price,MSE,4,Test,6766.13334295466
ElasticNetCV,cow,price,MSE,5,Test,7112.351424245009
ElasticNetCV,steer,price,MAE,1,Train,90.91550565693616
ElasticNetCV,steer,price,MAE,2,Train,104.44979890835968
ElasticNetCV,steer,price,MAE,3,Train,85.4679620415634
ElasticNetCV,steer,price,MAE,4,Train,83.31226293695002
ElasticNetCV,steer,price,MAE,5,Train,102.31463757191037
ElasticNetCV,steer,price,MAE,1,Test,84.2566554281545
ElasticNetCV,steer,price,MAE,2,Test,108.12249095410401
ElasticNetCV,steer,price,MAE,3,Test,83.84633633430657
ElasticNetCV,steer,price,MAE,4,Test,90.23338010649013
ElasticNetCV,steer,price,MAE,5,Test,117.0363060179258
ElasticNetCV,steer,price,MSE,1,Train,13536.25549156398
ElasticNetCV,steer,price,MSE,2,Train,17373.76819153181
ElasticNetCV,steer,price,MSE,3,Train,12578.97029766817
ElasticNetCV,steer,price,MSE,4,Train,11863.409299600116
ElasticNetCV,steer,price,MSE,5,Train,16369.269985836147
ElasticNetCV,steer,price,MSE,1,Test,12375.697586004331
ElasticNetCV,steer,price,MSE,2,Test,18085.92621032816
ElasticNetCV,steer,price,MSE,3,Test,11279.487676597519
ElasticNetCV,steer,price,MSE,4,Test,13667.474559625018
ElasticNetCV,steer,price,MSE,5,Test,22161.23955321637
ElasticNetCV,heifer,price,MAE,1,Train,63.93780003051938
ElasticNetCV,heifer,price,MAE,2,Train,63.74760968352609
ElasticNetCV,heifer,price,MAE,3,Train,64.95298309060372
ElasticNetCV,heifer,price,MAE,4,Train,65.57068583093127
ElasticNetCV,heifer,price,MAE,5,Train,57.0125395096021
ElasticNetCV,heifer,price,MAE,1,Test,62.906885528080586
ElasticNetCV,heifer,price,MAE,2,Test,61.13019407121612
ElasticNetCV,heifer,price,MAE,3,Test,67.78904300507806
ElasticNetCV,heifer,price,MAE,4,Test,58.13980723806551
ElasticNetCV,heifer,price,MAE,5,Test,99.11147973321634
ElasticNetCV,heifer,price,MSE,1,Train,8208.772898403511
ElasticNetCV,heifer,price,MSE,2,Train,7925.868932263752
ElasticNetCV,heifer,price,MSE,3,Train,7827.811737624951
ElasticNetCV,heifer,price,MSE,4,Train,8355.578848125831
ElasticNetCV,heifer,price,MSE,5,Train,5497.019974736134
ElasticNetCV,heifer,price,MSE,1,Test,6716.3665967616025
ElasticNetCV,heifer,price,MSE,2,Test,6455.746464931172
ElasticNetCV,heifer,price,MSE,3,Test,8654.413407015541
ElasticNetCV,heifer,price,MSE,4,Test,5299.2172816172515
ElasticNetCV,heifer,price,MSE,5,Test,19557.46600673331
ElasticNetCV,cow,Total number of defects,MAE,1,Train,0.7133562063326891
ElasticNetCV,cow,Total number of defects,MAE,2,Train,0.7856485550337419
ElasticNetCV,cow,Total number of defects,MAE,3,Train,0.8407548113212882
ElasticNetCV,cow,Total number of defects,MAE,4,Train,0.7554630593132153
ElasticNetCV,cow,Total number of defects,MAE,5,Train,0.8503633781901978
ElasticNetCV,cow,Total number of defects,MAE,1,Test,1.0821010368663595
ElasticNetCV,cow,Total number of defects,MAE,2,Test,0.8266778135389412
ElasticNetCV,cow,Total number of defects,MAE,3,Test,0.625990611733749
ElasticNetCV,cow,Total number of defects,MAE,4,Test,1.0080645161290323
ElasticNetCV,cow,Total number of defects,MAE,5,Test,0.6118539398054856
ElasticNetCV,cow,Total number of defects,MSE,1,Train,0.8442398255983353
ElasticNetCV,cow,Total number of defects,MSE,2,Train,1.0006284495371114
ElasticNetCV,cow,Total number of defects,MSE,3,Train,1.093597309365246
ElasticNetCV,cow,Total number of defects,MSE,4,Train,0.9344432882414151
ElasticNetCV,cow,Total number of defects,MSE,5,Train,1.1179845818518277
ElasticNetCV,cow,Total number of defects,MSE,1,Test,1.5118555697242457
ElasticNetCV,cow,Total number of defects,MSE,2,Test,0.9837900079961981
ElasticNetCV,cow,Total number of defects,MSE,3,Test,0.8146843981120999
ElasticNetCV,cow,Total number of defects,MSE,4,Test,1.7349115504682624
ElasticNetCV,cow,Total number of defects,MSE,5,Test,0.553065419016022
ElasticNetCV,steer,Total number of defects,MAE,1,Train,0.3649926936128356
ElasticNetCV,steer,Total number of defects,MAE,2,Train,0.3638864440403008
ElasticNetCV,steer,Total number of defects,MAE,3,Train,0.35260739313270173
ElasticNetCV,steer,Total number of defects,MAE,4,Train,0.32513015775130294
ElasticNetCV,steer,Total number of defects,MAE,5,Train,0.3508442476118504
ElasticNetCV,steer,Total number of defects,MAE,1,Test,0.35555456547568115
ElasticNetCV,steer,Total number of defects,MAE,2,Test,0.3482201780624545
ElasticNetCV,steer,Total number of defects,MAE,3,Test,0.4012995820274721
ElasticNetCV,steer,Total number of defects,MAE,4,Test,0.4254120627402994
ElasticNetCV,steer,Total number of defects,MAE,5,Test,0.3550893493338264
ElasticNetCV,steer,Total number of defects,MSE,1,Train,0.3605343214240146
ElasticNetCV,steer,Total number of defects,MSE,2,Train,0.3838096751669655
ElasticNetCV,steer,Total number of defects,MSE,3,Train,0.35142442974750837
ElasticNetCV,steer,Total number of defects,MSE,4,Train,0.2992295849997491
ElasticNetCV,steer,Total number of defects,MSE,5,Train,0.38338159990324794
ElasticNetCV,steer,Total number of defects,MSE,1,Test,0.4193042632239375
ElasticNetCV,steer,Total number of defects,MSE,2,Test,0.30343411553349586
ElasticNetCV,steer,Total number of defects,MSE,3,Test,0.4594858592185788
ElasticNetCV,steer,Total number of defects,MSE,4,Test,0.6650580962905064
ElasticNetCV,steer,Total number of defects,MSE,5,Test,0.3048114390555781
ElasticNetCV,heifer,Total number of defects,MAE,1,Train,0.5101448049812091
ElasticNetCV,heifer,Total number of defects,MAE,2,Train,0.4758052099572794
ElasticNetCV,heifer,Total number of defects,MAE,3,Train,0.5281681171133926
ElasticNetCV,heifer,Total number of defects,MAE,4,Train,0.4851423727477373
ElasticNetCV,heifer,Total number of defects,MAE,5,Train,0.5670547283966433
ElasticNetCV,heifer,Total number of defects,MAE,1,Test,0.5448319430680674
ElasticNetCV,heifer,Total number of defects,MAE,2,Test,0.603566597682875
ElasticNetCV,heifer,Total number of defects,MAE,3,Test,0.5349752703803642
ElasticNetCV,heifer,Total number of defects,MAE,4,Test,0.5710256399974684
ElasticNetCV,heifer,Total number of defects,MAE,5,Test,0.392203221834937
ElasticNetCV,heifer,Total number of defects,MSE,1,Train,0.5986485147164325
ElasticNetCV,heifer,Total number of defects,MSE,2,Train,0.556471430944435
ElasticNetCV,heifer,Total number of defects,MSE,3,Train,0.5722013600472121
ElasticNetCV,heifer,Total number of defects,MSE,4,Train,0.4836510653325567
ElasticNetCV,heifer,Total number of defects,MSE,5,Train,0.6672054895571344
ElasticNetCV,heifer,Total number of defects,MSE,1,Test,0.5180632898327698
ElasticNetCV,heifer,Total number of defects,MSE,2,Test,0.7119643794860437
ElasticNetCV,heifer,Total number of defects,MSE,3,Test,0.7129065814633117
ElasticNetCV,heifer,Total number of defects,MSE,4,Test,0.999021864788468
ElasticNetCV,heifer,Total number of defects,MSE,5,Test,0.2391284000032106
SVR(C=1),cow,live weight,MAE,1,Train,40.3413662031247
SVR(C=1),cow,live weight,MAE,2,Train,41.22397214687676
SVR(C=1),cow,live weight,MAE,3,Train,46.72719795332836
SVR(C=1),cow,live weight,MAE,4,Train,48.60050327421164
SVR(C=1),cow,live weight,MAE,5,Train,45.688371948642754
SVR(C=1),cow,live weight,MAE,1,Test,62.18235298146272
SVR(C=1),cow,live weight,MAE,2,Test,58.95980396550148
SVR(C=1),cow,live weight,MAE,3,Test,38.42941189632396
SVR(C=1),cow,live weight,MAE,4,Test,32.62109962475715
SVR(C=1),cow,live weight,MAE,5,Test,40.68781882308718
SVR(C=1),cow,live weight,MSE,1,Train,3081.9361272946526
SVR(C=1),cow,live weight,MSE,2,Train,3009.675031860501
SVR(C=1),cow,live weight,MSE,3,Train,3920.478299474838
SVR(C=1),cow,live weight,MSE,4,Train,4076.977391765992
SVR(C=1),cow,live weight,MSE,5,Train,3910.19816901393
SVR(C=1),cow,live weight,MSE,1,Test,5833.314560699071
SVR(C=1),cow,live weight,MSE,2,Test,6208.811283573132
SVR(C=1),cow,live weight,MSE,3,Test,2257.9564342866765
SVR(C=1),cow,live weight,MSE,4,Test,1679.0345110769763
SVR(C=1),cow,live weight,MSE,5,Test,2620.434631870425
SVR(C=1),steer,live weight,MAE,1,Train,31.09614429557269
SVR(C=1),steer,live weight,MAE,2,Train,29.04932192399917
SVR(C=1),steer,live weight,MAE,3,Train,30.089248462118675
SVR(C=1),steer,live weight,MAE,4,Train,30.566353063727995
SVR(C=1),steer,live weight,MAE,5,Train,30.76391251212381
SVR(C=1),steer,live weight,MAE,1,Test,26.82339913758043
SVR(C=1),steer,live weight,MAE,2,Test,36.56429325401457
SVR(C=1),steer,live weight,MAE,3,Test,31.7179552805097
SVR(C=1),steer,live weight,MAE,4,Test,29.85634217075924
SVR(C=1),steer,live weight,MAE,5,Test,29.89627683511958
SVR(C=1),steer,live weight,MSE,1,Train,2445.4144151046075
SVR(C=1),steer,live weight,MSE,2,Train,1477.5979503314923
SVR(C=1),steer,live weight,MSE,3,Train,2317.2380094156238
SVR(C=1),steer,live weight,MSE,4,Train,2419.9203233514218
SVR(C=1),steer,live weight,MSE,5,Train,2399.3951537527514
SVR(C=1),steer,live weight,MSE,1,Test,1207.9111158619555
SVR(C=1),steer,live weight,MSE,2,Test,5212.649131944668
SVR(C=1),steer,live weight,MSE,3,Test,1838.844012224462
SVR(C=1),steer,live weight,MSE,4,Test,1437.5333726005315
SVR(C=1),steer,live weight,MSE,5,Test,1552.8853746212474
SVR(C=1),heifer,live weight,MAE,1,Train,22.802272418289636
SVR(C=1),heifer,live weight,MAE,2,Train,22.79645900081532
SVR(C=1),heifer,live weight,MAE,3,Train,21.400724172941725
SVR(C=1),heifer,live weight,MAE,4,Train,22.70851501633993
SVR(C=1),heifer,live weight,MAE,5,Train,19.37240446553143
SVR(C=1),heifer,live weight,MAE,1,Test,20.240799014787537
SVR(C=1),heifer,live weight,MAE,2,Test,17.99968959471151
SVR(C=1),heifer,live weight,MAE,3,Test,25.391449046129114
SVR(C=1),heifer,live weight,MAE,4,Test,20.835361041480756
SVR(C=1),heifer,live weight,MAE,5,Test,33.20156585834421
SVR(C=1),heifer,live weight,MSE,1,Train,1023.2341274926761
SVR(C=1),heifer,live weight,MSE,2,Train,965.1318233318248
SVR(C=1),heifer,live weight,MSE,3,Train,885.3897541102318
SVR(C=1),heifer,live weight,MSE,4,Train,971.445971291898
SVR(C=1),heifer,live weight,MSE,5,Train,635.52224281892
SVR(C=1),heifer,live weight,MSE,1,Test,576.9346689624545
SVR(C=1),heifer,live weight,MSE,2,Test,547.6472965470703
SVR(C=1),heifer,live weight,MSE,3,Test,1052.725632018105
SVR(C=1),heifer,live weight,MSE,4,Test,622.2168001391071
SVR(C=1),heifer,live weight,MSE,5,Test,2001.481736507291
SVR(C=1),cow,carcass weight,MAE,1,Train,20.564516129068497
SVR(C=1),cow,carcass weight,MAE,2,Train,20.56774193550436
SVR(C=1),cow,carcass weight,MAE,3,Train,26.404617308167065
SVR(C=1),cow,carcass weight,MAE,4,Train,24.839212951637617
SVR(C=1),cow,carcass weight,MAE,5,Train,24.66249999995025
SVR(C=1),cow,carcass weight,MAE,1,Test,35.28749999994382
SVR(C=1),cow,carcass weight,MAE,2,Test,35.27499999989416
SVR(C=1),cow,carcass weight,MAE,3,Test,13.804411896263844
SVR(C=1),cow,carcass weight,MAE,4,Test,20.6835996247828
SVR(C=1),cow,carcass weight,MAE,5,Test,18.65714285731344
SVR(C=1),cow,carcass weight,MSE,1,Train,881.9035483858514
SVR(C=1),cow,carcass weight,MSE,2,Train,758.1567741915135
SVR(C=1),cow,carcass weight,MSE,3,Train,1216.594330909715
SVR(C=1),cow,carcass weight,MSE,4,Train,1172.6244764264204
SVR(C=1),cow,carcass weight,MSE,5,Train,1160.8600000033234
SVR(C=1),cow,carcass weight,MSE,1,Test,1725.078749992264
SVR(C=1),cow,carcass weight,MSE,2,Test,2210.597499995756
SVR(C=1),cow,carcass weight,MSE,3,Test,281.8260346113841
SVR(C=1),cow,carcass weight,MSE,4,Test,621.5823917155395
SVR(C=1),cow,carcass weight,MSE,5,Test,576.4457142961993
SVR(C=1),steer,carcass weight,MAE,1,Train,15.877242681179707
SVR(C=1),steer,carcass weight,MAE,2,Train,15.528631584682834
SVR(C=1),steer,carcass weight,MAE,3,Train,15.605563470529676
SVR(C=1),steer,carcass weight,MAE,4,Train,15.416741906785667
SVR(C=1),steer,carcass weight,MAE,5,Train,15.332383969614192
SVR(C=1),steer,carcass weight,MAE,1,Test,14.189234789774147
SVR(C=1),steer,carcass weight,MAE,2,Test,16.450583513283494
SVR(C=1),steer,carcass weight,MAE,3,Test,15.74875889704981
SVR(C=1),steer,carcass weight,MAE,4,Test,16.264469494688772
SVR(C=1),steer,carcass weight,MAE,5,Test,17.56574322347411
SVR(C=1),steer,carcass weight,MSE,1,Train,419.71393953051876
SVR(C=1),steer,carcass weight,MSE,2,Train,411.0024039902212
SVR(C=1),steer,carcass weight,MSE,3,Train,421.2793338239045
SVR(C=1),steer,carcass weight,MSE,4,Train,404.6022220252195
SVR(C=1),steer,carcass weight,MSE,5,Train,388.82232461948337
SVR(C=1),steer,carcass weight,MSE,1,Test,344.9660433096926
SVR(C=1),steer,carcass weight,MSE,2,Test,437.10307568082015
SVR(C=1),steer,carcass weight,MSE,3,Test,379.1559536573903
SVR(C=1),steer,carcass weight,MSE,4,Test,425.83574441715376
SVR(C=1),steer,carcass weight,MSE,5,Test,526.3003750426013
SVR(C=1),heifer,carcass weight,MAE,1,Train,12.257880207302515
SVR(C=1),heifer,carcass weight,MAE,2,Train,12.487934955204294
SVR(C=1),heifer,carcass weight,MAE,3,Train,11.935818300938807
SVR(C=1),heifer,carcass weight,MAE,4,Train,12.457339139274607
SVR(C=1),heifer,carcass weight,MAE,5,Train,10.470192344950865
SVR(C=1),heifer,carcass weight,MAE,1,Test,11.76722473561707
SVR(C=1),heifer,carcass weight,MAE,2,Test,8.585519210768245
SVR(C=1),heifer,carcass weight,MAE,3,Test,14.237197404197254
SVR(C=1),heifer,carcass weight,MAE,4,Test,11.118296074854525
SVR(C=1),heifer,carcass weight,MAE,5,Test,17.813533322941886
SVR(C=1),heifer,carcass weight,MSE,1,Train,300.8384254427465
SVR(C=1),heifer,carcass weight,MSE,2,Train,298.8757998054304
SVR(C=1),heifer,carcass weight,MSE,3,Train,287.60526964865704
SVR(C=1),heifer,carcass weight,MSE,4,Train,307.26303274994314
SVR(C=1),heifer,carcass weight,MSE,5,Train,188.07660183207963
SVR(C=1),heifer,carcass weight,MSE,1,Test,240.13594454717003
SVR(C=1),heifer,carcass weight,MSE,2,Test,141.49586134200592
SVR(C=1),heifer,carcass weight,MSE,3,Test,301.8363032382253
SVR(C=1),heifer,carcass weight,MSE,4,Test,182.0741841269165
SVR(C=1),heifer,carcass weight,MSE,5,Test,635.0148030140733
SVR(C=1),cow,price,MAE,1,Train,75.52096774212232
SVR(C=1),cow,price,MAE,2,Train,76.01524342620117
SVR(C=1),cow,price,MAE,3,Train,98.66846923262173
SVR(C=1),cow,price,MAE,4,Train,94.01498301720095
SVR(C=1),cow,price,MAE,5,Train,88.83281249983261
SVR(C=1),cow,price,MAE,1,Test,132.3000000001609
SVR(C=1),cow,price,MAE,2,Test,131.53039206923762
SVR(C=1),cow,price,MAE,3,Test,52.55992620687084
SVR(C=1),cow,price,MAE,4,Test,60.547697373299954
SVR(C=1),cow,price,MAE,5,Test,80.92857142793376
SVR(C=1),cow,price,MSE,1,Train,11622.152983915514
SVR(C=1),cow,price,MSE,2,Train,11127.610808548337
SVR(C=1),cow,price,MSE,3,Train,17548.272089385864
SVR(C=1),cow,price,MSE,4,Train,16269.614183138016
SVR(C=1),cow,price,MSE,5,Train,15310.536015554835
SVR(C=1),cow,price,MSE,1,Test,25197.850000100887
SVR(C=1),cow,price,MSE,2,Test,27435.953453583767
SVR(C=1),cow,price,MSE,3,Test,3745.075836247355
SVR(C=1),cow,price,MSE,4,Test,6549.351501635043
SVR(C=1),cow,price,MSE,5,Test,10669.381428447183
SVR(C=1),steer,price,MAE,1,Train,104.42234013493187
SVR(C=1),steer,price,MAE,2,Train,100.74780124745183
SVR(C=1),steer,price,MAE,3,Train,102.29936131595498
SVR(C=1),steer,price,MAE,4,Train,101.04210829894004
SVR(C=1),steer,price,MAE,5,Train,99.06910257026165
SVR(C=1),steer,price,MAE,1,Test,90.36632092345774
SVR(C=1),steer,price,MAE,2,Test,105.81065026907066
SVR(C=1),steer,price,MAE,3,Test,98.50261998796113
SVR(C=1),steer,price,MAE,4,Test,104.35389969836143
SVR(C=1),steer,price,MAE,5,Test,113.24255226011952
SVR(C=1),steer,price,MSE,1,Train,17392.219381547875
SVR(C=1),steer,price,MSE,2,Train,16557.586730308085
SVR(C=1),steer,price,MSE,3,Train,17004.64705235437
SVR(C=1),steer,price,MSE,4,Train,16618.390499039175
SVR(C=1),steer,price,MSE,5,Train,15576.960485702042
SVR(C=1),steer,price,MSE,1,Test,13368.168812410757
SVR(C=1),steer,price,MSE,2,Test,17328.36072906956
SVR(C=1),steer,price,MSE,3,Test,15230.284690880968
SVR(C=1),steer,price,MSE,4,Test,16870.233884569156
SVR(C=1),steer,price,MSE,5,Test,21164.583501372734
SVR(C=1),heifer,price,MAE,1,Train,73.34777353087377
SVR(C=1),heifer,price,MAE,2,Train,80.15631496836463
SVR(C=1),heifer,price,MAE,3,Train,69.96127341128795
SVR(C=1),heifer,price,MAE,4,Train,74.97434154250853
SVR(C=1),heifer,price,MAE,5,Train,65.64839998852645
SVR(C=1),heifer,price,MAE,1,Test,75.8636927357351
SVR(C=1),heifer,price,MAE,2,Test,44.06228629400936
SVR(C=1),heifer,price,MAE,3,Test,87.17841961878322
SVR(C=1),heifer,price,MAE,4,Test,65.03197960644226
SVR(C=1),heifer,price,MAE,5,Test,101.63792319322052
SVR(C=1),heifer,price,MSE,1,Train,10648.474366402417
SVR(C=1),heifer,price,MSE,2,Train,11308.66595112494
SVR(C=1),heifer,price,MSE,3,Train,9804.021654968306
SVR(C=1),heifer,price,MSE,4,Train,10857.78312876697
SVR(C=1),heifer,price,MSE,5,Train,6954.419104115478
SVR(C=1),heifer,price,MSE,1,Test,9282.64268220384
SVR(C=1),heifer,price,MSE,2,Test,4021.616580035035
SVR(C=1),heifer,price,MSE,3,Test,10513.221610568007
SVR(C=1),heifer,price,MSE,4,Test,5941.108535930594
SVR(C=1),heifer,price,MSE,5,Test,22161.802354147774
SVR(C=1),cow,Total number of defects,MAE,1,Train,0.6999999999934096
SVR(C=1),cow,Total number of defects,MAE,2,Train,0.7516129032277575
SVR(C=1),cow,Total number of defects,MAE,3,Train,0.8419354838705776
SVR(C=1),cow,Total number of defects,MAE,4,Train,0.7580645161307011
SVR(C=1),cow,Total number of defects,MAE,5,Train,0.831250000014216
SVR(C=1),cow,Total number of defects,MAE,1,Test,1.1
SVR(C=1),cow,Total number of defects,MAE,2,Test,0.8999999999697585
SVR(C=1),cow,Total number of defects,MAE,3,Test,0.6499999999969759
SVR(C=1),cow,Total number of defects,MAE,4,Test,0.9749999999974135
SVR(C=1),cow,Total number of defects,MAE,5,Test,0.5571428571266104
SVR(C=1),cow,Total number of defects,MSE,1,Train,0.8487096774189157
SVR(C=1),cow,Total number of defects,MSE,2,Train,0.9648387096832726
SVR(C=1),cow,Total number of defects,MSE,3,Train,1.106774193553772
SVR(C=1),cow,Total number of defects,MSE,4,Train,0.9132258064503448
SVR(C=1),cow,Total number of defects,MSE,5,Train,1.1100000000241668
SVR(C=1),cow,Total number of defects,MSE,1,Test,1.5599999999727605
SVR(C=1),cow,Total number of defects,MSE,2,Test,1.1099999999516132
SVR(C=1),cow,Total number of defects,MSE,3,Test,0.8600000000006047
SVR(C=1),cow,Total number of defects,MSE,4,Test,1.6099999999865502
SVR(C=1),cow,Total number of defects,MSE,5,Test,0.46714285708761777
SVR(C=1),steer,Total number of defects,MAE,1,Train,0.3378686658349597
SVR(C=1),steer,Total number of defects,MAE,2,Train,0.34383845516568157
SVR(C=1),steer,Total number of defects,MAE,3,Train,0.33574777444332676
SVR(C=1),steer,Total number of defects,MAE,4,Train,0.3174336566581722
SVR(C=1),steer,Total number of defects,MAE,5,Train,0.3373166587353677
SVR(C=1),steer,Total number of defects,MAE,1,Test,0.33149000652563065
SVR(C=1),steer,Total number of defects,MAE,2,Test,0.33707003277072295
SVR(C=1),steer,Total number of defects,MAE,3,Test,0.33541176008170126
SVR(C=1),steer,Total number of defects,MAE,4,Test,0.4208070613329616
SVR(C=1),steer,Total number of defects,MAE,5,Test,0.36144989611661055
SVR(C=1),steer,Total number of defects,MSE,1,Train,0.4246594812211102
SVR(C=1),steer,Total number of defects,MSE,2,Train,0.4777504835940175
SVR(C=1),steer,Total number of defects,MSE,3,Train,0.4173878368030883
SVR(C=1),steer,Total number of defects,MSE,4,Train,0.3391578819387962
SVR(C=1),steer,Total number of defects,MSE,5,Train,0.4423583211477658
SVR(C=1),steer,Total number of defects,MSE,1,Test,0.48186508187901794
SVR(C=1),steer,Total number of defects,MSE,2,Test,0.3359547050900463
SVR(C=1),steer,Total number of defects,MSE,3,Test,0.34907046495158756
SVR(C=1),steer,Total number of defects,MSE,4,Test,0.7611511858529454
SVR(C=1),steer,Total number of defects,MSE,5,Test,0.37721835275115206
SVR(C=1),heifer,Total number of defects,MAE,1,Train,0.4698535227085994
SVR(C=1),heifer,Total number of defects,MAE,2,Train,0.4442209783161523
SVR(C=1),heifer,Total number of defects,MAE,3,Train,0.4674218280310157
SVR(C=1),heifer,Total number of defects,MAE,4,Train,0.46319226138322267
SVR(C=1),heifer,Total number of defects,MAE,5,Train,0.516011536525064
SVR(C=1),heifer,Total number of defects,MAE,1,Test,0.499383759407454
SVR(C=1),heifer,Total number of defects,MAE,2,Test,0.5909258746890104
SVR(C=1),heifer,Total number of defects,MAE,3,Test,0.49999406435546023
SVR(C=1),heifer,Total number of defects,MAE,4,Test,0.5257574119512761
SVR(C=1),heifer,Total number of defects,MAE,5,Test,0.29995025906325407
SVR(C=1),heifer,Total number of defects,MSE,1,Train,0.6632399366018144
SVR(C=1),heifer,Total number of defects,MSE,2,Train,0.6193637278623424
SVR(C=1),heifer,Total number of defects,MSE,3,Train,0.6286063181861781
SVR(C=1),heifer,Total number of defects,MSE,4,Train,0.5461087063763895
SVR(C=1),heifer,Total number of defects,MSE,5,Train,0.7542377282051252
SVR(C=1),heifer,Total number of defects,MSE,1,Test,0.5041199673363412
SVR(C=1),heifer,Total number of defects,MSE,2,Test,0.7711461073376173
SVR(C=1),heifer,Total number of defects,MSE,3,Test,0.7736167093103584
SVR(C=1),heifer,Total number of defects,MSE,4,Test,1.0270939009628042
SVR(C=1),heifer,Total number of defects,MSE,5,Test,0.21951392424848284
SVR(C=3),cow,live weight,MAE,1,Train,40.025806451671556
SVR(C=3),cow,live weight,MAE,2,Train,41.01290322584917
SVR(C=3),cow,live weight,MAE,3,Train,46.21385192450121
SVR(C=3),cow,live weight,MAE,4,Train,48.4724775645704
SVR(C=3),cow,live weight,MAE,5,Train,45.40624999993531
SVR(C=3),cow,live weight,MAE,1,Test,62.799999999848474
SVR(C=3),cow,live weight,MAE,2,Test,59.35000000000001
SVR(C=3),cow,live weight,MAE,3,Test,41.41323568897196
SVR(C=3),cow,live weight,MAE,4,Test,33.61329887427142
SVR(C=3),cow,live weight,MAE,5,Test,41.457142857586405
SVR(C=3),cow,live weight,MSE,1,Train,3113.4851612864686
SVR(C=3),cow,live weight,MSE,2,Train,3043.86258064339
SVR(C=3),cow,live weight,MSE,3,Train,3817.323934265607
SVR(C=3),cow,live weight,MSE,4,Train,4047.894859807752
SVR(C=3),cow,live weight,MSE,5,Train,3924.38937500665
SVR(C=3),cow,live weight,MSE,1,Test,5995.079999974454
SVR(C=3),cow,live weight,MSE,2,Test,6271.42749998232
SVR(C=3),cow,live weight,MSE,3,Test,2504.7596205666355
SVR(C=3),cow,live weight,MSE,4,Test,1735.2302893365681
SVR(C=3),cow,live weight,MSE,5,Test,2714.7342857635495
SVR(C=3),steer,live weight,MAE,1,Train,29.454889812302763
SVR(C=3),steer,live weight,MAE,2,Train,27.642607943808787
SVR(C=3),steer,live weight,MAE,3,Train,28.801764382995717
SVR(C=3),steer,live weight,MAE,4,Train,29.17887486906414
SVR(C=3),steer,live weight,MAE,5,Train,29.633632498194395
SVR(C=3),steer,live weight,MAE,1,Test,27.148372403825398
SVR(C=3),steer,live weight,MAE,2,Test,35.42502715325392
SVR(C=3),steer,live weight,MAE,3,Test,31.089879401804783
SVR(C=3),steer,live weight,MAE,4,Test,29.09793182021968
SVR(C=3),steer,live weight,MAE,5,Test,28.418215007485234
SVR(C=3),steer,live weight,MSE,1,Train,2271.940411344488
SVR(C=3),steer,live weight,MSE,2,Train,1353.3607814372572
SVR(C=3),steer,live weight,MSE,3,Train,2175.8708552439357
SVR(C=3),steer,live weight,MSE,4,Train,2267.5633699158248
SVR(C=3),steer,live weight,MSE,5,Train,2263.0291690966606
SVR(C=3),steer,live weight,MSE,1,Test,1181.5383818818502
SVR(C=3),steer,live weight,MSE,2,Test,5020.626815429839
SVR(C=3),steer,live weight,MSE,3,Test,1761.4038198998899
SVR(C=3),steer,live weight,MSE,4,Test,1340.1096634065043
SVR(C=3),steer,live weight,MSE,5,Test,1403.2352127839954
SVR(C=3),heifer,live weight,MAE,1,Train,21.709695274969235
SVR(C=3),heifer,live weight,MAE,2,Train,20.735627147445882
SVR(C=3),heifer,live weight,MAE,3,Train,20.083218265017283
SVR(C=3),heifer,live weight,MAE,4,Train,21.365495084711906
SVR(C=3),heifer,live weight,MAE,5,Train,17.83012730813901
SVR(C=3),heifer,live weight,MAE,1,Test,18.555250485557163
SVR(C=3),heifer,live weight,MAE,2,Test,18.617514902777433
SVR(C=3),heifer,live weight,MAE,3,Test,24.39864338739026
SVR(C=3),heifer,live weight,MAE,4,Test,18.18621562749672
SVR(C=3),heifer,live weight,MAE,5,Test,31.624801374250236
SVR(C=3),heifer,live weight,MSE,1,Train,931.6388259236151
SVR(C=3),heifer,live weight,MSE,2,Train,853.7902750840589
SVR(C=3),heifer,live weight,MSE,3,Train,816.4996027938646
SVR(C=3),heifer,live weight,MSE,4,Train,885.8318788589793
SVR(C=3),heifer,live weight,MSE,5,Train,554.3823388754761
SVR(C=3),heifer,live weight,MSE,1,Test,498.2061217293614
SVR(C=3),heifer,live weight,MSE,2,Test,572.9814156321657
SVR(C=3),heifer,live weight,MSE,3,Test,1038.6531566650374
SVR(C=3),heifer,live weight,MSE,4,Test,517.6018330774168
SVR(C=3),heifer,live weight,MSE,5,Test,1888.678477813708
SVR(C=3),cow,carcass weight,MAE,1,Train,20.551612903217677
SVR(C=3),cow,carcass weight,MAE,2,Train,20.484914594034354
SVR(C=3),cow,carcass weight,MAE,3,Train,25.987096774255004
SVR(C=3),cow,carcass weight,MAE,4,Train,24.74516129031424
SVR(C=3),cow,carcass weight,MAE,5,Train,24.584375
SVR(C=3),cow,carcass weight,MAE,1,Test,35.33749999993701
SVR(C=3),cow,carcass weight,MAE,2,Test,36.175367844576215
SVR(C=3),cow,carcass weight,MAE,3,Test,16.27499999936495
SVR(C=3),cow,carcass weight,MAE,4,Test,21.38749999999999
SVR(C=3),cow,carcass weight,MAE,5,Test,19.333721260245145
SVR(C=3),cow,carcass weight,MSE,1,Train,883.0519354823738
SVR(C=3),cow,carcass weight,MSE,2,Train,773.0525833693799
SVR(C=3),cow,carcass weight,MSE,3,Train,1195.766451619786
SVR(C=3),cow,carcass weight,MSE,4,Train,1162.8261290290093
SVR(C=3),cow,carcass weight,MSE,5,Train,1169.9253118705785
SVR(C=3),cow,carcass weight,MSE,1,Test,1732.0037499912253
SVR(C=3),cow,carcass weight,MSE,2,Test,2247.8569131281524
SVR(C=3),cow,carcass weight,MSE,3,Test,341.83499997932915
SVR(C=3),cow,carcass weight,MSE,4,Test,659.5037500001868
SVR(C=3),cow,carcass weight,MSE,5,Test,619.9790805850062
SVR(C=3),steer,carcass weight,MAE,1,Train,14.856192241754712
SVR(C=3),steer,carcass weight,MAE,2,Train,14.558689623583755
SVR(C=3),steer,carcass weight,MAE,3,Train,14.794574575744372
SVR(C=3),steer,carcass weight,MAE,4,Train,14.472039434726677
SVR(C=3),steer,carcass weight,MAE,5,Train,14.481204904555181
SVR(C=3),steer,carcass weight,MAE,1,Test,13.786422523465415
SVR(C=3),steer,carcass weight,MAE,2,Test,15.440706784955493
SVR(C=3),steer,carcass weight,MAE,3,Test,14.830449921068457
SVR(C=3),steer,carcass weight,MAE,4,Test,15.574468271273298
SVR(C=3),steer,carcass weight,MAE,5,Test,16.283505880149868
SVR(C=3),steer,carcass weight,MSE,1,Train,380.2677445311128
SVR(C=3),steer,carcass weight,MSE,2,Train,370.74147601460555
SVR(C=3),steer,carcass weight,MSE,3,Train,386.37798290735645
SVR(C=3),steer,carcass weight,MSE,4,Train,367.4948340583398
SVR(C=3),steer,carcass weight,MSE,5,Train,357.4071257359745
SVR(C=3),steer,carcass weight,MSE,1,Test,334.9847155605068
SVR(C=3),steer,carcass weight,MSE,2,Test,399.410339162618
SVR(C=3),steer,carcass weight,MSE,3,Test,342.0955916911734
SVR(C=3),steer,carcass weight,MSE,4,Test,399.95080371549335
SVR(C=3),steer,carcass weight,MSE,5,Test,461.60673237272454
SVR(C=3),heifer,carcass weight,MAE,1,Train,11.427079214016635
SVR(C=3),heifer,carcass weight,MAE,2,Train,11.236901938293856
SVR(C=3),heifer,carcass weight,MAE,3,Train,11.348842293513803
SVR(C=3),heifer,carcass weight,MAE,4,Train,11.614222762497969
SVR(C=3),heifer,carcass weight,MAE,5,Train,9.59084805751756
SVR(C=3),heifer,carcass weight,MAE,1,Test,11.059681116460048
SVR(C=3),heifer,carcass weight,MAE,2,Test,10.261259459047764
SVR(C=3),heifer,carcass weight,MAE,3,Test,12.531187582682774
SVR(C=3),heifer,carcass weight,MAE,4,Test,9.821153578068962
SVR(C=3),heifer,carcass weight,MAE,5,Test,17.29045611740009
SVR(C=3),heifer,carcass weight,MSE,1,Train,266.4006678353732
SVR(C=3),heifer,carcass weight,MSE,2,Train,262.9115816069817
SVR(C=3),heifer,carcass weight,MSE,3,Train,270.4094061336126
SVR(C=3),heifer,carcass weight,MSE,4,Train,274.4467632792073
SVR(C=3),heifer,carcass weight,MSE,5,Train,170.62213695283367
SVR(C=3),heifer,carcass weight,MSE,1,Test,215.2028752467356
SVR(C=3),heifer,carcass weight,MSE,2,Test,180.2797350790884
SVR(C=3),heifer,carcass weight,MSE,3,Test,264.463738315269
SVR(C=3),heifer,carcass weight,MSE,4,Test,159.42135436726562
SVR(C=3),heifer,carcass weight,MSE,5,Test,565.6454470226088
SVR(C=3),cow,price,MAE,1,Train,73.67220088905718
SVR(C=3),cow,price,MAE,2,Train,73.9618593108616
SVR(C=3),cow,price,MAE,3,Train,96.6177419358096
SVR(C=3),cow,price,MAE,4,Train,90.76355201778394
SVR(C=3),cow,price,MAE,5,Train,87.89324084592826
SVR(C=3),cow,price,MAE,1,Test,130.51213211122362
SVR(C=3),cow,price,MAE,2,Test,129.54117620771297
SVR(C=3),cow,price,MAE,3,Test,46.59999999963938
SVR(C=3),cow,price,MAE,4,Test,63.1664943713571
SVR(C=3),cow,price,MAE,5,Test,77.95082924444337
SVR(C=3),cow,price,MSE,1,Train,11130.249997270146
SVR(C=3),cow,price,MSE,2,Train,10534.80889159005
SVR(C=3),cow,price,MSE,3,Train,16705.707661425662
SVR(C=3),cow,price,MSE,4,Train,15534.611070221556
SVR(C=3),cow,price,MSE,5,Train,14974.606366152559
SVR(C=3),cow,price,MSE,1,Test,24300.227383610574
SVR(C=3),cow,price,MSE,2,Test,26661.516631577702
SVR(C=3),cow,price,MSE,3,Test,3229.5831249419393
SVR(C=3),cow,price,MSE,4,Test,6628.702531595304
SVR(C=3),cow,price,MSE,5,Test,9868.606715588994
SVR(C=3),steer,price,MAE,1,Train,98.7795763907226
SVR(C=3),steer,price,MAE,2,Train,95.75989932655395
SVR(C=3),steer,price,MAE,3,Train,96.62395959664126
SVR(C=3),steer,price,MAE,4,Train,95.81724635453017
SVR(C=3),steer,price,MAE,5,Train,94.43061491660829
SVR(C=3),steer,price,MAE,1,Test,86.528010894991
SVR(C=3),steer,price,MAE,2,Test,100.90142297566608
SVR(C=3),steer,price,MAE,3,Test,95.55600482483216
SVR(C=3),steer,price,MAE,4,Test,99.7322812940055
SVR(C=3),steer,price,MAE,5,Test,109.12963770121623
SVR(C=3),steer,price,MSE,1,Train,15911.874071892922
SVR(C=3),steer,price,MSE,2,Train,15325.353519595576
SVR(C=3),steer,price,MSE,3,Train,15694.342114845269
SVR(C=3),steer,price,MSE,4,Train,15283.260926561316
SVR(C=3),steer,price,MSE,5,Train,14487.972330485803
SVR(C=3),steer,price,MSE,1,Test,12560.020456153756
SVR(C=3),steer,price,MSE,2,Test,16127.973914840164
SVR(C=3),steer,price,MSE,3,Test,14188.731291926915
SVR(C=3),steer,price,MSE,4,Test,15833.828930772399
SVR(C=3),steer,price,MSE,5,Test,19788.858058094564
SVR(C=3),heifer,price,MAE,1,Train,70.66516160511605
SVR(C=3),heifer,price,MAE,2,Train,75.26767279532845
SVR(C=3),heifer,price,MAE,3,Train,67.79232055419368
SVR(C=3),heifer,price,MAE,4,Train,72.22302195480474
SVR(C=3),heifer,price,MAE,5,Train,62.12342304163867
SVR(C=3),heifer,price,MAE,1,Test,72.66021328014284
SVR(C=3),heifer,price,MAE,2,Test,44.95094370945015
SVR(C=3),heifer,price,MAE,3,Test,83.68760753320151
SVR(C=3),heifer,price,MAE,4,Test,62.81922526145553
SVR(C=3),heifer,price,MAE,5,Test,100.8704088385421
SVR(C=3),heifer,price,MSE,1,Train,10077.294793146977
SVR(C=3),heifer,price,MSE,2,Train,10443.649476569688
SVR(C=3),heifer,price,MSE,3,Train,9312.862702146742
SVR(C=3),heifer,price,MSE,4,Train,10246.999653267909
SVR(C=3),heifer,price,MSE,5,Train,6362.710191263631
SVR(C=3),heifer,price,MSE,1,Test,8883.03140484116
SVR(C=3),heifer,price,MSE,2,Test,4195.88793396516
SVR(C=3),heifer,price,MSE,3,Test,10019.789767554747
SVR(C=3),heifer,price,MSE,4,Test,5616.2431443370715
SVR(C=3),heifer,price,MSE,5,Test,20893.78344487623
SVR(C=3),cow,Total number of defects,MAE,1,Train,0.6999999999934096
SVR(C=3),cow,Total number of defects,MAE,2,Train,0.7516129032277575
SVR(C=3),cow,Total number of defects,MAE,3,Train,0.8419354838705775
SVR(C=3),cow,Total number of defects,MAE,4,Train,0.7580645161307011
SVR(C=3),cow,Total number of defects,MAE,5,Train,0.831250000014216
SVR(C=3),cow,Total number of defects,MAE,1,Test,1.1
SVR(C=3),cow,Total number of defects,MAE,2,Test,0.8999999999697579
SVR(C=3),cow,Total number of defects,MAE,3,Test,0.6499999999969756
SVR(C=3),cow,Total number of defects,MAE,4,Test,0.9749999999974135
SVR(C=3),cow,Total number of defects,MAE,5,Test,0.5571428571266103
SVR(C=3),cow,Total number of defects,MSE,1,Train,0.8487096774189156
SVR(C=3),cow,Total number of defects,MSE,2,Train,0.9648387096832729
SVR(C=3),cow,Total number of defects,MSE,3,Train,1.106774193553772
SVR(C=3),cow,Total number of defects,MSE,4,Train,0.9132258064503447
SVR(C=3),cow,Total number of defects,MSE,5,Train,1.1100000000241672
SVR(C=3),cow,Total number of defects,MSE,1,Test,1.55999999997276
SVR(C=3),cow,Total number of defects,MSE,2,Test,1.1099999999516128
SVR(C=3),cow,Total number of defects,MSE,3,Test,0.8600000000006045
SVR(C=3),cow,Total number of defects,MSE,4,Test,1.6099999999865497
SVR(C=3),cow,Total number of defects,MSE,5,Test,0.46714285708761766
SVR(C=3),steer,Total number of defects,MAE,1,Train,0.33786512465555885
SVR(C=3),steer,Total number of defects,MAE,2,Train,0.34184427500472214
SVR(C=3),steer,Total number of defects,MAE,3,Train,0.33241390103112617
SVR(C=3),steer,Total number of defects,MAE,4,Train,0.3168847412972236
SVR(C=3),steer,Total number of defects,MAE,5,Train,0.33379332610618717
SVR(C=3),steer,Total number of defects,MAE,1,Test,0.3314687139303947
SVR(C=3),steer,Total number of defects,MAE,2,Test,0.32095224995741983
SVR(C=3),steer,Total number of defects,MAE,3,Test,0.35684594553482346
SVR(C=3),steer,Total number of defects,MAE,4,Test,0.42091077668677906
SVR(C=3),steer,Total number of defects,MAE,5,Test,0.3510403154073277
SVR(C=3),steer,Total number of defects,MSE,1,Train,0.42469998898719913
SVR(C=3),steer,Total number of defects,MSE,2,Train,0.45351186033733576
SVR(C=3),steer,Total number of defects,MSE,3,Train,0.40213245275841963
SVR(C=3),steer,Total number of defects,MSE,4,Train,0.33282267835674956
SVR(C=3),steer,Total number of defects,MSE,5,Train,0.4184253588360937
SVR(C=3),steer,Total number of defects,MSE,1,Test,0.4818878797551624
SVR(C=3),steer,Total number of defects,MSE,2,Test,0.286857884596276
SVR(C=3),steer,Total number of defects,MSE,3,Test,0.41754903086744616
SVR(C=3),steer,Total number of defects,MSE,4,Test,0.7602929578858428
SVR(C=3),steer,Total number of defects,MSE,5,Test,0.3628698784161795
SVR(C=3),heifer,Total number of defects,MAE,1,Train,0.4698535227085994
SVR(C=3),heifer,Total number of defects,MAE,2,Train,0.44418712954585254
SVR(C=3),heifer,Total number of defects,MAE,3,Train,0.46737995855120146
SVR(C=3),heifer,Total number of defects,MAE,4,Train,0.46319577545281665
SVR(C=3),heifer,Total number of defects,MAE,5,Train,0.5160291717253148
SVR(C=3),heifer,Total number of defects,MAE,1,Test,0.4993837594074538
SVR(C=3),heifer,Total number of defects,MAE,2,Test,0.5908935063125405
SVR(C=3),heifer,Total number of defects,MAE,3,Test,0.4999476912513474
SVR(C=3),heifer,Total number of defects,MAE,4,Test,0.5257423796726334
SVR(C=3),heifer,Total number of defects,MAE,5,Test,0.29993737231412043
SVR(C=3),heifer,Total number of defects,MSE,1,Train,0.6632399366018142
SVR(C=3),heifer,Total number of defects,MSE,2,Train,0.6193432518559064
SVR(C=3),heifer,Total number of defects,MSE,3,Train,0.6285535533684149
SVR(C=3),heifer,Total number of defects,MSE,4,Train,0.5461065360498034
SVR(C=3),heifer,Total number of defects,MSE,5,Train,0.7542473418400575
SVR(C=3),heifer,Total number of defects,MSE,1,Test,0.5041199673363411
SVR(C=3),heifer,Total number of defects,MSE,2,Test,0.7711579400104319
SVR(C=3),heifer,Total number of defects,MSE,3,Test,0.7736880146233234
SVR(C=3),heifer,Total number of defects,MSE,4,Test,1.0270728541820415
SVR(C=3),heifer,Total number of defects,MSE,5,Test,0.21948282866485552
Random Forest depth4,cow,live weight,MAE,1,Train,40.91810247947387
Random Forest depth4,cow,live weight,MAE,2,Train,42.67433329416728
Random Forest depth4,cow,live weight,MAE,3,Train,46.39456213403971
Random Forest depth4,cow,live weight,MAE,4,Train,48.6792357982485
Random Forest depth4,cow,live weight,MAE,5,Train,46.73011136087296
Random Forest depth4,cow,live weight,MAE,1,Test,61.181592155543875
Random Forest depth4,cow,live weight,MAE,2,Test,55.87372960743308
Random Forest depth4,cow,live weight,MAE,3,Test,53.541690968897534
Random Forest depth4,cow,live weight,MAE,4,Test,34.89034114931847
Random Forest depth4,cow,live weight,MAE,5,Test,37.48075706246901
Random Forest depth4,cow,live weight,MSE,1,Train,3062.9176857307725
Random Forest depth4,cow,live weight,MSE,2,Train,2892.62272411854
Random Forest depth4,cow,live weight,MSE,3,Train,3649.0694614419244
Random Forest depth4,cow,live weight,MSE,4,Train,4005.5436181863984
Random Forest depth4,cow,live weight,MSE,5,Train,3870.9977253068405
Random Forest depth4,cow,live weight,MSE,1,Test,5541.470547090812
Random Forest depth4,cow,live weight,MSE,2,Test,6158.337587999755
Random Forest depth4,cow,live weight,MSE,3,Test,3770.6558697585756
Random Forest depth4,cow,live weight,MSE,4,Test,1882.4296215247396
Random Forest depth4,cow,live weight,MSE,5,Test,2204.582206992333
Random Forest depth4,steer,live weight,MAE,1,Train,28.95266805626884
Random Forest depth4,steer,live weight,MAE,2,Train,26.981967139134213
Random Forest depth4,steer,live weight,MAE,3,Train,28.48640210103328
Random Forest depth4,steer,live weight,MAE,4,Train,28.853613587869404
Random Forest depth4,steer,live weight,MAE,5,Train,29.450968451582764
Random Forest depth4,steer,live weight,MAE,1,Test,29.471287665988353
Random Forest depth4,steer,live weight,MAE,2,Test,35.612391553486624
Random Forest depth4,steer,live weight,MAE,3,Test,31.83399484322504
Random Forest depth4,steer,live weight,MAE,4,Test,28.66347344129595
Random Forest depth4,steer,live weight,MAE,5,Test,26.833791618671224
Random Forest depth4,steer,live weight,MSE,1,Train,2090.1946241433993
Random Forest depth4,steer,live weight,MSE,2,Train,1221.384763441789
Random Forest depth4,steer,live weight,MSE,3,Train,1957.1355764468067
Random Forest depth4,steer,live weight,MSE,4,Train,2074.0554476300617
Random Forest depth4,steer,live weight,MSE,5,Train,2086.511323491868
Random Forest depth4,steer,live weight,MSE,1,Test,1251.2205915837394
Random Forest depth4,steer,live weight,MSE,2,Test,4910.480872263258
Random Forest depth4,steer,live weight,MSE,3,Test,1799.0539682782626
Random Forest depth4,steer,live weight,MSE,4,Test,1251.4746916890535
Random Forest depth4,steer,live weight,MSE,5,Test,1286.1575436904347
Random Forest depth4,heifer,live weight,MAE,1,Train,19.719389253266062
Random Forest depth4,heifer,live weight,MAE,2,Train,19.048240878033013
Random Forest depth4,heifer,live weight,MAE,3,Train,20.2242424224713
Random Forest depth4,heifer,live weight,MAE,4,Train,20.405948545778752
Random Forest depth4,heifer,live weight,MAE,5,Train,15.968262860696974
Random Forest depth4,heifer,live weight,MAE,1,Test,17.33784414499939
Random Forest depth4,heifer,live weight,MAE,2,Test,22.415428600794513
Random Forest depth4,heifer,live weight,MAE,3,Test,18.617680863878913
Random Forest depth4,heifer,live weight,MAE,4,Test,17.66136620661701
Random Forest depth4,heifer,live weight,MAE,5,Test,30.97045748729608
Random Forest depth4,heifer,live weight,MSE,1,Train,742.6761968337981
Random Forest depth4,heifer,live weight,MSE,2,Train,697.8008365695645
Random Forest depth4,heifer,live weight,MSE,3,Train,731.6850659142955
Random Forest depth4,heifer,live weight,MSE,4,Train,763.7171949780951
Random Forest depth4,heifer,live weight,MSE,5,Train,434.6565219471857
Random Forest depth4,heifer,live weight,MSE,1,Test,529.4222448373805
Random Forest depth4,heifer,live weight,MSE,2,Test,763.5223010378315
Random Forest depth4,heifer,live weight,MSE,3,Test,678.3784878794587
Random Forest depth4,heifer,live weight,MSE,4,Test,416.58898082951066
Random Forest depth4,heifer,live weight,MSE,5,Test,1850.0240886213387
Random Forest depth4,cow,carcass weight,MAE,1,Train,21.09482603790068
Random Forest depth4,cow,carcass weight,MAE,2,Train,21.426762692073474
Random Forest depth4,cow,carcass weight,MAE,3,Train,25.792918249261803
Random Forest depth4,cow,carcass weight,MAE,4,Train,25.194765656350945
Random Forest depth4,cow,carcass weight,MAE,5,Train,25.528812662028386
Random Forest depth4,cow,carcass weight,MAE,1,Test,34.38274185551916
Random Forest depth4,cow,carcass weight,MAE,2,Test,33.75583082454465
Random Forest depth4,cow,carcass weight,MAE,3,Test,20.989097152112734
Random Forest depth4,cow,carcass weight,MAE,4,Test,21.54045603824278
Random Forest depth4,cow,carcass weight,MAE,5,Test,17.030459985166356
Random Forest depth4,cow,carcass weight,MSE,1,Train,873.5651347572316
Random Forest depth4,cow,carcass weight,MSE,2,Train,724.9864839604164
Random Forest depth4,cow,carcass weight,MSE,3,Train,1164.186571069517
Random Forest depth4,cow,carcass weight,MSE,4,Train,1120.818595627718
Random Forest depth4,cow,carcass weight,MSE,5,Train,1143.12637730986
Random Forest depth4,cow,carcass weight,MSE,1,Test,1611.4589724296393
Random Forest depth4,cow,carcass weight,MSE,2,Test,2157.336540134711
Random Forest depth4,cow,carcass weight,MSE,3,Test,521.8412203090668
Random Forest depth4,cow,carcass weight,MSE,4,Test,663.1277112493873
Random Forest depth4,cow,carcass weight,MSE,5,Test,463.57254067618607
Random Forest depth4,steer,carcass weight,MAE,1,Train,14.418635119732818
Random Forest depth4,steer,carcass weight,MAE,2,Train,14.21125017483974
Random Forest depth4,steer,carcass weight,MAE,3,Train,14.51436284880058
Random Forest depth4,steer,carcass weight,MAE,4,Train,14.12012645035033
Random Forest depth4,steer,carcass weight,MAE,5,Train,14.326792098293192
Random Forest depth4,steer,carcass weight,MAE,1,Test,14.6562016690197
Random Forest depth4,steer,carcass weight,MAE,2,Test,15.74057184106585
Random Forest depth4,steer,carcass weight,MAE,3,Test,14.174480182132147
Random Forest depth4,steer,carcass weight,MAE,4,Test,15.32262411545799
Random Forest depth4,steer,carcass weight,MAE,5,Test,15.703590608529867
Random Forest depth4,steer,carcass weight,MSE,1,Train,355.1766399649719
Random Forest depth4,steer,carcass weight,MSE,2,Train,338.61514910216306
Random Forest depth4,steer,carcass weight,MSE,3,Train,361.1667887237238
Random Forest depth4,steer,carcass weight,MSE,4,Train,340.35187331599246
Random Forest depth4,steer,carcass weight,MSE,5,Train,336.95194652181095
Random Forest depth4,steer,carcass weight,MSE,1,Test,353.9304759644411
Random Forest depth4,steer,carcass weight,MSE,2,Test,421.56264494916127
Random Forest depth4,steer,carcass weight,MSE,3,Test,323.6323604366715
Random Forest depth4,steer,carcass weight,MSE,4,Test,394.423805781149
Random Forest depth4,steer,carcass weight,MSE,5,Test,430.4673492142925
Random Forest depth4,heifer,carcass weight,MAE,1,Train,11.165537312489468
Random Forest depth4,heifer,carcass weight,MAE,2,Train,11.388379934197392
Random Forest depth4,heifer,carcass weight,MAE,3,Train,11.528144583723135
Random Forest depth4,heifer,carcass weight,MAE,4,Train,11.691881504979646
Random Forest depth4,heifer,carcass weight,MAE,5,Train,9.34191269795617
Random Forest depth4,heifer,carcass weight,MAE,1,Test,10.68105351156995
Random Forest depth4,heifer,carcass weight,MAE,2,Test,12.785549884692966
Random Forest depth4,heifer,carcass weight,MAE,3,Test,11.541137941716658
Random Forest depth4,heifer,carcass weight,MAE,4,Test,10.490460562131272
Random Forest depth4,heifer,carcass weight,MAE,5,Test,18.14213642435802
Random Forest depth4,heifer,carcass weight,MSE,1,Train,243.92338858726754
Random Forest depth4,heifer,carcass weight,MSE,2,Train,240.4509545421213
Random Forest depth4,heifer,carcass weight,MSE,3,Train,244.8943958811748
Random Forest depth4,heifer,carcass weight,MSE,4,Train,259.16192753389095
Random Forest depth4,heifer,carcass weight,MSE,5,Train,159.17164354032568
Random Forest depth4,heifer,carcass weight,MSE,1,Test,226.40572392245943
Random Forest depth4,heifer,carcass weight,MSE,2,Test,264.6730330464359
Random Forest depth4,heifer,carcass weight,MSE,3,Test,266.27341142365657
Random Forest depth4,heifer,carcass weight,MSE,4,Test,162.7472824014527
Random Forest depth4,heifer,carcass weight,MSE,5,Test,582.8323933927077
Random Forest depth4,cow,price,MAE,1,Train,72.96717555189835
Random Forest depth4,cow,price,MAE,2,Train,75.31352553943911
Random Forest depth4,cow,price,MAE,3,Train,89.69482827798764
Random Forest depth4,cow,price,MAE,4,Train,87.61007419364117
Random Forest depth4,cow,price,MAE,5,Train,88.94971825362592
Random Forest depth4,cow,price,MAE,1,Test,121.58100466242306
Random Forest depth4,cow,price,MAE,2,Test,114.70270501291003
Random Forest depth4,cow,price,MAE,3,Test,73.52393327813756
Random Forest depth4,cow,price,MAE,4,Test,75.11475492620129
Random Forest depth4,cow,price,MAE,5,Test,59.12663066561221
Random Forest depth4,cow,price,MSE,1,Train,10110.493684226522
Random Forest depth4,cow,price,MSE,2,Train,8961.64234085143
Random Forest depth4,cow,price,MSE,3,Train,13710.972389371305
Random Forest depth4,cow,price,MSE,4,Train,13213.114977404455
Random Forest depth4,cow,price,MSE,5,Train,13551.166042089575
Random Forest depth4,cow,price,MSE,1,Test,19996.48374774406
Random Forest depth4,cow,price,MSE,2,Test,24115.213561613164
Random Forest depth4,cow,price,MSE,3,Test,6501.066565280626
Random Forest depth4,cow,price,MSE,4,Test,8047.253379294368
Random Forest depth4,cow,price,MSE,5,Test,5410.763662994827
Random Forest depth4,steer,price,MAE,1,Train,85.09858820690874
Random Forest depth4,steer,price,MAE,2,Train,83.84477648257841
Random Forest depth4,steer,price,MAE,3,Train,85.62081612577111
Random Forest depth4,steer,price,MAE,4,Train,83.37688637866219
Random Forest depth4,steer,price,MAE,5,Train,84.52634906455648
Random Forest depth4,steer,price,MAE,1,Test,86.5230223758922
Random Forest depth4,steer,price,MAE,2,Test,92.88085775101834
Random Forest depth4,steer,price,MAE,3,Test,83.70888640002757
Random Forest depth4,steer,price,MAE,4,Test,90.3690262756795
Random Forest depth4,steer,price,MAE,5,Test,92.76521734796653
Random Forest depth4,steer,price,MSE,1,Train,12364.191127996324
Random Forest depth4,steer,price,MSE,2,Train,11786.764930788675
Random Forest depth4,steer,price,MSE,3,Train,12570.572386876767
Random Forest depth4,steer,price,MSE,4,Train,11850.773958800128
Random Forest depth4,steer,price,MSE,5,Train,11729.324869136533
Random Forest depth4,steer,price,MSE,1,Test,12325.930095528658
Random Forest depth4,steer,price,MSE,2,Test,14670.915241771463
Random Forest depth4,steer,price,MSE,3,Test,11280.661205021237
Random Forest depth4,steer,price,MSE,4,Test,13715.933602342733
Random Forest depth4,steer,price,MSE,5,Test,14987.347886679117
Random Forest depth4,heifer,price,MAE,1,Train,62.88071069030379
Random Forest depth4,heifer,price,MAE,2,Train,64.2973491208843
Random Forest depth4,heifer,price,MAE,3,Train,65.13377657912801
Random Forest depth4,heifer,price,MAE,4,Train,65.47275558497428
Random Forest depth4,heifer,price,MAE,5,Train,53.29775594893292
Random Forest depth4,heifer,price,MAE,1,Test,63.1200058919545
Random Forest depth4,heifer,price,MAE,2,Test,70.04272881228826
Random Forest depth4,heifer,price,MAE,3,Test,64.99654484976104
Random Forest depth4,heifer,price,MAE,4,Test,61.675906809816034
Random Forest depth4,heifer,price,MAE,5,Test,102.3687360127675
Random Forest depth4,heifer,price,MSE,1,Train,7714.676853651747
Random Forest depth4,heifer,price,MSE,2,Train,7694.171571996611
Random Forest depth4,heifer,price,MSE,3,Train,7774.445772369137
Random Forest depth4,heifer,price,MSE,4,Train,8127.312296046586
Random Forest depth4,heifer,price,MSE,5,Train,5025.510967955966
Random Forest depth4,heifer,price,MSE,1,Test,7297.694896673617
Random Forest depth4,heifer,price,MSE,2,Test,8032.606160698887
Random Forest depth4,heifer,price,MSE,3,Test,8305.569188496966
Random Forest depth4,heifer,price,MSE,4,Test,5650.368507310256
Random Forest depth4,heifer,price,MSE,5,Test,18577.961709781615
Random Forest depth4,cow,Total number of defects,MAE,1,Train,0.7149308842407386
Random Forest depth4,cow,Total number of defects,MAE,2,Train,0.7653753684587105
Random Forest depth4,cow,Total number of defects,MAE,3,Train,0.8453326726797642
Random Forest depth4,cow,Total number of defects,MAE,4,Train,0.762911198010004
Random Forest depth4,cow,Total number of defects,MAE,5,Train,0.8301308372189636
Random Forest depth4,cow,Total number of defects,MAE,1,Test,1.0790448901095229
Random Forest depth4,cow,Total number of defects,MAE,2,Test,0.9230024683072569
Random Forest depth4,cow,Total number of defects,MAE,3,Test,0.6271940626040019
Random Forest depth4,cow,Total number of defects,MAE,4,Test,0.9206674861086623
Random Forest depth4,cow,Total number of defects,MAE,5,Test,0.5652547885278922
Random Forest depth4,cow,Total number of defects,MSE,1,Train,0.8444431886953808
Random Forest depth4,cow,Total number of defects,MSE,2,Train,0.9488300347759123
Random Forest depth4,cow,Total number of defects,MSE,3,Train,1.0257117851621433
Random Forest depth4,cow,Total number of defects,MSE,4,Train,0.897476913365359
Random Forest depth4,cow,Total number of defects,MSE,5,Train,1.0924527178811536
Random Forest depth4,cow,Total number of defects,MSE,1,Test,1.5009197554777804
Random Forest depth4,cow,Total number of defects,MSE,2,Test,1.1032818729821527
Random Forest depth4,cow,Total number of defects,MSE,3,Test,0.7877557419247252
Random Forest depth4,cow,Total number of defects,MSE,4,Test,1.4214252337570472
Random Forest depth4,cow,Total number of defects,MSE,5,Test,0.47088342742996486
Random Forest depth4,steer,Total number of defects,MAE,1,Train,0.3630093473260949
Random Forest depth4,steer,Total number of defects,MAE,2,Train,0.36367099739109787
Random Forest depth4,steer,Total number of defects,MAE,3,Train,0.3543410930082265
Random Forest depth4,steer,Total number of defects,MAE,4,Train,0.32514079408519525
Random Forest depth4,steer,Total number of defects,MAE,5,Train,0.34865091951006505
Random Forest depth4,steer,Total number of defects,MAE,1,Test,0.3562177557372194
Random Forest depth4,steer,Total number of defects,MAE,2,Test,0.3468787493066295
Random Forest depth4,steer,Total number of defects,MAE,3,Test,0.4018498670413158
Random Forest depth4,steer,Total number of defects,MAE,4,Test,0.4229622195036675
Random Forest depth4,steer,Total number of defects,MAE,5,Test,0.3496879520342858
Random Forest depth4,steer,Total number of defects,MSE,1,Train,0.36017197002571133
Random Forest depth4,steer,Total number of defects,MSE,2,Train,0.38463638442097603
Random Forest depth4,steer,Total number of defects,MSE,3,Train,0.3515936574564476
Random Forest depth4,steer,Total number of defects,MSE,4,Train,0.29963573352909634
Random Forest depth4,steer,Total number of defects,MSE,5,Train,0.38233150490680123
Random Forest depth4,steer,Total number of defects,MSE,1,Test,0.4173700697347571
Random Forest depth4,steer,Total number of defects,MSE,2,Test,0.2974821455900473
Random Forest depth4,steer,Total number of defects,MSE,3,Test,0.45871430838664745
Random Forest depth4,steer,Total number of defects,MSE,4,Test,0.6485743548056578
Random Forest depth4,steer,Total number of defects,MSE,5,Test,0.2974698661262761
Random Forest depth4,heifer,Total number of defects,MAE,1,Train,0.5125458444366542
Random Forest depth4,heifer,Total number of defects,MAE,2,Train,0.4675879434496407
Random Forest depth4,heifer,Total number of defects,MAE,3,Train,0.5131629893259937
Random Forest depth4,heifer,Total number of defects,MAE,4,Train,0.47965134519333064
Random Forest depth4,heifer,Total number of defects,MAE,5,Train,0.5586621539604383
Random Forest depth4,heifer,Total number of defects,MAE,1,Test,0.5444348174518232
Random Forest depth4,heifer,Total number of defects,MAE,2,Test,0.5955688699223421
Random Forest depth4,heifer,Total number of defects,MAE,3,Test,0.5369480323836902
Random Forest depth4,heifer,Total number of defects,MAE,4,Test,0.5678553412505367
Random Forest depth4,heifer,Total number of defects,MAE,5,Test,0.36823493487068665
Random Forest depth4,heifer,Total number of defects,MSE,1,Train,0.5988266313771464
Random Forest depth4,heifer,Total number of defects,MSE,2,Train,0.553737046179695
Random Forest depth4,heifer,Total number of defects,MSE,3,Train,0.5612775031206667
Random Forest depth4,heifer,Total number of defects,MSE,4,Train,0.4831575303873427
Random Forest depth4,heifer,Total number of defects,MSE,5,Train,0.6623019401860492
Random Forest depth4,heifer,Total number of defects,MSE,1,Test,0.5201936196465846
Random Forest depth4,heifer,Total number of defects,MSE,2,Test,0.7127747138123521
Random Forest depth4,heifer,Total number of defects,MSE,3,Test,0.7193644280765977
Random Forest depth4,heifer,Total number of defects,MSE,4,Test,0.9829432630637742
Random Forest depth4,heifer,Total number of defects,MSE,5,Test,0.24113205563281498
Random Forest depth6,cow,live weight,MAE,1,Train,40.91810247947387
Random Forest depth6,cow,live weight,MAE,2,Train,42.6743332941673
Random Forest depth6,cow,live weight,MAE,3,Train,46.394562134039724
Random Forest depth6,cow,live weight,MAE,4,Train,48.6792357982485
Random Forest depth6,cow,live weight,MAE,5,Train,46.73011136087297
Random Forest depth6,cow,live weight,MAE,1,Test,61.181592155543846
Random Forest depth6,cow,live weight,MAE,2,Test,55.873729607433106
Random Forest depth6,cow,live weight,MAE,3,Test,53.541690968897704
Random Forest depth6,cow,live weight,MAE,4,Test,34.89034114931853
Random Forest depth6,cow,live weight,MAE,5,Test,37.480757062468975
Random Forest depth6,cow,live weight,MSE,1,Train,3062.917685730772
Random Forest depth6,cow,live weight,MSE,2,Train,2892.62272411854
Random Forest depth6,cow,live weight,MSE,3,Train,3649.0694614419244
Random Forest depth6,cow,live weight,MSE,4,Train,4005.5436181863997
Random Forest depth6,cow,live weight,MSE,5,Train,3870.997725306841
Random Forest depth6,cow,live weight,MSE,1,Test,5541.470547090808
Random Forest depth6,cow,live weight,MSE,2,Test,6158.337587999753
Random Forest depth6,cow,live weight,MSE,3,Test,3770.6558697585897
Random Forest depth6,cow,live weight,MSE,4,Test,1882.4296215247414
Random Forest depth6,cow,live weight,MSE,5,Test,2204.5822069923297
Random Forest depth6,steer,live weight,MAE,1,Train,28.910685706812945
Random Forest depth6,steer,live weight,MAE,2,Train,26.905529342804634
Random Forest depth6,steer,live weight,MAE,3,Train,28.47001578250122
Random Forest depth6,steer,live weight,MAE,4,Train,28.834462443230198
Random Forest depth6,steer,live weight,MAE,5,Train,29.440577906725164
Random Forest depth6,steer,live weight,MAE,1,Test,29.45363485916477
Random Forest depth6,steer,live weight,MAE,2,Test,35.5721687234218
Random Forest depth6,steer,live weight,MAE,3,Test,32.00050817881478
Random Forest depth6,steer,live weight,MAE,4,Test,28.675686108334585
Random Forest depth6,steer,live weight,MAE,5,Test,26.888065743962056
Random Forest depth6,steer,live weight,MSE,1,Train,2086.6300501447377
Random Forest depth6,steer,live weight,MSE,2,Train,1215.6328008776504
Random Forest depth6,steer,live weight,MSE,3,Train,1954.7312559388738
Random Forest depth6,steer,live weight,MSE,4,Train,2071.742168735542
Random Forest depth6,steer,live weight,MSE,5,Train,2086.2612421525864
Random Forest depth6,steer,live weight,MSE,1,Test,1255.3808294356984
Random Forest depth6,steer,live weight,MSE,2,Test,4886.205033304376
Random Forest depth6,steer,live weight,MSE,3,Test,1810.0890357568876
Random Forest depth6,steer,live weight,MSE,4,Test,1253.108981433574
Random Forest depth6,steer,live weight,MSE,5,Test,1287.8088740124674
Random Forest depth6,heifer,live weight,MAE,1,Train,19.720746882607067
Random Forest depth6,heifer,live weight,MAE,2,Train,19.053893500679724
Random Forest depth6,heifer,live weight,MAE,3,Train,20.2244149362658
Random Forest depth6,heifer,live weight,MAE,4,Train,20.406887319461944
Random Forest depth6,heifer,live weight,MAE,5,Train,15.960285437055955
Random Forest depth6,heifer,live weight,MAE,1,Test,17.333550866638436
Random Forest depth6,heifer,live weight,MAE,2,Test,22.420711130880147
Random Forest depth6,heifer,live weight,MAE,3,Test,18.62206234177683
Random Forest depth6,heifer,live weight,MAE,4,Test,17.66216383138324
Random Forest depth6,heifer,live weight,MAE,5,Test,30.96914728935975
Random Forest depth6,heifer,live weight,MSE,1,Train,742.672931158403
Random Forest depth6,heifer,live weight,MSE,2,Train,697.797065076066
Random Forest depth6,heifer,live weight,MSE,3,Train,731.693857037021
Random Forest depth6,heifer,live weight,MSE,4,Train,763.7266213118652
Random Forest depth6,heifer,live weight,MSE,5,Train,434.6576972832616
Random Forest depth6,heifer,live weight,MSE,1,Test,529.3890182333009
Random Forest depth6,heifer,live weight,MSE,2,Test,764.175419267728
Random Forest depth6,heifer,live weight,MSE,3,Test,678.5571587334153
Random Forest depth6,heifer,live weight,MSE,4,Test,416.5968200861247
Random Forest depth6,heifer,live weight,MSE,5,Test,1849.7063059707593
Random Forest depth6,cow,carcass weight,MAE,1,Train,21.09482603790068
Random Forest depth6,cow,carcass weight,MAE,2,Train,21.42676269207349
Random Forest depth6,cow,carcass weight,MAE,3,Train,25.792918249261803
Random Forest depth6,cow,carcass weight,MAE,4,Train,25.194765656350956
Random Forest depth6,cow,carcass weight,MAE,5,Train,25.5288126620284
Random Forest depth6,cow,carcass weight,MAE,1,Test,34.38274185551917
Random Forest depth6,cow,carcass weight,MAE,2,Test,33.75583082454467
Random Forest depth6,cow,carcass weight,MAE,3,Test,20.989097152112755
Random Forest depth6,cow,carcass weight,MAE,4,Test,21.540456038242795
Random Forest depth6,cow,carcass weight,MAE,5,Test,17.03045998516635
Random Forest depth6,cow,carcass weight,MSE,1,Train,873.5651347572316
Random Forest depth6,cow,carcass weight,MSE,2,Train,724.9864839604164
Random Forest depth6,cow,carcass weight,MSE,3,Train,1164.186571069517
Random Forest depth6,cow,carcass weight,MSE,4,Train,1120.818595627718
Random Forest depth6,cow,carcass weight,MSE,5,Train,1143.1263773098597
Random Forest depth6,cow,carcass weight,MSE,1,Test,1611.458972429641
Random Forest depth6,cow,carcass weight,MSE,2,Test,2157.3365401347114
Random Forest depth6,cow,carcass weight,MSE,3,Test,521.8412203090675
Random Forest depth6,cow,carcass weight,MSE,4,Test,663.1277112493883
Random Forest depth6,cow,carcass weight,MSE,5,Test,463.57254067618493
Random Forest depth6,steer,carcass weight,MAE,1,Train,14.395242551491926
Random Forest depth6,steer,carcass weight,MAE,2,Train,14.201774762835981
Random Forest depth6,steer,carcass weight,MAE,3,Train,14.49032040411605
Random Forest depth6,steer,carcass weight,MAE,4,Train,14.104105728024196
Random Forest depth6,steer,carcass weight,MAE,5,Train,14.331001846810317
Random Forest depth6,steer,carcass weight,MAE,1,Test,14.705689411902688
Random Forest depth6,steer,carcass weight,MAE,2,Test,15.793201571481557
Random Forest depth6,steer,carcass weight,MAE,3,Test,14.169142051485947
Random Forest depth6,steer,carcass weight,MAE,4,Test,15.369279469698052
Random Forest depth6,steer,carcass weight,MAE,5,Test,15.718042911711679
Random Forest depth6,steer,carcass weight,MSE,1,Train,354.59789932966254
Random Forest depth6,steer,carcass weight,MSE,2,Train,337.9549256081518
Random Forest depth6,steer,carcass weight,MSE,3,Train,360.30968400486466
Random Forest depth6,steer,carcass weight,MSE,4,Train,339.77698842935087
Random Forest depth6,steer,carcass weight,MSE,5,Train,336.89335691358855
Random Forest depth6,steer,carcass weight,MSE,1,Test,355.0600415455585
Random Forest depth6,steer,carcass weight,MSE,2,Test,423.639788298935
Random Forest depth6,steer,carcass weight,MSE,3,Test,324.51455925780095
Random Forest depth6,steer,carcass weight,MSE,4,Test,395.4077504995621
Random Forest depth6,steer,carcass weight,MSE,5,Test,431.25870657385025
Random Forest depth6,heifer,carcass weight,MAE,1,Train,11.165746277409138
Random Forest depth6,heifer,carcass weight,MAE,2,Train,11.38911080610508
Random Forest depth6,heifer,carcass weight,MAE,3,Train,11.527953901207537
Random Forest depth6,heifer,carcass weight,MAE,4,Train,11.692073017596332
Random Forest depth6,heifer,carcass weight,MAE,5,Train,9.34109536111535
Random Forest depth6,heifer,carcass weight,MAE,1,Test,10.679037410717655
Random Forest depth6,heifer,carcass weight,MAE,2,Test,12.787158726104673
Random Forest depth6,heifer,carcass weight,MAE,3,Test,11.54063088540974
Random Forest depth6,heifer,carcass weight,MAE,4,Test,10.48850352856007
Random Forest depth6,heifer,carcass weight,MAE,5,Test,18.144133860853213
Random Forest depth6,heifer,carcass weight,MSE,1,Train,243.92516527534235
Random Forest depth6,heifer,carcass weight,MSE,2,Train,240.45256320950614
Random Forest depth6,heifer,carcass weight,MSE,3,Train,244.89274656103743
Random Forest depth6,heifer,carcass weight,MSE,4,Train,259.1627693324091
Random Forest depth6,heifer,carcass weight,MSE,5,Train,159.1703055512335
Random Forest depth6,heifer,carcass weight,MSE,1,Test,226.36770966647143
Random Forest depth6,heifer,carcass weight,MSE,2,Test,264.6964554696438
Random Forest depth6,heifer,carcass weight,MSE,3,Test,266.264666134755
Random Forest depth6,heifer,carcass weight,MSE,4,Test,162.69998337585577
Random Forest depth6,heifer,carcass weight,MSE,5,Test,582.871828231888
Random Forest depth6,cow,price,MAE,1,Train,72.9671755518984
Random Forest depth6,cow,price,MAE,2,Train,75.3135255394391
Random Forest depth6,cow,price,MAE,3,Train,89.69482827798765
Random Forest depth6,cow,price,MAE,4,Train,87.61007419364114
Random Forest depth6,cow,price,MAE,5,Train,88.94971825362597
Random Forest depth6,cow,price,MAE,1,Test,121.58100466242308
Random Forest depth6,cow,price,MAE,2,Test,114.70270501290996
Random Forest depth6,cow,price,MAE,3,Test,73.5239332781376
Random Forest depth6,cow,price,MAE,4,Test,75.11475492620126
Random Forest depth6,cow,price,MAE,5,Test,59.126630665612296
Random Forest depth6,cow,price,MSE,1,Train,10110.493684226522
Random Forest depth6,cow,price,MSE,2,Train,8961.642340851431
Random Forest depth6,cow,price,MSE,3,Train,13710.972389371307
Random Forest depth6,cow,price,MSE,4,Train,13213.114977404453
Random Forest depth6,cow,price,MSE,5,Train,13551.166042089575
Random Forest depth6,cow,price,MSE,1,Test,19996.483747744074
Random Forest depth6,cow,price,MSE,2,Test,24115.21356161314
Random Forest depth6,cow,price,MSE,3,Test,6501.06656528063
Random Forest depth6,cow,price,MSE,4,Test,8047.25337929436
Random Forest depth6,cow,price,MSE,5,Test,5410.76366299482
Random Forest depth6,steer,price,MAE,1,Train,84.97043440736181
Random Forest depth6,steer,price,MAE,2,Train,83.80675633136224
Random Forest depth6,steer,price,MAE,3,Train,85.4857747045843
Random Forest depth6,steer,price,MAE,4,Train,83.27109636408088
Random Forest depth6,steer,price,MAE,5,Train,84.55099518201276
Random Forest depth6,steer,price,MAE,1,Test,86.79377355263017
Random Forest depth6,steer,price,MAE,2,Test,93.2243471420558
Random Forest depth6,steer,price,MAE,3,Test,83.66963381942611
Random Forest depth6,steer,price,MAE,4,Test,90.60715678506334
Random Forest depth6,steer,price,MAE,5,Test,92.88665975124256
Random Forest depth6,steer,price,MSE,1,Train,12343.965847730831
Random Forest depth6,steer,price,MSE,2,Train,11763.902101041742
Random Forest depth6,steer,price,MSE,3,Train,12540.97532875447
Random Forest depth6,steer,price,MSE,4,Train,11830.444430284506
Random Forest depth6,steer,price,MSE,5,Train,11727.259052117828
Random Forest depth6,steer,price,MSE,1,Test,12358.855530620422
Random Forest depth6,steer,price,MSE,2,Test,14749.52526334694
Random Forest depth6,steer,price,MSE,3,Test,11309.540792659454
Random Forest depth6,steer,price,MSE,4,Test,13751.169605997939
Random Forest depth6,steer,price,MSE,5,Test,15016.155183134817
Random Forest depth6,heifer,price,MAE,1,Train,62.877386183227394
Random Forest depth6,heifer,price,MAE,2,Train,64.30023306403758
Random Forest depth6,heifer,price,MAE,3,Train,65.13253196996473
Random Forest depth6,heifer,price,MAE,4,Train,65.4738280556277
Random Forest depth6,heifer,price,MAE,5,Train,53.29873222160286
Random Forest depth6,heifer,price,MAE,1,Test,63.07202834246966
Random Forest depth6,heifer,price,MAE,2,Test,70.0545041977045
Random Forest depth6,heifer,price,MAE,3,Test,65.00140790413498
Random Forest depth6,heifer,price,MAE,4,Test,61.66820232377771
Random Forest depth6,heifer,price,MAE,5,Test,102.37689854947729
Random Forest depth6,heifer,price,MSE,1,Train,7714.571877603463
Random Forest depth6,heifer,price,MSE,2,Train,7694.2025582443175
Random Forest depth6,heifer,price,MSE,3,Train,7774.438330808311
Random Forest depth6,heifer,price,MSE,4,Train,8127.338905781434
Random Forest depth6,heifer,price,MSE,5,Train,5025.549303620173
Random Forest depth6,heifer,price,MSE,1,Test,7294.81438136813
Random Forest depth6,heifer,price,MSE,2,Test,8034.412883587004
Random Forest depth6,heifer,price,MSE,3,Test,8308.996087197793
Random Forest depth6,heifer,price,MSE,4,Test,5649.492994406011
Random Forest depth6,heifer,price,MSE,5,Test,18576.65907777907
Random Forest depth6,cow,Total number of defects,MAE,1,Train,0.7149308842407387
Random Forest depth6,cow,Total number of defects,MAE,2,Train,0.7653753684587105
Random Forest depth6,cow,Total number of defects,MAE,3,Train,0.8453326726797642
Random Forest depth6,cow,Total number of defects,MAE,4,Train,0.762911198010004
Random Forest depth6,cow,Total number of defects,MAE,5,Train,0.8301308372189636
Random Forest depth6,cow,Total number of defects,MAE,1,Test,1.0790448901095229
Random Forest depth6,cow,Total number of defects,MAE,2,Test,0.9230024683072569
Random Forest depth6,cow,Total number of defects,MAE,3,Test,0.627194062604002
Random Forest depth6,cow,Total number of defects,MAE,4,Test,0.9206674861086626
Random Forest depth6,cow,Total number of defects,MAE,5,Test,0.5652547885278922
Random Forest depth6,cow,Total number of defects,MSE,1,Train,0.8444431886953809
Random Forest depth6,cow,Total number of defects,MSE,2,Train,0.9488300347759124
Random Forest depth6,cow,Total number of defects,MSE,3,Train,1.0257117851621433
Random Forest depth6,cow,Total number of defects,MSE,4,Train,0.897476913365359
Random Forest depth6,cow,Total number of defects,MSE,5,Train,1.0924527178811536
Random Forest depth6,cow,Total number of defects,MSE,1,Test,1.5009197554777802
Random Forest depth6,cow,Total number of defects,MSE,2,Test,1.1032818729821527
Random Forest depth6,cow,Total number of defects,MSE,3,Test,0.7877557419247254
Random Forest depth6,cow,Total number of defects,MSE,4,Test,1.421425233757048
Random Forest depth6,cow,Total number of defects,MSE,5,Test,0.47088342742996486
Random Forest depth6,steer,Total number of defects,MAE,1,Train,0.3622748564181234
Random Forest depth6,steer,Total number of defects,MAE,2,Train,0.3629153778798013
Random Forest depth6,steer,Total number of defects,MAE,3,Train,0.352948975296585
Random Forest depth6,steer,Total number of defects,MAE,4,Train,0.32453086457956254
Random Forest depth6,steer,Total number of defects,MAE,5,Train,0.3478709692295838
Random Forest depth6,steer,Total number of defects,MAE,1,Test,0.35601690556523513
Random Forest depth6,steer,Total number of defects,MAE,2,Test,0.3463701589218914
Random Forest depth6,steer,Total number of defects,MAE,3,Test,0.4011077297814403
Random Forest depth6,steer,Total number of defects,MAE,4,Test,0.423021760075954
Random Forest depth6,steer,Total number of defects,MAE,5,Test,0.3492874513863816
Random Forest depth6,steer,Total number of defects,MSE,1,Train,0.36009766070686855
Random Forest depth6,steer,Total number of defects,MSE,2,Train,0.3845183798849441
Random Forest depth6,steer,Total number of defects,MSE,3,Train,0.3514536467868317
Random Forest depth6,steer,Total number of defects,MSE,4,Train,0.2995672409069802
Random Forest depth6,steer,Total number of defects,MSE,5,Train,0.3822826680089719
Random Forest depth6,steer,Total number of defects,MSE,1,Test,0.4175435129680111
Random Forest depth6,steer,Total number of defects,MSE,2,Test,0.298238319530802
Random Forest depth6,steer,Total number of defects,MSE,3,Test,0.45866833393778317
Random Forest depth6,steer,Total number of defects,MSE,4,Test,0.6478739666350499
Random Forest depth6,steer,Total number of defects,MSE,5,Test,0.29806576564518367
Random Forest depth6,heifer,Total number of defects,MAE,1,Train,0.512536462993342
Random Forest depth6,heifer,Total number of defects,MAE,2,Train,0.4674538867896835
Random Forest depth6,heifer,Total number of defects,MAE,3,Train,0.5131496759583154
Random Forest depth6,heifer,Total number of defects,MAE,4,Train,0.47961759863303827
Random Forest depth6,heifer,Total number of defects,MAE,5,Train,0.5586627753485045
Random Forest depth6,heifer,Total number of defects,MAE,1,Test,0.5444379133655407
Random Forest depth6,heifer,Total number of defects,MAE,2,Test,0.5955154685865183
Random Forest depth6,heifer,Total number of defects,MAE,3,Test,0.536885534678675
Random Forest depth6,heifer,Total number of defects,MAE,4,Test,0.5678566867077031
Random Forest depth6,heifer,Total number of defects,MAE,5,Test,0.3682380289116399
Random Forest depth6,heifer,Total number of defects,MSE,1,Train,0.5988244754419412
Random Forest depth6,heifer,Total number of defects,MSE,2,Train,0.553734787687554
Random Forest depth6,heifer,Total number of defects,MSE,3,Train,0.5612765692815599
Random Forest depth6,heifer,Total number of defects,MSE,4,Train,0.48315615237744436
Random Forest depth6,heifer,Total number of defects,MSE,5,Train,0.6623024695473341
Random Forest depth6,heifer,Total number of defects,MSE,1,Test,0.5201999945842389
Random Forest depth6,heifer,Total number of defects,MSE,2,Test,0.7130457040235471
Random Forest depth6,heifer,Total number of defects,MSE,3,Test,0.7190407287817524
Random Forest depth6,heifer,Total number of defects,MSE,4,Test,0.9830111860795341
Random Forest depth6,heifer,Total number of defects,MSE,5,Test,0.24123459028481356
LightGBM depth4,cow,live weight,MAE,1,Train,40.670759777819335
LightGBM depth4,cow,live weight,MAE,2,Train,42.45015555390706
LightGBM depth4,cow,live weight,MAE,3,Train,47.0647244361139
LightGBM depth4,cow,live weight,MAE,4,Train,48.73423517169614
LightGBM depth4,cow,live weight,MAE,5,Train,46.376757740974426
LightGBM depth4,cow,live weight,MAE,1,Test,61.68749999999998
LightGBM depth4,cow,live weight,MAE,2,Test,56.6375
LightGBM depth4,cow,live weight,MAE,3,Test,36.93750000000001
LightGBM depth4,cow,live weight,MAE,4,Test,33.74596774193547
LightGBM depth4,cow,live weight,MAE,5,Test,38.57455373491559
LightGBM depth4,cow,live weight,MSE,1,Train,3062.540998959421
LightGBM depth4,cow,live weight,MSE,2,Train,2911.583184183148
LightGBM depth4,cow,live weight,MSE,3,Train,3979.311966701357
LightGBM depth4,cow,live weight,MSE,4,Train,4090.277211238293
LightGBM depth4,cow,live weight,MSE,5,Train,3873.2417089843766
LightGBM depth4,cow,live weight,MSE,1,Test,5659.823607901773
LightGBM depth4,cow,live weight,MSE,2,Test,6248.637774118992
LightGBM depth4,cow,live weight,MSE,3,Test,2105.998359769733
LightGBM depth4,cow,live weight,MSE,4,Test,1729.8837565036422
LightGBM depth4,cow,live weight,MSE,5,Test,2326.7405047236184
LightGBM depth4,steer,live weight,MAE,1,Train,29.002573517851975
LightGBM depth4,steer,live weight,MAE,2,Train,26.972128805185545
LightGBM depth4,steer,live weight,MAE,3,Train,28.53519205700027
LightGBM depth4,steer,live weight,MAE,4,Train,28.873783836951677
LightGBM depth4,steer,live weight,MAE,5,Train,29.517506413499678
LightGBM depth4,steer,live weight,MAE,1,Test,29.43644046744353
LightGBM depth4,steer,live weight,MAE,2,Test,35.4905638718859
LightGBM depth4,steer,live weight,MAE,3,Test,31.73930660493494
LightGBM depth4,steer,live weight,MAE,4,Test,28.468529353521138
LightGBM depth4,steer,live weight,MAE,5,Test,26.816906468722944
LightGBM depth4,steer,live weight,MSE,1,Train,2102.7669833163873
LightGBM depth4,steer,live weight,MSE,2,Train,1223.2009628018855
LightGBM depth4,steer,live weight,MSE,3,Train,1975.290598980307
LightGBM depth4,steer,live weight,MSE,4,Train,2088.937448895343
LightGBM depth4,steer,live weight,MSE,5,Train,2085.571810778444
LightGBM depth4,steer,live weight,MSE,1,Test,1250.470322454632
LightGBM depth4,steer,live weight,MSE,2,Test,4897.704710088592
LightGBM depth4,steer,live weight,MSE,3,Test,1786.9753517034203
LightGBM depth4,steer,live weight,MSE,4,Test,1242.7384350623618
LightGBM depth4,steer,live weight,MSE,5,Test,1293.1201221641988
LightGBM depth4,heifer,live weight,MAE,1,Train,20.011716026848816
LightGBM depth4,heifer,live weight,MAE,2,Train,19.19781803185746
LightGBM depth4,heifer,live weight,MAE,3,Train,20.208632715517297
LightGBM depth4,heifer,live weight,MAE,4,Train,20.450033003391148
LightGBM depth4,heifer,live weight,MAE,5,Train,16.338476437209017
LightGBM depth4,heifer,live weight,MAE,1,Test,16.843586631283266
LightGBM depth4,heifer,live weight,MAE,2,Test,22.42666098071584
LightGBM depth4,heifer,live weight,MAE,3,Test,18.570415407724166
LightGBM depth4,heifer,live weight,MAE,4,Test,17.71599201552104
LightGBM depth4,heifer,live weight,MAE,5,Test,31.179877154741938
LightGBM depth4,heifer,live weight,MSE,1,Train,748.2660440328494
LightGBM depth4,heifer,live weight,MSE,2,Train,699.3054148624547
LightGBM depth4,heifer,live weight,MSE,3,Train,731.3716696556352
LightGBM depth4,heifer,live weight,MSE,4,Train,765.3463782730591
LightGBM depth4,heifer,live weight,MSE,5,Train,442.2476555081626
LightGBM depth4,heifer,live weight,MSE,1,Test,475.8616495699209
LightGBM depth4,heifer,live weight,MSE,2,Test,769.1740071949619
LightGBM depth4,heifer,live weight,MSE,3,Test,676.3877039287704
LightGBM depth4,heifer,live weight,MSE,4,Test,426.57616288232776
LightGBM depth4,heifer,live weight,MSE,5,Test,1827.3540585857245
LightGBM depth4,cow,carcass weight,MAE,1,Train,20.81269510926118
LightGBM depth4,cow,carcass weight,MAE,2,Train,20.80020811654527
LightGBM depth4,cow,carcass weight,MAE,3,Train,26.70551508844953
LightGBM depth4,cow,carcass weight,MAE,4,Train,24.99271592091571
LightGBM depth4,cow,carcass weight,MAE,5,Train,24.984375
LightGBM depth4,cow,carcass weight,MAE,1,Test,34.875
LightGBM depth4,cow,carcass weight,MAE,2,Test,34.8125
LightGBM depth4,cow,carcass weight,MAE,3,Test,12.655241935483872
LightGBM depth4,cow,carcass weight,MAE,4,Test,18.800403225806463
LightGBM depth4,cow,carcass weight,MAE,5,Test,18.082589285714285
LightGBM depth4,cow,carcass weight,MSE,1,Train,875.172216441207
LightGBM depth4,cow,carcass weight,MSE,2,Train,742.5915712799167
LightGBM depth4,cow,carcass weight,MSE,3,Train,1237.7091571279916
LightGBM depth4,cow,carcass weight,MSE,4,Train,1173.7070759625392
LightGBM depth4,cow,carcass weight,MSE,5,Train,1149.050537109375
LightGBM depth4,cow,carcass weight,MSE,1,Test,1671.3096383975026
LightGBM depth4,cow,carcass weight,MSE,2,Test,2189.88322710718
LightGBM depth4,cow,carcass weight,MSE,3,Test,287.1688670655568
LightGBM depth4,cow,carcass weight,MSE,4,Test,534.5822385535905
LightGBM depth4,cow,carcass weight,MSE,5,Test,539.1179896763393
LightGBM depth4,steer,carcass weight,MAE,1,Train,14.41806284140402
LightGBM depth4,steer,carcass weight,MAE,2,Train,14.205159337208677
LightGBM depth4,steer,carcass weight,MAE,3,Train,14.496423980617866
LightGBM depth4,steer,carcass weight,MAE,4,Train,14.124206122854835
LightGBM depth4,steer,carcass weight,MAE,5,Train,14.322607367396667
LightGBM depth4,steer,carcass weight,MAE,1,Test,14.702546885774547
LightGBM depth4,steer,carcass weight,MAE,2,Test,15.377858206085113
LightGBM depth4,steer,carcass weight,MAE,3,Test,14.145407901397897
LightGBM depth4,steer,carcass weight,MAE,4,Test,15.32639163661159
LightGBM depth4,steer,carcass weight,MAE,5,Test,15.708820002513267
LightGBM depth4,steer,carcass weight,MSE,1,Train,355.16971285840117
LightGBM depth4,steer,carcass weight,MSE,2,Train,338.6878217909461
LightGBM depth4,steer,carcass weight,MSE,3,Train,361.12642146344024
LightGBM depth4,steer,carcass weight,MSE,4,Train,340.39591209661694
LightGBM depth4,steer,carcass weight,MSE,5,Train,336.8778652004927
LightGBM depth4,steer,carcass weight,MSE,1,Test,354.845060669797
LightGBM depth4,steer,carcass weight,MSE,2,Test,408.44782744540316
LightGBM depth4,steer,carcass weight,MSE,3,Test,322.1677209712894
LightGBM depth4,steer,carcass weight,MSE,4,Test,394.7277365520071
LightGBM depth4,steer,carcass weight,MSE,5,Test,430.34205240978827
LightGBM depth4,heifer,carcass weight,MAE,1,Train,11.170097247343067
LightGBM depth4,heifer,carcass weight,MAE,2,Train,11.385258787964302
LightGBM depth4,heifer,carcass weight,MAE,3,Train,11.506272535996224
LightGBM depth4,heifer,carcass weight,MAE,4,Train,11.70780894158708
LightGBM depth4,heifer,carcass weight,MAE,5,Train,9.372396975023996
LightGBM depth4,heifer,carcass weight,MAE,1,Test,10.523768886733995
LightGBM depth4,heifer,carcass weight,MAE,2,Test,12.655066860961204
LightGBM depth4,heifer,carcass weight,MAE,3,Test,11.53873270096062
LightGBM depth4,heifer,carcass weight,MAE,4,Test,10.498147093313024
LightGBM depth4,heifer,carcass weight,MAE,5,Test,17.993951313839414
LightGBM depth4,heifer,carcass weight,MSE,1,Train,244.06260319197634
LightGBM depth4,heifer,carcass weight,MSE,2,Train,240.33555266430815
LightGBM depth4,heifer,carcass weight,MSE,3,Train,244.87178995060842
LightGBM depth4,heifer,carcass weight,MSE,4,Train,259.0820072374936
LightGBM depth4,heifer,carcass weight,MSE,5,Train,159.4924305789287
LightGBM depth4,heifer,carcass weight,MSE,1,Test,217.8170167225728
LightGBM depth4,heifer,carcass weight,MSE,2,Test,260.6690628040854
LightGBM depth4,heifer,carcass weight,MSE,3,Test,262.503842965277
LightGBM depth4,heifer,carcass weight,MSE,4,Test,162.5725951912575
LightGBM depth4,heifer,carcass weight,MSE,5,Test,580.965302263245
LightGBM depth4,cow,price,MAE,1,Train,77.2638915507528
LightGBM depth4,cow,price,MAE,2,Train,77.431529694715
LightGBM depth4,cow,price,MAE,3,Train,100.4715922440004
LightGBM depth4,cow,price,MAE,4,Train,97.27242455775234
LightGBM depth4,cow,price,MAE,5,Train,90.16874976158144
LightGBM depth4,cow,price,MAE,1,Test,134.9171365061114
LightGBM depth4,cow,price,MAE,2,Test,133.3306448659589
LightGBM depth4,cow,price,MAE,3,Test,47.38729681199598
LightGBM depth4,cow,price,MAE,4,Test,59.81129032258063
LightGBM depth4,cow,price,MAE,5,Test,82.91785741533552
LightGBM depth4,cow,price,MSE,1,Train,11964.134313215405
LightGBM depth4,cow,price,MSE,2,Train,11462.642232049951
LightGBM depth4,cow,price,MSE,3,Train,17952.545603537987
LightGBM depth4,cow,price,MSE,4,Train,17006.577658688864
LightGBM depth4,cow,price,MSE,5,Train,15601.944375000005
LightGBM depth4,cow,price,MSE,1,Test,26063.868705722212
LightGBM depth4,cow,price,MSE,2,Test,27935.719281253558
LightGBM depth4,cow,price,MSE,3,Test,3234.768047585704
LightGBM depth4,cow,price,MSE,4,Test,6711.903127601457
LightGBM depth4,cow,price,MSE,5,Test,11417.791265920912
LightGBM depth4,steer,price,MAE,1,Train,85.10508069557997
LightGBM depth4,steer,price,MAE,2,Train,83.85323644174727
LightGBM depth4,steer,price,MAE,3,Train,85.51889405864517
LightGBM depth4,steer,price,MAE,4,Train,83.38966866415433
LightGBM depth4,steer,price,MAE,5,Train,84.50338355943019
LightGBM depth4,steer,price,MAE,1,Test,86.79211653159754
LightGBM depth4,steer,price,MAE,2,Test,90.80445115384342
LightGBM depth4,steer,price,MAE,3,Test,83.52502968161427
LightGBM depth4,steer,price,MAE,4,Test,90.3672731629328
LightGBM depth4,steer,price,MAE,5,Test,92.7553291118727
LightGBM depth4,steer,price,MSE,1,Train,12364.0391495856
LightGBM depth4,steer,price,MSE,2,Train,11789.578239682327
LightGBM depth4,steer,price,MSE,3,Train,12569.463287771314
LightGBM depth4,steer,price,MSE,4,Train,11852.259511047256
LightGBM depth4,steer,price,MSE,5,Train,11726.718487721395
LightGBM depth4,steer,price,MSE,1,Test,12352.227439875345
LightGBM depth4,steer,price,MSE,2,Test,14225.458770477146
LightGBM depth4,steer,price,MSE,3,Test,11226.704250684199
LightGBM depth4,steer,price,MSE,4,Test,13727.266665612628
LightGBM depth4,steer,price,MSE,5,Test,14982.445768773612
LightGBM depth4,heifer,price,MAE,1,Train,62.80963516368265
LightGBM depth4,heifer,price,MAE,2,Train,64.26847569233514
LightGBM depth4,heifer,price,MAE,3,Train,65.0359464912877
LightGBM depth4,heifer,price,MAE,4,Train,65.56373040876976
LightGBM depth4,heifer,price,MAE,5,Train,53.37759634939007
LightGBM depth4,heifer,price,MAE,1,Test,62.01444723951792
LightGBM depth4,heifer,price,MAE,2,Test,69.33032610422302
LightGBM depth4,heifer,price,MAE,3,Test,64.61770303307011
LightGBM depth4,heifer,price,MAE,4,Test,62.01362680789959
LightGBM depth4,heifer,price,MAE,5,Test,101.63065806616636
LightGBM depth4,heifer,price,MSE,1,Train,7719.622454516914
LightGBM depth4,heifer,price,MSE,2,Train,7691.213648066008
LightGBM depth4,heifer,price,MSE,3,Train,7776.544297455089
LightGBM depth4,heifer,price,MSE,4,Train,8124.811745521697
LightGBM depth4,heifer,price,MSE,5,Train,5033.1866716931745
LightGBM depth4,heifer,price,MSE,1,Test,7010.201350139043
LightGBM depth4,heifer,price,MSE,2,Test,7922.512061467592
LightGBM depth4,heifer,price,MSE,3,Test,8217.480277454813
LightGBM depth4,heifer,price,MSE,4,Test,5699.7143556568935
LightGBM depth4,heifer,price,MSE,5,Test,18517.86185080021
LightGBM depth4,cow,Total number of defects,MAE,1,Train,0.7991675338189385
LightGBM depth4,cow,Total number of defects,MAE,2,Train,0.8199791883454733
LightGBM depth4,cow,Total number of defects,MAE,3,Train,0.8387096774193549
LightGBM depth4,cow,Total number of defects,MAE,4,Train,0.7554630593132153
LightGBM depth4,cow,Total number of defects,MAE,5,Train,0.892578125
LightGBM depth4,cow,Total number of defects,MAE,1,Test,1.0806451612903225
LightGBM depth4,cow,Total number of defects,MAE,2,Test,0.7580645161290323
LightGBM depth4,cow,Total number of defects,MAE,3,Test,0.625
LightGBM depth4,cow,Total number of defects,MAE,4,Test,1.0080645161290323
LightGBM depth4,cow,Total number of defects,MAE,5,Test,0.6830357142857143
LightGBM depth4,cow,Total number of defects,MSE,1,Train,1.0385015608740893
LightGBM depth4,cow,Total number of defects,MSE,2,Train,1.1279916753381891
LightGBM depth4,cow,Total number of defects,MSE,3,Train,1.1612903225806452
LightGBM depth4,cow,Total number of defects,MSE,4,Train,0.9344432882414151
LightGBM depth4,cow,Total number of defects,MSE,5,Train,1.1943359375
LightGBM depth4,cow,Total number of defects,MSE,1,Test,1.3566597294484912
LightGBM depth4,cow,Total number of defects,MSE,2,Test,0.9849115504682623
LightGBM depth4,cow,Total number of defects,MSE,3,Test,0.875
LightGBM depth4,cow,Total number of defects,MSE,4,Test,1.7349115504682624
LightGBM depth4,cow,Total number of defects,MSE,5,Test,0.6851283482142857
LightGBM depth4,steer,Total number of defects,MAE,1,Train,0.36383482237367143
LightGBM depth4,steer,Total number of defects,MAE,2,Train,0.3648687205729431
LightGBM depth4,steer,Total number of defects,MAE,3,Train,0.3555573951708317
LightGBM depth4,steer,Total number of defects,MAE,4,Train,0.3267003305786912
LightGBM depth4,steer,Total number of defects,MAE,5,Train,0.35062015998826346
LightGBM depth4,steer,Total number of defects,MAE,1,Test,0.3549723406191998
LightGBM depth4,steer,Total number of defects,MAE,2,Test,0.3507889994313311
LightGBM depth4,steer,Total number of defects,MAE,3,Test,0.39265083782166493
LightGBM depth4,steer,Total number of defects,MAE,4,Test,0.4275049171929677
LightGBM depth4,steer,Total number of defects,MAE,5,Test,0.35426162429652347
LightGBM depth4,steer,Total number of defects,MSE,1,Train,0.36044790070672794
LightGBM depth4,steer,Total number of defects,MSE,2,Train,0.38518134880471716
LightGBM depth4,steer,Total number of defects,MSE,3,Train,0.35678974693035215
LightGBM depth4,steer,Total number of defects,MSE,4,Train,0.3011473735188057
LightGBM depth4,steer,Total number of defects,MSE,5,Train,0.3850673856736453
LightGBM depth4,steer,Total number of defects,MSE,1,Test,0.4179339954686672
LightGBM depth4,steer,Total number of defects,MSE,2,Test,0.3133315894351134
LightGBM depth4,steer,Total number of defects,MSE,3,Test,0.40688605141935774
LightGBM depth4,steer,Total number of defects,MSE,4,Test,0.6613994073119179
LightGBM depth4,steer,Total number of defects,MSE,5,Test,0.29835145776544264
LightGBM depth4,heifer,Total number of defects,MAE,1,Train,0.5110019770178199
LightGBM depth4,heifer,Total number of defects,MAE,2,Train,0.4693311800725661
LightGBM depth4,heifer,Total number of defects,MAE,3,Train,0.5146759705241098
LightGBM depth4,heifer,Total number of defects,MAE,4,Train,0.47969386633267
LightGBM depth4,heifer,Total number of defects,MAE,5,Train,0.5586919777094259
LightGBM depth4,heifer,Total number of defects,MAE,1,Test,0.5459728171282199
LightGBM depth4,heifer,Total number of defects,MAE,2,Test,0.5973496631160503
LightGBM depth4,heifer,Total number of defects,MAE,3,Test,0.542573641616957
LightGBM depth4,heifer,Total number of defects,MAE,4,Test,0.5692252586659665
LightGBM depth4,heifer,Total number of defects,MAE,5,Test,0.36968237936670606
LightGBM depth4,heifer,Total number of defects,MSE,1,Train,0.5986766317696678
LightGBM depth4,heifer,Total number of defects,MSE,2,Train,0.5536212890931387
LightGBM depth4,heifer,Total number of defects,MSE,3,Train,0.5611711039907014
LightGBM depth4,heifer,Total number of defects,MSE,4,Train,0.48272506591080355
LightGBM depth4,heifer,Total number of defects,MSE,5,Train,0.6622818588275728
LightGBM depth4,heifer,Total number of defects,MSE,1,Test,0.5182711321405346
LightGBM depth4,heifer,Total number of defects,MSE,2,Test,0.7108036695702825
LightGBM depth4,heifer,Total number of defects,MSE,3,Test,0.7171752895582274
LightGBM depth4,heifer,Total number of defects,MSE,4,Test,0.9936089377067364
LightGBM depth4,heifer,Total number of defects,MSE,5,Test,0.23983363118848341
LightGBM depth6,cow,live weight,MAE,1,Train,40.670759777819335
LightGBM depth6,cow,live weight,MAE,2,Train,42.45015555390706
LightGBM depth6,cow,live weight,MAE,3,Train,47.0647244361139
LightGBM depth6,cow,live weight,MAE,4,Train,48.73423517169614
LightGBM depth6,cow,live weight,MAE,5,Train,46.376757740974426
LightGBM depth6,cow,live weight,MAE,1,Test,61.68749999999998
LightGBM depth6,cow,live weight,MAE,2,Test,56.6375
LightGBM depth6,cow,live weight,MAE,3,Test,36.93750000000001
LightGBM depth6,cow,live weight,MAE,4,Test,33.74596774193547
LightGBM depth6,cow,live weight,MAE,5,Test,38.57455373491559
LightGBM depth6,cow,live weight,MSE,1,Train,3062.540998959421
LightGBM depth6,cow,live weight,MSE,2,Train,2911.583184183148
LightGBM depth6,cow,live weight,MSE,3,Train,3979.311966701357
LightGBM depth6,cow,live weight,MSE,4,Train,4090.277211238293
LightGBM depth6,cow,live weight,MSE,5,Train,3873.2417089843766
LightGBM depth6,cow,live weight,MSE,1,Test,5659.823607901773
LightGBM depth6,cow,live weight,MSE,2,Test,6248.637774118992
LightGBM depth6,cow,live weight,MSE,3,Test,2105.998359769733
LightGBM depth6,cow,live weight,MSE,4,Test,1729.8837565036422
LightGBM depth6,cow,live weight,MSE,5,Test,2326.7405047236184
LightGBM depth6,steer,live weight,MAE,1,Train,29.00265112524286
LightGBM depth6,steer,live weight,MAE,2,Train,26.972219067772187
LightGBM depth6,steer,live weight,MAE,3,Train,28.537376923370903
LightGBM depth6,steer,live weight,MAE,4,Train,28.873962366247234
LightGBM depth6,steer,live weight,MAE,5,Train,29.51819684493613
LightGBM depth6,steer,live weight,MAE,1,Test,29.429074034833484
LightGBM depth6,steer,live weight,MAE,2,Test,35.49153161241789
LightGBM depth6,steer,live weight,MAE,3,Test,31.72620763113826
LightGBM depth6,steer,live weight,MAE,4,Test,28.468138682210114
LightGBM depth6,steer,live weight,MAE,5,Test,26.818073110653675
LightGBM depth6,steer,live weight,MSE,1,Train,2102.7660401193953
LightGBM depth6,steer,live weight,MSE,2,Train,1223.1992226714065
LightGBM depth6,steer,live weight,MSE,3,Train,1975.3210159717587
LightGBM depth6,steer,live weight,MSE,4,Train,2088.9446617064946
LightGBM depth6,steer,live weight,MSE,5,Train,2085.570733070111
LightGBM depth6,steer,live weight,MSE,1,Test,1250.1522765223713
LightGBM depth6,steer,live weight,MSE,2,Test,4897.461362481598
LightGBM depth6,steer,live weight,MSE,3,Test,1786.6200123105202
LightGBM depth6,steer,live weight,MSE,4,Test,1242.7732018696074
LightGBM depth6,steer,live weight,MSE,5,Test,1293.1667905499578
LightGBM depth6,heifer,live weight,MAE,1,Train,20.011716026848816
LightGBM depth6,heifer,live weight,MAE,2,Train,19.19781803185746
LightGBM depth6,heifer,live weight,MAE,3,Train,20.208632715517297
LightGBM depth6,heifer,live weight,MAE,4,Train,20.450033003391148
LightGBM depth6,heifer,live weight,MAE,5,Train,16.338476437209017
LightGBM depth6,heifer,live weight,MAE,1,Test,16.843586631283266
LightGBM depth6,heifer,live weight,MAE,2,Test,22.42666098071584
LightGBM depth6,heifer,live weight,MAE,3,Test,18.570415407724166
LightGBM depth6,heifer,live weight,MAE,4,Test,17.71599201552104
LightGBM depth6,heifer,live weight,MAE,5,Test,31.179877154741938
LightGBM depth6,heifer,live weight,MSE,1,Train,748.2660440328494
LightGBM depth6,heifer,live weight,MSE,2,Train,699.3054148624547
LightGBM depth6,heifer,live weight,MSE,3,Train,731.3716696556352
LightGBM depth6,heifer,live weight,MSE,4,Train,765.3463782730591
LightGBM depth6,heifer,live weight,MSE,5,Train,442.2476555081626
LightGBM depth6,heifer,live weight,MSE,1,Test,475.8616495699209
LightGBM depth6,heifer,live weight,MSE,2,Test,769.1740071949619
LightGBM depth6,heifer,live weight,MSE,3,Test,676.3877039287704
LightGBM depth6,heifer,live weight,MSE,4,Test,426.57616288232776
LightGBM depth6,heifer,live weight,MSE,5,Test,1827.3540585857245
LightGBM depth6,cow,carcass weight,MAE,1,Train,20.81269510926118
LightGBM depth6,cow,carcass weight,MAE,2,Train,20.80020811654527
LightGBM depth6,cow,carcass weight,MAE,3,Train,26.70551508844953
LightGBM depth6,cow,carcass weight,MAE,4,Train,24.99271592091571
LightGBM depth6,cow,carcass weight,MAE,5,Train,24.984375
LightGBM depth6,cow,carcass weight,MAE,1,Test,34.875
LightGBM depth6,cow,carcass weight,MAE,2,Test,34.8125
LightGBM depth6,cow,carcass weight,MAE,3,Test,12.655241935483872
LightGBM depth6,cow,carcass weight,MAE,4,Test,18.800403225806463
LightGBM depth6,cow,carcass weight,MAE,5,Test,18.082589285714285
LightGBM depth6,cow,carcass weight,MSE,1,Train,875.172216441207
LightGBM depth6,cow,carcass weight,MSE,2,Train,742.5915712799167
LightGBM depth6,cow,carcass weight,MSE,3,Train,1237.7091571279916
LightGBM depth6,cow,carcass weight,MSE,4,Train,1173.7070759625392
LightGBM depth6,cow,carcass weight,MSE,5,Train,1149.050537109375
LightGBM depth6,cow,carcass weight,MSE,1,Test,1671.3096383975026
LightGBM depth6,cow,carcass weight,MSE,2,Test,2189.88322710718
LightGBM depth6,cow,carcass weight,MSE,3,Test,287.1688670655568
LightGBM depth6,cow,carcass weight,MSE,4,Test,534.5822385535905
LightGBM depth6,cow,carcass weight,MSE,5,Test,539.1179896763393
LightGBM depth6,steer,carcass weight,MAE,1,Train,14.417661186877218
LightGBM depth6,steer,carcass weight,MAE,2,Train,14.20643632961746
LightGBM depth6,steer,carcass weight,MAE,3,Train,14.496482736554173
LightGBM depth6,steer,carcass weight,MAE,4,Train,14.12373346757746
LightGBM depth6,steer,carcass weight,MAE,5,Train,14.322740721778663
LightGBM depth6,steer,carcass weight,MAE,1,Test,14.703975577666347
LightGBM depth6,steer,carcass weight,MAE,2,Test,15.38767903798321
LightGBM depth6,steer,carcass weight,MAE,3,Test,14.14622795663725
LightGBM depth6,steer,carcass weight,MAE,4,Test,15.32701750538442
LightGBM depth6,steer,carcass weight,MAE,5,Test,15.709864691499144
LightGBM depth6,steer,carcass weight,MSE,1,Train,355.16900748662806
LightGBM depth6,steer,carcass weight,MSE,2,Train,338.67014720965886
LightGBM depth6,steer,carcass weight,MSE,3,Train,361.12605830712573
LightGBM depth6,steer,carcass weight,MSE,4,Train,340.3960667430194
LightGBM depth6,steer,carcass weight,MSE,5,Train,336.8793889982628
LightGBM depth6,steer,carcass weight,MSE,1,Test,354.8870944051668
LightGBM depth6,steer,carcass weight,MSE,2,Test,408.8130591039328
LightGBM depth6,steer,carcass weight,MSE,3,Test,322.1756559525943
LightGBM depth6,steer,carcass weight,MSE,4,Test,394.7645700505455
LightGBM depth6,steer,carcass weight,MSE,5,Test,430.38829954386824
LightGBM depth6,heifer,carcass weight,MAE,1,Train,11.170097247343067
LightGBM depth6,heifer,carcass weight,MAE,2,Train,11.385258787964302
LightGBM depth6,heifer,carcass weight,MAE,3,Train,11.506272535996224
LightGBM depth6,heifer,carcass weight,MAE,4,Train,11.70780894158708
LightGBM depth6,heifer,carcass weight,MAE,5,Train,9.372396975023996
LightGBM depth6,heifer,carcass weight,MAE,1,Test,10.523768886733995
LightGBM depth6,heifer,carcass weight,MAE,2,Test,12.655066860961204
LightGBM depth6,heifer,carcass weight,MAE,3,Test,11.53873270096062
LightGBM depth6,heifer,carcass weight,MAE,4,Test,10.498147093313024
LightGBM depth6,heifer,carcass weight,MAE,5,Test,17.993951313839414
LightGBM depth6,heifer,carcass weight,MSE,1,Train,244.06260319197634
LightGBM depth6,heifer,carcass weight,MSE,2,Train,240.33555266430815
LightGBM depth6,heifer,carcass weight,MSE,3,Train,244.87178995060842
LightGBM depth6,heifer,carcass weight,MSE,4,Train,259.0820072374936
LightGBM depth6,heifer,carcass weight,MSE,5,Train,159.4924305789287
LightGBM depth6,heifer,carcass weight,MSE,1,Test,217.8170167225728
LightGBM depth6,heifer,carcass weight,MSE,2,Test,260.6690628040854
LightGBM depth6,heifer,carcass weight,MSE,3,Test,262.503842965277
LightGBM depth6,heifer,carcass weight,MSE,4,Test,162.5725951912575
LightGBM depth6,heifer,carcass weight,MSE,5,Test,580.965302263245
LightGBM depth6,cow,price,MAE,1,Train,77.2638915507528
LightGBM depth6,cow,price,MAE,2,Train,77.431529694715
LightGBM depth6,cow,price,MAE,3,Train,100.4715922440004
LightGBM depth6,cow,price,MAE,4,Train,97.27242455775234
LightGBM depth6,cow,price,MAE,5,Train,90.16874976158144
LightGBM depth6,cow,price,MAE,1,Test,134.9171365061114
LightGBM depth6,cow,price,MAE,2,Test,133.3306448659589
LightGBM depth6,cow,price,MAE,3,Test,47.38729681199598
LightGBM depth6,cow,price,MAE,4,Test,59.81129032258063
LightGBM depth6,cow,price,MAE,5,Test,82.91785741533552
LightGBM depth6,cow,price,MSE,1,Train,11964.134313215405
LightGBM depth6,cow,price,MSE,2,Train,11462.642232049951
LightGBM depth6,cow,price,MSE,3,Train,17952.545603537987
LightGBM depth6,cow,price,MSE,4,Train,17006.577658688864
LightGBM depth6,cow,price,MSE,5,Train,15601.944375000005
LightGBM depth6,cow,price,MSE,1,Test,26063.868705722212
LightGBM depth6,cow,price,MSE,2,Test,27935.719281253558
LightGBM depth6,cow,price,MSE,3,Test,3234.768047585704
LightGBM depth6,cow,price,MSE,4,Test,6711.903127601457
LightGBM depth6,cow,price,MSE,5,Test,11417.791265920912
LightGBM depth6,steer,price,MAE,1,Train,85.10322922972244
LightGBM depth6,steer,price,MAE,2,Train,83.8537865756414
LightGBM depth6,steer,price,MAE,3,Train,85.52100592655526
LightGBM depth6,steer,price,MAE,4,Train,83.3883240278049
LightGBM depth6,steer,price,MAE,5,Train,84.50417037030152
LightGBM depth6,steer,price,MAE,1,Test,86.80518548014992
LightGBM depth6,steer,price,MAE,2,Test,90.82083905441861
LightGBM depth6,steer,price,MAE,3,Test,83.52635887858857
LightGBM depth6,steer,price,MAE,4,Test,90.36684520479761
LightGBM depth6,steer,price,MAE,5,Test,92.76311817009237
LightGBM depth6,steer,price,MSE,1,Train,12364.01733977341
LightGBM depth6,steer,price,MSE,2,Train,11789.47682383715
LightGBM depth6,steer,price,MSE,3,Train,12569.443241541969
LightGBM depth6,steer,price,MSE,4,Train,11852.33928684147
LightGBM depth6,steer,price,MSE,5,Train,11726.77153098957
LightGBM depth6,steer,price,MSE,1,Test,12354.582917698102
LightGBM depth6,steer,price,MSE,2,Test,14225.862593628173
LightGBM depth6,steer,price,MSE,3,Test,11226.923189474586
LightGBM depth6,steer,price,MSE,4,Test,13728.718071402378
LightGBM depth6,steer,price,MSE,5,Test,14984.105276519556
LightGBM depth6,heifer,price,MAE,1,Train,62.80963516368265
LightGBM depth6,heifer,price,MAE,2,Train,64.26847569233514
LightGBM depth6,heifer,price,MAE,3,Train,65.0359464912877
LightGBM depth6,heifer,price,MAE,4,Train,65.56373040876976
LightGBM depth6,heifer,price,MAE,5,Train,53.37759634939007
LightGBM depth6,heifer,price,MAE,1,Test,62.01444723951792
LightGBM depth6,heifer,price,MAE,2,Test,69.33032610422302
LightGBM depth6,heifer,price,MAE,3,Test,64.61770303307011
LightGBM depth6,heifer,price,MAE,4,Test,62.01362680789959
LightGBM depth6,heifer,price,MAE,5,Test,101.63065806616636
LightGBM depth6,heifer,price,MSE,1,Train,7719.622454516914
LightGBM depth6,heifer,price,MSE,2,Train,7691.213648066008
LightGBM depth6,heifer,price,MSE,3,Train,7776.544297455089
LightGBM depth6,heifer,price,MSE,4,Train,8124.811745521697
LightGBM depth6,heifer,price,MSE,5,Train,5033.1866716931745
LightGBM depth6,heifer,price,MSE,1,Test,7010.201350139043
LightGBM depth6,heifer,price,MSE,2,Test,7922.512061467592
LightGBM depth6,heifer,price,MSE,3,Test,8217.480277454813
LightGBM depth6,heifer,price,MSE,4,Test,5699.7143556568935
LightGBM depth6,heifer,price,MSE,5,Test,18517.86185080021
LightGBM depth6,cow,Total number of defects,MAE,1,Train,0.7991675338189385
LightGBM depth6,cow,Total number of defects,MAE,2,Train,0.8199791883454733
LightGBM depth6,cow,Total number of defects,MAE,3,Train,0.8387096774193549
LightGBM depth6,cow,Total number of defects,MAE,4,Train,0.7554630593132153
LightGBM depth6,cow,Total number of defects,MAE,5,Train,0.892578125
LightGBM depth6,cow,Total number of defects,MAE,1,Test,1.0806451612903225
LightGBM depth6,cow,Total number of defects,MAE,2,Test,0.7580645161290323
LightGBM depth6,cow,Total number of defects,MAE,3,Test,0.625
LightGBM depth6,cow,Total number of defects,MAE,4,Test,1.0080645161290323
LightGBM depth6,cow,Total number of defects,MAE,5,Test,0.6830357142857143
LightGBM depth6,cow,Total number of defects,MSE,1,Train,1.0385015608740893
LightGBM depth6,cow,Total number of defects,MSE,2,Train,1.1279916753381891
LightGBM depth6,cow,Total number of defects,MSE,3,Train,1.1612903225806452
LightGBM depth6,cow,Total number of defects,MSE,4,Train,0.9344432882414151
LightGBM depth6,cow,Total number of defects,MSE,5,Train,1.1943359375
LightGBM depth6,cow,Total number of defects,MSE,1,Test,1.3566597294484912
LightGBM depth6,cow,Total number of defects,MSE,2,Test,0.9849115504682623
LightGBM depth6,cow,Total number of defects,MSE,3,Test,0.875
LightGBM depth6,cow,Total number of defects,MSE,4,Test,1.7349115504682624
LightGBM depth6,cow,Total number of defects,MSE,5,Test,0.6851283482142857
LightGBM depth6,steer,Total number of defects,MAE,1,Train,0.3638854000031394
LightGBM depth6,steer,Total number of defects,MAE,2,Train,0.3647726588897144
LightGBM depth6,steer,Total number of defects,MAE,3,Train,0.3555372025842409
LightGBM depth6,steer,Total number of defects,MAE,4,Train,0.32689270257123887
LightGBM depth6,steer,Total number of defects,MAE,5,Train,0.3504816570563165
LightGBM depth6,steer,Total number of defects,MAE,1,Test,0.35531519878094
LightGBM depth6,steer,Total number of defects,MAE,2,Test,0.3507731503009368
LightGBM depth6,steer,Total number of defects,MAE,3,Test,0.3924366922160935
LightGBM depth6,steer,Total number of defects,MAE,4,Test,0.4276583832709153
LightGBM depth6,steer,Total number of defects,MAE,5,Test,0.3539876191022071
LightGBM depth6,steer,Total number of defects,MSE,1,Train,0.3604331468477245
LightGBM depth6,steer,Total number of defects,MSE,2,Train,0.3851870108677471
LightGBM depth6,steer,Total number of defects,MSE,3,Train,0.35679278856963426
LightGBM depth6,steer,Total number of defects,MSE,4,Train,0.3011417074845897
LightGBM depth6,steer,Total number of defects,MSE,5,Train,0.38507483134599274
LightGBM depth6,steer,Total number of defects,MSE,1,Test,0.4180147082474678
LightGBM depth6,steer,Total number of defects,MSE,2,Test,0.3135662589045507
LightGBM depth6,steer,Total number of defects,MSE,3,Test,0.4069204289199687
LightGBM depth6,steer,Total number of defects,MSE,4,Test,0.6613822954810066
LightGBM depth6,steer,Total number of defects,MSE,5,Test,0.2985811925637743
LightGBM depth6,heifer,Total number of defects,MAE,1,Train,0.5110019770178199
LightGBM depth6,heifer,Total number of defects,MAE,2,Train,0.4693311800725661
LightGBM depth6,heifer,Total number of defects,MAE,3,Train,0.5146759705241098
LightGBM depth6,heifer,Total number of defects,MAE,4,Train,0.47969386633267
LightGBM depth6,heifer,Total number of defects,MAE,5,Train,0.5586919777094259
LightGBM depth6,heifer,Total number of defects,MAE,1,Test,0.5459728171282199
LightGBM depth6,heifer,Total number of defects,MAE,2,Test,0.5973496631160503
LightGBM depth6,heifer,Total number of defects,MAE,3,Test,0.542573641616957
LightGBM depth6,heifer,Total number of defects,MAE,4,Test,0.5692252586659665
LightGBM depth6,heifer,Total number of defects,MAE,5,Test,0.36968237936670606
LightGBM depth6,heifer,Total number of defects,MSE,1,Train,0.5986766317696678
LightGBM depth6,heifer,Total number of defects,MSE,2,Train,0.5536212890931387
LightGBM depth6,heifer,Total number of defects,MSE,3,Train,0.5611711039907014
LightGBM depth6,heifer,Total number of defects,MSE,4,Train,0.48272506591080355
LightGBM depth6,heifer,Total number of defects,MSE,5,Train,0.6622818588275728
LightGBM depth6,heifer,Total number of defects,MSE,1,Test,0.5182711321405346
LightGBM depth6,heifer,Total number of defects,MSE,2,Test,0.7108036695702825
LightGBM depth6,heifer,Total number of defects,MSE,3,Test,0.7171752895582274
LightGBM depth6,heifer,Total number of defects,MSE,4,Test,0.9936089377067364
LightGBM depth6,heifer,Total number of defects,MSE,5,Test,0.23983363118848341
Gradient Boosting 100,cow,live weight,MAE,1,Train,40.795634053310906
Gradient Boosting 100,cow,live weight,MAE,2,Train,42.644629160849945
Gradient Boosting 100,cow,live weight,MAE,3,Train,46.507142580857995
Gradient Boosting 100,cow,live weight,MAE,4,Train,48.69258097781164
Gradient Boosting 100,cow,live weight,MAE,5,Train,46.66285471950466
Gradient Boosting 100,cow,live weight,MAE,1,Test,61.38941267973127
Gradient Boosting 100,cow,live weight,MAE,2,Test,55.87413318298164
Gradient Boosting 100,cow,live weight,MAE,3,Test,54.24720496556997
Gradient Boosting 100,cow,live weight,MAE,4,Test,34.41193833786305
Gradient Boosting 100,cow,live weight,MAE,5,Test,37.65233643529632
Gradient Boosting 100,cow,live weight,MSE,1,Train,3061.2982427044108
Gradient Boosting 100,cow,live weight,MSE,2,Train,2891.7879821317783
Gradient Boosting 100,cow,live weight,MSE,3,Train,3648.5030086485363
Gradient Boosting 100,cow,live weight,MSE,4,Train,4005.1226475022418
Gradient Boosting 100,cow,live weight,MSE,5,Train,3870.3898339392103
Gradient Boosting 100,cow,live weight,MSE,1,Test,5601.248996145321
Gradient Boosting 100,cow,live weight,MSE,2,Test,6130.508467754582
Gradient Boosting 100,cow,live weight,MSE,3,Test,3843.9246102802304
Gradient Boosting 100,cow,live weight,MSE,4,Test,1857.2434405298125
Gradient Boosting 100,cow,live weight,MSE,5,Test,2227.994046483043
Gradient Boosting 100,steer,live weight,MAE,1,Train,28.856149703066322
Gradient Boosting 100,steer,live weight,MAE,2,Train,26.809044564087248
Gradient Boosting 100,steer,live weight,MAE,3,Train,28.374506608603333
Gradient Boosting 100,steer,live weight,MAE,4,Train,28.72930424586094
Gradient Boosting 100,steer,live weight,MAE,5,Train,29.514750181697448
Gradient Boosting 100,steer,live weight,MAE,1,Test,29.491004823222998
Gradient Boosting 100,steer,live weight,MAE,2,Test,35.394600586284156
Gradient Boosting 100,steer,live weight,MAE,3,Test,32.08914575025888
Gradient Boosting 100,steer,live weight,MAE,4,Test,28.625018827498888
Gradient Boosting 100,steer,live weight,MAE,5,Test,26.85233728504338
Gradient Boosting 100,steer,live weight,MSE,1,Train,2082.7566616893696
Gradient Boosting 100,steer,live weight,MSE,2,Train,1211.9095152049067
Gradient Boosting 100,steer,live weight,MSE,3,Train,1951.4253278554527
Gradient Boosting 100,steer,live weight,MSE,4,Train,2068.891965792194
Gradient Boosting 100,steer,live weight,MSE,5,Train,2085.524970523044
Gradient Boosting 100,steer,live weight,MSE,1,Test,1258.330777191876
Gradient Boosting 100,steer,live weight,MSE,2,Test,4865.783753196745
Gradient Boosting 100,steer,live weight,MSE,3,Test,1815.813538467449
Gradient Boosting 100,steer,live weight,MSE,4,Test,1250.1195200162647
Gradient Boosting 100,steer,live weight,MSE,5,Test,1292.4040780779992
Gradient Boosting 100,heifer,live weight,MAE,1,Train,19.70589476076145
Gradient Boosting 100,heifer,live weight,MAE,2,Train,19.07356666036201
Gradient Boosting 100,heifer,live weight,MAE,3,Train,20.217348357027774
Gradient Boosting 100,heifer,live weight,MAE,4,Train,20.330169622493845
Gradient Boosting 100,heifer,live weight,MAE,5,Train,15.879685919294168
Gradient Boosting 100,heifer,live weight,MAE,1,Test,17.065564793750838
Gradient Boosting 100,heifer,live weight,MAE,2,Test,22.40069040723731
Gradient Boosting 100,heifer,live weight,MAE,3,Test,18.512483440372367
Gradient Boosting 100,heifer,live weight,MAE,4,Test,17.632108746748695
Gradient Boosting 100,heifer,live weight,MAE,5,Test,31.052996586167453
Gradient Boosting 100,heifer,live weight,MSE,1,Train,742.3288898287797
Gradient Boosting 100,heifer,live weight,MSE,2,Train,697.4248256978642
Gradient Boosting 100,heifer,live weight,MSE,3,Train,731.351029417737
Gradient Boosting 100,heifer,live weight,MSE,4,Train,763.3786952149399
Gradient Boosting 100,heifer,live weight,MSE,5,Train,434.3921297109406
Gradient Boosting 100,heifer,live weight,MSE,1,Test,524.8758670231981
Gradient Boosting 100,heifer,live weight,MSE,2,Test,767.6232912776929
Gradient Boosting 100,heifer,live weight,MSE,3,Test,669.1518579705426
Gradient Boosting 100,heifer,live weight,MSE,4,Test,415.79652260299565
Gradient Boosting 100,heifer,live weight,MSE,5,Test,1867.3549705854955
Gradient Boosting 100,cow,carcass weight,MAE,1,Train,21.049454694755216
Gradient Boosting 100,cow,carcass weight,MAE,2,Train,21.5571298675337
Gradient Boosting 100,cow,carcass weight,MAE,3,Train,25.776301673977763
Gradient Boosting 100,cow,carcass weight,MAE,4,Train,25.236696341182657
Gradient Boosting 100,cow,carcass weight,MAE,5,Train,25.495004552546533
Gradient Boosting 100,cow,carcass weight,MAE,1,Test,34.4979266825275
Gradient Boosting 100,cow,carcass weight,MAE,2,Test,33.60261365886645
Gradient Boosting 100,cow,carcass weight,MAE,3,Test,21.279322556704834
Gradient Boosting 100,cow,carcass weight,MAE,4,Test,21.465202175373136
Gradient Boosting 100,cow,carcass weight,MAE,5,Test,17.182908645513244
Gradient Boosting 100,cow,carcass weight,MSE,1,Train,873.1836021519406
Gradient Boosting 100,cow,carcass weight,MSE,2,Train,724.6530505035394
Gradient Boosting 100,cow,carcass weight,MSE,3,Train,1163.9877717911418
Gradient Boosting 100,cow,carcass weight,MSE,4,Train,1120.6786005587546
Gradient Boosting 100,cow,carcass weight,MSE,5,Train,1143.0531401008495
Gradient Boosting 100,cow,carcass weight,MSE,1,Test,1625.0512275691212
Gradient Boosting 100,cow,carcass weight,MSE,2,Test,2152.6361345777423
Gradient Boosting 100,cow,carcass weight,MSE,3,Test,535.4900651496556
Gradient Boosting 100,cow,carcass weight,MSE,4,Test,657.1604837367754
Gradient Boosting 100,cow,carcass weight,MSE,5,Test,470.1902525247154
Gradient Boosting 100,steer,carcass weight,MAE,1,Train,14.367436822557835
Gradient Boosting 100,steer,carcass weight,MAE,2,Train,14.17802986382535
Gradient Boosting 100,steer,carcass weight,MAE,3,Train,14.439879409252276
Gradient Boosting 100,steer,carcass weight,MAE,4,Train,14.070643672168137
Gradient Boosting 100,steer,carcass weight,MAE,5,Train,14.321829814527959
Gradient Boosting 100,steer,carcass weight,MAE,1,Test,14.70698284816385
Gradient Boosting 100,steer,carcass weight,MAE,2,Test,15.642963716013996
Gradient Boosting 100,steer,carcass weight,MAE,3,Test,14.158712313855833
Gradient Boosting 100,steer,carcass weight,MAE,4,Test,15.350898844097488
Gradient Boosting 100,steer,carcass weight,MAE,5,Test,15.746490941425447
Gradient Boosting 100,steer,carcass weight,MSE,1,Train,354.2852253294751
Gradient Boosting 100,steer,carcass weight,MSE,2,Train,337.4951763492613
Gradient Boosting 100,steer,carcass weight,MSE,3,Train,359.88759318666854
Gradient Boosting 100,steer,carcass weight,MSE,4,Train,339.49001162101194
Gradient Boosting 100,steer,carcass weight,MSE,5,Train,336.8135251846844
Gradient Boosting 100,steer,carcass weight,MSE,1,Test,354.81843354838384
Gradient Boosting 100,steer,carcass weight,MSE,2,Test,418.3985334603424
Gradient Boosting 100,steer,carcass weight,MSE,3,Test,323.3007273722071
Gradient Boosting 100,steer,carcass weight,MSE,4,Test,395.31389375236233
Gradient Boosting 100,steer,carcass weight,MSE,5,Test,431.2081602556977
Gradient Boosting 100,heifer,carcass weight,MAE,1,Train,11.150533943328128
Gradient Boosting 100,heifer,carcass weight,MAE,2,Train,11.413812748649995
Gradient Boosting 100,heifer,carcass weight,MAE,3,Train,11.526840891775256
Gradient Boosting 100,heifer,carcass weight,MAE,4,Train,11.707273138141868
Gradient Boosting 100,heifer,carcass weight,MAE,5,Train,9.28407307244526
Gradient Boosting 100,heifer,carcass weight,MAE,1,Test,10.625409812632343
Gradient Boosting 100,heifer,carcass weight,MAE,2,Test,12.760619331721562
Gradient Boosting 100,heifer,carcass weight,MAE,3,Test,11.551252516064258
Gradient Boosting 100,heifer,carcass weight,MAE,4,Test,10.49347318139881
Gradient Boosting 100,heifer,carcass weight,MAE,5,Test,18.27256348130342
Gradient Boosting 100,heifer,carcass weight,MSE,1,Train,243.83921911154368
Gradient Boosting 100,heifer,carcass weight,MSE,2,Train,240.3017486912693
Gradient Boosting 100,heifer,carcass weight,MSE,3,Train,244.7945040645501
Gradient Boosting 100,heifer,carcass weight,MSE,4,Train,259.0588912403138
Gradient Boosting 100,heifer,carcass weight,MSE,5,Train,159.08373569055564
Gradient Boosting 100,heifer,carcass weight,MSE,1,Test,224.94383392335257
Gradient Boosting 100,heifer,carcass weight,MSE,2,Test,264.3868499955995
Gradient Boosting 100,heifer,carcass weight,MSE,3,Test,262.50602647939985
Gradient Boosting 100,heifer,carcass weight,MSE,4,Test,162.2251446227729
Gradient Boosting 100,heifer,carcass weight,MSE,5,Test,587.7429196776999
Gradient Boosting 100,cow,price,MAE,1,Train,72.82428166844103
Gradient Boosting 100,cow,price,MAE,2,Train,75.769188141285
Gradient Boosting 100,cow,price,MAE,3,Train,89.63502590780556
Gradient Boosting 100,cow,price,MAE,4,Train,87.76380979834093
Gradient Boosting 100,cow,price,MAE,5,Train,88.84118935652725
Gradient Boosting 100,cow,price,MAE,1,Test,121.95593113672307
Gradient Boosting 100,cow,price,MAE,2,Test,114.17748575032721
Gradient Boosting 100,cow,price,MAE,3,Test,74.57730402382892
Gradient Boosting 100,cow,price,MAE,4,Test,74.86602707960573
Gradient Boosting 100,cow,price,MAE,5,Test,59.63501756230913
Gradient Boosting 100,cow,price,MSE,1,Train,10106.309106149418
Gradient Boosting 100,cow,price,MSE,2,Train,8957.579786129194
Gradient Boosting 100,cow,price,MSE,3,Train,13708.399740459216
Gradient Boosting 100,cow,price,MSE,4,Train,13211.354988014802
Gradient Boosting 100,cow,price,MSE,5,Train,13550.348697099593
Gradient Boosting 100,cow,price,MSE,1,Test,20140.108086220916
Gradient Boosting 100,cow,price,MSE,2,Test,24052.29836633371
Gradient Boosting 100,cow,price,MSE,3,Test,6680.197643240694
Gradient Boosting 100,cow,price,MSE,4,Test,7979.891844807604
Gradient Boosting 100,cow,price,MSE,5,Test,5482.141990207597
Gradient Boosting 100,steer,price,MAE,1,Train,84.80666631891916
Gradient Boosting 100,steer,price,MAE,2,Train,83.67162006960437
Gradient Boosting 100,steer,price,MAE,3,Train,85.18610012853809
Gradient Boosting 100,steer,price,MAE,4,Train,83.07498238944095
Gradient Boosting 100,steer,price,MAE,5,Train,84.49879590571499
Gradient Boosting 100,steer,price,MAE,1,Test,86.82029474269412
Gradient Boosting 100,steer,price,MAE,2,Test,92.34289021246038
Gradient Boosting 100,steer,price,MAE,3,Test,83.60447516613937
Gradient Boosting 100,steer,price,MAE,4,Test,90.51443605686102
Gradient Boosting 100,steer,price,MAE,5,Test,93.00234904078032
Gradient Boosting 100,steer,price,MSE,1,Train,12333.23691339927
Gradient Boosting 100,steer,price,MSE,2,Train,11748.135211908982
Gradient Boosting 100,steer,price,MSE,3,Train,12526.335576462932
Gradient Boosting 100,steer,price,MSE,4,Train,11820.76928123516
Gradient Boosting 100,steer,price,MSE,5,Train,11724.478811678868
Gradient Boosting 100,steer,price,MSE,1,Test,12351.360565164312
Gradient Boosting 100,steer,price,MSE,2,Test,14567.841335422616
Gradient Boosting 100,steer,price,MSE,3,Test,11266.758515022939
Gradient Boosting 100,steer,price,MSE,4,Test,13747.58074626223
Gradient Boosting 100,steer,price,MSE,5,Test,15013.35156195945
Gradient Boosting 100,heifer,price,MAE,1,Train,62.71888159481966
Gradient Boosting 100,heifer,price,MAE,2,Train,64.47832662809968
Gradient Boosting 100,heifer,price,MAE,3,Train,65.15853302199807
Gradient Boosting 100,heifer,price,MAE,4,Train,65.56072957359444
Gradient Boosting 100,heifer,price,MAE,5,Train,52.91876957981946
Gradient Boosting 100,heifer,price,MAE,1,Test,62.5639850291785
Gradient Boosting 100,heifer,price,MAE,2,Test,69.91778794415403
Gradient Boosting 100,heifer,price,MAE,3,Test,64.88686230865181
Gradient Boosting 100,heifer,price,MAE,4,Test,61.92809794854142
Gradient Boosting 100,heifer,price,MAE,5,Test,103.06664396806268
Gradient Boosting 100,heifer,price,MSE,1,Train,7712.259125878162
Gradient Boosting 100,heifer,price,MSE,2,Train,7689.500370465977
Gradient Boosting 100,heifer,price,MSE,3,Train,7772.968908544558
Gradient Boosting 100,heifer,price,MSE,4,Train,8124.086829296241
Gradient Boosting 100,heifer,price,MSE,5,Train,5022.325230344762
Gradient Boosting 100,heifer,price,MSE,1,Test,7232.025276687351
Gradient Boosting 100,heifer,price,MSE,2,Test,8029.279292672395
Gradient Boosting 100,heifer,price,MSE,3,Test,8235.582172146485
Gradient Boosting 100,heifer,price,MSE,4,Test,5677.7456445268435
Gradient Boosting 100,heifer,price,MSE,5,Test,18711.550701481738
Gradient Boosting 100,cow,Total number of defects,MAE,1,Train,0.71336384682
Gradient Boosting 100,cow,Total number of defects,MAE,2,Train,0.7650781548958403
Gradient Boosting 100,cow,Total number of defects,MAE,3,Train,0.8457221138751831
Gradient Boosting 100,cow,Total number of defects,MAE,4,Train,0.7644176972265033
Gradient Boosting 100,cow,Total number of defects,MAE,5,Train,0.8297097396797442
Gradient Boosting 100,cow,Total number of defects,MAE,1,Test,1.0821417463378116
Gradient Boosting 100,cow,Total number of defects,MAE,2,Test,0.9252668694630284
Gradient Boosting 100,cow,Total number of defects,MAE,3,Test,0.6283966489082917
Gradient Boosting 100,cow,Total number of defects,MAE,4,Test,0.9166686659117442
Gradient Boosting 100,cow,Total number of defects,MAE,5,Test,0.5652181491703486
Gradient Boosting 100,cow,Total number of defects,MSE,1,Train,0.844239631473459
Gradient Boosting 100,cow,Total number of defects,MSE,2,Train,0.9488078542638632
Gradient Boosting 100,cow,Total number of defects,MSE,3,Train,1.0254207574591108
Gradient Boosting 100,cow,Total number of defects,MSE,4,Train,0.8973607038384788
Gradient Boosting 100,cow,Total number of defects,MSE,5,Train,1.092391304419749
Gradient Boosting 100,cow,Total number of defects,MSE,1,Test,1.5121352229758074
Gradient Boosting 100,cow,Total number of defects,MSE,2,Test,1.107312771011483
Gradient Boosting 100,cow,Total number of defects,MSE,3,Test,0.792866569357209
Gradient Boosting 100,cow,Total number of defects,MSE,4,Test,1.405196099905045
Gradient Boosting 100,cow,Total number of defects,MSE,5,Test,0.4720226103224639
Gradient Boosting 100,steer,Total number of defects,MAE,1,Train,0.36254624512781913
Gradient Boosting 100,steer,Total number of defects,MAE,2,Train,0.36348563128439754
Gradient Boosting 100,steer,Total number of defects,MAE,3,Train,0.3523092346109517
Gradient Boosting 100,steer,Total number of defects,MAE,4,Train,0.32483353064493603
Gradient Boosting 100,steer,Total number of defects,MAE,5,Train,0.3478632520133628
Gradient Boosting 100,steer,Total number of defects,MAE,1,Test,0.35617649320011774
Gradient Boosting 100,steer,Total number of defects,MAE,2,Test,0.34694812827032034
Gradient Boosting 100,steer,Total number of defects,MAE,3,Test,0.4019728981697085
Gradient Boosting 100,steer,Total number of defects,MAE,4,Test,0.42530607302957707
Gradient Boosting 100,steer,Total number of defects,MAE,5,Test,0.3496797427601191
Gradient Boosting 100,steer,Total number of defects,MSE,1,Train,0.3598322213619016
Gradient Boosting 100,steer,Total number of defects,MSE,2,Train,0.38378705208548214
Gradient Boosting 100,steer,Total number of defects,MSE,3,Train,0.35138633975070543
Gradient Boosting 100,steer,Total number of defects,MSE,4,Train,0.29919807162304823
Gradient Boosting 100,steer,Total number of defects,MSE,5,Train,0.38186879830501125
Gradient Boosting 100,steer,Total number of defects,MSE,1,Test,0.415262778759529
Gradient Boosting 100,steer,Total number of defects,MSE,2,Test,0.3032098007118255
Gradient Boosting 100,steer,Total number of defects,MSE,3,Test,0.4616296920178369
Gradient Boosting 100,steer,Total number of defects,MSE,4,Test,0.6645343385538939
Gradient Boosting 100,steer,Total number of defects,MSE,5,Test,0.3002403700730165
Gradient Boosting 100,heifer,Total number of defects,MAE,1,Train,0.5100722100380415
Gradient Boosting 100,heifer,Total number of defects,MAE,2,Train,0.4686916522946482
Gradient Boosting 100,heifer,Total number of defects,MAE,3,Train,0.5135948963679464
Gradient Boosting 100,heifer,Total number of defects,MAE,4,Train,0.4792432024968352
Gradient Boosting 100,heifer,Total number of defects,MAE,5,Train,0.5575242568657317
Gradient Boosting 100,heifer,Total number of defects,MAE,1,Test,0.544788281162525
Gradient Boosting 100,heifer,Total number of defects,MAE,2,Test,0.5970885793256144
Gradient Boosting 100,heifer,Total number of defects,MAE,3,Test,0.5401050182993264
Gradient Boosting 100,heifer,Total number of defects,MAE,4,Test,0.5694188488757879
Gradient Boosting 100,heifer,Total number of defects,MAE,5,Test,0.3684165124825792
Gradient Boosting 100,heifer,Total number of defects,MSE,1,Train,0.5986482623523709
Gradient Boosting 100,heifer,Total number of defects,MSE,2,Train,0.5536142153556819
Gradient Boosting 100,heifer,Total number of defects,MSE,3,Train,0.561136279890215
Gradient Boosting 100,heifer,Total number of defects,MSE,4,Train,0.48271848215055113
Gradient Boosting 100,heifer,Total number of defects,MSE,5,Train,0.66224776514987
Gradient Boosting 100,heifer,Total number of defects,MSE,1,Test,0.5182407291653081
Gradient Boosting 100,heifer,Total number of defects,MSE,2,Test,0.7115115609956457
Gradient Boosting 100,heifer,Total number of defects,MSE,3,Test,0.7175554987288687
Gradient Boosting 100,heifer,Total number of defects,MSE,4,Test,0.9936140948107366
Gradient Boosting 100,heifer,Total number of defects,MSE,5,Test,0.2402612920649966
